arxiv_id_clean,max_appear_total,max_appear_prior
2305.03048,77,0
2305.02463,1,0
2305.02483,5,0
2305.03047,25,0
2305.02412,24,0
2305.02440,28,0
2305.02678,2,0
2305.02790,45,0
2305.02968,21,0
2305.03027,9,0
2305.03040,25,0
2305.03052,3,0
2305.02783,2,0
2305.02665,2,0
2305.03049,10,0
2305.02499,8,0
2305.03043,45,0
2305.02549,68,0
2305.03719,0,0
2305.03514,23,0
2305.03509,3,0
2305.03111,91,0
2305.03695,67,0
2305.03726,118,0
2305.03210,3,0
2305.03689,39,0
2305.04745,4,0
2305.04461,77,0
2305.04160,10,0
2305.04391,45,1
2305.03713,3,1
2305.03668,7,1
2305.03286,2,0
2305.04789,10,0
2305.03981,69,0
2305.04268,10,0
2305.04388,13,0
2305.04790,83,0
2305.04241,4,0
2305.04091,21,0
2305.05189,7,0
2305.05662,113,0
2305.05644,27,0
2305.03937,12,0
2305.05176,26,0
2305.05432,7,2
2305.05383,23,0
2305.04966,17,0
2305.05364,38,0
2305.05658,17,0
2305.06077,3,0
2305.05591,2,0
2305.05862,3,0
2304.09355,15,0
2305.05065,6,0
2305.05845,0,0
2305.06324,9,0
2305.06218,2,0
2305.05973,9,0
2305.06351,15,0
2305.05706,25,1
2305.06131,13,1
2305.06355,113,2
2305.06161,37,1
2305.06356,9,1
2305.06404,0,0
2305.06456,3,0
2305.06474,6,2
2305.06555,91,1
2305.06594,45,1
2305.07021,44,0
2305.06424,9,0
2305.07004,69,1
2305.07017,25,0
2305.07015,27,0
2305.07027,24,0
2305.06500,17,0
2305.07011,5,0
2305.06908,24,0
2305.06575,69,1
2305.07185,42,1
2305.07243,1,0
2305.07490,10,0
2305.07378,7,0
2305.07153,3,0
2305.07440,10,0
2305.07214,33,0
2305.07514,12,0
2305.08379,33,0
2305.07615,4,0
2305.08850,21,0
2305.07447,10,0
2305.07558,5,0
2305.07969,7,0
2305.08844,4,0
2305.09148,69,3
2305.07677,2,0
2305.07804,5,0
2305.08275,68,1
2305.08677,5,0
2305.08809,9,0
2305.08810,16,0
2305.09137,69,3
2305.08675,4,0
2305.08298,16,1
2305.09515,35,1
2305.09662,4,0
2305.08848,77,1
2305.07922,39,1
2305.09617,15,0
2305.08596,1,0
2305.09636,4,0
2305.07759,11,1
2305.07961,4,0
2305.09664,4,0
2305.10400,14,1
2305.10431,39,0
2305.08891,11,0
2305.09641,15,1
2305.09253,32,0
2305.09758,5,0
2305.09761,1,0
2305.10018,0,0
2305.10142,27,0
2305.10266,5,0
2305.09764,1,0
2305.10320,77,2
2305.09863,45,0
2305.10005,6,0
2305.10429,28,1
2305.10425,16,0
2305.10403,55,2
2305.09857,4,0
2305.09975,11,1
2305.10474,38,0
2305.10688,23,1
2305.10874,7,0
2305.10912,9,0
2305.10841,26,1
2305.11171,14,2
2305.11173,60,3
2305.10434,30,0
2305.10722,28,0
2305.11129,7,3
2305.10855,69,5
2305.11147,68,1
2305.11175,113,3
2305.11000,42,0
2305.10764,14,0
2305.10853,6,0
2305.10601,24,0
2305.10973,15,0
2305.10763,22,0
2305.11675,1,0
2305.11337,28,0
2305.11588,15,0
2305.11846,54,1
2305.11206,42,2
2305.11870,4,0
2305.11598,29,0
2305.11243,0,0
2305.11308,4,0
2305.11694,5,0
2305.11837,0,0
2305.11840,5,1
2305.11863,1,1
2305.11364,2,1
2305.11759,8,0
2305.11541,29,0
2305.11834,3,1
2305.11841,9,1
2305.13050,21,0
2305.13301,32,0
2305.11854,6,0
2305.13077,15,0
2305.11778,10,1
2305.11738,26,2
2305.13048,28,1
2305.12487,2,0
2305.13735,12,0
2305.13786,32,0
2305.12050,1,0
2305.13304,45,0
2305.14233,57,0
2305.13534,31,1
2305.14201,3,0
2305.12001,16,1
2305.14314,42,2
2305.13009,21,1
2305.11938,10,2
2305.13579,21,1
2305.13840,26,1
2305.15038,33,0
2305.14540,68,2
2305.15486,24,2
2305.14878,4,0
2305.14564,77,3
2305.15719,29,0
2305.15581,12,1
2305.15586,7,0
2305.15779,6,0
2305.15717,32,1
2305.16213,35,0
2305.16291,10,0
2305.15798,4,0
2305.16806,4,1
2305.16843,5,0
2305.16349,28,2
2305.16765,28,2
2305.16867,9,0
2305.16635,67,1
2305.16411,16,1
2305.16334,9,0
2305.16704,3,0
2305.16999,14,0
2305.16958,54,1
2305.16311,22,0
2305.16355,25,0
2305.16367,0,0
2305.16381,21,2
2305.16960,96,2
2305.17066,27,1
2305.17126,16,2
2305.16380,27,0
2305.17098,35,1
2305.16338,30,0
2305.18264,77,1
2305.17333,7,0
2305.18259,83,1
2305.17144,113,3
2305.17359,18,1
2305.18231,4,0
2305.18286,24,1
2305.17306,27,1
2305.18583,23,0
2305.17390,67,2
2305.18098,13,0
2305.18247,81,1
2305.18752,81,0
2305.17493,19,0
2305.18274,3,0
2305.18292,81,0
2305.17216,12,2
2305.18295,60,5
2305.18365,7,0
2305.18373,28,1
2305.19066,8,0
2305.19164,4,0
2305.19245,6,0
2305.18415,3,0
2305.18474,22,1
2305.18565,45,3
2305.19012,37,0
2305.18729,19,0
2305.18802,24,0
2305.18766,7,0
2305.18654,67,3
2305.20030,25,0
2305.19234,12,2
2305.20091,24,1
2305.20010,3,0
2305.20081,31,0
2305.19472,67,4
2305.19835,54,2
2305.20082,10,1
2306.00890,45,1
2306.00622,5,0
2305.19370,21,3
2305.20086,25,1
2305.19452,15,0
2306.00983,16,1
2305.20088,9,0
2306.00148,25,1
2306.00956,47,1
2306.00964,18,0
2306.00029,39,3
2306.00110,26,3
2306.00802,2,0
2306.00986,15,0
2306.00926,81,3
2306.00107,96,1
2306.00008,8,2
2306.00984,9,2
2306.00966,16,1
2306.00238,10,0
2306.00943,81,3
2306.00378,3,0
2306.00637,0,0
2306.00980,47,1
2306.00739,15,1
2306.00971,15,0
2306.01061,8,0
2306.01160,3,0
2306.01736,14,1
2306.01242,14,0
2306.01337,39,2
2306.01694,13,2
2306.03024,3,0
2306.01693,31,2
2306.03082,47,2
2306.02561,22,3
2306.01567,9,0
2306.01116,5,0
2306.02707,12,0
2306.01684,4,1
2306.03460,2,0
2306.03438,2,0
2306.02245,10,0
2306.01872,27,4
2306.02531,16,0
2306.01741,2,0
2306.01879,15,1
2306.03819,15,1
2306.01754,3,1
2306.01841,9,0
2306.03509,22,2
2306.03092,21,1
2306.03203,10,0
2306.02982,41,1
2306.03038,15,1
2306.03083,1,0
2306.03872,14,2
2306.02254,1,0
2306.02858,40,1
2306.01923,13,1
2306.04009,8,3
2306.04076,23,3
2306.04140,2,0
2306.04031,9,1
2306.03802,3,0
2306.03504,22,3
2306.04387,29,0
2306.03514,49,0
2306.03881,11,0
2306.04362,91,2
2306.04235,13,1
2306.04528,35,1
2306.04619,29,2
2306.04632,8,0
2306.04751,31,3
2306.04757,33,2
2306.04634,25,3
2306.05087,35,1
2306.04050,0,0
2306.05427,15,1
2306.04822,5,1
2306.05392,44,1
2306.05411,11,0
2306.04707,38,1
2306.05357,27,2
2306.05428,28,3
2306.05420,2,0
2306.05410,28,3
2306.05399,12,0
2306.05178,7,0
2306.05424,25,0
2306.04845,15,1
2306.05422,15,1
2306.05425,118,2
2306.05284,21,2
2306.05685,68,1
2306.06070,24,0
2306.05836,8,1
2306.05696,7,0
2306.06092,15,0
2306.05493,15,1
2306.05949,17,1
2306.06044,9,2
2306.05544,16,1
2306.07075,1,0
2306.06212,23,1
2306.06823,1,0
2306.07196,14,1
2306.06546,2,0
2306.07279,7,0
2306.07042,4,0
2306.07174,69,6
2306.07179,7,1
2306.07280,15,1
2306.06189,45,2
2306.06638,15,1
2306.07968,15,1
2306.07941,4,0
2306.07437,10,0
2306.07552,9,0
2306.07473,1,0
2306.07969,7,0
2306.07944,24,2
2306.07970,16,2
2306.07946,3,0
2306.07349,28,2
2306.07536,10,0
2306.07915,10,2
2306.07906,40,1
2306.07476,0,0
2306.07967,12,0
2306.07954,118,2
2306.07580,36,1
2306.08205,6,1
2306.08893,6,1
2306.08707,3,0
2306.09349,15,2
2306.09322,44,2
2306.09109,28,5
2306.08133,2,0
2306.08620,28,4
2306.08651,22,0
2306.08055,0,0
2306.08129,25,2
2306.08997,12,1
2306.08068,4,1
2306.09327,4,0
2306.09316,24,0
2306.08276,4,1
2306.09348,15,2
2306.08640,57,1
2306.08543,69,7
2306.08568,25,2
2306.08161,3,0
2306.09329,2,0
2306.09093,19,1
2306.08647,36,2
2306.09200,32,1
2306.09296,57,2
2306.09479,13,1
2306.09557,36,3
2306.09442,3,0
2306.09635,20,1
2306.09682,7,1
2306.09539,14,2
2306.09896,45,3
2306.09864,14,0
2306.09683,10,2
2306.09782,42,1
2306.10012,68,1
2306.10007,44,3
2306.11698,56,2
2306.11719,13,3
2306.10785,2,0
2306.10169,4,1
2306.10763,1,0
2306.10968,7,0
2306.10231,7,4
2306.10998,5,1
2306.10533,11,0
2306.11706,9,2
2306.11565,8,2
2306.10900,51,1
2306.11644,23,3
2306.12059,1,0
2306.11932,7,0
2306.13078,11,1
2306.12422,49,1
2306.12929,6,0
2306.12509,5,1
2306.11987,35,2
2306.12672,13,4
2306.12156,22,0
2306.12925,24,2
2306.12760,8,1
2306.10008,1,0
2306.13455,17,2
2306.13631,16,0
2306.13651,25,4
2306.13588,38,2
2306.13575,7,0
2306.13649,15,1
2306.13421,4,0
2306.14066,3,1
2306.14896,10,0
2306.13776,4,0
2306.14878,8,2
2306.13754,7,1
2306.14153,3,0
2306.14447,39,2
2306.14565,39,0
2306.14846,32,2
2306.14035,15,2
2306.14101,0,0
2306.13840,14,1
2306.14048,47,1
2306.14289,113,4
2306.14435,5,1
2306.14795,34,1
2306.14824,69,8
2306.14892,25,1
2306.15091,16,2
2306.15400,11,4
2306.15447,20,2
2306.15128,39,1
2306.15595,27,2
2306.15667,20,1
2306.15658,25,2
2306.15626,7,1
2306.15354,5,0
2306.16009,11,0
2306.16564,8,1
2306.15724,17,1
2306.16052,22,2
2306.16388,7,1
2306.15794,10,1
2306.17156,2,0
2306.16410,5,0
2306.17107,23,2
2306.16601,7,0
2306.16857,16,1
2306.16700,39,3
2306.16869,8,0
2306.16793,3,1
2306.16940,10,1
2306.17154,14,1
2306.16934,81,5
2306.16928,16,3
2306.16527,7,1
2306.17115,54,2
2306.17194,25,5
2306.17563,19,1
2306.17492,91,3
2306.17806,15,1
2306.17582,2,0
2306.17843,47,1
2306.17840,12,0
2306.17848,11,3
2306.17759,7,1
2306.17319,32,1
2307.01200,13,2
2307.00117,32,3
2307.00119,9,1
2307.00804,5,0
2307.01097,29,0
2307.01163,9,0
2307.00184,6,1
2307.01197,9,1
2307.00716,113,5
2307.00040,39,1
2307.00522,1,0
2307.01952,4,0
2307.01229,26,4
2307.01848,18,0
2307.02484,25,2
2307.01938,3,1
2307.02179,0,0
2307.02321,6,1
2307.01831,21,3
2307.02469,21,0
2307.02499,91,4
2307.02483,2,0
2307.02053,23,1
2307.02421,81,6
2307.02486,69,9
2307.02485,27,5
2307.01928,22,3
2307.03183,18,1
2307.03166,29,2
2307.02628,12,1
2307.02768,12,1
2307.03109,35,4
2307.03172,28,5
2307.03170,6,4
2307.03718,17,1
2307.03576,8,3
2307.04087,13,0
2307.03322,1,1
2307.03659,25,1
2307.03875,35,0
2307.03381,7,1
2307.03692,4,0
2307.03601,83,6
2307.04577,25,4
2307.04008,3,0
2307.04751,10,1
2307.04603,0,0
2307.04349,14,1
2307.04699,10,1
2307.03917,25,1
2307.05454,10,2
2307.04721,22,4
2307.04686,2,1
2307.04725,113,6
2307.04964,53,2
2307.05300,69,10
2307.05222,22,1
2307.04767,68,4
2307.03869,3,0
2307.05014,25,4
2307.05463,57,2
2307.05462,28,1
2307.05432,15,1
2307.04787,9,2
2307.05445,47,2
2307.05473,17,2
2307.05628,15,0
2307.05959,39,4
2307.05973,39,4
2307.05741,11,0
2307.05591,5,0
2307.06350,52,2
2307.06908,10,1
2307.06290,20,0
2307.06135,4,0
2307.05695,0,0
2307.06942,118,7
2307.06018,91,5
2307.06945,69,11
2307.06304,11,3
2307.06439,15,2
2307.06857,5,1
2307.06940,81,7
2307.06949,28,6
2307.06925,22,2
2307.06962,25,1
2307.07047,31,4
2307.07218,22,5
2307.07164,69,12
2307.07487,28,2
2307.07511,23,2
2307.07947,13,0
2307.08579,7,0
2307.08506,14,3
2307.07663,7,2
2307.07635,24,2
2307.08041,81,8
2307.08701,47,2
2307.08581,33,1
2307.08674,54,2
2307.08621,69,13
2307.08702,47,2
2307.09288,21,2
2307.09009,26,1
2307.09458,6,0
2307.09233,7,0
2307.09112,21,1
2307.09320,0,0
2307.09638,11,1
2307.10168,6,1
2307.10088,4,0
2307.10172,68,3
2307.10173,118,4
2307.09781,5,0
2307.10159,2,1
2307.09793,0,0
2307.10169,9,1
2307.09668,9,3
2307.10558,13,4
2307.10907,4,0
2307.10936,1,0
2307.10350,17,1
2307.10635,38,1
2307.11078,3,1
2307.10802,113,8
2307.10373,5,0
2307.10928,16,1
2307.11410,23,0
2307.11526,4,0
2307.11418,16,0
2307.11118,4,1
2307.12950,27,3
2307.12612,15,0
2307.12698,15,2
2307.12169,9,0
2307.12976,16,1
2307.12854,7,4
2307.12533,1,0
2307.11795,15,0
2307.12560,0,0
2307.12856,6,2
2307.12981,27,4
2307.11768,13,2
2307.13101,32,4
2307.13383,3,2
2307.14225,7,0
2307.13692,2,1
2307.13226,15,5
2307.13702,13,3
2307.13269,32,3
2307.14335,10,1
2307.13854,32,3
2307.14936,9,0
2307.14995,113,9
2307.14535,17,2
2307.13974,16,0
2307.14334,15,3
2307.13908,22,0
2307.13720,0,0
2307.14117,38,3
2307.14008,14,2
2307.13924,13,1
2307.15042,16,2
2307.13813,4,1
2307.15063,9,0
2307.14620,23,1
2307.14460,2,1
2307.16789,57,2
2307.15337,45,1
2307.15217,22,4
2307.15189,7,1
2307.15199,1,0
2307.15593,28,6
2307.15504,57,2
2307.15131,2,0
2307.16125,81,9
2307.16888,13,5
2307.16890,10,3
2307.16715,57,3
2307.16368,11,2
2307.16184,7,2
2307.15818,41,5
2307.16686,15,1
2307.15771,6,1
2307.15780,27,0
2307.16372,3,0
2307.16449,14,3
2308.00113,4,0
2308.00566,44,4
2308.00304,50,2
2308.00436,3,0
2308.00675,39,2
2308.01320,10,0
2308.00951,11,4
2308.00906,24,2
2308.01317,15,3
2308.01313,18,0
2308.01300,35,1
2308.01499,10,0
2308.01379,9,1
2308.01734,1,0
2308.01904,24,3
2308.01477,4,0
2308.01825,26,0
2308.01544,18,3
2308.01546,10,2
2308.01390,20,2
2308.01399,21,5
2308.01907,113,10
2308.02453,0,0
2308.01937,3,0
2308.02180,14,3
2308.02487,14,2
2308.02490,46,3
2308.02151,68,4
2308.02560,21,3
2308.03290,11,2
2308.03291,1,1
2308.03028,26,4
2308.03280,12,1
2308.03421,1,0
2308.03729,113,11
2308.03757,15,4
2308.03296,13,4
2308.03427,18,1
2308.02510,14,1
2308.03279,15,4
2308.02669,22,3
2308.03610,14,1
2308.03688,40,4
2308.03526,10,1
2308.03793,0,0
2308.04265,25,1
2308.04430,42,5
2308.04079,1,1
2308.03958,16,4
2308.04729,21,1
2308.04592,42,4
2308.04623,0,0
2308.04556,19,1
2308.05371,28,2
2308.05737,18,4
2308.05732,3,0
2308.05374,77,4
2308.05734,29,3
2308.05326,1,1
2308.05221,77,4
2308.06259,42,5
2308.05884,1,1
2308.06103,1,0
2308.05960,68,5
2308.06125,12,2
2308.06261,1,0
2308.07228,60,9
2308.06595,13,2
2308.07286,32,3
2308.07316,27,1
2308.06912,8,2
2308.06873,25,2
2308.07124,37,2
2308.06721,23,2
2308.07317,11,3
2308.07926,33,2
2308.07921,77,5
2308.07922,38,4
2308.07891,118,5
2308.07903,16,2
2308.07795,27,2
2308.07395,68,3
2308.08258,5,1
2308.07931,9,2
2308.08089,12,3
2308.08545,10,2
2308.07968,7,1
2308.08316,63,0
2308.13404,9,1
2308.13418,4,1
2308.13137,113,12
2308.13416,29,2
2308.13494,8,0
2308.13785,34,4
2308.14089,28,7
2308.16137,36,1
2308.15930,51,1
2308.16149,13,1
2308.15975,32,2
2308.15560,3,2
2308.16185,24,2
2308.16876,3,0
2308.16891,25,5
2308.16246,0,0
2308.16884,42,6
2308.16458,28,3
2308.16824,11,1
2308.16271,11,0
2308.16512,29,1
2308.16582,15,2
2309.00359,5,1
2309.00398,53,3
2309.00035,5,0
2309.00071,4,1
2309.00267,8,0
2309.00610,118,6
2309.00615,77,6
2309.00987,19,3
2309.02040,5,1
2309.00908,33,1
2309.00966,39,6
2309.00775,5,2
2309.01775,3,0
2309.02420,11,3
2309.02119,6,0
2309.02285,26,5
2309.00754,18,5
2309.01700,3,0
2309.00986,91,6
2309.02186,33,3
2309.01826,2,1
2309.01770,81,11
2309.03160,9,1
2309.03185,12,2
2309.02561,39,7
2309.03130,4,0
2309.02591,42,7
2309.03241,40,3
2309.03179,3,1
2309.03199,0,0
2309.03549,22,1
2309.03315,21,6
2309.03450,68,6
2309.03453,22,3
2309.03895,24,4
2309.03550,16,1
2309.03897,27,3
2309.03903,5,1
2309.03883,18,2
2309.03852,26,1
2309.03409,16,5
2309.03905,113,13
2309.04269,4,1
2309.03907,21,3
2309.03926,11,4
2309.04354,23,0
2309.04247,63,0
2309.05516,4,1
2309.04581,15,5
2309.05767,3,1
2309.04663,7,3
2309.05858,11,2
2309.04662,11,4
2309.04827,1,0
2309.05689,69,14
2309.05519,19,0
2309.05463,11,6
2309.04564,17,2
2309.06440,5,1
2309.06126,1,0
2309.06441,15,2
2309.05793,14,2
2309.06180,68,4
2309.06380,14,1
2309.06895,16,2
2309.07062,16,3
2309.06802,1,0
2309.06657,16,2
2309.06933,3,1
2309.07122,39,8
2309.07125,68,5
2309.07900,6,2
2309.07462,3,0
2309.07749,15,6
2309.07430,4,1
2309.07870,45,2
2309.07906,15,3
2309.07314,10,4
2309.08210,11,2
2309.08172,50,1
2309.07990,7,1
2309.07970,17,3
2309.07974,20,4
2309.08587,27,6
2309.07986,5,2
2309.08051,10,5
2309.08532,54,6
2309.08600,1,0
2309.08586,7,3
2309.08520,14,5
2309.06497,5,0
2309.08637,26,3
2309.08827,4,0
2309.09958,45,5
2309.08628,6,1
2309.08773,77,6
2309.09390,6,1
2309.08963,33,4
2309.08804,15,1
2309.10202,50,2
2309.08968,1,0
2309.08646,53,4
2309.09506,19,5
2309.10305,52,2
2309.09117,12,4
2309.10020,45,5
2309.08872,41,1
2309.09530,69,15
2309.09400,41,1
2309.09971,45,5
2309.10279,3,0
2309.10668,5,1
2309.10150,32,6
2309.10706,33,2
2309.10818,12,2
2309.10537,15,3
2309.11197,12,3
2309.11500,15,2
2309.11009,19,2
2309.10917,6,3
2309.11499,25,1
2309.11495,38,6
2309.11419,69,16
2309.11497,118,7
2309.10952,68,6
2309.11568,6,1
2309.12311,10,1
2309.12284,24,3
2309.12207,13,2
2309.11674,8,1
2309.11523,11,0
2309.12307,39,2
2309.11998,68,7
2309.12499,1,1
2309.12424,3,1
2309.13042,118,8
2309.13041,32,7
2309.13018,15,4
2309.13075,17,1
2309.13952,14,4
2309.13308,69,17
2309.14327,10,1
2309.14525,44,6
2309.15091,54,2
2309.13356,3,1
2309.14322,8,4
2309.14717,22,3
2309.15103,118,14
2309.14509,10,2
2309.14592,4,2
2309.15098,12,2
2309.15129,12,2
2309.15273,10,4
2309.15564,8,3
2309.15426,15,1
2309.15807,54,5
2309.15223,6,1
2309.15505,8,2
2309.15818,57,4
2309.15251,5,1
2309.16583,17,1
2309.16429,21,4
2309.16585,9,1
2309.16235,1,0
2309.16496,13,3
2309.16668,16,5
2309.16650,25,7
2309.16534,5,0
2309.16653,118,10
2309.16671,42,8
2309.16588,4,0
2309.16058,15,1
2309.16414,1,1
2309.16609,91,7
2309.16039,12,5
2309.16643,118,10
2310.00426,60,12
2310.00898,36,3
2310.01407,16,0
2310.01714,28,8
2310.01557,24,7
2310.01798,16,6
2310.01596,68,2
2310.03714,13,2
2310.03051,13,6
2310.03094,33,1
2310.03046,39,3
2310.03734,16,3
2310.03704,33,2
2310.03720,0,0
2310.03716,6,0
2310.03214,16,8
2310.03731,77,8
2310.03739,10,2
2310.03744,27,7
2310.03502,16,0
2310.00704,26,7
2310.08491,16,2
2310.08185,69,18
2310.07889,12,3
2310.08465,57,5
2310.08579,118,12
2310.08529,23,2
2310.06830,68,7
2310.08588,118,12
2310.08541,39,5
2310.09139,10,2
2310.08992,19,2
2310.08678,3,1
2310.08715,6,1
2310.08740,45,1
2310.08659,23,3
2310.09199,41,5
2310.09263,29,3
2310.10631,15,2
2310.10638,42,9
2310.09478,26,4
2310.10645,24,6
2310.10625,27,8
2310.09983,20,3
2310.10537,5,0
2310.10047,12,3
2310.09753,4,2
2310.09342,1,1
2310.09520,7,0
2310.11248,10,2
2310.10837,12,4
2310.10769,25,2
2310.10944,4,3
2310.10971,10,2
2310.11441,68,8
2310.11454,6,2
2310.11448,27,4
2310.11453,69,19
2310.11440,81,11
2310.11511,30,4
2310.11954,26,8
2310.11784,49,3
2310.12474,7,1
2310.12274,4,1
2310.12962,25,6
2310.12404,8,1
2310.12963,13,2
2310.12823,40,4
2310.12931,9,2
2310.12773,7,1
2310.12945,18,1
2310.12921,13,5
2310.13065,36,7
2310.13355,16,4
2310.13385,69,20
2310.13548,13,6
2310.13545,31,3
2310.13012,3,1
2310.13127,77,8
2310.13268,35,3
2310.13119,31,4
2310.13227,31,3
2310.13332,69,20
2310.13289,55,6
2310.13522,45,9
2310.13671,45,3
2310.13639,25,7
2310.14495,17,3
2310.13798,13,7
2310.13961,1,0
2310.13730,13,1
2310.13772,28,3
2310.15123,54,7
2310.14573,8,5
2310.15169,118,14
2310.15144,39,6
2310.14566,47,4
2310.15111,16,3
2310.13724,24,4
2310.15511,9,3
2310.15337,4,2
2310.15494,26,3
2310.15200,49,4
2310.15308,9,1
2310.16045,33,2
2310.15916,16,2
2310.15987,4,3
2310.16828,25,6
2310.16226,9,2
2310.16450,40,3
2310.16789,42,10
2310.16836,9,3
2310.16764,4,0
2310.15008,22,4
2310.16795,14,1
2310.16818,35,3
2310.16825,9,1
2310.16656,15,4
2310.16832,47,4
2310.16534,14,3
2310.17157,47,5
2310.17022,8,2
2310.17631,23,2
2310.17075,2,1
2310.18168,4,1
2310.17722,7,2
2310.17880,11,1
2310.17750,12,3
2310.17994,39,9
2310.17752,39,6
2310.17796,113,15
2310.18313,24,5
2310.17680,2,1
2310.17784,27,1
2310.19061,43,3
2310.19341,31,2
2310.19415,23,1
2310.18628,19,3
2310.19019,9,2
2310.19773,39,7
2310.19102,6,0
2310.19512,81,13
2310.18356,6,0
2310.19784,81,13
2310.20707,31,7
2310.20499,54,6
2311.00176,38,3
2310.19956,5,3
2310.20700,118,16
2310.20092,5,0
2310.20689,23,4
2310.20216,0,0
2310.20587,13,2
2310.19909,25,6
2310.20550,22,3
2310.20624,0,0
2311.00430,6,1
2311.00571,45,10
2311.00613,5,1
2311.00618,24,2
2311.00059,67,7
2311.00522,5,0
2311.00272,17,1
2311.00257,11,0
2311.00047,15,1
2311.00899,22,8
2311.00945,24,3
2311.00895,45,5
2311.01455,25,7
2311.01462,13,6
2311.01282,45,2
2311.01767,9,1
2311.01615,12,3
2311.02077,39,4
2311.02382,14,3
2311.02805,67,7
2311.02848,8,2
2311.02772,6,2
2311.03354,25,8
2311.02849,22,3
2311.03226,6,2
2311.02303,33,5
2311.02542,108,5
2311.02103,20,1
2311.03301,10,1
2311.03079,40,5
2311.03285,31,4
2311.04145,78,2
2311.02462,10,3
2311.03356,29,2
2311.02262,45,11
2311.04212,12,1
2311.03739,0,0
2311.03629,6,2
2311.04124,2,0
2311.03736,9,4
2311.04254,29,4
2311.03517,39,10
2311.04257,91,8
2311.04219,118,16
2311.04235,8,1
2311.04400,43,3
2311.04589,45,3
2311.04287,39,11
2311.04498,19,1
2311.04391,28,5
2311.04901,25,9
2311.05332,40,3
2311.05348,26,4
2311.04931,1,0
2311.05437,68,12
2311.05556,8,1
2311.04934,1,1
2311.05908,10,3
2311.05707,7,1
2311.05770,14,3
2311.05884,6,2
2311.05698,5,3
2311.05772,54,4
2311.06158,23,5
2311.06242,7,2
2311.05661,1,0
2311.05640,37,2
2311.05657,67,7
2311.06214,43,4
2311.05997,19,1
2311.06243,15,5
2311.07587,10,5
2311.06753,6,5
2311.06495,29,5
2311.06697,5,1
2311.07361,0,0
2311.07463,3,1
2311.07562,45,13
2311.06720,12,3
2311.06430,24,5
2311.07574,22,1
2311.06783,17,0
2311.07446,18,1
2311.06772,33,2
2311.07069,7,2
2311.07575,113,17
2311.07689,16,4
2311.07919,78,4
2311.07961,38,8
2311.08105,6,1
2311.08263,13,0
2311.07911,16,9
2311.07989,54,7
2311.08401,25,8
2311.07885,16,7
2311.08403,38,3
2311.07590,1,1
2311.09180,3,1
2311.08734,5,2
2311.08877,28,10
2311.09204,8,1
2311.08552,5,1
2311.09179,11,3
2311.09217,43,5
2311.08692,78,5
2311.09213,1,0
2311.08667,2,0
2311.09221,15,7
2311.08581,14,2
2311.08469,67,8
2311.09227,3,2
2311.10090,4,0
2311.09578,12,0
2311.09835,45,5
2311.09277,33,4
2311.09257,28,2
2311.10093,22,4
2311.10091,28,6
2311.10122,28,1
2311.10709,7,2
2311.10702,31,8
2311.10538,9,1
2311.10111,25,3
2311.10125,10,0
2311.10775,1,0
2311.10678,22,9
2311.10126,15,1
2311.10123,1,0
2311.10642,0,0
2311.10708,7,2
2311.10794,9,1
2311.11315,18,5
2311.10751,57,4
2311.11243,35,3
2311.10768,3,1
2311.11284,7,0
2311.11077,10,3
2311.12022,9,6
2311.11501,9,0
2311.11829,38,8
2311.10982,21,2
2311.11045,12,4
2311.10770,4,0
2311.12015,2,1
2311.11255,81,15
2311.12024,43,6
2311.12631,7,1
2311.12198,8,0
2311.12092,18,6
2311.12454,2,0
2311.12229,6,2
2311.12775,3,0
2311.12052,10,2
2311.13141,7,2
2311.13435,25,2
2311.13601,68,14
2311.13231,19,1
2311.13600,28,7
2311.12908,68,8
2311.13384,4,0
2311.13073,16,1
2311.12983,15,4
2312.00164,15,5
2312.00330,81,16
2312.00438,13,3
2312.00575,6,1
2312.00079,28,3
2312.00589,25,2
2312.00763,13,5
2312.00777,118,18
2312.00738,40,5
2312.00093,15,4
2312.00375,12,2
2312.00085,15,1
2312.00252,15,3
2312.00109,108,7
2312.00752,11,2
2312.00849,57,5
2312.00210,6,1
2312.00063,3,0
2312.00451,33,3
2312.02135,15,8
2312.01409,28,3
2312.02206,12,3
2312.00860,23,3
2312.02980,108,8
2312.01279,15,3
2312.02179,6,1
2312.02149,15,4
2312.01407,15,2
2312.02147,25,3
2312.01531,5,2
2312.01663,13,1
2312.01532,4,1
2312.02189,2,0
2312.02931,5,1
2312.02133,22,5
2312.00886,13,1
2312.02142,25,7
2312.02116,8,3
2312.02120,20,2
2312.00845,10,0
2312.02663,54,8
2312.00858,46,1
2312.02087,57,6
2312.00869,34,9
2312.01552,67,9
2312.02974,44,6
2312.02139,45,3
2312.02969,17,1
2312.02949,68,15
2312.02155,10,4
2312.02919,29,3
2312.02928,41,4
2312.02216,6,3
2312.03632,3,0
2312.02772,8,3
2312.03587,39,12
2312.02970,28,8
2312.02963,8,2
2312.02981,15,5
2312.03664,5,1
2312.02238,69,14
2312.03079,11,1
2312.03209,20,3
2312.03700,113,19
2312.03704,14,3
2312.02696,3,0
2312.02201,29,5
2312.02432,28,4
2312.03160,15,4
2312.03611,52,2
2312.03849,7,2
2312.04515,1,0
2312.03701,5,2
2312.04552,7,3
2312.03047,81,17
2312.04556,1,1
2312.04333,29,6
2312.03461,15,3
2312.03641,81,17
2312.03029,10,5
2312.03491,35,9
2312.03818,108,10
2312.04474,32,10
2312.03511,16,2
2312.03584,7,2
2312.04483,25,1
2312.04433,78,6
2312.04566,10,3
2312.04557,60,14
2312.04560,28,9
2312.04567,9,5
2312.04410,17,3
2312.03793,81,19
2312.04543,118,18
2312.03913,39,13
2312.04461,81,19
2312.03814,2,0
2312.04724,16,5
2312.04655,9,1
2312.04837,67,16
2312.04916,78,7
2312.04875,4,1
2312.05180,42,11
2312.04966,18,7
2312.05107,19,3
2312.04985,1,0
2312.04963,18,2
2312.06353,19,2
2312.06134,10,5
2312.06149,68,9
2312.05491,1,0
2312.05605,2,0
2312.06351,1,0
2312.06674,7,5
2312.06655,13,0
2312.06571,0,0
2312.05708,2,0
2312.06109,25,3
2312.05431,10,3
2312.06662,19,8
2312.06585,15,5
2312.06550,11,2
2312.06908,0,0
2312.07231,24,5
2312.07424,25,3
2312.07509,8,1
2312.06971,35,4
2312.06742,0,0
2312.07504,45,7
2312.06681,6,3
2312.07532,68,12
2312.07046,1,1
2312.07843,39,14
2312.07910,35,4
2312.07536,8,1
2312.07533,45,4
2312.07409,27,5
2312.07537,118,19
2312.07987,12,5
2312.07000,42,3
2312.08136,5,0
2312.07859,14,0
2312.08926,7,0
2312.08128,4,1
2312.08344,45,6
2312.07661,32,3
2312.08361,8,1
2312.09067,39,15
2312.09158,12,1
2312.08688,4,1
2312.09246,24,2
2312.09244,4,1
2312.09251,81,21
2312.09256,16,3
2312.08583,7,3
2312.08754,51,4
2312.09187,49,8
2312.08578,12,4
2312.08618,50,3
2312.09252,0,0
2312.09241,16,8
2312.08914,40,6
2312.09109,35,5
2312.08723,3,1
2312.09222,5,1
2312.09237,25,8
2312.08889,32,2
2312.09390,2,0
2312.09299,9,3
2312.09300,15,6
2312.10034,9,0
2312.09305,49,9
2312.10029,6,2
2312.10007,3,1
2312.09323,25,8
2312.09571,7,4
2312.10035,113,20
2312.09579,4,2
2312.09767,25,4
2312.10003,6,3
2312.09911,83,5
2312.09608,63,2
2312.10665,35,2
2312.11458,6,1
2312.11459,14,3
2312.12030,33,3
2312.10332,2,1
2312.10835,8,1
2312.11462,6,2
2312.10656,29,4
2312.11396,57,8
2312.10253,27,3
2312.10899,33,7
2312.12436,35,7
2312.10763,37,4
2312.10240,45,3
2312.11370,22,6
2312.11392,10,0
2312.10523,31,9
2312.11461,45,7
2312.10540,7,1
2312.11805,50,6
2312.11532,1,0
2312.11595,33,8
2312.11897,16,3
2312.11535,14,4
2312.11537,6,1
2312.11841,13,3
2312.11666,10,6
2312.12423,9,5
2312.11894,0,0
2312.11556,14,1
2312.11514,9,3
2312.12433,15,5
2312.13469,24,6
2312.12468,16,5
2312.13763,28,8
2312.12682,0,0
2312.12487,27,3
2312.12791,39,16
2312.13285,16,4
2312.13271,28,2
2312.12865,2,1
2312.13102,7,4
2312.12742,60,15
2312.12456,4,0
2312.13789,15,1
2312.12490,118,20
2312.13834,13,4
2312.13252,13,3
2312.13691,35,3
2312.13578,33,4
2312.13286,22,4
2312.14125,29,5
2312.12491,23,3
2312.13150,24,4
2312.13324,57,9
2312.14140,3,1
2312.13528,7,1
2312.13314,4,2
2312.13980,21,5
2312.13913,34,5
2312.13964,83,4
2312.13401,31,10
2312.13771,37,5
2312.14091,33,4
2312.14206,23,2
2312.14203,12,2
2312.14929,5,3
2312.14327,4,1
2312.14385,6,1
2312.14198,28,10
2312.14216,11,2
2312.14232,64,10
2312.14302,1,1
2312.14862,21,5
2312.14233,26,11
2312.14878,32,2
2312.14591,10,4
2312.14238,113,21
2312.14187,22,1
2312.14239,10,4
2312.15770,27,6
2312.15918,26,6
2312.15258,32,3
2312.16145,6,0
2312.15980,5,0
2312.15821,8,3
2312.15166,2,0
2312.15011,118,21
2312.15715,60,17
2312.15430,15,4
2312.16171,11,3
2312.16084,5,0
2312.16812,4,1
2312.17161,4,0
2312.16720,4,2
2312.16837,7,4
2312.16486,19,4
2312.16218,11,2
2312.17241,28,8
2312.17244,7,3
2312.17135,118,22
2312.16272,54,9
2312.16457,2,0
2312.16256,5,1
2312.17142,118,22
2312.17243,44,7
2312.16886,35,2
2312.16693,63,1
2312.17120,33,2
2312.16862,20,2
2312.17172,9,2
2312.17661,11,0
2312.17276,18,2
2312.17681,15,9
2312.17653,68,13
2312.17742,9,6
2401.00849,57,11
2401.00604,33,6
2401.00434,20,2
2401.01117,40,1
2401.00134,78,8
2401.00896,1,0
2401.01286,91,9
2401.00246,69,22
2401.00788,37,4
2401.01325,10,1
2401.00448,3,1
2401.01055,53,7
2401.01335,16,0
2401.00368,69,22
2401.00908,3,2
2401.01256,7,0
2401.01699,78,9
2401.01854,14,3
2401.01862,18,9
2401.00909,33,7
2401.01827,68,12
2401.00935,13,4
2401.01614,24,3
2401.01173,19,5
2401.01461,13,5
2401.01755,0,0
2401.01647,6,1
2401.01792,24,10
2401.01885,44,8
2401.01808,4,2
2401.01702,27,2
2401.02416,10,2
2401.01974,8,4
2401.01970,0,0
2401.02015,39,1
2401.02072,17,1
2401.02400,39,17
2401.02411,3,3
2401.02385,16,1
2401.01952,68,5
2401.02038,69,5
2401.02415,81,22
2401.02330,2,0
2401.02117,25,9
2401.02412,5,1
2401.02669,17,4
2401.02954,39,5
2401.02957,39,6
2401.02677,10,0
2401.02955,83,8
2401.02839,6,1
2401.02823,3,3
2401.03804,25,5
2401.03003,3,1
2401.04099,33,7
2401.02987,32,4
2401.03065,16,6
2401.03506,4,0
2401.03462,30,0
2401.02994,1,0
2401.04081,4,0
2401.04088,6,4
2401.04092,118,24
2401.04283,77,9
2401.04695,16,4
2401.04575,12,4
2401.04718,20,2
2401.04658,19,3
2401.04577,21,7
2401.04468,33,5
2401.04398,68,14
2401.05391,6,1
2401.05293,2,1
2401.05314,10,0
2401.04925,8,0
2401.05033,16,3
2401.06129,17,4
2401.05335,16,5
2401.05566,13,8
2401.05561,68,17
2401.05334,118,25
2401.06104,21,6
2401.05252,60,19
2401.05749,0,0
2401.05811,1,0
2401.05735,7,2
2401.05583,47,5
2401.06071,9,3
2401.06121,4,0
2401.05654,15,7
2401.05675,16,5
2401.06003,1,0
2401.06080,53,8
2401.06105,22,6
2401.06066,12,3
2401.06102,16,4
2401.07727,4,3
2401.07049,5,0
2401.07781,81,23
2401.07004,33,3
2401.08565,67,11
2401.08417,17,2
2401.08541,10,3
2401.07519,12,0
2401.06951,96,4
2401.08937,25,1
2401.09048,1,0
2401.09416,15,10
2401.09135,30,2
2401.08740,27,3
2401.09047,81,24
2401.08671,7,4
2401.09985,18,2
2401.09340,29,6
2401.09419,17,6
2401.08967,19,2
2401.10225,38,9
2401.09417,23,5
2401.10020,38,9
2401.09084,6,1
2401.09962,21,8
2401.10032,5,0
2401.10171,28,11
2401.10061,54,11
2401.09865,11,3
2401.09603,5,1
2401.10166,15,3
2401.10774,11,3
2401.10404,4,0
2401.10831,6,1
2401.10891,33,6
2401.10241,21,3
2401.10822,20,2
2401.10889,24,7
2401.10838,3,2
2401.11739,28,9
2401.11067,3,2
2401.12246,4,1
2401.11053,29,3
2401.11002,2,1
2401.11078,8,1
2401.12175,21,5
2401.12187,14,3
2401.12202,7,2
2401.11985,2,0
2401.12179,20,4
2401.11605,4,1
2401.11944,96,5
2401.12244,27,8
2401.11708,36,4
2401.12168,23,11
2401.12954,4,2
2401.12474,78,10
2401.12070,25,9
2401.12208,4,2
2401.12789,24,5
2401.12979,14,5
2401.12522,11,2
2401.12945,15,9
2401.12503,25,4
2401.12963,32,12
2401.14257,14,1
2401.14066,19,3
2401.13303,7,1
2401.13311,25,5
2401.13388,55,3
2401.13160,5,2
2401.13919,50,6
2401.13601,50,4
2401.13660,2,0
2401.13974,19,5
2401.13627,113,22
2401.14367,9,0
2401.14398,6,2
2401.14403,5,3
2401.14405,81,25
2401.14404,27,4
2401.14019,9,0
2401.14391,44,9
2401.13795,0,0
2401.14196,39,3
2401.14112,7,5
2401.15071,113,23
2401.14673,22,13
2401.14828,81,26
2401.14688,3,1
2401.14953,5,2
2401.15024,6,0
2401.15077,31,5
2401.16158,91,10
2401.16420,113,24
2401.16380,16,3
2401.15947,28,3
2401.15977,77,10
2401.16013,32,11
2401.15687,15,4
2401.15975,16,3
2401.15708,3,0
2401.15688,52,9
2401.15914,47,4
2401.16658,7,1
2401.16467,54,6
2401.16861,21,2
2401.16677,0,0
2401.17221,53,9
2401.17256,29,2
2401.16468,3,2
2401.16818,3,2
2401.17264,4,3
2401.17093,35,12
2401.17053,45,4
2401.17270,81,27
2401.17268,45,6
2401.17181,10,3
2401.18075,1,0
2401.17895,6,3
2401.17509,12,4
2401.17574,1,0
2401.17807,81,28
2402.00769,77,11
2401.18058,40,7
2401.17583,6,1
2401.17377,67,12
2401.18059,10,3
2401.17464,16,10
2402.00518,78,11
2402.00867,47,6
2402.00742,19,2
2402.00351,2,1
2402.00854,5,1
2402.00858,10,0
2402.00786,11,1
2402.00159,42,13
2402.00838,42,13
2402.00396,1,0
2402.00892,6,1
2402.01521,69,24
2402.01613,2,1
2402.01566,21,3
2402.01032,4,1
2402.01622,43,8
2402.01391,53,11
2402.01093,3,1
2402.01118,2,0
2402.02834,4,1
2402.01935,10,3
2402.02791,15,3
2402.02583,81,29
2402.03310,27,5
2402.01831,38,4
2402.03040,35,5
2402.03161,51,1
2402.03162,63,3
2402.01761,45,18
2402.01771,7,1
2402.01739,45,5
2402.03286,11,3
2402.03300,10,3
2402.01878,19,7
2402.03570,27,6
2402.03908,23,3
2402.04236,40,8
2402.04379,6,2
2402.04141,1,1
2402.03749,15,4
2402.03766,35,3
2402.03944,15,5
2402.04177,14,3
2402.04324,96,6
2402.04252,22,6
2402.04248,7,2
2402.04291,23,3
2402.03620,16,10
2402.04229,13,4
2402.04744,4,1
2402.04925,0,0
2402.04825,5,1
2402.04347,10,4
2402.04858,3,1
2402.05099,10,4
2402.05054,118,26
2402.04792,16,6
2402.04615,5,3
2402.04494,5,3
2402.05008,39,4
2402.05755,16,8
2402.05932,39,5
2402.05546,9,4
2402.05861,4,1
2402.05472,1,0
2402.05937,15,3
2402.05403,13,8
2402.05468,5,1
2402.05195,9,2
2402.05672,69,25
2402.05140,2,0
2402.05929,45,19
2402.05930,17,1
2402.05120,7,1
2402.05935,113,25
2402.06102,5,4
2402.06147,10,3
2402.06082,6,0
2402.06088,13,6
2402.06187,18,3
2402.07896,15,3
2402.06071,2,0
2402.06178,12,2
2402.06118,6,2
2402.06149,32,4
2402.06332,108,15
2402.06619,37,6
2402.06155,28,11
2402.07610,12,0
2402.07876,4,2
2402.06859,7,1
2402.07207,29,8
2402.07871,4,1
2402.07319,47,10
2402.07043,5,0
2402.07872,36,14
2402.07865,28,12
2402.07625,31,0
2402.07033,5,1
2402.06852,51,6
2402.07456,22,4
2402.07827,37,7
2402.07383,8,3
2402.08622,6,4
2402.08420,0,0
2402.08644,5,3
2402.08654,6,1
2402.08303,41,7
2402.08682,24,6
2402.08678,5,0
2402.08017,7,2
2402.08609,10,1
2402.08268,21,8
2402.08093,52,5
2402.07939,53,12
2402.08958,0,0
2402.08855,2,1
2402.09126,3,0
2402.08714,12,3
2402.09371,16,11
2402.09052,67,13
2402.08939,16,11
2402.09368,33,7
2402.08797,10,4
2402.09470,4,2
2402.10211,8,1
2402.09812,12,0
2402.10128,27,6
2402.10009,8,2
2402.10193,39,5
2402.10171,30,10
2402.10210,16,2
2402.09727,14,10
2402.10176,6,0
2402.09668,20,5
2402.09906,69,26
2402.10200,16,13
2402.10893,25,13
2402.10259,23,4
2402.10329,17,4
2402.10491,81,30
2402.10466,7,2
2402.10896,24,2
2402.10294,5,1
2402.10379,9,2
2402.10555,10,2
2402.10790,9,0
2402.10644,8,0
2402.10524,7,3
2402.12225,45,3
2402.11690,45,4
2402.12377,9,3
2402.11929,9,3
2402.10963,5,2
2402.12219,33,4
2402.11550,53,13
2402.11248,13,0
2402.11295,57,6
2402.11131,9,4
2402.12226,96,7
2402.12376,52,6
2402.10986,6,2
2402.11450,36,15
2402.13232,8,4
2402.12908,36,6
2402.13220,23,1
2402.13251,15,6
2402.13249,16,5
2402.12712,15,8
2402.13144,44,10
2402.12659,35,3
2402.12847,32,4
2402.13250,3,2
2402.13217,29,7
2402.13064,69,27
2402.13252,20,0
2402.14017,9,6
2402.13577,22,5
2402.13573,3,0
2402.13763,7,4
2402.14020,25,11
2402.12479,9,2
2402.13720,57,7
2402.13598,6,4
2402.13929,11,3
2402.13349,6,1
2402.13616,0,0
2402.13753,52,6
2402.14797,47,7
2402.14795,32,9
2402.14180,3,2
2402.14253,77,10
2402.14650,10,5
2402.14792,22,7
2402.14810,7,1
2402.14590,39,5
2402.14261,3,3
2402.14034,78,12
2402.14086,8,1
2402.14547,7,2
2402.14327,5,1
2402.14289,3,0
2402.14818,25,4
2402.14083,27,7
2402.14658,96,7
2402.14194,7,1
2402.14167,12,4
2402.15504,8,2
2402.15021,3,1
2402.14830,12,4
2402.14905,27,9
2402.15391,9,7
2402.15000,16,4
2402.14904,4,2
2402.15319,6,4
2402.15220,45,6
2402.14848,6,0
2402.15506,68,12
2402.15491,3,0
2402.15509,1,0
2402.16641,17,3
2402.16822,10,5
2402.16671,96,8
2402.16837,16,5
2402.16840,25,5
2402.15627,27,6
2402.16107,14,2
2402.16819,38,6
2402.16153,96,8
2402.16843,23,7
2402.16936,15,7
2402.17245,2,1
2402.17723,69,24
2402.17403,11,4
2402.17759,69,28
2402.17753,54,8
2402.17139,27,9
2402.17463,91,11
2402.17553,12,4
2402.17193,10,7
2402.17177,45,20
2402.17485,14,2
2402.17764,69,28
2402.17427,5,3
2402.17412,10,2
2402.19159,18,2
2402.18734,4,2
2402.19481,39,6
2402.18842,8,0
2402.18796,4,1
2402.18668,26,6
2402.19479,47,9
2402.19155,54,12
2402.19427,11,4
2402.19173,37,9
2402.19469,44,11
2403.00522,35,4
2403.00504,15,5
2403.00071,9,1
2403.00483,18,1
2403.00745,10,2
2403.01444,6,1
2403.01807,9,6
2403.01823,22,14
2403.02827,31,2
2403.02084,26,4
2403.02151,28,12
2403.02338,24,10
2403.00818,15,5
2403.01800,31,2
2403.01422,37,6
2403.01779,6,3
2403.03206,4,2
2403.03163,35,10
2403.01487,11,1
2403.02460,3,1
2403.02709,22,15
2403.02626,39,6
2403.02775,12,0
2403.03003,15,3
2403.02545,5,1
2403.02884,69,30
2403.02677,15,3
2403.03100,26,12
2403.03194,11,3
2403.03956,4,1
2403.03507,33,9
2403.03883,11,2
2403.03853,16,1
2403.04692,60,20
2403.03870,12,5
2403.03346,14,3
2403.03950,32,12
2403.03234,11,6
2403.03954,13,4
2403.04706,24,8
2403.04732,16,5
2403.04116,25,3
2403.04746,24,5
2403.04634,45,21
2403.04132,68,15
2403.04642,20,6
2403.04652,96,9
2403.04437,32,5
2403.05530,56,16
2403.05525,35,5
2403.05135,54,13
2403.05185,11,0
2403.05121,40,9
2403.05034,35,6
2403.05438,8,7
2403.06775,20,1
2403.06807,4,3
2403.06098,32,5
2403.05812,4,3
2403.06634,9,5
2403.06977,113,26
2403.06738,21,4
2403.06504,8,1
2403.06764,51,6
2403.07420,57,14
2403.07563,25,10
2403.07128,2,0
2403.07487,28,2
2403.07815,6,3
2403.07816,38,10
2403.07508,13,1
2403.07750,6,1
2403.08551,25,7
2403.08629,29,4
2403.08268,35,11
2403.07918,28,13
2403.08540,37,10
2403.08764,2,2
2403.08295,14,6
2403.08763,7,2
2403.08715,32,4
2403.09626,32,7
2403.09338,9,2
2403.08773,0,0
2403.09631,27,10
2403.09333,52,8
2403.09622,17,5
2403.09530,10,2
2403.09347,57,9
2403.09055,4,1
2403.09394,77,13
2403.09029,4,1
2403.09334,4,3
2403.09629,9,3
2403.09611,23,3
2403.10425,3,1
2403.09981,7,1
2403.10395,21,5
2403.09977,8,2
2403.10242,22,4
2403.09919,25,8
2403.09704,4,1
2403.10517,15,2
2403.10301,24,0
2403.10131,31,7
2403.10493,4,2
2403.11207,3,3
2403.12019,27,9
2403.11481,13,2
2403.10616,6,3
2403.12034,32,3
2403.10615,10,6
2403.12032,28,9
2403.11781,8,3
2403.12008,28,13
2403.11901,8,3
2403.10704,55,6
2403.12015,4,3
2403.11703,57,10
2403.12957,51,7
2403.12906,16,1
2403.12963,77,14
2403.12962,118,27
2403.12409,118,27
2403.12596,5,4
2403.12365,5,4
2403.12706,11,4
2403.12881,108,16
2403.12173,4,2
2403.12968,29,8
2403.12895,91,13
2403.12943,11,8
2403.13788,6,1
2403.13793,9,4
2403.13524,49,10
2401.13923,57,11
2403.13501,5,1
2403.13745,77,15
2403.13799,38,11
2403.13044,15,11
2403.13802,6,1
2403.13372,4,0
2403.13447,49,10
2403.13787,67,14
2403.13535,15,3
2403.13043,44,12
2403.13064,3,2
2403.13187,5,1
2403.13248,20,5
2403.13806,16,6
2403.14467,2,1
2403.14186,2,0
2403.14554,3,1
2403.14621,28,7
2403.14599,47,10
2403.14611,10,7
2403.14602,22,8
2403.14468,68,10
2403.14520,33,2
2403.14613,35,7
2403.14624,77,16
2403.14148,10,6
2403.14773,33,9
2403.14714,4,3
2403.15385,28,10
2403.15157,53,14
2403.15246,33,4
2403.15382,24,7
2403.15360,0,0
2403.15383,118,29
2403.14781,14,4
2403.15042,23,5
2403.15377,113,27
2403.15371,2,0
2403.14870,9,1
2403.15447,56,10
2403.17001,11,1
2403.15484,9,3
2403.17005,7,1
2403.17008,60,21
2403.16990,22,10
2403.16971,4,1
2403.16627,1,0
2403.17607,3,1
2403.17237,32,4
2403.17694,0,0
2403.17898,27,7
2403.17920,118,30
2403.17804,5,2
2403.17888,9,2
2403.17297,113,28
2403.17887,2,1
2403.18783,1,1
2403.18118,4,2
2403.18795,46,4
2403.18421,28,14
2403.18605,4,0
2403.18802,11,7
2403.18818,9,4
2403.18814,19,3
2403.18361,11,2
2403.18816,10,5
2403.19270,1,1
2403.19655,21,4
2403.19046,45,8
2403.18978,47,12
2403.19319,9,7
2403.20275,7,3
2403.19888,5,1
2403.19928,15,6
2403.19851,3,0
2403.20331,118,31
2403.20041,54,15
2403.20329,10,1
2403.20327,5,3
2403.19887,10,2
2403.20309,39,11
2404.01258,27,14
2404.00308,81,31
2404.00488,6,4
2404.00656,69,31
2404.01143,39,7
2404.01297,19,6
2404.01292,25,12
2404.01294,3,1
2404.00345,2,1
2404.00987,35,8
2404.01197,30,12
2404.00399,54,11
2404.01617,22,5
2404.02125,39,18
2404.01856,3,2
2404.01475,2,1
2404.01367,16,2
2404.01954,22,6
2404.01331,6,4
2404.02060,96,11
2404.02078,57,12
2404.01744,17,0
2404.02101,77,17
2404.02883,47,5
2404.02514,14,3
2404.02747,57,15
2404.02893,40,10
2404.02575,16,2
2404.02905,12,2
2404.02258,4,3
2404.02733,12,1
2404.03626,7,5
2404.03592,10,6
2404.03653,77,18
2404.03648,40,11
2404.03413,11,1
2404.03118,12,8
2404.03543,96,12
2404.03566,6,2
2404.03411,32,5
2404.03204,24,13
2404.04167,96,13
2404.03673,7,0
2404.04211,4,3
2404.04204,23,4
2404.04256,3,0
2404.04125,13,2
2404.03683,9,4
2404.03715,12,5
2404.03820,4,0
2404.04346,7,5
2404.04526,43,10
2404.04478,6,0
2404.04465,7,2
2404.05674,10,5
2404.04421,28,10
2404.04544,6,0
2404.05666,6,1
2404.05595,26,5
2404.04319,27,7
2404.04860,26,5
2404.05717,24,2
2404.05014,28,4
2404.05719,23,3
2404.05726,10,3
2404.05829,56,7
2404.06507,24,10
2404.06429,52,9
2404.06109,4,4
2404.06780,77,19
2404.06209,9,2
2404.06091,46,3
2404.06395,57,13
2404.05875,15,5
2404.06512,113,29
2404.05892,37,12
2404.05961,17,2
2404.06212,16,3
2404.06393,96,14
2404.07448,15,8
2404.07616,38,7
2404.06773,83,22
2404.07204,16,8
2404.07544,1,0
2404.06903,33,12
2404.07413,11,4
2404.06654,8,1
2404.07143,8,3
2404.07199,12,6
2404.07979,31,8
2404.07821,19,5
2404.07724,3,1
2404.07904,19,5
2404.05902,0,0
2404.07503,23,14
2404.07973,23,4
2404.07839,14,6
2404.07987,38,7
2404.07972,68,13
2404.07965,31,9
2404.08634,4,1
2404.08639,29,7
2404.08197,25,3
2404.08636,28,15
2404.08540,9,4
2404.08495,7,4
2404.08252,7,1
2404.09458,3,1
2404.09995,29,12
2404.09204,1,0
2404.08856,3,2
2404.09990,29,8
2404.09956,23,4
2404.09937,20,1
2404.09833,7,2
2404.09967,54,9
2404.09173,1,1
2404.08801,68,16
2404.09656,8,1
2404.10179,6,4
2404.10301,5,2
2404.12347,11,4
2404.12195,0,0
2404.12387,29,4
2404.12390,39,15
2404.12253,50,6
2404.11614,22,11
2404.12385,43,11
2404.11925,4,2
2404.11912,27,10
2404.12318,12,6
2404.11565,47,13
2404.12241,56,15
2404.12872,33,6
2404.12833,12,4
2404.13026,39,19
2404.12547,12,4
2404.13013,23,5
2404.12803,45,7
2404.12753,51,5
2404.14351,1,0
2404.14239,11,3
2404.13358,6,1
2404.14396,81,32
2404.14394,18,11
2404.14405,108,19
2404.13050,5,0
2404.13208,7,3
2404.14047,23,6
2404.14219,52,10
2404.13686,26,8
2404.14619,9,5
2404.15045,69,32
2404.14687,12,3
2404.14700,24,15
2404.14469,11,5
2404.14507,28,11
2404.14994,4,2
2404.16029,25,11
2404.15778,3,2
2404.15420,14,2
2404.16035,10,4
2404.16022,18,2
2404.15449,26,9
2404.16030,42,16
2404.15653,9,6
2404.15789,16,1
2404.16790,81,33
2404.16221,28,12
2404.16820,5,2
2404.16375,45,22
2404.16645,26,7
2404.16510,18,1
2404.16811,6,3
2404.16821,113,30
2404.16710,14,6
2404.16771,27,2
2404.16994,33,9
2404.16845,4,3
2404.17569,27,8
2404.16873,27,11
2401.16465,15,7
2404.18928,31,9
2404.17521,29,5
2404.17672,23,8
2404.18911,15,7
2404.18416,22,9
2404.18796,4,2
2404.18243,57,14
2404.19760,24,8
2404.19525,35,9
2404.19758,24,8
2404.19753,13,4
2404.19149,15,4
2404.19702,43,12
2404.19752,21,5
2404.19553,30,1
2404.19733,38,12
2404.19427,0,0
2404.19737,16,9
2404.19756,4,1
2404.19296,17,1
2404.19759,27,9
2405.00263,52,11
2405.00029,0,0
2405.00236,19,5
2405.00233,10,7
2405.00676,12,1
2405.00675,24,8
2404.18212,4,1
2405.00332,5,1
2405.00664,4,0
2405.01535,32,8
2405.00732,1,0
2405.01470,67,15
2405.01434,33,10
2405.01525,17,4
2405.01481,12,2
2405.01536,11,3
2405.00983,0,0
2405.06650,0,0
2405.07065,6,2
2405.06932,0,0
2405.07990,81,34
2405.02246,7,3
2405.07518,3,1
2405.06694,1,0
2405.07863,68,14
2405.07526,52,12
2405.08246,15,3
2405.08317,1,1
2405.08344,15,8
2405.08448,8,7
2405.08054,31,8
2405.08748,35,6
2405.08295,2,1
2405.08707,7,5
2405.09220,17,2
2405.09215,77,11
2405.09546,39,20
2405.09062,3,0
2405.10315,39,21
2405.09874,27,10
2405.10320,17,8
2405.10300,68,17
2405.10314,15,7
2405.09673,3,3
2405.09818,0,0
2405.09798,1,1
2405.10725,2,1
2405.10637,2,0
2405.10938,11,1
2405.10370,108,21
2405.10626,2,0
2405.12107,6,2
2405.11252,5,0
2405.11582,15,9
2405.12213,32,16
2405.11473,3,0
2405.11143,9,0
2405.12130,69,33
2405.11157,5,1
2405.12979,5,2
2405.12970,55,9
2405.12978,12,3
2405.12981,6,3
2405.12250,16,4
2405.12399,3,1
2405.14598,12,1
2405.14866,68,18
2405.14847,43,13
2405.14871,6,5
2405.14677,51,5
2405.14857,10,9
2405.13195,5,4
2405.14129,3,0
2405.14477,7,1
2405.13817,0,0
2405.14333,30,3
2405.14860,3,1
2405.13865,81,35
2405.14224,52,11
2405.14105,3,1
2405.14867,15,7
2405.13800,51,8
2405.14908,14,4
2405.15125,24,4
2405.15216,15,6
2405.15223,24,7
2405.14979,9,3
2405.14906,5,0
2405.15613,8,3
2405.15319,30,11
2405.15032,17,6
2405.15071,30,6
2405.15738,31,4
2405.15574,13,2
2405.15682,4,2
2405.16822,35,10
2405.16759,10,4
2405.16287,30,12
2405.16852,12,5
2405.16888,60,24
2405.17414,77,20
2405.15757,23,7
2405.17247,16,11
2405.17405,10,7
2405.16537,18,4
2405.17428,38,8
2405.16712,7,4
2405.17430,45,23
2405.17399,25,13
2405.17258,9,1
2405.18426,46,4
2405.17991,15,5
2405.18424,28,12
2405.17976,41,9
2405.18386,12,5
2405.18407,77,21
2405.18377,0,0
2405.18047,0,0
2405.18991,30,4
2405.18515,9,1
2405.18503,12,3
2405.19320,27,11
2405.19331,9,8
2405.18669,5,1
2405.19107,16,7
2405.18870,2,2
2405.18750,68,15
2405.19332,14,4
2405.19327,96,15
2405.19325,17,7
2405.20222,81,36
2405.19707,7,0
2405.19856,91,13
2405.19957,32,6
2405.19888,52,13
2405.20327,22,8
2405.20335,24,9
2405.20340,68,19
2405.19893,27,3
2405.20204,17,3
2405.20289,20,8
2405.18144,17,5
2405.21048,16,7
2405.20674,113,31
2405.21075,34,10
2405.21060,11,7
2405.20541,2,1
2406.01574,96,17
2406.00888,23,6
2406.01493,27,9
2406.00392,10,2
2406.00153,5,1
2406.00908,81,37
2406.02523,8,4
2406.02509,45,13
2406.02507,3,2
2406.02511,23,4
2406.01660,5,4
2406.02543,2,0
2406.02430,29,7
2406.02230,14,4
2406.02856,77,12
2406.02844,2,2
2406.02900,25,15
2406.03215,18,2
2406.02897,2,0
2406.02886,31,8
2406.03184,113,32
2406.03344,5,1
2406.01014,91,14
2406.02539,45,8
2406.02657,7,2
2406.02884,81,38
2406.04268,5,4
2406.01300,22,12
2406.04151,53,16
2406.04324,47,14
2406.04271,39,10
2406.04314,11,6
2406.04333,47,14
2406.04325,113,33
2406.04277,69,27
2406.04520,16,15
2406.04594,26,8
2406.04391,15,6
2406.04523,8,3
2406.04770,67,16
2406.04485,68,18
2406.04744,69,11
2406.04692,26,4
2406.04370,4,2
2406.05649,47,16
2406.06133,15,8
2406.05768,16,1
2406.06527,6,5
2406.05981,5,1
2406.05814,19,5
2406.06424,10,4
2406.06316,7,5
2406.06474,27,8
2406.06216,15,2
2406.06040,8,1
2406.06469,30,13
2406.06525,60,25
2406.05370,69,34
2406.07472,47,17
2406.07188,0,0
2406.07520,43,14
2406.05629,11,8
2406.06573,15,3
2406.06911,46,5
2406.07524,9,3
2406.06612,3,0
2406.07550,14,5
2406.06592,8,4
2406.07394,51,10
2406.07496,26,5
2406.07547,41,13
2406.07436,96,16
2406.06608,4,2
2406.06563,31,5
2406.07686,24,2
2406.08414,10,3
2406.08487,32,5
2406.04320,5,2
2406.05074,2,0
2406.08392,14,7
2406.07933,77,13
2406.04329,7,4
2406.06462,96,17
2406.05955,4,2
2406.07792,47,18
2406.05132,10,2
2406.07476,40,7
2406.04127,14,2
2406.04338,45,5
2406.06282,4,1
2406.05338,69,12
2406.08478,25,5
2406.06523,20,1
2406.08464,67,17
2406.08407,39,14
2406.08862,41,0
2406.08657,17,2
2406.08656,68,19
2406.07546,18,6
2406.07457,6,1
2406.08479,5,3
2406.05967,13,3
2406.09297,13,1
2406.09305,24,4
2406.08598,2,1
2406.09371,43,15
2406.09358,4,2
2406.09412,35,7
2406.09356,17,4
2406.09162,54,16
2406.07522,77,14
2406.08587,26,1
2406.09406,7,1
2406.09414,33,11
2406.09246,32,17
2406.09308,11,6
2406.09416,14,6
2406.09170,5,1
2406.09415,11,3
2406.09403,42,17
2406.09413,28,13
2406.08673,12,3
2406.09411,43,15
2406.08707,14,7
2406.08552,45,5
2406.10227,57,16
2406.06263,7,1
2406.09559,41,1
2406.10111,7,1
2406.08920,15,6
2406.08545,10,2
2406.08659,27,7
2406.10209,25,14
2406.08845,113,34
2406.07882,3,2
2406.10126,7,3
2406.09900,26,10
2406.10208,11,8
2406.08451,113,34
2406.10118,42,13
2406.08418,113,34
2406.10149,9,1
2406.07230,113,34
2406.09961,26,8
2406.10210,11,3
2406.08973,3,0
2406.10324,118,32
2406.11251,68,20
2406.11775,39,9
2406.11196,9,4
2406.11463,15,7
2406.10522,1,0
2406.10670,4,1
2406.10023,6,2
2406.10906,0,0
2406.10803,5,1
2406.11069,68,20
2406.11202,8,0
2406.11402,41,2
2406.09455,9,2
2406.10163,37,8
2406.10328,25,15
2406.11827,6,4
2406.11833,113,38
2406.11794,42,18
2406.11839,15,7
2406.11813,12,5
2406.11816,57,17
2406.10996,7,1
2406.11768,15,1
2406.11831,77,22
2406.11271,68,18
2406.11194,15,2
2406.11840,0,0
2406.11430,14,3
2406.11939,31,11
2406.12673,16,6
2406.12311,4,0
2406.12066,4,0
2406.12042,9,4
2406.12168,29,9
2406.11909,25,5
2406.12644,41,3
2406.12814,12,6
2406.12303,23,8
2406.12292,8,5
2406.11431,10,3
2406.12031,17,7
2406.12831,47,19
2406.12459,10,8
2406.09760,32,6
2406.11687,4,2
2406.11931,14,7
2406.12849,20,2
2406.12742,9,3
2406.12246,13,3
2406.12793,40,12
2406.11912,7,2
2406.12275,81,39
2406.12050,50,10
2406.12753,113,39
2406.12274,2,0
2406.11811,14,3
2406.11801,23,4
2406.12824,7,2
2406.12209,1,0
2406.11614,16,7
2406.11715,19,1
2406.11139,2,2
2406.12649,33,4
2406.11612,4,0
2406.11230,33,4
2406.12034,18,3
2406.14319,9,4
2406.13099,0,0
2406.11289,12,2
2406.12618,16,8
2406.13735,3,1
2406.12045,6,3
2406.14130,14,5
2406.11927,7,3
2406.11817,60,11
2406.13621,21,7
2406.13542,78,14
2406.13663,5,0
2406.12925,1,0
2406.14347,10,0
2406.14491,69,35
2406.10601,7,0
2406.11410,4,0
2406.14544,108,26
2406.11896,32,15
2406.14563,32,8
2406.14562,3,3
2406.14539,8,2
2406.13923,96,22
2406.14515,108,26
2406.12564,4,0
2406.13236,15,1
2406.14972,3,1
2406.12056,14,3
2406.11654,23,5
2406.15349,13,6
2406.14764,17,5
2406.13393,2,2
2406.11403,0,0
2406.14835,8,1
2406.13527,33,14
2406.14596,10,3
2406.14805,41,4
2406.11617,23,5
2406.14035,1,0
2406.15275,12,6
2406.15319,68,23
2406.12624,2,0
2406.14213,9,2
2406.15252,96,23
2406.14938,0,0
2406.14599,16,9
2406.13457,2,0
2406.15193,23,5
2406.14393,29,12
2406.14783,0,0
2406.16815,5,2
2406.16714,40,13
2406.16254,10,5
2406.14051,1,1
2406.16008,39,10
2406.16235,8,3
2406.14540,5,1
2406.13632,15,9
2406.16683,3,3
2406.16772,33,6
2406.15704,55,11
2406.15927,6,3
2406.15718,57,15
2406.16747,15,3
2406.16860,27,7
2406.15877,37,15
2406.16048,6,1
2406.16852,118,33
2406.16260,46,6
2406.16855,25,5
2406.16768,14,7
2406.16690,19,8
2406.16758,7,1
2406.14833,30,15
2406.16338,29,6
2406.16377,25,8
2406.17055,7,2
2406.17563,4,1
2406.15279,42,11
2406.17660,7,2
2406.15339,81,40
2406.13144,8,1
2406.16863,118,34
2406.16678,6,2
2406.17588,96,25
2406.17758,83,14
2406.17770,83,14
2406.17763,6,4
2406.17636,1,0
2406.17245,30,16
2406.16273,0,0
2406.17557,11,4
2406.17419,91,15
2406.18518,68,16
2406.18510,67,20
2406.16979,0,0
2406.15334,44,13
2406.17294,33,8
2406.17565,10,1
2406.18532,45,7
2406.18530,20,5
2406.18495,67,20
2406.18219,30,17
2406.18522,28,6
2406.18521,15,6
2406.18082,17,7
2406.16793,8,0
2406.16341,8,1
2406.17513,4,1
2406.18125,11,0
2406.18676,30,3
2406.18120,11,0
2406.10900,47,8
2406.19223,5,1
2406.08316,9,2
2406.14909,45,6
2406.19263,28,7
2406.19395,4,1
2406.19314,25,16
2406.19227,36,5
2406.19215,36,5
2406.19226,57,16
2406.18790,1,1
2406.18629,19,4
2406.19389,33,11
2406.14629,45,6
2406.16845,15,5
2407.00617,50,8
2406.17720,7,1
2406.19320,3,2
2406.19251,53,17
2406.20095,26,9
2406.18462,23,6
2406.19774,69,36
2406.19280,35,4
2406.20094,50,8
2406.20076,23,4
2407.00367,23,7
2406.20085,83,16
2407.00114,19,3
2407.00837,7,2
2407.01272,2,0
2407.00653,69,29
2406.20086,9,4
2407.00111,1,0
2407.00106,19,4
2406.19999,5,1
2406.20087,18,3
2407.01470,12,0
2407.01231,38,3
2407.00088,21,5
2406.18009,24,17
2406.18284,63,5
2407.01284,31,7
2406.19741,32,9
2407.01449,11,2
2407.01492,37,16
2407.00468,22,4
2407.00320,50,10
2407.01519,20,3
2407.00782,20,4
2407.00788,12,2
2407.00402,6,1
2406.19997,0,0
2407.01920,41,11
2407.01791,15,3
2406.19568,23,8
2406.19238,9,0
2407.02398,39,6
2407.01494,83,17
2407.02477,23,5
2407.02490,22,8
2407.02371,63,10
2407.01489,6,2
2407.01370,68,17
2407.02489,15,12
2407.01100,36,6
2407.02551,19,3
2407.03300,7,5
2407.02869,9,3
2407.03169,8,1
2407.02687,7,2
2406.19380,4,3
2407.03320,113,40
2407.02392,49,15
2407.01906,25,7
2407.01392,27,11
2407.03321,7,2
2407.04952,11,1
2407.03923,0,0
2407.02855,24,7
2407.03418,12,7
2407.04622,15,5
2406.08085,33,12
2407.03958,4,0
2407.03963,5,3
2407.04172,19,6
2407.05131,18,4
2407.04363,9,3
2407.04620,25,12
2407.04051,0,0
2406.11832,18,7
2407.04078,32,7
2407.04693,108,29
2407.04604,11,3
2407.06076,1,0
2407.05463,32,6
2407.06027,52,14
2407.06192,10,3
2407.06182,46,7
2407.06191,108,29
2407.04020,36,8
2407.05282,15,5
2407.03651,7,0
2407.06135,33,7
2407.03471,28,16
2407.04841,9,4
2407.05975,113,41
2407.04842,25,17
2407.05700,38,5
2407.06533,5,2
2407.05015,0,0
2407.06071,16,9
2407.06304,47,20
2407.06723,39,11
2407.02880,2,1
2407.03203,22,2
2407.07071,39,11
2407.03618,9,1
2407.07080,0,0
2407.06938,21,5
2407.06189,15,6
2407.07061,57,17
2407.03502,12,7
2407.06581,7,0
2407.06358,81,41
2407.07788,11,4
2407.06188,118,35
2407.05528,2,1
2407.05530,8,2
2407.07565,3,0
2407.07315,2,0
2302.06555,3,1
2407.07464,50,11
2407.07667,118,42
2407.07860,12,5
2407.07895,68,20
2407.07304,1,0
2407.07726,41,12
2407.08674,13,9
2407.07176,16,3
2407.08711,2,2
2407.08447,9,4
2407.08642,36,2
2407.08680,55,14
2407.08726,17,5
2407.08250,2,0
2407.08583,19,8
2407.08701,83,20
2407.08713,83,20
2407.08551,69,37
2407.08737,10,4
2407.08733,35,7
2407.06946,6,2
2407.08683,81,42
2407.08739,77,23
2407.08296,33,15
2407.08083,45,10
2407.07053,19,1
2407.08303,22,8
2407.08348,77,15
2407.09072,19,5
2407.08892,23,9
2407.09732,3,0
2407.09413,7,4
2406.02265,5,2
2407.09121,19,2
2407.09012,16,4
2407.09473,4,1
2407.06397,2,2
2407.09388,1,0
2407.09276,3,3
2407.08770,17,5
2407.09435,9,6
2407.07874,2,0
2407.09450,32,4
2407.09025,29,11
2407.09298,5,2
2407.10285,81,43
2407.10827,15,7
2407.10953,8,0
2407.07523,16,6
2407.10362,0,0
2407.10956,68,18
2407.09533,32,16
2407.10387,1,1
2407.10973,18,5
2407.10817,8,4
2407.10969,69,38
2407.10457,22,13
2407.10943,113,43
2407.10058,7,1
2407.10671,91,16
2407.10910,14,8
2407.11522,13,4
2407.11239,33,16
2407.11895,33,10
2407.11828,0,0
2407.11793,0,0
2407.11784,78,16
2407.11282,52,15
2407.11385,3,2
2407.11966,47,21
2407.11963,83,22
2407.11144,8,6
2407.11398,22,1
2407.11394,5,1
2407.11691,108,33
2407.10718,12,2
2407.10957,23,2
2407.11633,6,2
2407.10759,78,16
2407.11062,113,44
2407.11298,3,0
2407.09018,24,8
2407.12043,67,22
2407.12306,17,9
2407.10223,14,7
2407.11854,1,1
2407.12581,18,2
2407.12366,24,7
2407.12563,21,8
2407.12679,12,7
2407.12504,108,34
2407.12705,6,2
2407.12781,47,22
2407.12665,45,6
2407.12772,118,37
2407.12580,53,18
2407.12784,56,11
2407.12077,5,2
2407.12327,5,2
2407.13244,0,0
2407.13638,0,0
2407.13696,9,2
2407.12982,4,0
2407.13481,6,0
2406.13897,15,7
2407.10424,28,6
2406.07057,35,11
2407.13709,33,8
2407.13759,28,14
2407.13764,17,10
2407.13739,10,8
2407.12854,42,19
2407.13623,60,30
2407.12883,37,17
2407.10960,12,8
2407.13976,63,8
2407.14257,0,0
2407.14435,10,3
2407.14138,91,17
2407.13833,14,4
2407.14402,53,19
2407.14329,10,8
2407.12594,1,1
2407.13559,6,3
2407.14482,38,15
2407.14358,5,3
2407.14177,52,16
2407.14057,9,7
2407.14507,13,0
2407.13168,27,8
2407.15762,14,11
2407.15272,91,18
2407.15711,6,4
2407.15060,1,0
2407.14958,6,4
2407.15420,12,3
2407.15337,28,15
2407.15002,17,7
2407.13766,44,14
2407.15233,26,11
2407.15187,28,7
2407.15642,113,45
2407.15842,1,0
2407.15595,21,10
2407.15841,20,6
2407.14561,9,4
2407.15017,91,18
2407.15295,7,1
2407.14679,45,11
2407.15754,17,6
2407.14622,14,8
2407.15848,20,4
2407.14933,68,19
2407.14931,1,0
2407.16318,1,1
2407.15447,7,2
2407.16680,25,13
2407.16198,15,6
2407.12435,29,7
2407.16224,14,4
2407.16655,35,8
2407.16674,46,8
2407.13301,35,5
2407.14505,52,13
2407.16412,17,4
2407.17353,1,1
2406.00856,1,1
2407.16988,12,4
2407.15815,13,6
2407.16312,0,0
2407.17470,28,17
2407.17365,3,2
2407.17387,25,18
2407.14207,54,17
2407.16154,96,21
2407.17438,108,35
2407.17453,39,9
2407.16741,51,20
2407.18147,7,3
2407.18054,23,7
2407.18129,6,4
2407.18121,39,13
2407.16607,67,23
2407.17722,0,0
2407.17490,77,24
2407.17952,14,1
2407.17535,1,0
2407.16982,113,46
2407.17789,78,18
2407.16637,6,5
2407.18559,8,3
2407.18902,32,14
2407.19669,91,20
2407.18914,10,3
2407.18901,7,6
2407.18907,24,10
2407.18908,44,15
2407.19474,14,7
2407.19795,1,0
2407.18946,3,2
2407.16291,68,21
2407.19914,0,0
2407.20020,1,1
2407.19594,38,14
2407.19835,0,0
2407.17398,13,5
2407.19548,28,8
2407.19593,14,6
2407.20171,22,9
2407.19985,6,5
2407.18961,15,7
2407.20183,83,25
2407.20179,2,1
2407.19918,32,7
2407.19672,40,9
2407.19340,0,0
2407.19584,11,3
2407.18248,16,3
2407.20595,3,0
2407.20750,3,0
2407.20445,20,9
2407.21017,20,5
2407.20581,0,0
2407.20267,0,0
2407.20729,0,0
2407.21018,68,20
2407.20743,1,0
2407.20798,6,4
2404.01300,5,2
2407.21475,5,0
2407.20229,5,1
2407.21630,6,2
2407.21686,14,7
2407.21781,3,1
2407.21772,5,2
2407.21530,33,9
2407.21646,19,4
2407.21770,42,20
2407.21705,9,3
2407.21783,55,18
2407.21721,4,1
2408.00584,5,2
2407.21139,8,0
2408.00760,5,0
2408.00762,18,4
2408.00298,7,4
2408.00458,6,2
2408.00765,46,16
2408.00754,39,14
2408.00167,1,0
2408.00203,26,15
2408.00690,3,2
2408.00653,28,18
2408.00118,15,8
2408.00714,8,5
2407.21794,118,38
2408.00735,22,13
2408.00205,0,0
2408.00113,9,5
2407.20060,7,4
2408.00397,8,5
2408.01337,10,4
2408.00103,5,1
2408.01291,5,4
2408.01031,12,1
2408.00874,4,0
2408.01050,0,0
2408.02210,29,7
2408.01584,1,0
2408.02226,1,0
2408.02600,5,0
2408.02629,47,4
2408.02373,19,4
2408.02666,38,14
2408.02555,37,12
2408.02657,113,47
2408.02545,3,2
2408.02622,29,7
2408.01800,57,18
2408.02085,17,6
2408.01708,15,3
2408.03256,63,10
2408.03281,16,1
2408.03284,118,39
2408.02752,15,10
2408.03325,16,10
2408.02900,26,7
2408.03178,5,1
2408.02718,113,48
2408.03326,118,39
2408.03314,14,6
2408.03209,5,0
2408.03695,20,4
2408.03923,1,0
2408.03356,0,0
2408.03900,6,0
2408.03822,9,0
2408.03588,0,0
2408.03910,77,16
2408.03541,7,1
2408.03837,23,8
2408.03906,21,16
2408.03615,9,2
2406.04604,24,8
2408.02816,7,4
2408.04520,0,0
2408.04034,29,9
2408.04631,24,11
2407.18245,20,10
2408.04303,0,0
2408.04284,13,4
2408.04567,45,10
2408.03361,113,49
2408.04619,3,1
2408.04614,42,21
2408.04594,14,9
2408.05205,27,13
2408.05086,4,2
2408.05101,8,3
2408.04708,22,7
2408.04785,1,0
2408.04682,16,8
2408.04840,91,21
2408.05147,10,6
2408.05211,31,8
2408.04810,5,3
2408.05506,5,1
2408.06316,21,11
2408.05939,14,5
2408.06019,28,7
2408.06190,1,1
2408.06327,40,14
2408.06142,4,0
2408.06070,19,5
2408.06195,52,17
2408.06292,10,4
2408.06072,40,14
2408.06481,0,0
2408.05492,11,5
2408.05928,23,9
2408.06506,10,3
2408.06281,4,1
2408.06273,18,5
2408.06693,0,0
2408.06396,2,1
2408.06663,2,1
2408.06793,30,18
2408.06941,33,10
2408.07060,68,21
2408.07009,16,7
2408.07055,40,16
2408.06697,35,15
2408.07416,3,0
2408.07547,2,1
2408.07540,4,3
2408.07089,7,0
2408.07410,7,0
2408.07116,11,4
2408.07246,55,17
2408.05366,0,0
2408.08274,10,8
2408.08313,15,9
2408.08019,2,2
2408.08291,9,4
2408.07990,14,5
2408.08000,22,2
2408.08189,15,2
2408.08201,46,10
2408.08172,6,2
2408.08072,96,22
2408.07852,10,8
2408.08152,30,6
2408.08441,39,22
2408.07888,6,0
2408.08332,15,6
2408.08435,6,3
2408.08459,20,5
2408.08872,68,24
2408.07931,5,2
2408.08946,7,2
2408.09739,15,9
2408.09702,28,15
2408.08926,28,17
2408.10195,16,11
2408.09085,7,0
2408.09858,9,3
2408.10119,49,18
2408.10198,16,11
2408.10188,45,12
2408.10161,3,3
2408.10446,41,7
2408.10906,10,3
2408.10088,16,6
2408.11048,8,5
2408.10487,14,8
2408.09574,0,0
2408.10764,91,22
2408.09174,96,23
2408.10701,23,9
2408.11001,17,7
2408.11049,14,8
2408.11054,7,3
2408.10914,17,7
2408.11039,42,22
2408.10998,0,0
2408.11457,0,0
2408.11247,41,6
2408.11237,41,6
2408.11721,10,5
2408.11812,32,18
2408.08793,0,0
2408.11817,15,7
2408.11475,1,0
2408.11745,10,1
2408.11318,12,7
2408.11796,45,13
2408.11706,16,4
2408.12588,24,5
2408.12282,6,4
2408.11915,3,1
2408.09787,33,4
2408.11813,63,11
2408.12076,45,6
2408.10635,17,3
2408.12114,13,4
2408.12245,40,7
2408.12569,14,8
2408.12480,0,0
2408.12601,13,3
2408.12570,10,3
2408.12590,68,23
2408.12528,57,18
2408.11857,3,1
2408.11878,35,9
2408.12599,13,4
2408.12060,41,8
2408.12503,2,0
2408.12894,3,1
2408.13010,0,0
2408.12418,3,0
2408.12369,41,9
2408.13239,81,44
2408.10945,1,0
2408.12857,30,7
2408.13233,4,2
2408.12885,44,13
2408.13252,118,41
2408.13257,32,10
2408.12637,4,3
2408.14211,19,7
2408.13413,38,5
2408.13933,2,1
2408.13402,0,0
2408.12757,6,2
2408.13359,10,9
2408.11727,77,17
2408.13934,4,2
2408.13467,22,5
2408.14468,23,10
2408.14354,35,6
2408.14340,96,26
2408.14176,6,1
2408.13423,9,4
2408.13629,0,0
2408.14236,1,0
2408.14307,1,0
2408.14849,1,0
2408.14805,91,23
2408.13674,77,26
2408.14819,11,4
2408.15239,15,10
2408.15237,11,8
2408.14837,6,6
2408.14906,4,2
2408.14717,31,13
2408.15664,9,4
2408.15995,5,5
2408.15708,14,6
2408.15980,14,5
2408.15836,6,3
2408.15991,36,6
2408.15496,19,5
2408.15792,68,23
2408.15881,77,27
2408.15915,35,11
2408.15518,17,4
2408.15079,52,18
2408.15998,45,14
2408.14608,13,4
2408.16046,1,0
2408.15666,67,25
2408.16061,3,3
2408.16293,11,10
2408.16766,12,3
2408.16767,23,10
2408.16532,22,8
2408.16500,40,17
2408.16357,11,5
2408.16768,35,20
2408.16176,24,8
2408.15300,9,1
2408.16245,0,0
2408.15827,0,0
2408.14572,0,0
2408.16667,2,0
2408.15993,6,6
2408.16444,0,0
2408.17024,1,1
2408.14886,7,5
2408.17131,16,7
2408.14765,108,37
2408.17267,108,37
2408.15914,13,6
2408.15545,25,8
2408.16672,17,5
2408.17253,3,0
2408.16725,1,0
2409.01199,28,9
2409.00138,23,7
2409.00447,0,0
2409.01357,0,0
2409.00391,41,10
2409.01055,35,12
2409.00492,14,3
2409.00729,1,0
2409.00558,26,10
2409.01392,51,14
2409.01071,77,18
2409.00587,6,3
2409.02097,46,11
2409.00588,7,3
2409.02095,81,45
2409.00509,25,11
2409.01437,2,0
2409.02060,37,21
2409.01704,25,7
2409.02245,0,0
2409.02078,0,0
2409.02326,8,4
2409.01083,22,7
2409.02897,36,16
2409.02889,35,8
2409.02634,6,0
2409.02813,96,27
2409.03643,64,10
2409.00921,26,11
2409.00844,1,1
2409.03525,41,13
2409.02392,22,9
2409.03753,67,26
2409.01944,96,26
2409.03718,5,1
2409.03512,57,19
2409.03752,13,2
2409.01322,7,1
2409.03420,91,24
2409.03810,26,7
2409.02877,57,20
2409.04410,81,46
2409.04005,15,3
2409.04196,20,12
2409.02076,7,2
2409.05806,41,7
2409.05177,2,0
2409.05862,13,11
2409.04269,0,0
2409.05865,7,3
2409.04234,4,1
2409.04593,15,1
2409.05591,30,3
2409.05152,41,7
2409.05840,91,25
2409.02795,96,27
2409.04828,45,8
2409.06703,10,6
2409.06633,16,5
2409.06135,15,5
2409.06029,19,4
2409.06210,6,1
2409.06595,4,2
2409.06666,7,1
2409.06762,7,5
2409.07129,1,0
2409.07440,7,7
2409.07450,15,3
2409.07441,15,8
2409.06185,2,1
2409.06744,25,12
2409.04057,16,5
2409.07146,26,8
2409.07452,11,3
2409.07429,32,10
2409.07314,4,1
2409.06820,1,0
2409.06765,17,11
2409.05162,23,9
2409.07239,77,19
2409.08278,5,3
2409.08248,5,1
2409.08270,46,12
2409.08240,46,12
2409.04109,23,8
2409.08264,4,1
2409.07703,50,12
2409.08239,38,16
2409.08272,8,4
2409.08514,9,3
2409.08947,1,1
2409.08353,15,9
2409.08615,45,9
2409.08857,5,0
2409.08513,14,4
2409.06957,23,6
2409.08554,3,0
2409.10309,0,0
2409.07012,8,2
2409.08199,3,0
2409.08831,3,1
2409.09269,41,11
2409.09502,0,0
2409.10038,31,3
2409.06277,9,2
2409.09213,15,3
2409.10173,17,6
2409.10516,52,19
2409.10594,46,14
2409.09214,29,10
2409.09323,3,0
2409.10836,3,0
2409.10831,20,10
2409.11733,9,6
2409.11242,23,10
2409.11211,5,2
2409.10923,36,13
2409.10568,1,1
2409.11055,1,0
2409.10819,68,24
2409.11136,17,11
2409.11406,118,42
2409.11355,1,0
2409.11402,38,13
2409.11340,21,5
2409.11367,35,6
2409.09401,50,14
2409.12134,0,0
2409.11363,2,1
2409.12106,22,5
2409.11074,1,0
2409.11315,15,3
2409.12001,0,0
2409.08425,4,1
2409.12186,91,26
2409.12139,17,7
2409.12136,45,24
2409.11564,9,1
2409.11901,30,4
2409.12183,5,1
2409.12181,19,5
2409.12191,78,22
2409.12193,46,15
2409.12431,17,6
2409.12962,44,16
2409.12532,52,20
2409.12892,9,9
2409.12958,11,5
2409.12822,24,9
2409.12576,13,3
2409.12961,118,43
2409.12903,9,6
2409.12960,11,5
2409.12957,118,43
2409.08692,12,5
2409.12959,77,28
2409.12568,13,6
2409.12917,15,8
2409.11393,0,0
2409.13689,0,0
2409.11276,0,0
2409.13449,12,4
2409.13648,15,10
2409.13690,1,1
2409.13591,2,1
2409.13216,19,6
2409.12941,8,5
2409.13598,2,1
2409.13592,5,0
2409.13346,13,7
2409.13926,0,0
2409.14340,5,3
2409.13773,2,1
2409.13191,11,4
2409.13910,2,1
2409.14393,11,4
2409.15268,12,9
2409.15277,25,9
2409.14677,3,0
2409.14988,4,2
2409.15278,113,50
2409.14713,13,5
2409.14674,10,4
2409.15273,13,4
2409.15997,1,1
2409.12192,7,3
2409.15933,2,2
2409.13156,22,10
2409.13882,0,0
2409.15360,45,8
2409.16283,22,18
2409.17143,46,16
2409.16040,10,2
2409.16235,11,4
2409.16143,11,9
2409.16280,8,3
2409.14128,2,0
2409.15700,21,5
2409.15272,96,28
2409.16160,19,7
2409.16191,96,28
2409.16211,14,7
2409.16288,5,1
2409.16666,10,6
2409.16493,2,0
2409.16299,7,5
2409.16629,2,1
2409.16925,1,0
2409.17058,6,1
2409.17145,52,20
2409.15127,2,1
2409.17115,33,11
2409.17146,39,22
2409.15041,3,1
2409.17580,2,1
2409.18121,17,12
2409.17280,118,45
2409.14683,3,2
2409.14195,91,27
2409.17565,13,8
2409.14254,28,18
2409.18124,17,4
2409.18125,52,12
2409.18042,83,27
2409.17481,46,17
2409.17422,19,8
2409.17545,0,0
2409.18957,0,0
2409.17433,50,15
2409.17066,18,4
2409.16686,36,8
2409.18786,45,11
2409.18839,113,51
2409.17692,96,30
2409.18869,23,10
2409.18964,7,3
2409.19627,0,0
2409.19339,10,3
2409.19808,7,3
2409.19715,7,2
2409.19952,32,8
2409.20537,11,5
2409.18747,1,0
2409.19020,4,0
2409.18943,49,21
2409.19606,17,3
2409.20566,23,9
2409.20551,77,30
2409.20018,1,0
2410.00545,9,1
2410.00231,25,20
2409.20563,15,7
2409.18313,12,8
2410.00418,8,4
2410.00337,17,1
2410.00890,32,12
2409.19946,1,0
2409.19603,57,19
2409.17912,12,5
2410.00531,2,1
2409.19951,16,9
2410.00086,78,24
2410.00316,1,0
2409.18111,81,47
2410.01804,6,6
2410.01171,9,3
2410.01481,9,4
2410.01723,23,8
2410.01518,2,0
2409.20325,0,0
2410.01691,6,1
2410.00296,22,5
2410.02197,96,31
2410.01440,8,3
2410.01036,9,2
2410.01769,18,5
2410.01215,11,0
2410.01044,17,7
2410.01647,18,2
2410.01748,15,8
2410.01680,38,14
2410.01257,12,4
2410.01463,5,0
2410.01731,22,14
2409.20059,11,5
2410.01744,50,16
2410.02103,12,5
2410.02458,41,12
2410.02052,45,25
2410.02762,8,4
2410.02763,14,5
2410.01946,2,0
2410.02056,38,15
2410.01335,8,8
2410.00255,9,2
2410.02426,1,1
2410.01782,19,9
2410.02536,3,1
2410.02115,33,7
2410.02525,6,4
2409.19291,45,4
2410.02740,23,8
2410.02367,35,13
2410.02749,7,4
2410.02713,118,46
2410.02712,27,22
2410.02757,52,13
2410.02073,5,1
2410.02416,7,3
2410.02724,5,0
2410.01679,17,4
2410.02678,23,9
2410.02746,23,8
2410.01273,12,3
2410.03645,13,7
2410.03051,27,12
2410.03535,0,0
2410.03103,7,4
2410.01999,7,6
2410.02241,4,1
2410.02760,9,6
2410.03017,1,1
2410.01699,52,15
2410.00907,5,4
2410.03027,20,6
2409.19989,1,0
2410.02613,13,8
2410.02362,1,0
2410.02703,15,10
2410.03960,7,6
2410.03959,9,4
2410.05046,4,3
2410.05255,27,4
2410.05057,7,2
2410.03187,29,13
2410.03617,54,10
2410.04932,17,2
2410.05262,13,3
2410.04698,68,24
2410.03160,77,20
2410.04534,25,11
2410.04734,54,19
2410.05258,69,39
2410.05167,20,11
2410.02707,14,7
2410.04364,10,1
2410.02884,51,15
2410.05229,9,6
2410.05080,24,10
2410.05243,24,10
2410.03825,44,19
2410.02675,23,9
2410.02743,9,3
2410.03290,45,6
2410.03399,9,2
2410.04081,16,8
2410.05076,5,1
2410.04343,19,11
2410.04422,5,0
2410.03864,50,17
2410.01912,51,9
2410.05193,9,3
2410.04717,2,1
2410.04199,11,1
2410.02705,23,8
2410.07071,11,7
2410.02428,2,0
2410.02503,2,0
2410.06458,54,11
2410.04223,13,5
2410.07095,5,1
2410.05643,41,14
2410.05664,4,2
2410.07064,69,40
2410.06555,96,32
2410.06462,11,0
2410.06949,24,10
2410.06084,14,10
2410.06985,5,2
2410.06845,36,8
2410.07062,0,0
2410.06524,47,9
2410.05160,68,28
2410.07112,28,19
2410.05873,7,3
2410.07145,57,21
2410.06468,5,2
2410.05791,5,2
2410.06241,108,41
2410.07160,13,1
2410.05295,56,15
2410.07155,39,9
2410.05993,39,10
2410.05254,9,2
2410.07113,22,3
2410.07073,6,4
2410.05363,113,52
2410.07171,36,12
2410.05954,13,4
2410.07167,108,41
2410.06373,77,21
2410.05355,3,2
2410.06885,8,6
2410.06244,17,4
2410.07170,5,2
2410.06961,69,40
2410.05677,68,28
2410.07002,20,5
2410.06166,29,9
2410.05591,10,2
2410.02465,2,0
2410.06172,24,8
2410.07177,23,10
2410.05651,10,2
2410.05248,5,4
2410.08115,57,22
2410.08049,35,8
2410.07137,32,12
2410.07041,5,1
2410.04808,11,2
2410.05629,45,26
2410.07707,9,3
2410.05269,25,8
2410.03437,1,0
2410.05210,1,0
2410.06293,16,7
2410.05603,7,3
2410.08164,24,9
2410.04751,4,1
2410.06508,50,18
2410.08196,77,31
2410.03450,7,2
2410.05265,60,34
2410.07869,91,28
2410.07484,47,10
2410.08207,30,9
2410.07303,77,31
2410.08151,21,9
2410.06154,18,6
2410.08159,16,9
2410.06264,7,3
2410.08193,18,6
2410.09037,6,1
2410.08612,0,0
2410.09045,9,4
2410.07331,31,12
2410.07536,77,33
2410.08168,5,1
2410.08391,9,9
2410.09038,31,15
2410.07035,51,20
2410.09008,36,15
2410.07133,57,20
2410.07656,8,2
2410.08102,64,12
2410.06456,27,5
2410.08815,91,29
2410.08261,33,8
2410.08565,52,21
2410.09009,39,10
2410.10813,50,19
2410.06634,8,6
2410.09733,35,15
2410.10819,39,11
2410.11758,45,27
2410.07752,7,4
2410.09223,4,2
2410.09637,3,0
2410.10818,45,27
2410.10803,39,23
2410.09335,51,10
2410.10774,33,17
2410.09732,108,43
2410.10783,8,6
2410.10594,57,23
2410.10792,11,7
2410.07985,96,33
2410.10563,68,30
2410.09584,30,9
2410.10139,39,17
2410.10630,38,17
2410.10306,25,10
2410.11096,56,16
2410.09754,16,5
2410.08001,113,53
2410.09704,0,0
2410.09745,1,1
2410.11619,17,8
2410.06593,68,25
2410.11805,14,3
2410.11419,9,4
2410.11710,96,34
2410.10816,52,15
2410.10934,27,15
2410.11779,41,10
2406.15786,11,3
2410.09342,57,24
2410.10626,35,10
2410.10814,47,11
2410.11795,36,4
2410.09870,7,0
2410.12490,40,10
2410.12391,5,2
2410.12722,4,1
2410.09724,9,3
2410.12109,38,16
2410.11900,12,3
2410.08584,44,16
2410.11843,8,3
2410.12491,4,2
2410.12405,108,44
2410.11878,46,18
2410.07722,1,1
2410.08968,17,9
2410.11623,77,22
2410.12628,64,14
2410.12787,40,10
2410.12381,39,11
2410.12613,41,11
2410.10672,4,2
2410.11081,6,3
2410.11817,29,6
2410.12409,43,20
2410.13859,15,10
2410.13334,3,0
2410.13852,1,0
2410.13293,0,0
2410.13198,15,9
2410.09019,3,0
2410.12957,22,9
2410.09347,35,14
2410.13618,13,6
2410.10210,3,1
2410.12781,43,21
2410.13060,3,1
2410.12183,113,54
2410.13854,96,35
2410.12771,1,1
2410.13832,15,11
2410.13360,35,9
2410.13841,35,11
2410.09426,14,4
2410.13720,17,9
2410.13754,56,18
2410.13863,15,13
2410.13848,60,35
2410.13268,35,11
2410.13757,25,6
2410.12784,30,9
2410.13824,68,31
2410.13830,25,11
2410.13085,26,9
2410.11842,31,10
2410.13804,47,12
2410.13785,60,21
2410.13639,96,35
2410.12705,13,5
2410.13787,13,10
2410.14672,15,8
2410.11331,3,0
2410.14596,54,12
2410.12791,3,0
2410.13828,25,12
2410.14208,6,2
2410.13726,2,0
2410.14470,4,1
2410.14677,1,0
2410.13782,16,8
2410.10812,39,12
2410.11190,1,1
2410.13925,51,16
2410.13276,52,22
2410.13370,35,7
2410.14669,39,16
2410.13232,7,3
2410.14059,35,12
2410.13674,47,13
2410.11711,5,1
2410.15633,43,21
2410.15002,30,17
2410.16259,17,13
2410.15460,1,1
2410.13184,50,20
2410.15017,41,13
2410.14086,2,1
2410.13394,4,2
2410.13218,18,11
2410.15748,18,10
2410.15316,5,0
2410.12788,13,4
2410.16215,36,13
2410.16271,20,6
2410.16256,83,29
2410.15735,0,0
2410.16268,108,45
2410.14940,52,23
2410.14745,13,6
2410.16153,32,13
2410.16184,36,13
2410.13861,77,34
2410.17250,32,14
2410.16266,5,1
2410.17241,25,17
2410.16930,4,1
2410.14649,14,3
2410.16392,17,7
2410.17131,78,25
2410.15926,7,2
2410.16267,68,25
2410.16198,23,11
2410.17249,20,7
2410.17247,108,46
2410.17215,45,12
2410.13924,9,5
2410.17242,43,22
2410.13816,32,19
2410.13458,8,7
2410.18071,44,17
2410.17883,32,8
2410.17434,15,12
2410.18084,118,55
2410.18013,47,23
2410.17891,27,10
2410.18072,52,17
2410.17637,108,47
2410.15522,17,9
2410.18505,7,3
2410.18775,9,2
2410.17897,12,1
2410.17779,24,11
2410.15580,7,2
2410.18785,11,3
2410.18252,15,9
2410.18441,0,0
2410.18647,15,6
2410.18194,14,6
2410.16429,14,6
2410.18860,12,3
2410.18234,5,2
2410.18958,77,35
2410.18975,54,14
2410.18976,25,7
2410.18362,12,5
2410.17243,40,12
2410.16251,7,3
2410.18693,33,8
2410.18978,35,11
2410.18798,53,20
2410.18533,33,8
2410.15999,14,4
2410.18572,41,5
2410.18745,29,12
2410.18538,12,7
2410.18977,49,22
2410.18451,77,23
2410.19133,31,20
2410.18076,32,20
2410.16270,3,1
2410.17655,1,0
2410.18912,8,6
2410.16090,14,5
2410.19290,18,4
2410.19730,14,3
2410.18558,7,4
2410.19123,33,18
2410.19168,15,6
2410.19355,118,56
2410.19008,30,14
2410.16048,2,1
2410.17856,19,6
2410.18889,14,8
2410.21271,45,16
2410.20672,4,3
2410.19100,12,2
2410.20220,4,3
2406.10615,22,7
2410.20636,11,1
2410.01968,2,1
2410.21264,35,9
2410.18481,1,1
2410.21220,35,10
2410.20290,25,3
2410.20011,45,10
2410.18666,11,5
2410.19313,39,13
2410.21252,36,17
2410.20280,12,9
2410.21169,64,17
2410.18603,19,7
2410.18565,3,0
2410.21276,40,18
2410.20474,7,1
2410.22325,13,8
2410.20305,1,1
2410.21242,18,7
2410.19482,19,5
2410.21465,27,9
2410.20088,2,2
2410.21333,7,3
2410.22330,44,18
2410.19609,50,21
2410.21647,12,6
2410.22304,6,2
2410.21411,25,12
2410.20424,96,37
2410.18057,14,2
2410.21845,32,21
2410.22391,11,8
2410.23277,35,18
2410.22587,3,1
2410.20779,1,0
2410.22884,19,6
2410.23168,16,10
2410.23287,10,3
2410.23331,4,0
2410.23090,30,10
2410.23123,56,19
2410.20050,29,13
2410.21969,20,7
2410.24211,47,24
2410.22394,43,23
2410.21666,10,4
2410.23825,7,4
2410.24218,10,5
2410.24213,11,6
2410.24032,53,21
2410.23933,78,26
2410.24175,36,16
2410.20650,1,0
2410.23918,42,13
2410.24198,20,8
2410.22476,5,1
2410.23743,47,14
2410.22366,6,3
2411.00412,10,7
2411.00030,0,0
2410.21157,96,38
2411.00233,0,0
2411.00369,45,11
2410.22901,7,3
2411.00680,4,1
2411.00762,9,1
2411.00771,77,24
2410.23775,78,27
2411.00225,4,2
2410.23218,113,57
2411.00918,3,1
2410.24159,1,0
2411.00660,8,2
2411.00836,11,2
2411.00776,14,8
2410.23266,33,6
2411.00322,8,1
2411.00027,45,11
2410.22370,41,7
2411.02335,57,25
2411.02327,81,48
2411.01798,9,7
2411.01106,41,9
2411.02394,7,4
2411.00492,10,1
2411.00359,4,3
2411.01192,6,5
2411.00743,7,4
2411.02319,39,19
2411.00785,26,11
2411.00860,9,2
2411.02355,14,4
2410.24024,40,19
2411.01747,47,15
2411.02337,40,19
2411.02397,9,4
2411.02395,34,17
2411.02265,43,24
2411.02336,118,49
2411.02385,33,15
2411.02844,0,0
2411.02657,0,0
2411.03312,4,2
2411.03047,10,3
2411.01602,40,21
2411.02393,18,13
2411.02359,33,16
2410.23054,2,2
2411.02959,30,7
2411.01493,28,8
2411.00871,8,2
2411.04709,32,9
2411.03590,15,7
2411.04109,54,18
2411.03884,17,4
2411.03562,32,9
2411.05003,57,21
2411.03823,35,13
2411.05005,10,4
2411.04989,11,5
2411.04335,1,1
2411.04075,33,7
2411.04752,0,0
2411.04999,7,5
2411.05000,15,9
2411.04496,4,2
2411.05001,44,19
2411.05007,39,14
2411.04952,54,15
2411.04996,42,24
2411.04928,23,11
2411.04965,69,42
2411.04905,96,39
2411.04923,25,8
2411.05738,14,6
2411.06272,17,7
2411.05457,2,2
2411.04097,4,2
2411.04986,12,9
2411.04954,13,7
2411.05288,21,9
2411.04425,3,0
2411.02462,0,0
2411.04282,68,26
2411.04997,22,10
2411.05966,0,0
2411.06424,6,1
2411.06481,28,6
2411.07180,4,3
2411.05990,8,4
2411.05902,60,36
2411.05830,11,6
2411.05945,19,2
2411.07231,4,3
2411.07126,21,7
2411.07140,60,20
2411.06176,33,13
2411.07199,96,40
2411.07232,11,6
2411.06208,91,30
2411.05197,19,7
2411.06307,0,0
2411.08034,24,13
2411.08017,3,3
2411.07184,52,18
2411.07975,21,8
2411.07133,22,16
2411.07461,68,27
2411.08147,26,13
2411.08380,16,9
2411.07618,32,11
2411.08868,8,3
2411.08790,6,2
2411.08307,0,0
2411.08328,47,6
2411.08768,53,22
2411.06490,2,1
2411.06469,10,6
2411.08954,1,1
2411.09595,35,16
2411.09703,33,13
2411.09009,6,3
2411.10440,47,11
2411.08033,27,14
2411.10083,4,3
2411.06558,63,18
2411.10323,57,22
2411.10332,7,2
2411.10438,17,9
2411.09661,38,19
2411.10510,18,7
2411.11171,1,0
2411.10669,3,1
2411.09213,41,9
2411.10168,6,3
2411.11024,2,0
2411.11045,20,3
2411.09944,41,9
2411.10499,16,7
2411.11767,13,6
2411.07641,0,0
2411.10836,21,13
2411.11504,35,14
2411.10640,77,36
2411.11844,24,6
2411.10161,18,6
2411.12734,1,0
2411.12275,1,0
2411.12044,0,0
2411.10818,8,2
2411.11909,91,31
2411.12240,0,0
2411.12372,28,20
2411.11925,15,7
2411.10867,41,14
2411.12811,4,3
2411.10913,4,0
2411.12925,4,2
2411.06559,43,25
2411.13025,11,1
2411.11922,11,2
2411.13281,17,9
2411.14251,32,12
2411.13503,118,58
2411.10958,35,16
2411.13476,32,14
2411.13082,5,1
2411.14343,1,0
2411.14384,43,26
2411.13807,83,30
2411.14257,10,4
2411.14430,22,15
2411.14347,68,26
2411.14432,118,51
2411.14199,42,25
2411.14402,23,12
2411.13676,45,17
2411.14405,33,6
2411.10442,113,59
2411.12364,17,6
2411.14793,5,1
2411.14762,21,12
2411.15033,0,0
2411.13127,9,5
2411.14486,11,2
2411.15131,25,16
2411.14208,7,3
2411.15115,54,16
2411.14794,23,10
2411.15466,5,2
2411.14982,118,52
2411.12946,2,0
2411.14521,1,0
2411.15138,118,52
2411.15098,46,19
2411.15124,31,21
2411.13543,7,6
2411.15611,2,1
2411.16341,11,3
2411.16665,0,0
2411.16443,5,3
2411.16508,41,15
2411.17223,16,7
2411.15671,6,3
2411.16035,32,22
2411.13550,4,1
2411.14740,23,11
2411.15862,5,2
2411.16034,15,3
2411.12814,18,8
2411.14525,16,4
2411.16657,54,17
2411.16681,57,23
2411.16205,69,43
2411.16318,39,17
2411.15221,37,11
2411.14522,113,60
2411.16594,7,5
2411.16489,33,12
2411.17116,8,2
2411.16085,30,10
2411.17451,29,17
2411.17467,7,3
2411.16173,13,6
2411.15411,27,7
2411.16801,9,3
2411.15241,8,3
2411.14721,51,13
2411.16754,41,16
2411.17383,27,17
2411.16856,12,6
2411.17673,18,14
2411.17686,15,2
2411.17188,39,18
2411.15296,118,54
2411.17945,1,0
2411.16819,5,2
2411.17440,28,12
2411.17949,57,24
2411.17465,57,24
2411.17691,50,22
2411.17769,27,15
2411.18462,54,20
2411.15872,4,1
2411.17698,5,4
2411.18104,31,5
2411.16832,17,5
2411.14951,21,9
2411.18412,2,0
2411.18363,49,24
2411.17991,29,11
2411.17787,46,20
2411.18613,15,12
2411.18279,53,23
2411.18616,39,24
2411.15139,23,9
2411.17786,3,2
2411.14974,27,13
2411.18197,7,2
2411.16781,5,2
2411.17863,1,0
2411.17041,10,4
2411.17190,9,1
2411.15640,5,5
2411.18350,1,0
2411.18203,51,18
2411.17176,7,2
2411.19842,5,4
2411.18092,5,1
2411.18665,5,2
2411.19638,1,0
2411.19870,3,2
2411.19950,18,7
2411.18673,47,25
2411.18915,0,0
2411.19460,13,7
2411.19324,24,9
2411.19527,12,4
2411.19108,17,10
2411.19146,5,2
2411.19865,54,18
2411.18664,16,6
2412.01253,57,26
2411.19930,32,16
2411.18478,4,0
2411.19189,10,5
2411.19309,18,8
2411.18552,6,5
2411.19939,47,10
2412.00176,18,15
2412.00947,14,4
2412.01800,96,41
2411.19477,78,28
2412.01250,9,1
2412.01408,0,0
2412.01821,16,8
2412.00869,41,17
2412.01718,39,13
2412.00319,41,17
2412.01316,51,18
2411.19415,30,11
2411.17459,28,13
2411.18933,15,13
2412.01822,19,8
2412.01199,46,21
2412.01824,108,49
2412.01064,1,0
2412.00154,13,6
2412.00131,41,14
2412.00927,68,33
2412.01819,8,4
2412.00174,118,55
2411.18671,49,25
2411.18499,113,61
2411.19799,17,9
2412.00100,6,4
2412.00568,3,0
2412.02114,10,3
2412.01558,9,1
2411.19542,2,1
2412.00239,2,0
2411.19067,5,2
2412.02632,31,12
2412.01292,25,14
2412.02700,13,13
2412.02611,35,14
2412.02592,64,18
2412.03248,8,3
2412.01981,57,27
2412.01928,6,3
2412.02259,33,14
2411.19943,26,14
2411.19655,5,2
2412.02030,10,3
2412.00493,8,4
2412.02980,9,3
2412.03439,5,3
2412.03565,77,25
2412.03085,27,13
2412.00177,5,3
2412.03205,1,1
2412.03187,14,7
2412.03517,81,49
2412.02186,22,1
2412.03558,52,19
2411.19103,3,0
2412.01106,2,2
2412.03515,36,13
2412.03552,118,56
2412.03069,12,5
2412.02687,6,2
2412.03555,14,9
2412.01820,17,10
2412.04448,31,12
2412.04378,2,2
2412.04003,33,7
2412.04462,47,26
2412.04062,44,18
2412.04106,17,10
2412.04449,32,12
2412.03704,0,0
2412.01169,14,3
2412.04363,9,5
2412.04262,1,0
2412.04403,31,22
2411.19574,17,8
2412.02142,45,14
2412.04139,7,1
2412.04280,36,14
2412.04467,19,6
2412.01506,21,12
2412.04454,68,28
2412.04468,45,19
2412.03679,32,16
2412.04455,16,7
2412.04424,47,29
2412.03632,16,8
2412.04146,18,3
2412.01339,67,28
2412.03304,17,10
2412.04315,57,28
2412.04431,12,6
2412.03895,12,6
2412.04887,12,7
2412.04905,91,32
2412.03428,6,1
2412.05718,2,2
2412.04827,0,0
2412.05263,47,27
2412.04626,17,5
2412.05243,19,7
2412.05237,68,34
2412.04445,81,50
2412.05270,33,19
2412.04301,6,3
2412.04814,47,9
2412.04862,7,2
2412.05271,113,62
2412.04440,52,20
2412.04470,43,27
2412.03123,77,26
2412.04144,22,6
2412.05600,0,0
2412.06782,15,3
2412.06767,2,2
2412.06699,18,11
2412.05355,10,1
2412.04432,81,51
2412.06464,45,19
2412.06781,3,0
2412.07112,13,6
2412.06531,4,0
2412.06559,78,29
2412.06769,38,20
2412.05939,6,1
2412.03548,39,21
2412.06674,33,9
2412.05148,3,2
2412.06673,19,7
2412.06845,38,7
2412.06089,3,0
2412.05983,64,20
2412.07282,4,2
2412.07187,17,5
2412.07338,2,0
2412.07334,0,0
2412.07721,27,16
2412.04835,24,14
2412.07776,47,28
2412.07759,108,52
2412.07730,35,13
2412.07589,33,9
2412.05210,63,26
2412.07720,57,29
2412.07774,41,15
2412.06578,4,4
2412.04653,7,3
2412.07724,4,2
2412.07674,118,57
2412.07583,3,2
2412.07626,64,20
2412.07147,56,23
2412.08467,113,63
2412.08503,37,12
2412.06676,2,2
2412.09551,16,8
2412.06071,22,4
2412.07825,24,8
2412.08629,8,5
2412.07797,0,0
2412.06234,9,2
2412.06016,10,5
2412.07744,69,33
2412.05467,32,18
2412.08486,19,6
2412.08443,45,12
2412.08580,36,15
2412.07760,69,33
2412.08646,77,37
2412.08972,18,12
2412.06329,16,10
2412.09025,0,0
2412.09460,8,2
2412.09622,16,11
2412.06745,13,6
2412.09349,9,3
2412.09586,6,3
2412.05552,54,20
2412.09585,45,30
2412.09573,81,52
2412.09013,27,17
2412.09370,5,3
2412.08687,44,20
2412.08905,24,13
2412.08737,9,4
2412.08635,69,44
2412.09501,19,8
2412.09619,47,29
2412.09596,113,64
2412.09618,77,38
2412.09569,5,2
2412.05994,9,3
2412.09593,118,58
2412.09605,68,29
2412.09405,1,0
2412.09856,13,10
2412.09910,3,2
2412.10345,45,31
2412.08347,0,0
2412.09722,68,30
2412.09428,14,5
2412.07517,4,3
2412.09611,10,3
2412.10319,45,31
2412.09283,63,20
2412.10208,5,1
2412.09626,118,59
2412.07769,25,10
2412.10047,53,24
2412.09604,77,39
2412.09624,25,10
2412.10360,15,8
2412.08645,9,8
2412.11974,23,12
2412.11834,1,0
2412.11100,29,11
2412.09982,7,2
2412.11457,35,20
2412.10447,17,8
2412.11689,2,0
2412.11863,64,23
2412.11449,2,0
2412.11423,2,2
2412.11314,0,0
2412.09858,32,23
2412.12098,21,13
2412.12004,0,0
2412.11586,63,21
2412.12083,108,55
2412.12094,21,17
2412.09871,42,27
2412.10316,81,53
2412.09645,118,65
2412.11231,26,11
2412.11919,30,8
2412.12095,14,8
2412.11605,40,22
2412.12091,47,30
2412.11279,77,40
2412.11258,17,4
2412.11815,81,53
2412.13389,8,3
2412.12527,0,0
2412.12877,7,3
2412.10533,21,12
2412.11713,24,14
2412.13194,32,24
2412.10704,41,12
2412.12276,7,3
2412.13171,17,10
2412.12606,26,12
2412.13018,30,9
2412.13147,83,33
2412.13180,15,6
2412.14123,1,1
2412.13670,18,13
2412.14042,3,1
2412.12571,78,30
2412.13061,26,12
2412.11634,3,1
2412.14093,13,11
2412.14172,39,15
2412.12953,7,4
2412.14015,33,17
2412.13746,13,4
2412.14168,41,16
2412.14169,18,12
2412.13303,9,7
2412.14173,27,14
2412.14161,32,19
2412.13663,9,3
2412.13501,47,17
2412.14171,27,13
2412.13795,14,3
2412.13871,57,30
2412.11768,1,0
2412.15200,81,55
2412.13185,29,12
2412.13377,6,4
2412.14283,3,1
2412.15191,47,31
2412.15216,16,12
2412.14233,7,4
2412.15084,38,17
2412.14642,23,8
2412.15214,33,15
2412.15213,24,10
2412.15204,40,23
2412.14689,36,7
2412.14475,21,7
2412.14835,30,13
2412.15115,91,33
2412.14462,9,4
2412.15035,56,24
2412.15450,0,0
2412.14963,35,15
2412.15487,41,14
2412.11525,9,4
2412.14294,11,9
2412.14590,2,2
2412.15322,12,5
2412.13649,24,5
2412.16112,46,22
2412.16145,11,3
2412.15119,52,22
2412.15484,12,5
2412.17498,45,13
2412.16849,13,7
2412.17295,29,12
2412.14470,24,15
2412.17589,33,13
2412.17767,15,3
2412.16686,13,4
2412.16429,6,5
2412.15118,18,9
2412.16926,8,1
2412.17747,6,4
2412.16720,83,34
2412.17153,45,17
2412.17451,45,11
2412.17256,20,2
2412.14922,13,7
2412.17805,33,16
2412.16153,11,6
2412.15443,41,19
2412.17847,68,31
2412.14711,35,17
2412.17758,4,1
2412.18153,60,37
2412.18608,24,14
2412.18597,81,56
2412.18450,0,0
2412.17739,36,7
2412.15797,31,16
2412.17726,26,13
2412.17780,3,0
2412.17998,7,4
2412.18495,9,2
2412.18319,18,4
2412.18547,9,1
2412.18609,1,1
2412.17743,28,7
2412.17483,50,23
2412.18072,3,2
2412.18176,68,28
2412.19326,113,66
2412.17606,3,0
2412.18702,0,0
2412.19512,12,1
2412.17762,4,1
2412.19645,81,57
2412.18619,96,42
2412.18605,33,14
2412.18653,14,9
2412.18925,35,15
2412.19712,26,14
2412.21140,1,0
2412.20005,41,12
2412.21206,4,2
2412.21199,33,8
2412.20631,25,9
2412.21079,33,18
2412.21037,38,18
2412.21139,36,20
2412.20993,68,29
2412.21187,54,24
2412.20422,11,7
2412.20070,35,16
2412.18525,6,3
2412.20735,45,11
2412.20750,13,9
2412.20800,35,12
2412.19723,113,67
2412.19638,4,4
2501.01426,14,9
2501.01245,3,1
2501.00712,33,20
2501.00910,45,12
2501.00658,33,20
2412.21015,9,2
2501.01407,47,32
2501.01054,40,25
2501.01149,77,41
2501.01320,28,18
2501.01264,60,22
2501.00192,13,8
2501.01423,23,10
2501.00599,40,14
2501.00103,1,1
2501.01257,63,24
2501.01427,41,17
2501.00958,40,14
2501.00316,9,2
2501.01540,9,7
2501.00874,41,15
2501.01073,1,1
2412.21059,40,26
2501.01821,91,34
2501.01957,22,11
2501.01895,77,42
2501.01904,28,9
2501.02576,68,30
2501.03220,17,9
2501.03225,17,11
2501.00912,44,21
2501.01790,6,4
2501.02832,3,1
2501.02506,53,25
2501.03124,45,8
2501.02690,77,43
2501.02497,33,11
2501.03059,21,11
2501.02045,9,4
2501.03006,11,5
2501.02423,45,8
2501.02157,45,18
2501.03218,108,56
2501.03226,108,56
2501.02976,63,28
2501.01830,16,6
2501.02376,32,10
2501.02260,2,1
2501.02393,2,0
2501.03714,7,4
2501.03931,19,8
2501.03916,113,68
2501.04561,91,35
2501.02790,23,12
2501.03936,16,7
2501.02955,40,27
2501.04001,33,19
2501.03895,6,2
2501.03575,33,17
2501.03262,9,1
2501.03847,118,61
2501.03271,41,20
2501.04652,2,1
2501.04689,28,20
2501.04694,31,18
2501.04144,15,7
2501.02772,69,45
2501.04686,26,16
2501.04306,14,8
2501.04227,22,10
2501.04682,25,21
2501.05366,30,14
2501.04519,52,24
2501.04575,12,5
2501.04828,0,0
2501.03489,3,2
2501.04377,15,6
2501.05040,83,35
2501.05453,24,16
2501.04003,118,62
2501.05032,0,0
2501.05441,9,6
2501.05122,4,2
2501.04961,68,32
2501.06250,19,2
2501.05542,11,3
2501.06187,47,33
2501.04698,69,35
2501.05707,27,16
2501.05452,35,21
2501.05510,69,29
2501.03841,7,1
2501.06186,25,11
2501.05727,91,36
2501.05874,22,2
2501.05767,57,31
2501.07572,91,37
2501.06590,45,14
2501.06708,7,1
2501.07574,24,15
2501.06842,33,22
2501.06173,24,11
2501.06425,31,13
2501.06282,33,13
2501.06252,5,4
2501.07171,15,8
2501.07301,78,32
2501.06458,33,14
2501.08292,67,29
2501.08120,2,1
2501.08167,41,21
2501.07556,16,11
2501.08284,4,3
2501.08197,38,11
2501.08319,16,11
2501.07888,21,8
2501.07730,14,10
2501.08187,41,13
2501.08225,14,8
2501.08328,4,2
2501.06751,11,8
2501.08326,19,6
2501.08316,18,8
2501.05131,32,11
2501.08332,60,38
2501.08313,20,14
2412.19412,10,4
2501.04693,32,25
2501.08970,19,8
2501.07783,113,69
2501.08809,4,2
2501.09019,27,10
2501.08994,118,69
2501.08983,118,63
2501.08828,17,9
2501.08365,15,10
2501.09012,1,1
2501.09484,12,6
2501.08617,7,4
2501.09653,3,1
2501.09503,14,7
2501.09433,1,1
2501.09756,6,3
2501.09751,91,38
2501.09038,7,5
2501.09755,13,11
2501.09686,23,3
2501.09732,27,10
2501.09747,32,26
2501.09978,53,27
2501.09891,14,13
2501.10120,21,9
2501.09775,3,0
2501.10020,14,8
2501.10132,40,28
2501.10021,28,19
2501.09825,4,4
2501.10045,9,4
2501.09284,12,5
2501.08325,69,36
2501.09781,33,20
2501.11900,77,27
2501.12206,1,1
2501.10573,0,0
2501.10057,7,6
2501.12273,83,36
2501.10687,14,9
2501.12390,15,13
2501.08331,5,3
2501.12375,33,21
2501.12389,25,11
2501.11733,91,39
2501.11223,6,1
2501.12368,108,58
2501.12224,8,6
2501.12202,68,31
2501.12326,27,11
2501.11873,78,33
2501.12380,33,11
2501.11425,18,7
2501.10893,22,11
2501.11067,1,1
2501.13928,25,7
2501.13007,36,18
2501.12570,55,22
2501.13074,15,5
2501.12599,68,32
2501.12909,33,12
2501.13106,40,16
2501.12948,39,15
2501.12895,45,18
2501.13452,1,0
2501.13554,63,26
2501.10283,1,0
2501.13824,1,0
2501.13075,3,1
2501.10979,1,1
2501.11858,43,27
2501.10799,38,22
2501.13124,91,40
2501.13920,77,44
2501.13919,16,9
2501.13826,118,65
2501.13926,77,44
2501.13629,31,19
2501.13918,69,37
2501.13200,9,5
2501.10018,14,10
2403.14614,25,12
2406.18516,27,19
2501.11325,13,6
2411.19458,39,15
2501.13925,25,12
2501.13687,0,0
2501.14726,14,11
2501.14492,91,41
2501.14176,3,0
2501.13953,83,38
2501.14342,69,46
2501.14249,69,31
2501.14912,1,1
2501.16273,15,0
2501.15427,50,25
2501.15420,35,18
2403.09193,6,3
2501.16295,42,28
2501.14723,10,8
2501.15570,1,0
2501.15369,1,0
2501.15907,83,39
2501.16142,27,18
2501.15368,52,29
2501.15383,91,42
2501.12370,13,8
2501.14417,17,3
2501.17117,0,0
2501.15747,41,22
2501.16937,4,3
2501.16372,1,0
2501.16764,8,5
2501.16975,17,7
2501.17116,31,20
2501.17161,32,27
2501.16496,16,12
2501.17749,1,0
2501.17433,2,1
2501.15654,5,2
2501.17703,68,35
2501.14334,0,0
2501.15891,39,17
2501.17195,3,2
2501.16411,39,16
2501.16609,32,22
2501.18009,0,0
2501.18362,36,9
2501.18511,7,5
2501.18427,39,16
2501.18512,10,6
2501.18585,54,26
2501.18492,15,4
2501.18438,1,1
2501.18052,3,0
2502.00299,56,27
2404.07097,2,2
2501.18128,0,0
2501.18841,7,7
2501.18804,5,3
2501.18965,2,0
2501.18753,9,2
2501.18837,22,14
2501.19339,68,36
2501.18119,10,3
2501.19399,0,0
2501.14677,27,20
2501.19324,68,33
2501.19393,42,29
2411.04983,15,9
2501.18055,0,0
2502.01591,2,2
2502.01584,4,4
2502.00987,2,2
2502.01441,5,2
2502.01619,54,21
2502.01636,4,3
2502.01126,28,22
2502.00314,3,3
2502.01081,23,14
2502.02095,45,14
2502.01068,4,1
2502.01208,32,13
2502.01100,67,30
2502.00094,25,14
2502.01061,8,4
2502.01237,8,3
2502.01534,38,10
2502.01341,14,6
2502.01456,57,32
2502.01639,15,9
2502.01142,45,14
2502.01637,3,2
2502.00698,7,3
2502.01572,57,26
2501.18636,13,5
2502.01839,1,0
2502.00840,7,3
2501.19389,2,1
2502.01720,11,7
2501.19054,26,15
2502.02589,14,11
2501.19066,4,0
2502.02508,25,15
2502.01941,56,28
2502.02584,25,12
2502.01362,9,5
2502.01718,68,37
2502.02492,10,7
2502.00674,7,3
2502.02928,1,1
2502.00226,0,0
2502.00306,4,1
2502.02421,4,2
2502.01618,3,2
2502.03275,27,19
2502.01154,3,1
2502.01105,57,27
2502.02339,4,1
2502.01506,35,19
2502.02671,14,11
2502.03373,32,23
2502.03387,33,15
2502.02737,11,6
2502.04295,22,12
2502.04270,5,2
2502.03639,47,34
2502.00988,41,17
2502.04296,11,8
2502.02358,3,0
2501.19085,1,0
2502.04322,4,1
2502.00989,41,17
2502.04306,36,16
2502.04299,13,9
2502.00473,1,0
2502.04153,45,12
2502.03860,68,34
2502.04128,24,20
2502.04328,118,66
2502.03621,5,5
2502.04313,25,11
2502.04320,10,4
2502.03544,11,9
2502.03032,8,4
2502.04235,10,0
2502.04350,18,6
2502.05178,45,21
2502.04520,15,4
2502.04689,5,3
2502.05092,12,6
2502.02692,2,0
2502.03512,41,23
2501.12387,17,14
2502.04376,53,28
2502.02909,2,0
2502.03738,25,12
2502.04327,32,28
2502.04363,0,0
2502.03771,31,18
2502.04959,4,1
2502.04896,60,39
2502.05173,108,59
2502.04416,12,1
2502.04507,68,33
2502.05003,14,5
2502.05171,25,17
2502.04404,2,1
2502.05179,60,39
2502.04403,11,10
2502.05163,56,29
2502.04728,96,43
2502.05176,20,8
2502.03628,33,11
2502.06527,25,14
2502.06155,68,34
2502.06776,12,10
2502.06023,9,5
2502.05431,14,10
2502.06282,77,28
2502.04370,32,12
2411.18676,8,5
2502.06867,11,5
2502.06764,27,14
2502.06635,29,9
2502.06788,18,13
2502.06782,118,71
2502.05957,19,3
2502.06703,51,21
2502.06394,10,2
2502.06781,108,60
2502.06060,22,19
2502.06786,6,4
2502.05795,14,5
2502.05664,9,4
2502.06772,36,17
2502.05415,16,4
2502.05609,5,2
2502.06049,3,2
2502.07490,14,8
2502.07785,14,12
2502.06884,2,2
2502.07640,17,8
2502.06428,55,23
2502.04465,2,0
2502.04223,14,7
2502.06755,24,13
2502.07776,28,23
2502.05932,13,3
2502.03997,26,16
2502.05364,4,2
2502.07445,3,0
2502.07508,44,23
2502.07527,39,18
2502.06589,31,10
2502.03492,22,13
2502.06857,25,18
2502.07617,14,10
2502.07701,28,15
2502.05878,19,12
2502.07374,31,19
2502.07316,20,6
2502.06807,4,4
2502.06329,4,3
2502.07531,15,9
2502.05167,41,19
2502.00963,7,5
2502.07599,6,4
2502.08168,3,1
2502.05282,11,5
2502.06872,45,19
2502.08213,0,0
2502.04411,56,30
2502.07985,2,0
2502.07737,69,47
2502.06533,0,0
2502.07563,45,13
2502.08047,57,28
2502.08524,38,23
2502.08590,69,33
2502.08639,69,38
2502.07870,39,21
2502.08606,5,4
2502.07346,64,26
2502.08127,25,13
2502.07864,2,0
2502.06145,17,11
2502.09390,3,3
2502.09613,5,3
2502.08468,69,48
2502.09601,46,23
2502.09100,26,7
2502.09614,7,3
2502.05979,12,7
2502.05761,7,3
2502.08680,1,0
2502.09620,11,3
2502.09042,5,0
2502.09056,5,0
2502.09082,69,39
2502.09560,36,10
2502.09619,4,3
2502.09604,18,8
2502.06608,51,22
2502.08690,6,2
2502.08910,22,3
2502.08946,45,16
2502.09621,77,47
2502.10140,0,0
2502.08130,5,3
2502.10177,6,1
2502.09980,19,4
2502.10173,2,2
2502.08769,4,2
2502.07856,4,3
2502.10362,43,29
2502.10235,5,3
2502.09638,5,3
2502.07586,6,4
2502.10392,45,17
2502.09741,47,18
2502.09935,3,1
2502.09992,28,9
2502.10248,54,23
2502.10389,22,13
2502.09696,15,10
2502.08235,32,24
2502.09411,8,8
2502.09955,1,1
2502.07780,14,6
2502.10391,52,27
2502.12135,52,28
2502.10454,12,3
2502.11438,2,0
2502.10550,4,1
2502.12054,57,29
2502.11275,15,5
2502.11157,13,3
2502.11901,2,1
2502.08441,1,0
2502.11748,3,0
2502.11574,1,0
2502.09083,9,3
2502.11085,27,10
2502.11336,8,4
2502.09969,6,1
2502.11578,1,0
2502.12154,14,8
2502.08820,6,2
2502.09509,4,0
2502.12982,60,23
2502.11167,5,4
2502.11089,21,12
2502.11775,55,24
2502.12152,6,3
2502.10458,47,35
2502.11190,41,15
2502.11196,41,18
2502.09061,5,0
2502.11831,15,10
2502.12115,5,4
2502.12148,39,18
2502.08826,4,0
2502.12146,36,18
2502.11330,3,1
2502.11098,1,1
2502.11357,24,14
2502.11177,8,4
2502.08745,27,8
2502.12574,14,11
2502.08869,17,6
2502.12170,0,0
2502.09838,19,7
2502.12929,0,0
2502.12996,6,5
2502.12659,24,10
2502.10708,14,6
2502.13142,44,22
2502.12501,9,6
2502.12130,25,16
2502.12669,11,7
2502.10852,9,4
2502.10990,32,13
2502.13092,60,41
2502.12524,5,2
2502.12215,42,16
2502.12859,4,1
2502.12900,35,20
2502.13063,9,6
2502.13130,45,33
2502.11079,20,9
2502.13145,23,11
2502.13131,14,4
2502.11564,22,4
2502.11433,14,5
2502.13143,15,5
2502.12464,22,4
2502.11271,26,8
2502.12018,11,1
2502.12513,15,8
2502.09245,8,5
2502.13270,13,11
2502.13943,26,17
2502.13138,0,0
2502.13917,33,11
2502.13791,15,9
2502.13908,1,1
2502.13369,3,1
2502.14127,2,1
2502.13622,4,0
2502.12752,18,7
2502.13766,4,2
2502.13573,24,11
2502.11573,23,6
2502.13581,20,13
2502.12638,57,33
2502.12852,3,2
2502.11995,9,4
2502.13595,37,26
2502.14296,68,35
2502.13128,108,61
2502.12143,30,20
2502.13144,23,12
2502.13685,45,14
2502.13923,51,23
2502.13962,17,11
2502.13347,57,33
2502.13533,23,13
2502.13233,26,14
2502.13946,13,4
2502.13965,31,21
2502.13922,40,17
2502.13173,10,6
2502.14802,24,16
2502.14377,15,3
2502.14854,5,3
2502.14638,7,3
2502.14044,26,16
2502.14191,42,30
2502.11262,1,0
2502.14842,9,2
2502.14409,22,6
2502.13759,28,2
2502.12769,4,2
2502.14866,39,17
2502.14541,3,2
2502.13928,5,3
2502.14669,5,1
2502.14846,39,23
2502.14844,47,36
2502.14499,18,14
2502.14786,14,11
2502.14502,10,2
2502.14382,31,22
2502.14768,11,4
2502.14739,96,44
2502.14282,91,43
2502.12853,17,9
2502.14258,7,2
2502.14834,57,35
2502.14678,17,8
2502.14372,0,0
2403.12959,118,68
2502.15681,7,6
2502.15027,57,30
2502.14767,16,6
2502.14892,12,6
2502.15657,10,7
2502.15168,9,6
2502.14975,11,6
2502.13991,10,6
2502.15069,0,0
2502.15011,9,6
2502.14122,17,8
2502.13407,1,0
2502.13995,6,2
2502.13502,0,0
2502.14637,0,0
2502.15082,54,23
2502.15631,1,1
2502.14776,11,5
2502.14949,25,15
2502.13449,22,6
2502.14397,57,30
2502.11663,23,10
2502.12084,12,4
2502.14922,16,3
2502.15007,16,5
2502.13189,8,3
2502.15086,8,5
2502.14494,39,19
2502.16457,1,0
2502.15422,2,1
2502.14302,33,24
2502.14905,0,0
2502.15589,41,17
2502.15425,5,4
2502.16922,30,8
2502.15823,18,15
2502.15799,9,4
2502.14247,5,5
2502.14132,9,6
2502.15872,54,24
2502.15920,22,11
2502.15122,0,0
2502.14429,3,0
2502.16622,3,2
2502.15167,6,2
2502.13074,0,0
2502.15987,8,5
2502.15919,23,11
2502.16707,35,29
2502.17237,1,0
2502.17110,91,44
2502.16810,14,6
2502.17258,32,14
2502.17129,42,17
2502.17157,35,10
2502.16584,96,45
2502.16894,45,15
2502.17435,20,9
2502.15814,21,12
2502.17407,6,4
2502.17055,33,25
2502.15894,35,19
2502.17414,22,12
2502.16033,28,11
2502.16701,8,4
2502.16614,96,45
2502.17910,2,1
2502.16825,33,18
2502.14855,30,17
2502.18302,17,5
2502.17092,3,2
2502.17814,12,9
2502.15612,0,0
2502.18316,2,2
2502.17422,2,1
2502.16794,3,1
2502.17535,56,32
2502.17425,46,24
2502.15499,63,29
2502.18461,23,5
2502.16069,6,1
2502.17262,10,2
2502.18364,34,22
2502.17363,12,8
2502.18137,35,20
2502.18411,83,41
2502.18449,16,12
2502.18356,3,3
2502.19187,27,10
2502.19312,25,23
2502.20311,1,1
2502.19261,4,2
2502.15885,28,12
2502.16284,31,11
2502.18779,30,18
2502.17540,12,7
2502.19204,37,13
2502.16776,47,17
2502.19279,83,42
2502.19870,15,9
2502.19414,25,13
2502.18417,16,6
2502.18864,22,11
2502.19400,68,38
2502.18772,25,14
2502.17955,12,6
2502.18934,1,1
2502.19361,96,47
2502.18906,53,29
2502.19328,36,20
2502.19413,17,12
2502.18418,17,12
2502.19459,35,24
2502.20378,46,25
2502.18197,12,6
2502.20127,3,2
2502.16111,27,11
2502.19735,14,7
2502.16750,1,0
2502.16944,53,30
2502.17355,7,6
2502.20388,24,13
2502.16645,22,11
2502.20126,4,3
2502.19613,22,8
2502.20307,30,20
2502.20395,47,20
2502.19587,4,1
2502.19634,23,7
2502.20321,23,12
2502.20172,51,24
2502.20238,68,35
2502.20082,52,29
2502.20969,11,6
2502.21291,55,25
2502.20490,23,12
2502.19731,4,2
2502.20900,10,4
2502.20811,51,23
2502.19577,0,0
2502.20583,5,3
2502.17941,3,2
2502.20396,24,17
2502.18017,37,7
2502.20545,14,8
2502.21318,0,0
2502.20380,9,5
2502.20730,91,45
2502.18600,3,3
2503.00808,32,17
2502.17125,0,0
2503.01506,63,30
2503.01295,32,18
2503.00455,3,3
2503.01714,10,3
2503.01103,35,21
2503.00729,23,6
2502.19402,7,6
2503.02379,12,7
2502.16779,35,15
2502.20383,18,13
2503.01820,54,25
2503.01063,11,7
2503.00501,8,3
2503.01739,32,15
2503.00784,42,19
2503.00714,2,1
2503.01743,77,29
2503.01785,108,62
2503.01774,57,32
2502.18890,35,20
2503.01183,18,3
2503.01307,9,8
2503.01688,0,0
2503.01496,45,16
2503.01370,17,5
2503.00031,10,5
2503.01807,20,11
2502.18965,16,1
2503.02783,26,19
2503.02197,47,21
2503.01342,25,8
2502.14856,57,36
2503.02357,38,14
2503.02812,14,8
2503.02876,2,1
2503.02304,23,8
2503.02152,7,2
2503.02823,0,0
2503.01842,19,9
2503.00876,15,9
2503.02878,3,2
2503.01328,21,11
2503.02537,63,24
2503.01935,36,12
2503.00955,3,2
2503.00735,1,0
2503.02879,15,4
2503.02846,108,63
2503.02682,13,8
2503.03651,57,33
2503.02268,37,14
2503.02368,13,4
2503.00200,22,20
2503.00069,17,9
2502.18860,41,21
2503.00502,13,0
2503.01372,3,1
2503.02924,3,0
2503.01449,8,5
2503.01763,8,3
2503.02954,3,1
2503.01378,0,0
2503.01729,1,0
2503.03044,5,3
2503.00307,5,4
2503.00865,33,20
2503.01933,3,3
2503.03278,10,2
2503.01836,15,6
2503.00329,68,39
2503.03751,28,19
2503.02951,77,30
2503.03746,31,21
2503.02003,7,3
2502.20317,45,21
2503.01917,22,7
2503.04378,12,5
2503.04606,24,21
2503.02495,0,0
2503.04094,5,3
2503.04369,26,9
2503.03962,3,1
2503.02191,2,0
2503.01901,35,22
2503.04222,14,10
2503.01375,14,4
2503.04725,25,8
2503.04598,63,31
2503.02972,6,4
2502.20258,5,1
2503.03983,38,19
2503.03803,118,69
2503.04724,25,16
2503.04130,45,22
2503.04625,51,25
2503.04644,30,8
2503.05315,41,24
2503.05652,39,25
2503.01840,31,12
2503.04548,28,10
2503.04504,0,0
2503.01713,12,4
2503.04359,29,17
2503.04872,19,14
2502.18968,6,3
2503.04824,26,20
2503.04808,30,24
2503.05447,45,17
2503.05638,81,58
2503.05592,28,10
2503.05639,81,58
2503.02130,9,5
2503.05379,14,12
2503.05179,22,7
2503.05085,35,21
2503.05132,47,22
2503.05500,11,6
2503.05236,69,37
2502.21263,10,3
2503.04957,17,10
2503.06885,17,12
2503.07265,28,16
2503.07595,0,0
2503.07603,17,13
2503.07274,7,3
2503.06121,1,1
2503.06141,54,24
2503.06626,27,11
2503.06698,4,1
2503.03499,4,0
2503.05283,5,4
2503.07597,49,30
2503.06960,34,13
2503.06362,6,0
2503.05578,7,4
2502.20475,6,2
2503.02819,5,5
2503.07426,25,15
2503.07413,11,6
2503.05641,54,26
2503.05265,0,0
2503.03511,10,6
2503.06273,13,10
2503.07389,9,3
2503.05856,1,1
2503.07002,7,4
2503.07507,46,26
2503.02199,12,3
2503.03601,9,5
2503.07605,13,6
2503.07365,113,72
2503.07598,35,25
2503.07067,7,3
2503.07216,22,8
2503.06749,8,3
2503.07027,19,6
2503.04973,9,6
2503.07608,23,13
2503.07314,57,34
2503.06680,55,26
2503.06580,13,8
2503.04629,42,18
2503.07465,6,1
2503.04812,45,18
2503.07459,33,13
2503.07334,20,10
2503.07602,25,15
2503.07197,27,9
2503.05244,91,46
2503.06520,19,9
2503.10620,5,3
2503.08111,7,3
2503.06553,44,21
2503.06542,44,21
2503.11958,3,1
2503.05689,19,10
2503.11207,3,2
2503.09279,47,14
2503.10684,19,6
2503.09330,3,1
2503.06674,6,2
2503.11629,5,3
2503.10696,44,21
2503.11579,96,48
2503.10632,40,16
2503.10624,10,9
2503.11576,1,1
2503.11647,69,40
2503.07677,2,0
2503.11069,29,20
2503.11651,24,16
2503.11224,36,12
2503.10772,14,13
2503.10970,4,1
2503.11514,17,7
2503.10781,14,9
2503.11646,77,48
2503.12964,33,14
2503.13070,10,5
2503.11412,63,15
2503.10719,7,3
2503.13369,5,5
2503.13082,9,3
2503.12720,12,7
2503.12528,3,1
2503.06269,0,0
2503.12530,3,1
2503.10704,29,10
2503.11495,55,27
2503.08153,15,7
2503.13435,39,20
2503.11751,16,13
2503.06053,5,3
2503.12533,7,5
2503.12349,33,26
2503.12885,32,16
2503.12590,13,6
2503.12937,18,6
2503.13327,57,35
2503.13434,81,60
2503.13399,15,10
2503.13444,57,35
2503.12605,118,70
2503.08893,30,23
2503.09443,0,0
2503.13111,23,13
2503.12545,44,24
2503.12303,43,31
2503.13661,2,1
2503.08683,4,0
2503.10410,7,1
2503.10284,12,1
2503.14002,0,0
2503.12127,0,0
2503.10546,8,7
2503.12271,14,4
2503.10905,8,3
2503.14151,19,10
2503.14495,36,21
2503.14378,57,37
2503.14456,5,3
2503.14476,37,15
2503.12505,44,24
2503.14478,108,64
2503.12797,43,31
2503.10522,33,22
2503.13424,34,15
2503.14504,32,13
2503.14125,17,10
2503.14492,28,20
2503.14499,8,1
2503.13265,96,49
2503.12355,44,23
2503.12329,10,4
2503.12769,3,1
2503.14505,5,4
2503.14830,35,26
2503.14434,5,1
2503.15450,32,19
2503.12963,12,10
2503.15055,0,0
2503.13553,1,0
2503.13517,4,3
2503.13360,9,5
2503.15478,38,30
2503.13288,19,12
2503.15354,13,8
2503.14868,6,3
2503.15264,108,65
2503.11557,23,8
2503.14891,64,27
2503.15417,10,5
2503.11227,18,6
2503.15475,7,7
2503.15265,35,23
2503.15485,44,24
2503.12532,19,10
2503.13891,38,8
2503.16055,4,1
2503.16194,44,26
2503.16188,44,26
2503.15851,0,0
2503.15242,16,13
2503.16421,54,25
2503.16278,24,5
2503.13356,32,14
2503.15567,57,37
2503.14201,1,1
2503.14237,32,16
2503.13834,1,1
2503.12689,10,8
2503.09949,16,8
2503.07906,27,24
2503.16031,2,0
2503.15672,4,3
2503.11509,4,3
2503.16091,0,0
2503.16322,46,27
2503.15855,5,4
2503.16429,33,16
2503.16375,1,1
2503.16356,41,18
2503.16416,33,13
2503.13358,9,6
2503.16419,7,2
2503.15299,10,6
2503.16219,3,0
2503.15558,21,12
2503.16302,35,16
2503.16397,8,6
2503.16365,19,7
2503.16418,3,2
2503.10625,14,13
2503.13657,31,23
2503.16257,33,12
2503.16252,13,3
2503.16428,39,19
2503.16422,46,27
2503.16425,24,12
2503.16057,17,11
2503.16413,25,18
2503.16212,64,29
2503.16420,24,17
2503.14487,69,41
2503.15451,16,12
2503.16867,35,13
2503.17095,2,1
2503.16282,7,5
2503.16423,9,6
2503.16921,19,12
2503.17069,38,10
2503.11572,0,0
2503.12821,45,18
2503.14607,16,7
2503.17287,8,2
2503.16025,11,9
2503.17352,38,15
2503.16983,16,10
2503.16549,32,17
2503.16660,16,7
2503.17407,96,50
2503.16874,18,7
2503.16905,18,7
2503.17126,1,1
2503.16430,52,24
2503.17032,1,0
2503.16408,52,24
2503.18470,6,1
2503.17422,2,1
2503.15879,4,1
2503.18559,19,13
2503.17500,2,0
2503.18018,0,0
2503.17760,17,11
2503.18406,1,0
2503.16426,5,4
2503.17735,45,20
2503.18494,0,0
2503.18674,0,0
2503.14774,3,2
2503.13074,4,2
2503.18476,1,0
2503.16709,16,9
2503.18352,14,9
2503.18071,9,6
2503.14428,20,8
2503.18033,11,10
2503.18940,36,22
2503.18769,5,2
2503.18942,19,9
2503.17359,69,42
2503.18892,35,20
2503.18945,34,11
2503.18813,19,9
2503.18102,6,1
2503.18886,118,71
2503.18878,14,5
2503.18908,5,3
2503.18013,52,30
2503.18948,24,13
2503.17439,64,30
2503.18923,96,51
2503.16924,9,5
2503.18866,11,7
2503.17811,6,2
2503.17489,15,6
2503.17361,4,3
2503.11849,25,16
2503.20110,5,4
2503.19207,14,13
2503.17237,0,0
2503.17982,0,0
2503.16965,13,5
2503.19355,8,4
2503.18673,3,2
2503.16776,4,3
2503.19356,5,3
2503.19123,31,22
2503.18783,5,0
2503.19777,3,1
2503.18893,6,4
2503.18712,0,0
2503.19041,41,19
2503.19910,10,8
2503.04919,23,13
2503.19881,20,11
2503.19903,45,25
2503.19385,7,2
2503.19622,15,5
2503.18931,22,8
2503.19855,13,3
2503.14905,64,31
2503.19325,57,38
2503.19470,52,31
2503.18446,6,1
2503.19065,11,5
2503.19907,69,43
2503.17973,8,8
2503.15667,47,15
2503.13964,21,14
2503.19846,4,2
2503.16870,7,4
2503.17358,6,4
2503.20198,39,23
2503.18929,10,8
2503.20731,0,0
2503.19953,39,26
2503.17970,68,36
2503.15893,11,3
2503.10997,1,0
2503.20271,25,12
2503.20220,24,14
2503.20756,41,21
2503.19950,6,3
2503.20641,4,2
2503.20215,51,26
2503.19462,113,73
2503.19786,41,19
2503.19757,113,73
2503.20201,6,4
2503.19990,83,45
2503.20314,78,35
2503.20240,7,3
2503.19480,81,61
2503.20672,22,15
2503.20757,33,14
2503.20020,41,21
2503.20822,16,9
2503.21541,1,1
2503.19904,24,18
2503.20578,2,1
2503.21088,41,22
2503.20853,10,6
2503.21780,16,13
2503.20776,33,27
2503.21765,25,18
2503.21774,24,14
2503.20990,14,7
2503.21749,113,75
2503.21758,113,75
2503.21696,40,17
2503.21144,17,14
2503.21729,36,21
2503.21755,118,75
2503.21380,28,13
2503.21620,77,49
2503.21776,35,22
2503.21460,22,12
2503.21248,51,23
2503.22329,2,1
2503.22236,9,4
2503.21751,15,10
2503.21732,51,24
2503.21779,12,8
2503.17827,27,12
2503.18968,6,3
2503.22625,23,13
2503.21544,5,4
2503.21851,9,5
2503.22268,23,15
2503.22622,10,6
2503.20785,118,73
2503.20308,1,1
2503.21332,3,3
2503.19108,3,1
2503.22194,7,4
2503.16081,57,38
2503.22675,13,2
2503.21614,45,19
2503.22230,23,9
2503.19693,9,5
2503.21821,33,15
2503.19906,33,21
2503.24391,17,6
2503.23022,51,25
2503.22677,24,19
2503.14941,28,17
2503.22668,7,6
2503.23730,2,1
2503.20286,47,16
2503.19794,8,4
2503.18225,5,2
2503.18809,0,0
2503.23913,38,18
2503.24115,7,2
2503.23307,68,41
2503.21694,49,31
2503.22673,68,36
2503.23461,63,33
2503.24290,25,10
2503.23077,15,6
2503.19901,27,16
2503.24235,21,8
2503.24388,83,46
2503.23829,50,27
2503.23284,69,44
2503.24370,35,21
2503.24364,4,2
2503.22655,15,6
2504.00869,17,8
2503.24377,54,26
2503.22952,35,22
2504.01005,25,14
2504.00557,14,7
2504.00294,24,15
2503.24210,5,4
2503.23157,7,5
2503.23361,77,31
2503.21860,29,20
2504.01019,1,1
2503.24219,0,0
2503.23733,91,47
2503.23434,68,42
2504.00072,14,11
2504.00509,8,2
2504.01833,11,7
2504.00050,12,5
2504.00927,38,25
2503.24376,81,62
2504.00595,15,6
2503.23145,20,5
2503.24379,69,45
2504.01016,81,62
2504.00698,17,13
2503.22165,14,8
2504.00906,24,12
2504.00810,33,16
2504.01017,27,12
2502.18924,24,12
2504.01308,11,4
2503.23573,5,0
2503.23135,6,2
2503.23798,9,5
2504.00406,2,1
2503.18950,4,3
2504.01201,3,1
2503.18817,0,0
2503.22879,5,2
2405.20216,0,0
2504.01204,21,12
2504.01848,5,5
2503.23368,40,11
2504.01956,13,7
2504.00824,68,43
2503.20783,29,12
2504.00883,16,4
2504.01724,3,2
2504.01014,81,64
2504.00999,22,12
2504.01934,33,17
2504.02119,41,23
2504.00891,36,14
2504.01871,4,1
2503.22444,13,9
2504.01955,20,16
2503.23162,28,18
2503.23542,1,0
2504.02012,22,9
2504.01943,8,3
2504.02821,5,3
2504.02154,19,4
2503.23377,55,29
2504.02398,21,13
2504.01990,28,17
2504.02826,47,26
2504.02495,77,33
2504.02782,64,33
2504.02507,2,2
2504.02542,27,11
2504.02436,54,28
2504.00939,17,13
2504.02587,33,16
2504.00502,16,10
2504.03600,17,8
2504.00396,63,21
2504.02534,0,0
2504.03597,1,1
2504.02402,16,12
2503.24310,1,0
2504.01328,24,12
2504.03011,13,7
2504.03536,11,4
2504.03641,32,15
2503.22738,56,34
2504.03561,91,48
2504.03601,68,37
2503.24067,45,20
2504.02949,9,6
2504.03553,91,48
2504.02807,15,7
2504.02605,35,16
2504.02882,1,1
2504.03875,5,1
2504.03964,0,0
2504.03947,4,3
2504.04155,8,2
2504.03790,31,23
2504.03770,17,10
2504.02812,4,3
2504.04152,8,2
2504.03193,22,10
2504.05304,43,29
2504.03151,27,13
2504.05299,11,8
2504.05298,67,31
2504.04022,6,3
2504.04718,5,2
2504.05305,12,3
2504.04715,20,8
2504.05118,37,16
2504.02828,9,7
2504.05288,15,7
2504.04823,14,7
2504.07079,32,25
2504.03755,2,1
2504.02792,5,4
2504.06122,51,31
2504.00043,22,20
2504.05520,47,23
2504.05594,57,39
2503.20533,5,4
2504.06232,108,66
2504.02160,18,7
2504.02810,26,9
2504.05897,8,2
2504.05535,96,52
2504.05979,33,12
2504.05599,77,34
2504.06261,14,7
2504.06263,34,11
2504.06148,39,24
2504.04010,5,3
2504.03886,9,7
2504.07092,13,9
2504.06958,113,78
2504.05523,9,6
2504.06947,1,1
2504.05410,4,4
2504.05287,7,1
2504.05541,27,14
2504.06719,1,0
2504.07086,13,9
2504.07089,40,28
2504.07083,118,74
2504.07081,13,12
2504.07046,33,14
2504.04842,6,3
2504.06514,47,24
2504.05741,32,17
2504.07096,67,32
2504.06801,3,1
2504.05579,32,18
2504.07961,24,20
2504.06752,3,1
2504.04974,47,25
2504.07830,4,2
2504.07934,39,25
2504.07943,52,29
2504.07951,7,4
2504.07957,108,68
2504.07956,16,8
2504.07960,35,29
2504.07964,47,25
2504.07128,17,11
2504.07491,68,37
2504.08716,8,5
2504.01883,7,5
2504.08641,54,27
2504.06908,6,6
2504.01786,23,16
2504.05303,14,12
2504.08366,68,38
2504.08192,7,5
2504.07891,7,3
2504.05262,12,3
2504.08635,0,0
2504.07866,55,30
2504.08727,28,22
2504.07963,60,43
2504.08591,27,15
2504.08600,4,3
2504.07615,8,3
2504.08388,26,18
2504.08736,52,30
2504.08685,54,29
2504.07405,5,2
2504.09858,13,10
2504.09763,54,28
2504.09130,42,20
2504.10415,2,1
2504.09522,11,7
2504.05782,44,29
2504.09689,36,23
2504.09518,28,9
2504.08120,3,1
2504.03767,0,0
2504.09513,28,5
2504.10430,53,31
2504.09641,4,2
2504.10449,11,10
2504.10157,45,21
2504.10127,20,9
2504.10479,113,79
2504.08791,6,3
2504.08003,3,0
2504.09925,64,34
2504.09643,1,0
2504.08837,68,44
2504.08942,17,12
2504.10368,5,4
2504.08066,10,8
2504.10471,37,27
2504.09710,9,5
2504.10068,60,32
2504.08846,9,5
2504.10342,32,26
2504.09454,49,32
2504.10277,1,0
2504.11409,45,25
2504.11326,33,16
2504.10188,11,5
2504.11042,5,3
2504.06949,9,6
2504.10049,0,0
2504.11457,13,6
2504.11080,1,0
2504.11447,36,24
2504.11456,54,30
2504.10443,35,18
2504.11455,22,9
2504.10481,39,22
2504.11346,54,32
2504.08672,20,13
2504.10559,29,13
2504.10337,2,0
2504.11442,30,13
2504.10766,47,27
2504.10903,46,29
2504.11427,10,5
2504.11393,31,25
2504.11343,68,38
2504.11001,5,3
2504.10462,33,26
2504.10465,33,26
2504.11952,4,3
2504.09346,1,0
2504.09048,2,1
2504.13128,9,6
2504.12264,1,1
2504.11092,6,3
2504.09566,13,7
2504.09081,12,7
2504.10326,9,7
2504.10483,27,13
2504.12240,81,65
2504.11468,25,13
2504.10514,47,28
2504.11536,96,53
2504.12285,69,49
2504.09702,22,9
2504.12395,18,7
2504.13145,47,29
2504.07959,6,2
2504.12157,19,6
2504.12782,4,1
2504.13079,54,29
2504.12563,1,0
2504.09228,1,1
2504.13171,45,24
2504.13143,25,14
2504.13055,29,14
2504.13180,25,17
2504.13146,4,3
2504.13161,45,26
2504.12626,6,3
2504.13169,44,26
2504.13181,12,9
2504.13122,9,6
2504.11651,7,3
2504.12322,64,36
2504.05506,19,11
2504.12364,32,20
2504.12369,24,11
2504.13072,12,8
2504.13677,3,2
2504.13519,0,0
2504.12083,1,0
2504.13359,26,10
2504.13626,7,2
2504.09621,0,0
2504.10823,22,10
2504.13173,6,4
2504.13828,33,17
2504.13157,15,9
2504.11833,29,18
2504.13835,83,48
2504.11544,20,12
2504.13837,17,12
2504.13816,68,39
2504.15270,57,39
2504.15217,4,4
2504.13805,33,16
2504.13099,8,0
2504.14717,10,7
2504.13941,67,33
2504.14032,9,7
2504.15266,3,1
2504.10642,3,1
2504.14738,1,1
2504.12186,5,4
2504.08902,3,3
2504.14239,12,8
2504.15047,3,1
2504.14655,25,15
2504.14899,22,7
2504.14945,45,21
2504.13958,36,14
2504.15257,29,15
2504.14870,36,14
2504.13203,67,33
2504.15271,45,27
2504.14396,16,7
2504.15133,41,25
2504.13367,18,16
2504.15280,11,5
2504.15281,38,17
2504.14603,29,21
2504.13162,52,31
2504.14735,12,7
2504.15524,49,33
2504.15485,54,30
2504.16082,10,7
2504.14977,22,8
2504.15681,16,10
2504.16080,77,52
2504.13820,17,13
2504.14992,19,12
2504.11703,20,9
2504.15785,47,30
2504.16084,36,15
2504.16072,44,27
2504.15521,16,9
2504.15120,4,0
2504.16030,57,40
2504.14538,69,46
2504.15415,96,54
2504.15466,44,27
2504.16078,11,11
2504.16145,13,1
2504.16801,32,15
2504.10419,4,3
2504.15254,5,2
2504.13263,9,5
2504.15707,5,1
2504.11919,0,0
2504.15585,77,35
2504.16915,18,9
2504.16891,6,1
2504.16929,11,11
2504.16074,20,10
2504.15431,4,4
2504.14509,18,8
2504.15777,9,6
2504.15279,34,20
2504.15843,26,12
2504.17343,31,19
2504.17040,68,39
2504.16921,0,0
2504.17601,0,0
2504.15921,9,6
2504.17788,21,14
2504.16064,4,1
2504.17069,14,7
2504.17414,22,9
2504.17192,22,10
2504.16511,31,10
2504.17789,25,13
2504.17670,8,5
2504.17207,23,18
2504.17432,15,9
2504.17502,14,10
2504.17761,54,32
2504.16828,27,16
2504.12080,33,17
2504.15716,37,17
2504.17816,11,5
2504.17768,10,10
2504.18225,2,2
2504.17025,5,5
2504.16427,45,21
2504.18425,24,23
2504.17821,33,15
2504.18415,69,50
2504.16656,77,36
2504.15376,27,17
2504.19395,11,4
2504.19144,21,10
2504.15780,113,80
2504.19062,24,13
2504.19854,23,15
2504.16083,45,35
2504.17258,6,1
2504.19724,15,8
2504.19093,64,37
2504.19162,19,9
2504.19838,77,53
2504.18919,6,5
2504.19413,2,1
2504.18589,40,19
2504.20630,24,14
2504.20769,4,2
2504.17838,9,8
2504.18942,4,1
2504.20114,11,4
2504.16272,4,1
2504.18738,8,1
2504.18087,15,8
2504.20073,67,35
2504.20995,27,18
2504.16046,17,14
2504.20996,15,8
2504.20690,32,19
2504.20157,4,1
2504.20595,42,31
2504.20734,22,11
2504.20879,17,14
2504.20571,45,36
2504.20998,14,8
2504.19043,3,0
2504.21336,35,12
2504.18904,39,21
2504.19720,33,16
2504.21855,24,15
2504.21039,3,2
2504.19056,4,1
2504.20966,13,7
2504.21850,4,2
2505.00551,53,33
2504.21233,45,37
2504.21318,24,17
2504.21635,4,1
2504.21776,30,15
2504.20708,27,13
2504.19394,1,1
2505.00534,1,0
2504.18715,2,0
2504.18983,68,40
2504.20406,47,31
2504.20605,0,0
2505.00234,2,2
2505.00497,6,2
2505.00703,77,54
2504.21853,69,47
2505.00662,28,15
2504.21659,18,10
2504.20859,1,1
2505.01490,27,17
2505.00023,41,26
2505.00174,0,0
2505.00562,3,2
2505.01079,5,2
2504.20438,23,14
2505.00949,38,23
2504.21117,21,11
2505.02094,33,22
2505.01548,0,0
2505.01456,54,32
2505.02005,18,6
2505.02130,1,0
2505.02823,18,10
2505.01583,11,5
2505.01043,24,15
2505.02370,38,18
2505.02471,27,12
2505.02156,91,50
2505.02387,45,23
2505.02391,22,10
2505.02707,9,6
2505.02222,6,4
2505.01658,1,1
2504.20752,2,0
2505.02735,96,55
2505.02835,52,32
2505.02819,4,2
2505.01441,4,1
2505.02625,7,3
2504.18373,1,1
2505.03368,1,0
2505.02311,4,2
2505.04110,11,8
2505.03052,18,12
2505.03164,41,27
2505.02836,21,15
2505.00212,11,7
2505.03739,22,14
2504.21650,28,20
2505.02872,1,1
2505.03735,17,14
2505.02214,6,3
2505.03730,81,66
2505.02922,52,33
2505.03005,4,4
2505.03318,69,40
2505.03335,35,25
2504.21798,26,16
2505.03418,41,26
2505.03570,0,0
2505.01449,11,7
2505.03912,77,37
2505.02393,1,0
2505.03538,17,7
2505.03105,0,0
2505.02820,23,15
2505.04606,6,2
2505.04601,25,15
2505.04364,28,16
2505.03821,1,1
2505.00358,7,3
2505.04622,14,10
2505.04528,20,13
2505.04512,18,5
2505.04588,91,51
2505.02567,14,5
2505.04842,15,12
2505.05064,9,4
2505.04769,8,2
2505.02363,11,6
2505.03422,22,15
2504.19314,12,9
2505.05327,13,9
2505.04955,10,9
2505.05467,12,9
2505.05408,37,29
2505.03981,15,12
2505.05071,42,22
2505.05474,118,75
2505.05315,68,40
2505.05469,15,11
2505.02847,39,22
2505.04620,33,18
2505.05470,69,48
2505.04921,33,17
2505.05288,11,6
2504.21467,0,0
2505.05621,14,10
2505.06046,2,2
2505.02686,5,3
2505.06111,60,44
2505.02410,3,2
2505.02550,3,2
2505.05026,67,36
2505.06176,3,2
2505.04918,1,1
2505.06324,41,28
2505.07793,18,9
2505.07819,13,10
2505.04066,8,5
2505.07086,3,2
2505.07233,16,7
2505.00612,4,3
2505.07260,13,6
2505.07596,13,6
2505.07812,45,22
2505.07818,60,45
2505.03733,77,55
2505.07062,54,33
2505.07291,3,2
2505.07747,47,20
2505.07787,35,23
2505.07608,51,35
2505.07263,77,38
2505.06548,5,2
2505.07293,96,56
2505.07796,22,13
2505.07447,12,10
2505.09027,2,2
2505.07416,0,0
2505.08445,8,1
2505.08665,1,0
2505.08727,2,2
2505.08638,2,1
2505.08712,34,7
2505.07215,6,5
2505.05464,35,18
2505.07591,53,34
2505.08751,17,15
2505.08311,13,5
2505.08175,20,14
2505.07916,21,14
2504.21475,8,1
2505.07849,68,41
2505.08084,45,22
2505.08910,13,9
2505.05587,33,28
2505.04793,0,0
2505.06356,5,4
2505.08455,1,1
2505.09439,18,10
2505.10557,77,56
2505.08787,6,3
2502.12894,15,12
2505.09358,56,36
2505.09608,9,9
2505.04410,12,6
2505.09343,12,11
2505.09568,68,41
2505.09558,51,27
2505.09738,0,0
2505.10046,27,15
2505.08581,6,4
2505.10566,13,8
2505.10167,1,1
2505.09264,3,0
2505.09601,8,7
2505.09265,3,0
2505.10468,8,3
2505.09263,16,11
2505.07096,6,5
2505.09926,21,12
2505.10565,33,18
2505.09990,39,26
2505.10475,51,28
2505.10554,68,43
2505.10558,13,8
2505.09666,22,12
2505.08617,45,26
2505.10185,32,27
2505.10527,91,52
2505.09723,77,57
2505.10562,22,15
2505.09694,29,22
2505.07782,31,24
2505.06027,4,2
2505.10320,38,26
2505.11493,23,14
2505.05678,4,4
2505.11011,0,0
2505.11152,4,2
2505.10852,2,1
2505.10496,2,2
2505.09924,0,0
2505.11315,12,8
2505.10769,1,0
2505.11140,4,4
2505.11409,6,3
2505.11480,20,9
2505.10962,50,29
2505.11049,15,8
2505.10610,36,20
2505.09388,91,53
2505.07675,22,13
2505.11427,3,3
2505.10518,4,3
2505.11107,2,0
2505.10238,14,12
2505.11484,3,1
2505.13181,45,23
2505.12120,2,2
2505.12849,19,15
2505.11733,26,11
2505.03332,2,0
2505.12058,0,0
2505.11475,12,7
2505.11988,9,7
2505.11497,23,15
2505.12996,45,23
2505.12973,3,2
2505.12872,3,1
2505.12781,14,9
2505.10420,3,3
2505.12257,2,0
2505.13511,11,9
2505.11855,15,12
2505.10831,23,16
2505.13388,9,7
2505.13437,3,3
2505.13444,5,3
2505.11820,24,24
2505.13417,36,23
2505.11896,23,14
2505.13379,46,30
2505.11254,22,14
2505.13227,68,44
2505.12082,19,9
2505.13389,68,41
2505.13215,9,6
2505.13180,10,6
2505.13308,35,26
2505.13427,60,46
2505.13840,45,38
2505.12504,31,27
2505.12992,68,44
2505.12805,22,14
2505.12346,32,20
2505.12081,19,11
2505.11932,30,17
2505.07704,10,6
2505.11966,13,6
2505.13103,19,10
2505.09569,16,9
2505.11365,1,1
2505.14534,19,10
2505.12182,6,5
2505.13988,5,4
2505.13778,11,6
2505.14352,10,6
2505.13718,1,1
2505.13380,3,3
2505.13010,2,0
2505.14633,67,37
2505.12306,36,21
2505.10588,0,0
2505.12154,19,7
2505.10176,45,18
2505.14178,14,5
2505.13731,22,8
2505.11754,5,1
2505.14680,28,18
2505.14467,0,0
2505.06914,2,1
2505.11730,1,0
2505.14556,1,1
2505.12448,77,39
2505.13946,22,8
2505.14683,17,13
2505.13430,5,1
2505.14674,69,51
2505.13438,29,16
2505.13138,12,10
2505.14460,49,35
2505.14246,108,70
2505.14513,2,1
2505.04388,2,2
2505.14652,96,57
2505.14631,69,51
2505.11594,35,24
2505.13866,4,2
2505.14489,16,10
2505.14648,4,2
2505.14681,50,30
2505.14673,24,12
2505.14464,13,6
2505.13547,55,32
2505.14677,47,32
2505.14135,31,14
2505.14640,96,57
2505.13559,4,1
2505.15406,28,8
2505.14827,45,39
2505.15524,35,19
2505.12650,51,27
2505.15134,27,17
2505.14157,5,4
2505.15791,15,8
2505.15034,5,5
2505.11454,9,8
2505.15816,118,76
2505.15141,29,17
2505.15047,8,4
2505.14818,3,2
2505.14336,6,3
2505.14101,1,1
2505.14887,1,1
2505.14990,6,4
2505.13529,24,18
2505.11080,8,4
2505.15404,24,18
2505.15776,42,21
2505.15779,44,31
2505.15277,16,10
2505.15809,36,25
2505.14302,60,47
2505.15045,33,17
2505.14231,17,12
2505.14766,2,1
2505.15612,35,19
2505.14357,24,11
2505.15765,24,13
2505.13909,33,19
2505.15146,68,42
2505.15400,47,21
2505.11196,13,9
2505.13934,24,11
2505.15781,46,31
2505.15656,24,18
2505.15817,9,7
2505.15210,16,13
2505.15778,24,14
2505.15801,77,40
2505.15960,14,7
2505.16192,91,54
2505.11711,27,18
2505.17015,108,71
2505.16151,1,1
2505.15963,6,3
2505.16944,36,24
2505.16265,31,15
2505.16186,24,15
2505.15517,8,8
2505.13237,12,2
2505.16612,5,4
2505.14395,7,3
2505.15865,2,1
2505.17019,1,1
2505.16170,22,17
2505.14462,12,6
2505.16088,6,5
2505.16048,1,1
2505.15263,1,0
2505.16854,69,42
2505.13344,1,0
2505.14625,22,21
2505.17012,17,15
2505.16938,40,21
2505.15879,24,15
2505.14810,45,24
2505.16410,30,19
2505.15966,68,47
2505.16707,34,18
2505.16175,68,47
2505.15270,35,25
2505.16933,28,19
2505.17022,77,58
2505.16925,9,7
2505.16400,38,24
2505.16864,63,24
2505.16967,9,7
2505.17018,35,19
2505.16916,7,2
2505.16421,31,15
2505.15952,7,4
2505.16839,25,16
2505.14604,19,7
2505.14684,19,7
2505.16181,41,29
2505.16990,46,32
2505.17016,17,12
2505.17826,78,38
2505.12891,55,33
2505.17295,18,8
2505.17508,31,12
2505.15389,4,2
2505.17540,53,36
2505.16270,36,26
2505.18078,26,18
2505.15182,0,0
2505.17063,10,10
2505.17091,2,1
2505.16022,35,21
2505.11881,1,1
2505.16293,9,4
2505.16056,6,4
2505.15805,2,2
2505.18383,8,6
2505.16409,16,11
2505.14256,56,37
2505.17552,14,6
2505.17373,7,3
2505.16479,7,6
2505.16483,43,34
2505.15692,13,11
2505.18125,9,6
2505.17667,91,55
2505.17612,22,16
2505.14669,14,8
2505.17225,6,0
2505.18129,33,20
2505.15929,68,49
2505.18092,91,55
2505.17618,69,49
2505.17561,2,1
2505.17873,51,36
2505.16770,24,16
2505.17955,6,2
2505.17412,32,11
2505.14146,16,9
2505.16211,77,41
2505.16134,9,8
2505.13508,15,5
2505.17558,4,1
2505.17417,5,4
2505.17399,45,25
2505.17941,46,33
2505.19427,6,4
2505.20152,36,25
2505.13426,22,17
2505.19103,21,14
2505.18759,13,9
2505.19788,68,43
2505.19955,15,10
2505.19386,13,13
2505.18822,13,7
2505.19602,5,4
2505.15804,24,11
2505.20278,12,11
2505.19223,28,21
2505.16972,16,9
2505.18384,4,2
2505.19630,11,6
2505.18773,19,12
2505.18454,19,16
2505.19731,6,5
2505.19056,27,14
2505.19443,8,4
2505.16886,18,11
2505.10887,5,2
2505.17652,38,20
2505.19640,4,2
2505.19949,16,6
2505.19752,29,18
2505.17894,4,2
2505.19147,64,38
2505.19297,8,7
2505.19457,4,2
2505.16348,7,5
2505.19914,16,11
2505.20258,43,31
2505.19815,83,49
2505.19590,32,31
2505.19439,7,5
2505.19250,25,19
2505.18675,46,34
2505.18545,7,6
2505.20046,42,22
2505.20139,68,50
2505.20256,35,14
2505.18926,6,3
2505.18536,3,1
2505.13136,1,1
2505.19209,55,34
2505.20259,29,19
2505.18601,7,3
2505.19084,5,2
2505.20289,14,10
2505.21505,31,24
2505.20650,25,16
2505.21491,7,4
2505.21473,19,11
2505.21457,35,15
2505.20322,41,28
2505.21500,19,12
2505.20793,14,10
2505.21097,30,25
2505.21494,77,42
2505.14064,10,3
2505.17613,39,27
2505.21070,46,35
2505.20561,16,13
2505.20426,19,8
2505.19099,13,11
2505.22172,91,57
2505.21178,5,4
2505.18134,7,4
2505.21471,91,57
2505.20279,33,29
2505.19650,16,7
2505.20286,36,27
2505.20275,28,21
2505.21327,40,26
2505.17952,10,4
2505.20287,7,5
2505.19897,34,19
2505.19641,37,18
2505.18445,57,42
2505.21189,14,6
2505.17813,21,15
2505.20292,28,21
2505.16901,54,34
2505.20325,3,2
2505.16459,20,14
2505.19000,33,20
2505.21497,32,12
2505.21496,77,59
2505.21333,63,26
2505.20355,1,1
2505.17332,5,0
2505.21374,81,67
2505.21297,52,34
2505.11277,57,40
2505.21493,32,20
2505.18943,22,12
2505.18875,39,22
2505.21334,33,16
2505.22523,31,17
2505.22664,25,20
2505.22338,29,23
2505.12667,38,20
2505.22019,91,59
2505.21876,54,33
2505.22613,63,27
2505.22203,20,14
2505.19187,33,21
2505.20298,6,3
2505.20589,83,50
2505.15813,3,3
2505.21960,63,36
2505.20444,5,4
2505.17870,41,25
2505.22642,21,17
2505.21060,29,19
2505.21582,0,0
2505.19051,14,9
2505.21649,4,2
2505.11821,4,3
2505.21191,11,6
2505.23727,46,36
2505.21887,11,7
2505.18700,19,9
2505.18227,25,12
2505.17663,33,21
2505.22617,57,41
2505.20411,1,0
2505.21600,45,25
2505.22312,77,44
2505.18600,10,7
2505.22651,3,2
2505.21136,35,26
2505.21925,9,6
2505.22334,39,24
2505.19253,6,4
2505.22453,39,24
2505.22457,29,22
2505.22648,91,59
2505.20779,1,0
2505.22525,33,21
2505.22129,9,3
2505.22960,7,4
2505.18882,12,10
2505.22202,16,12
2505.17330,5,1
2505.19075,10,7
2505.18366,5,1
2505.22232,5,4
2505.18087,8,4
2505.23416,5,1
2505.18962,9,6
2505.23742,30,14
2505.23559,15,6
2505.14321,12,11
2505.22421,23,18
2505.17818,8,4
2505.23387,32,22
2505.22961,15,6
2505.20755,2,1
2505.21190,8,4
2505.22944,7,6
2505.22918,3,3
2505.20282,3,1
2505.23759,44,29
2505.22888,5,5
2505.23745,7,3
2505.23253,7,6
2505.22988,1,1
2505.22854,2,1
2505.22126,44,32
2505.21114,32,22
2505.23625,19,9
2505.23585,69,53
2505.23754,54,35
2505.23751,44,29
2505.23621,33,18
2505.23606,33,19
2505.23693,30,15
2505.22618,68,49
2505.23762,113,81
2505.22653,14,10
2505.22914,3,2
2505.23359,17,16
2505.23660,57,43
2505.23716,108,72
2505.23646,36,26
2505.23747,13,8
2505.23735,6,5
2505.22255,8,6
2505.22765,21,16
2505.22759,9,3
2505.22810,23,11
2505.21784,25,17
2505.23419,29,24
2505.23380,57,43
2505.23758,10,5
2505.23604,25,19
2505.20088,9,7
2505.24189,2,2
2505.24850,6,5
2505.20873,5,3
2505.23923,91,61
2505.13157,0,0
2505.24869,54,34
2505.24615,23,16
2505.24517,5,3
2505.23844,25,13
2506.00073,5,3
2505.24672,22,13
2505.20047,10,9
2505.24581,8,4
2505.23856,42,32
2505.24782,11,7
2505.24119,15,13
2505.23832,2,1
2505.20977,33,21
2505.21749,5,4
2505.21864,17,13
2505.23926,7,5
2505.24196,22,16
2505.24864,67,38
2505.24863,24,19
2505.24867,11,8
2505.14752,1,0
2505.24098,29,22
2505.24862,37,19
2505.24025,16,7
2505.24785,13,11
2505.24878,11,8
2505.18842,12,10
2505.24871,16,7
2505.23941,7,7
2505.21437,11,5
2505.23009,0,0
2505.24858,33,19
2505.24521,23,14
2505.24293,0,0
2505.24417,19,10
2505.21523,26,17
2505.24875,54,36
2506.00789,29,23
2506.01062,5,5
2505.24842,19,13
2506.00643,3,0
2505.24183,28,16
2506.01881,4,2
2506.01084,3,2
2505.23504,27,22
2506.00512,8,4
2506.01484,1,1
2505.24452,11,9
2506.00523,25,17
2505.21724,27,15
2505.16122,13,4
2506.01920,8,5
2506.01074,7,7
2506.00469,8,6
2505.19621,4,3
2505.18128,5,5
2506.00723,25,14
2505.24625,8,6
2505.20285,91,62
2505.24086,14,13
2505.23977,22,22
2506.01928,12,8
2506.00338,7,3
2505.24523,2,2
2506.01844,11,9
2505.24760,3,3
2506.01713,24,18
2506.00996,16,8
2506.01049,39,23
2505.24298,8,5
2506.01853,35,27
2506.00411,32,21
2506.00539,69,50
2506.01943,108,73
2505.23590,13,8
2506.01939,51,31
2506.01863,14,10
2506.01413,17,10
2505.24846,22,10
2505.22954,6,5
2505.23059,4,3
2505.21179,10,5
2506.00979,20,11
2506.00577,32,21
2505.23907,12,9
2506.01952,6,4
2506.01667,10,4
2506.02338,7,6
2506.02678,31,25
2506.00189,51,39
2506.03079,20,8
2506.00413,14,5
2506.01004,27,16
2506.03144,33,20
2506.00391,11,3
2505.24273,1,1
2506.02454,35,24
2505.18079,14,7
2506.02510,15,7
2506.02281,23,19
2506.01274,13,11
2506.03119,55,35
2506.01565,6,5
2506.03107,30,23
2505.24362,11,11
2505.16994,22,15
2506.02138,10,8
2506.01265,19,13
2506.00910,22,17
2506.03096,5,2
2506.01716,38,32
2506.00227,14,9
2505.24726,4,4
2505.22704,45,40
2506.03147,28,23
2506.02387,45,26
2506.03143,45,40
2506.02096,18,14
2505.24120,9,5
2506.03135,7,5
2506.02397,45,19
2506.00123,113,82
2505.23061,5,4
2506.00070,9,4
2505.24714,13,10
2506.03065,34,17
2506.01674,63,37
2506.03123,118,82
2506.01144,10,8
2506.01789,37,30
2506.02528,19,10
2506.02295,8,6
2506.03131,51,31
2506.03126,81,68
2506.03621,5,4
2506.03136,36,28
2506.02497,22,11
2506.04034,49,36
2506.03566,14,12
2506.03525,54,35
2506.03355,5,3
2506.03106,14,7
2506.02294,5,3
2506.01344,41,30
2506.03956,17,10
2506.03448,9,7
2506.02945,41,30
2506.03837,1,0
2506.02863,9,8
2505.23807,4,3
2506.05332,35,20
2506.04133,8,5
2505.23564,17,9
2506.04214,29,19
2506.03951,17,10
2506.03822,0,0
2506.03614,7,2
2506.03538,3,2
2506.02680,8,5
2506.03817,0,0
2506.02515,8,6
2505.21541,33,21
2506.01320,7,6
2506.02592,33,19
2506.03569,51,40
2506.04178,67,39
2506.04207,45,27
2506.04089,4,2
2505.16968,25,18
2506.04180,36,27
2506.02921,10,7
2506.00482,7,4
2506.04225,17,8
2506.04142,36,27
2506.03930,68,51
2506.04141,13,7
2506.04158,46,37
2506.02153,32,15
2506.04108,69,54
2505.24500,91,63
2506.03517,47,37
2506.04228,41,22
2506.03610,9,5
2506.03139,19,13
2506.03295,68,51
2506.03099,2,1
2506.03150,29,19
2506.04405,28,16
2506.00830,17,9
2506.05348,16,13
2506.05333,20,12
2505.20914,7,7
2506.03643,3,3
2506.02751,6,3
2506.04245,2,1
2506.05282,17,14
2506.05278,11,4
2506.04598,7,5
2506.05313,28,21
2506.05046,37,20
2506.00981,0,0
2506.04956,5,3
2506.04559,83,51
2506.04462,0,0
2506.02444,10,9
2505.23115,8,6
2506.04996,1,1
2506.03238,15,10
2506.02587,1,1
2506.01011,19,12
2506.02865,5,4
2506.05327,28,11
2506.04209,17,13
2506.05176,91,64
2506.05010,33,22
2506.05301,35,22
2506.05209,25,21
2506.04308,37,20
2506.05229,14,7
2506.05345,3,1
2506.05240,81,69
2505.23656,45,28
2506.05284,118,78
2506.05328,12,9
2506.04734,5,3
2506.04633,67,40
2506.05334,44,31
2506.05344,18,8
2506.03077,6,5
2506.05287,40,20
2506.02620,23,12
2506.05331,77,60
2506.05349,29,20
2506.06253,12,10
2506.04120,6,6
2506.06199,5,4
2506.05551,12,6
2505.20698,9,5
2506.05579,23,17
2506.05433,41,23
2506.00649,2,2
2506.05673,0,0
2506.04255,0,0
2506.05817,25,12
2506.06091,7,5
2505.21115,10,4
2506.02327,24,16
2506.03828,0,0
2506.05446,0,0
2506.01872,43,32
2506.06276,16,10
2506.01111,35,24
2506.05523,25,22
2506.04755,21,14
2506.05629,5,3
2506.05573,10,8
2506.05984,39,27
2506.06658,27,18
2506.07971,33,22
2506.08004,10,6
2506.07564,16,10
2506.08012,118,79
2506.07434,22,18
2506.07982,4,4
2506.08006,4,4
2506.06485,2,2
2506.07240,10,10
2505.23473,22,18
2506.03231,1,1
2506.07645,0,0
2506.07527,39,24
2506.07160,69,43
2506.06607,0,0
2506.00258,28,18
2506.06905,2,2
2506.05904,15,10
2506.04807,3,2
2506.03690,27,21
2506.07833,18,12
2506.04651,24,18
2506.07848,18,9
2506.06266,26,13
2506.05598,23,18
2506.08007,69,55
2506.07044,68,45
2506.07900,57,42
2506.06444,5,3
2506.07491,14,10
2506.07977,54,37
2506.07803,16,8
2506.07298,2,2
2506.08010,8,7
2506.07530,8,6
2506.06205,38,24
2506.07712,16,11
2506.07986,118,79
2506.01241,22,17
2506.07309,17,12
2506.07463,7,5
2506.05062,3,3
2505.23760,6,2
2506.07553,108,75
2506.08011,24,17
2506.06941,9,8
2506.06006,4,2
2506.07045,7,3
2506.04020,5,5
2506.04688,2,2
2506.05700,25,18
2506.05928,19,12
2506.08887,4,3
2506.07047,21,20
2506.07976,22,13
2506.08500,14,12
2506.05167,4,4
2506.07177,22,18
2506.07932,3,2
2506.04614,91,65
2506.07927,26,14
2506.08002,4,2
2506.08279,3,3
2506.08672,77,45
2506.08009,15,9
2506.09040,69,44
2506.06751,14,8
2506.08300,1,1
2506.09229,5,3
2506.08008,44,32
2506.08001,15,9
2506.09278,21,12
2506.05412,8,2
2506.08900,1,0
2506.09420,12,8
2506.09958,2,2
2506.09007,4,4
2506.06020,67,41
2506.10209,22,15
2506.09980,21,16
2506.09669,0,0
2506.09736,20,17
2506.09113,54,38
2506.09984,108,76
2506.09937,11,9
2506.06395,16,9
2506.09790,33,23
2506.09350,28,19
2506.09995,41,24
2506.09991,14,13
2506.08889,52,35
2506.09501,47,23
2506.09820,51,33
2506.09003,63,38
2506.05309,1,0
2506.08570,21,17
2506.08862,2,1
2506.06952,17,7
2506.10600,5,3
2506.10568,8,6
2506.08060,1,1
2506.10178,4,4
2506.09952,45,26
2506.10036,7,4
2506.10920,16,13
2506.10674,2,1
2506.08373,7,6
2506.07795,3,1
2506.10737,16,11
2506.10728,16,11
2506.10378,3,3
2506.06694,14,4
2506.06561,41,32
2506.08234,6,3
2506.09942,36,29
2506.10890,12,5
2506.05982,19,13
2506.06950,19,14
2506.10911,2,1
2506.09513,68,46
2506.10910,9,8
2506.09993,12,4
2506.10540,33,24
2506.09344,27,16
2506.10274,21,18
2506.10857,113,84
2506.10741,9,5
2506.10954,2,2
2506.10978,12,9
2506.10952,42,23
2506.09967,9,7
2506.10953,17,14
2506.10357,9,5
2506.10974,41,29
2506.10821,30,22
2506.10960,41,29
2506.09250,0,0
2506.09366,39,26
2506.09038,5,4
2506.11274,0,0
2506.11130,1,1
2506.11116,7,6
2506.03857,22,13
2506.08477,8,6
2506.08915,0,0
2506.10056,7,5
2506.11702,2,1
2506.09427,44,33
2506.10387,9,6
2506.10082,13,7
2506.11305,0,0
2506.11136,7,6
2506.11930,11,7
2506.09600,2,2
2506.11924,12,6
2506.11928,27,16
2506.10128,39,28
2506.10892,9,9
2506.11886,42,24
2506.11474,28,17
2506.08989,23,17
2506.07464,8,5
2506.11997,8,5
2506.08592,45,27
2506.12258,6,4
2506.12189,1,1
2506.14202,4,3
2506.13277,10,9
2506.06454,8,6
2506.13752,25,20
2506.12552,8,6
2506.12299,1,1
2506.12229,67,42
2506.13502,1,1
2506.11115,6,6
2506.13001,1,1
2506.12953,45,33
2506.12623,41,33
2506.09050,4,3
2506.13430,1,1
2506.13172,2,2
2506.12148,6,3
2506.09968,35,26
2506.13404,14,9
2506.12571,1,0
2506.10341,3,3
2506.13585,37,33
2506.06366,23,12
2506.10521,40,16
2506.08343,47,33
2506.14111,6,5
2506.09482,1,0
2506.13759,46,38
2506.13654,118,81
2506.11763,7,3
2506.06962,9,8
2506.13750,46,38
2506.13284,38,25
2506.11991,13,5
2506.12915,45,20
2506.12450,13,11
2506.03968,7,3
2506.07961,32,18
2506.10055,96,59
2506.14731,45,19
2506.14205,20,12
2506.13651,77,46
2506.09033,15,8
2506.14002,9,4
2506.05426,6,4
2506.12880,16,14
2506.13387,6,2
2506.14702,17,16
2506.13901,41,26
2506.13599,14,6
2506.03939,19,17
2506.14629,0,0
2506.13922,17,16
2506.10038,18,17
2506.12015,19,5
2506.05336,39,29
2506.14429,42,25
2506.10100,24,8
2506.14028,41,26
2506.12928,96,60
2506.12285,10,8
2506.14245,26,19
2506.14234,9,8
2506.09985,15,12
2506.13363,12,9
2506.13977,16,12
2506.13642,7,5
2506.14603,28,21
2506.12860,35,27
2506.14758,69,56
2506.14761,3,2
2506.12278,30,17
2506.14606,11,9
2506.14755,47,34
2506.06279,34,23
2506.14770,25,20
2506.14435,19,7
2506.14866,9,5
2506.15682,10,9
2506.14824,7,2
2506.11110,3,1
2506.14842,0,0
2506.14315,31,26
2506.13414,1,0
2506.15569,33,21
2506.15068,7,2
2506.15672,8,5
2506.15677,25,19
2506.15211,16,5
2506.15461,2,1
2506.15675,113,85
2506.15050,37,25
2506.15681,19,12
2506.15154,5,0
2506.15455,1,1
2506.14837,20,18
2506.15564,57,45
2506.14965,15,10
2506.09827,5,4
2506.17090,13,12
2506.17213,6,5
2506.15925,1,1
2506.17113,54,37
2506.09930,11,7
2506.17202,113,86
2506.15745,2,1
2506.15442,68,48
2506.16349,4,4
2506.16310,1,0
2506.17218,25,21
2506.16504,52,36
2506.09049,40,17
2506.17201,18,8
2506.16054,45,28
2506.16035,0,0
2506.16406,33,30
2506.17206,52,35
2506.17323,0,0
2506.17871,6,4
2506.17673,1,0
2506.18890,54,38
2506.17538,5,5
2506.18879,25,22
2506.18887,0,0
2506.17671,0,0
2506.17939,30,16
2506.15645,33,31
2506.10597,18,8
2506.18900,10,7
2506.17818,0,0
2506.13905,17,13
2506.18369,5,5
2506.16929,2,0
2506.18631,5,2
2506.19028,5,3
2506.16123,5,5
2506.18527,14,5
2506.16507,4,4
2506.18882,21,16
2506.18871,35,25
2506.18841,36,30
2506.18898,35,23
2506.15741,96,61
2506.18792,1,1
2506.18896,36,29
2506.18851,18,11
2506.18254,57,43
2506.18463,4,3
2506.18787,0,0
2506.18349,23,18
2506.18839,47,38
2506.18904,77,47
2506.18309,53,41
2506.18901,41,27
2506.16962,13,8
2506.18903,32,21
2506.19713,7,5
2506.18843,18,12
2506.19847,15,10
2506.14012,18,11
2506.19433,14,8
2506.19794,41,31
2506.19807,41,31
2506.16095,2,1
2506.19830,68,49
2506.19839,47,39
2506.19838,69,52
2506.19850,29,16
2506.19467,8,7
2506.19767,8,5
2506.17612,31,19
2506.19851,13,8
2506.19290,77,48
2506.18701,77,48
2506.19848,108,77
2506.16141,81,70
2506.18951,26,21
2506.18945,39,29
2506.18315,13,9
2506.18403,1,1
2506.19502,0,0
2506.18899,69,53
2506.20331,2,1
2506.20480,25,15
2506.18674,3,1
2506.20495,41,33
2506.20544,17,17
2506.19697,7,4
2506.18088,60,51
2506.20452,7,6
2506.16012,12,12
2506.19103,16,10
2506.20512,33,24
2506.18095,35,28
2506.20920,11,10
2506.19143,10,7
2506.15196,26,20
2506.17533,22,15
2506.18729,2,2
2506.21263,10,8
2506.20703,5,4
2506.20430,15,11
2506.21272,27,23
2506.20936,68,50
2506.21552,44,33
2506.16655,0,0
2506.21103,1,1
2506.21551,47,35
2506.21520,8,8
2506.21539,40,21
2506.20911,47,35
2506.21506,43,34
2506.20670,118,82
2506.21547,13,5
2506.17859,9,9
2506.21594,0,0
2506.21718,5,3
2506.22149,1,1
2506.19741,6,5
2506.21476,12,9
2506.22049,35,20
2506.15882,26,15
2506.19592,0,0
2506.21355,6,4
2506.18330,0,0
2506.22434,41,29
2506.22760,5,5
2506.22432,12,9
2506.17450,27,17
2506.21876,14,13
2506.21416,12,9
2506.21356,118,87
2506.20279,6,5
2506.21862,9,5
2506.21656,4,1
2506.21628,32,20
2506.21458,39,30
2506.22419,19,13
2505.21411,18,14
2506.17417,10,6
2506.22753,8,5
2506.22694,9,6
2506.23394,1,0
2506.23135,22,19
2506.17080,5,4
2506.23219,14,9
2506.21448,22,18
2506.22598,4,3
2506.16500,39,23
2506.23542,6,3
2506.22992,6,5
2506.24119,30,17
2506.24123,33,23
2506.23858,63,43
2506.23044,45,20
2506.22832,16,11
2506.17930,33,25
2506.23151,0,0
2506.21545,32,23
2506.24019,25,23
2506.22973,0,0
2507.00606,9,3
2506.22960,41,27
2507.00162,32,22
2506.23329,4,2
2506.23009,38,23
2507.00476,2,2
2506.21277,78,44
2507.00951,43,35
2506.20639,22,16
2506.23115,69,57
2506.19852,39,24
2507.01001,33,26
2507.00432,32,28
2507.01006,52,37
2507.00339,0,0
2506.22868,3,1
2507.02856,25,16
2506.23552,5,3
2507.00472,5,4
2507.01544,7,7
2507.00316,2,1
2507.01953,118,84
2507.01925,10,7
2507.01634,9,6
2507.01945,8,5
2507.01949,52,38
2507.01957,39,25
2506.21546,4,2
2506.23121,7,2
2507.01663,15,8
2506.22813,11,6
2507.02778,2,1
2507.01004,32,23
2507.02726,32,21
2507.02694,33,23
2507.02025,14,7
2507.02652,30,22
2507.02321,16,12
2507.01352,77,50
2507.02813,47,25
2507.02092,41,29
2506.23918,45,30
2507.02592,91,66
2507.02754,7,6
2507.00769,11,11
2507.01853,1,0
2507.01955,3,3
2507.02608,3,1
2507.04036,28,23
2506.21884,27,17
2507.04562,2,2
2507.04952,60,35
2507.04285,23,15
2507.04376,41,30
2507.03607,0,0
2507.04642,7,2
2507.03336,0,0
2507.05259,13,10
2507.05108,4,3
2507.03033,0,0
2507.05257,45,30
2507.03253,51,35
2507.02659,6,6
2507.03724,83,52
2507.00994,11,8
2507.04009,4,2
2507.04447,15,8
2507.05163,13,8
2507.03683,6,3
2507.02029,25,13
2507.03745,17,14
2507.03483,53,38
2507.04590,68,53
2507.05197,83,52
2507.06223,30,22
2507.05920,118,85
2507.05101,57,44
2507.04723,33,25
2507.03698,26,21
2507.04610,3,3
2507.06230,20,17
2507.05201,15,13
2507.06137,15,14
2507.07102,6,4
2507.05411,21,16
2507.03728,0,0
2507.05578,20,13
2507.06204,3,3
2507.05963,9,6
2507.06138,83,54
2507.05566,4,2
2507.06219,60,52
2507.06229,96,62
2507.06165,52,38
2507.04103,4,3
2507.05240,52,38
2507.06203,96,62
2507.03112,19,14
2507.05791,68,47
2507.05675,35,29
2507.05169,12,10
2507.04569,12,10
2507.06181,96,62
2507.06853,57,45
2507.06415,6,5
2507.06260,8,6
2507.06485,54,39
2505.10251,25,24
2507.01702,8,5
2507.07106,10,10
2507.05980,6,5
2507.06607,45,42
2507.05455,12,9
2507.07024,42,33
2507.06920,83,55
2507.06804,50,32
2506.24044,4,2
2507.07957,45,31
2507.06167,77,51
2507.07095,11,7
2507.07105,29,21
2507.05687,57,45
2507.06457,96,65
2507.07017,96,65
2507.06448,91,67
2507.07867,2,2
2507.04886,1,0
2507.07129,1,0
2507.07574,0,0
2507.05241,24,10
2507.07484,20,14
2507.06543,5,3
2507.07202,45,35
2507.07955,5,4
2507.07982,26,21
2507.07996,47,37
2507.07136,77,52
2507.07984,52,40
2507.07990,6,4
2507.07999,33,29
2507.05964,16,13
2507.07966,45,29
2507.07998,44,35
2507.08772,18,9
2507.07994,8,6
2507.07151,7,6
2507.04517,2,2
2507.08771,57,47
2507.08128,38,26
2507.08794,50,33
2507.06952,0,0
2507.08799,7,5
2507.08801,32,23
2507.01951,5,2
2507.08800,68,54
2507.05255,25,15
2507.05397,44,36
2507.08441,34,19
2507.08776,8,6
2507.06261,83,56
2507.11137,19,16
2507.09751,2,2
2507.09074,11,10
2507.08267,1,1
2507.04218,12,8
2507.08396,63,43
2507.09104,83,57
2507.08924,6,3
2507.10065,10,9
2507.10541,64,41
2507.10548,23,18
2507.09862,34,20
2507.10524,9,7
2507.10532,53,40
2507.04404,8,5
2507.11336,0,0
2507.10571,8,7
2507.07186,10,7
2507.09411,0,0
2507.08333,1,1
2507.04127,10,6
2507.11407,7,6
2507.09082,39,30
2507.08616,3,3
2507.09075,8,5
2507.09404,4,4
2507.07104,24,18
2507.10787,33,24
2507.09025,41,36
2507.10015,6,5
2507.11764,0,0
2507.07015,14,8
2507.12367,25,16
2507.02857,12,6
2507.12462,27,21
2507.07451,16,6
2507.12463,16,13
2507.11949,22,14
2507.09477,13,12
2507.12465,118,86
2507.05065,5,5
2507.11527,7,4
2507.11412,17,15
2507.12415,32,25
2507.04984,23,13
2507.12720,6,6
2507.11589,3,2
2507.12990,8,7
2507.13300,33,25
2507.12956,6,4
2507.12508,27,25
2507.13255,13,11
2507.12142,7,6
2507.12841,34,24
2507.13332,83,58
2507.13344,27,22
2507.13347,34,14
2507.13348,33,22
2507.13334,5,3
2507.13264,9,9
2507.13391,0,0
2507.13302,3,2
2507.10605,39,27
2507.14129,7,5
2507.12566,113,88
2507.12455,6,4
2507.13984,6,6
2507.13158,14,9
2507.11097,64,48
2507.14137,7,6
2507.13563,2,0
2507.12806,68,48
2507.12674,31,27
2507.14102,1,0
2507.15640,47,27
2507.10935,6,2
2507.15815,5,4
2507.15728,24,14
2507.12549,9,6
2507.15856,39,28
2507.14295,39,31
2507.11539,45,28
2507.13428,24,20
2507.15550,12,10
2507.15778,19,11
2507.15629,63,44
2507.15028,118,87
2507.14683,42,26
2507.15846,19,13
2507.15061,91,68
2507.14119,0,0
2507.14843,67,43
2507.15852,108,78
2507.11061,6,4
2507.15597,12,7
2507.15375,39,31
2507.14417,13,13
2507.15493,19,11
2507.16813,5,4
2507.16795,10,8
2507.15454,34,20
2507.15974,35,28
2507.13541,16,14
2507.15245,1,1
2507.15024,51,36
2507.16782,16,13
2507.16814,108,79
2507.16746,25,23
2507.08422,6,5
2507.16815,19,7
2507.16812,33,25
2507.16632,56,42
2507.16784,18,13
2507.16713,7,6
2507.16880,5,4
2507.16116,27,24
2507.11465,3,2
2507.14241,68,49
2507.16725,5,4
2507.16331,113,89
2507.17512,64,43
2507.17202,16,9
2507.16863,39,26
2507.17744,113,89
2507.17745,37,26
2507.18192,14,9
2507.15807,32,16
2507.18565,1,1
2507.17402,0,0
2507.18405,3,1
2507.15595,3,0
2507.14988,3,3
2507.16038,5,3
2507.18103,10,9
2507.16802,38,26
2507.18071,78,47
2507.18464,1,0
2507.15844,47,28
2507.18537,52,41
2507.16535,22,16
2507.15758,19,14
2507.18546,0,0
2507.18634,28,25
2507.14958,18,15
2507.13546,7,6
2507.18013,25,18
2507.17957,0,0
2507.10510,3,0
2507.18742,2,2
2507.17596,0,0
2507.16534,47,38
2507.18392,5,5
2507.19478,38,29
2507.19457,30,24
2507.18553,14,11
2507.16075,15,9
2507.20198,33,19
2507.19058,20,11
2507.21035,5,2
2507.20152,6,5
2507.16806,12,11
2507.19399,2,2
2507.21848,4,3
2507.20880,23,17
2507.20900,12,9
2507.19804,17,12
2507.17189,14,13
2507.20527,22,17
2507.20025,15,10
2507.21033,25,16
2507.20187,4,2
2507.20673,69,58
2507.21045,118,88
2507.21049,18,9
2507.20939,81,71
2507.20984,4,3
2507.21046,36,23
2507.19849,30,23
2507.19766,45,24
2507.21503,17,10
2507.22061,8,4
2507.20240,20,18
2507.21183,12,7
2507.21364,1,1
2507.14111,4,1
2507.21990,22,13
2507.22058,24,18
2507.21809,68,52
2507.20254,4,0
2507.13985,5,5
2507.22565,1,0
2507.22853,0,0
2507.22886,22,12
2507.20976,3,2
2507.21802,7,6
2507.22062,45,34
2507.22607,68,53
2507.21493,15,13
2507.22448,3,3
2507.22827,35,25
2507.19427,56,43
2507.21584,33,20
2507.14793,0,0
2507.23404,3,1
2507.23436,3,1
2507.23632,1,1
2507.20519,3,2
2507.23698,10,8
2507.23257,20,14
2507.23682,26,22
2507.22968,2,2
2507.23277,9,7
2507.21509,3,2
2507.22879,45,36
2507.23779,13,11
2507.23726,96,67
2507.23374,32,25
2508.00632,4,3
2508.00823,45,29
2507.22720,41,31
2508.00782,33,24
2508.00265,22,13
2508.00454,34,22
2507.19634,9,4
2507.23361,14,12
2507.23478,28,14
2508.02124,9,7
2507.23268,32,24
2508.00819,108,80
2508.00414,54,42
2507.23348,23,15
2507.16290,25,14
2508.01415,23,15
2508.01151,9,6
2508.01287,3,3
2508.01773,2,2
2508.02605,28,15
2508.00890,23,15
2508.01109,1,1
2508.02268,8,7
2508.00910,11,8
2508.00024,1,1
2508.01408,3,3
2508.02137,51,35
2508.02558,42,27
2508.01548,16,11
2507.17520,47,29
2508.02271,5,4
2508.02317,27,17
2508.01059,3,3
2508.02150,10,8
2508.02276,33,26
2508.01959,45,30
2508.02324,83,60
2508.01691,2,2
2508.03164,2,1
2508.02063,41,32
2508.01126,14,13
2508.02630,0,0
2508.03050,57,46
2508.03793,11,4
2508.02079,41,32
2507.23284,8,6
2508.02455,4,2
2508.00477,6,6
2508.02629,7,4
2508.02091,4,2
2508.01119,17,15
2508.03320,77,53
2508.03694,118,91
2508.03686,83,61
2508.02193,96,68
2508.03012,3,3
2508.03613,67,44
2508.00367,8,6
2508.01780,16,12
2507.21974,2,2
2508.04295,14,13
2508.03448,5,2
2508.00599,118,90
2508.00222,91,69
2508.03178,2,2
2508.01197,13,6
2508.00109,45,28
2508.03970,1,1
2508.00428,11,8
2508.04632,83,62
2508.01311,7,5
2508.04010,11,7
2508.02951,39,31
2508.01226,6,3
2507.23313,0,0
2508.01778,14,10
2508.03983,12,9
2508.01928,0,0
2508.04586,10,8
2508.01191,7,3
2508.04026,96,69
2508.03680,22,19
2508.04440,14,14
2508.03501,1,1
2508.04700,108,81
2508.04280,8,8
2508.03560,23,17
2508.03905,15,11
2508.02694,96,69
2508.03789,77,61
2508.01858,10,6
2508.01630,0,0
2507.23785,21,17
2508.04664,4,4
2508.02807,10,7
2508.02215,22,19
2508.03159,7,5
2508.01650,16,11
2508.04979,5,3
2508.05128,35,23
2508.04107,3,2
2508.03404,31,20
2508.02243,13,10
2508.04939,41,34
2508.04699,7,5
2508.04946,5,4
2508.04190,63,46
2508.05618,38,29
2508.05545,41,34
2508.04423,37,28
2508.05635,31,24
2508.05630,22,14
2508.05629,29,23
2508.05004,50,35
2508.05609,118,91
2508.03990,7,4
2508.05405,31,20
2508.02120,20,14
2508.02038,16,14
2508.03923,68,50
2508.04017,4,4
2508.03644,15,11
2508.05496,11,8
2508.01242,32,26
2507.22025,14,9
2508.06494,6,5
2508.05502,14,12
2508.04482,45,28
2508.02095,24,21
2508.05547,11,10
2508.03616,0,0
2508.05988,11,5
2508.05731,12,10
2508.06433,91,70
2508.04825,0,0
2508.06471,69,49
2508.02831,2,2
2508.08134,33,25
2508.06426,2,1
2508.07662,1,1
2508.07493,47,39
2508.03346,22,19
2508.06601,15,14
2508.03542,16,14
2508.05954,54,40
2508.03365,4,3
2508.06059,7,6
2507.23701,8,5
2508.05257,12,5
2508.06811,1,1
2508.07101,5,5
2508.07407,13,8
2508.05614,19,16
2508.06026,26,18
2508.07050,30,22
2508.07999,96,71
2508.08221,60,40
2508.05305,16,14
2508.07917,39,32
2508.07981,10,5
2508.06600,68,56
2508.08189,57,47
2508.07785,12,5
2507.22034,68,51
2508.05909,6,4
2508.07629,26,19
2508.04676,8,8
2508.07485,2,2
2508.06964,4,4
2508.03936,25,17
2508.09101,23,16
2508.06813,1,1
2508.09050,0,0
2508.08292,14,11
2508.08180,0,0
2508.04195,9,8
2508.08855,9,7
2508.06485,0,0
2508.08113,15,13
2508.08974,1,1
2508.05769,1,0
2508.08680,8,7
2508.08938,1,1
2508.05813,1,0
2508.08244,118,92
2508.08896,40,26
2508.05748,91,71
2508.08086,77,54
2508.09125,13,7
2508.09062,14,8
2508.07409,83,63
2508.09138,35,21
2508.07976,9,8
2508.08088,30,24
2508.08940,27,18
2508.08248,22,15
2508.05615,19,14
2508.05399,4,2
2508.08791,53,41
2508.09123,23,19
2508.08665,0,0
2508.06937,2,2
2508.09945,69,59
2508.09667,53,42
2508.01522,1,1
2508.07237,17,13
2508.09603,67,45
2508.06944,14,11
2508.07321,4,3
2508.09456,51,44
2508.09776,2,1
2508.09752,4,4
2508.09192,68,54
2508.09968,11,11
2508.09983,8,7
2508.09726,12,11
2508.08401,51,44
2508.07901,21,15
2508.09736,55,38
2508.09987,77,62
2508.07750,13,9
2508.05613,19,16
2508.06009,8,5
2508.09889,13,2
2508.10751,14,8
2508.10482,2,2
2508.10860,9,5
2508.10576,9,6
2508.10637,3,3
2508.10893,27,23
2508.10833,15,14
2508.10875,11,10
2508.10898,52,41
2508.10881,81,72
2508.09848,45,31
2508.10433,26,20
2508.10711,54,43
2508.06429,0,0
2508.11616,5,5
2508.10461,0,0
2508.10894,1,1
2508.11203,2,2
2508.10868,7,5
2508.11255,6,5
2508.10395,23,22
2508.10975,3,3
2508.11630,52,42
2508.10874,40,20
2508.10104,24,22
2508.11116,16,13
2508.12790,12,7
2508.13968,54,41
2508.11252,8,5
2508.12730,1,1
2508.12466,2,2
2508.13104,16,15
2508.11379,11,9
2508.12945,42,29
2508.11598,5,4
2508.11383,10,6
2508.13009,77,55
2508.13142,118,93
2508.12880,19,13
2508.12811,27,24
2508.09834,45,31
2508.13154,118,93
2508.10419,45,32
2508.11737,45,29
2508.12782,4,4
2508.12800,6,4
2508.11548,5,3
2508.11386,2,2
2508.10478,3,1
2508.09789,3,1
2508.13139,49,40
2508.11032,25,17
2508.13320,1,1
2508.12535,1,1
2508.04326,15,11
2508.04038,0,0
2508.12845,1,1
2508.13804,0,0
2508.13992,31,20
2508.13632,42,30
2508.12903,10,9
2508.04324,63,47
2508.13167,96,72
2508.14041,20,10
2508.06905,39,33
2508.13186,96,72
2508.13998,6,5
2508.13948,22,21
2508.10830,25,15
2508.08777,3,1
2508.12669,5,4
2508.12040,10,9
2508.09131,49,40
2508.13745,0,0
2508.11408,78,50
2508.10137,41,37
2508.14568,0,0
2508.14187,6,3
2508.15754,83,64
2508.13680,3,3
2508.12594,0,0
2508.13421,0,0
2508.14811,35,22
2508.14896,34,28
2508.14111,51,37
2508.14704,68,52
2508.14444,67,46
2508.13491,14,10
2508.14879,34,22
2508.11987,96,74
2508.14460,29,20
2508.14160,40,27
2508.15772,20,15
2508.14892,23,19
2508.15641,0,0
2508.09998,6,5
2508.15418,19,12
2508.15202,37,29
2508.15752,18,13
2508.15767,14,14
2508.15760,13,8
2508.15769,17,17
2508.15126,15,7
2508.15761,14,14
2508.15144,91,72
2508.15260,27,22
2508.15763,113,93
2508.15361,31,17
2508.10390,7,5
2508.16359,0,0
2508.15868,5,4
2508.16072,44,38
2508.13562,38,25
2508.13797,16,16
2508.14037,2,1
2508.15881,29,21
2508.16292,44,34
2508.15746,15,13
2508.16402,25,21
2508.13650,10,8
2508.13013,118,95
2508.08240,35,23
2508.16279,78,52
2508.14029,23,20
2508.16153,32,23
2508.07877,0,0
2508.18190,9,5
2508.17821,9,7
2508.17811,9,9
2508.16838,1,1
2508.17061,0,0
2508.18159,0,0
2508.17973,2,1
2508.17326,0,0
2508.17290,4,2
2508.17298,39,34
2508.16790,9,9
2508.18076,1,1
2508.17188,14,10
2508.16949,20,15
2508.18264,5,5
2508.17472,52,42
2508.16745,9,8
2508.19201,2,1
2508.16577,4,3
2508.18032,7,4
2508.18255,3,3
2508.18265,113,94
2508.17580,67,47
2508.18672,4,3
2508.18271,40,31
2508.15213,2,1
2508.19202,33,27
2508.19026,17,7
2508.18921,0,0
2508.18192,8,6
2508.16697,5,4
2508.19500,11,11
2508.17621,5,3
2508.17234,10,7
2508.18370,11,9
2508.18579,0,0
2508.19188,15,12
2508.18773,13,11
2508.19205,69,60
2508.15804,3,3
2508.18124,51,46
2508.19247,17,10
2508.19209,10,8
2508.17445,96,75
2508.18756,17,14
2508.17661,1,1
2508.19242,19,8
2508.18621,78,53
2508.15774,118,96
2508.17437,17,13
2508.17924,2,1
2508.16067,1,1
2508.19559,1,1
2508.18179,1,1
2508.19527,1,1
2508.20033,30,25
2508.19493,2,1
2508.19229,38,30
2508.15882,1,1
2508.19228,13,12
2508.19982,14,13
2508.19320,63,32
2508.20072,60,53
2508.19827,3,0
2508.20096,108,86
2508.19652,50,36
2508.20088,81,73
2508.17450,6,6
2508.21052,3,2
2508.18633,42,32
2508.17502,4,4
2508.15228,118,97
2508.21061,1,1
2508.21046,55,41
2508.21070,10,8
2508.20755,2,2
2508.20766,27,19
2508.21066,26,19
2508.20751,69,51
2508.20453,9,6
2508.18966,18,12
2508.20722,52,43
2508.21058,28,26
2508.21060,14,8
2508.20374,13,9
2508.20404,14,12
2508.21188,20,17
2508.17008,0,0
2508.19600,0,0
2508.20085,13,12
2508.21172,0,0
2508.21456,2,2
2508.17380,51,40
2508.14197,6,4
2508.21376,28,26
2508.17677,13,7
2508.13618,35,30
2508.21290,15,13
2508.21365,14,14
2508.20470,5,5
2508.21112,11,8
2508.21113,24,19
2508.21148,113,95
2508.18106,49,42
2508.21767,9,4
2508.19060,0,0
2508.19562,0,0
2508.17378,8,8
2508.17198,11,10
2508.21104,33,21
2508.20931,9,8
2508.19813,63,51
2509.00425,7,4
2509.00581,41,36
2509.01360,10,7
2508.21038,9,8
2509.02046,28,27
2509.02040,1,1
2509.01584,9,8
2509.00244,32,18
2509.00531,5,4
2509.01250,16,7
2509.01790,7,5
2509.00404,52,44
2509.02133,41,36
2508.20586,13,11
2508.21334,1,0
2509.02379,8,5
2509.00578,3,3
2509.01984,16,14
2509.02523,1,0
2509.01610,10,8
2509.01052,5,5
2509.02547,40,26
2509.02544,96,76
2509.00676,43,37
2509.02479,32,27
2509.02563,25,24
2509.01055,68,57
2509.01363,27,20
2509.01215,45,33
2508.21496,108,87
2509.00605,0,0
2509.01563,52,44
2509.01644,25,18
2509.02522,22,21
2509.02460,81,74
2509.02534,38,31
2509.01440,3,2
2509.02333,4,3
2509.02208,52,44
2509.01977,3,3
2509.00930,3,3
2509.02530,14,11
2509.00428,9,8
2509.03403,35,25
2509.02722,4,4
2509.03405,16,15
2509.01106,55,43
2509.00375,21,15
2509.03888,5,4
2509.04442,8,8
2508.18733,1,0
2509.04434,4,4
2509.04406,23,21
2508.20478,15,13
2509.03059,52,47
2509.04394,51,42
2509.01396,32,19
2509.04292,96,77
2509.04419,36,25
2509.04338,15,12
2509.03867,21,17
2509.04011,6,4
2509.04575,5,4
2509.04013,1,1
2509.03800,8,6
2509.02437,6,5
2509.05296,20,16
2509.04504,12,8
2509.04744,20,16
2509.04664,5,5
2509.04185,16,15
2509.05263,13,10
2509.03680,28,22
2509.05208,44,40
2509.06285,7,6
2509.00328,0,0
2509.03740,0,0
2509.06631,3,0
2509.06786,36,27
2509.06809,6,5
2509.06771,2,1
2509.04582,15,12
2509.05668,1,0
2509.06861,12,12
2509.03516,63,33
2509.06493,7,4
2509.06477,33,24
2509.06945,51,43
2509.06155,34,25
2509.06501,68,58
2509.06949,36,30
2509.06917,26,18
2509.06467,23,14
2509.06160,96,78
2509.01656,39,35
2509.02108,0,0
2509.06461,6,4
2509.06283,68,53
2509.06733,17,14
2509.07301,16,12
2509.07253,4,4
2509.06938,0,0
2509.01624,4,3
2509.07558,22,22
2509.07968,5,5
2509.06942,18,11
2509.06830,1,1
2509.06923,13,6
2509.06951,47,30
2509.07414,27,23
2509.03646,68,59
2509.07295,44,35
2509.07969,55,44
2509.07979,12,7
2509.07980,50,37
2509.08721,2,2
2509.06818,18,13
2509.05209,15,11
2509.08088,7,3
2509.08494,0,0
2509.07054,0,0
2509.08358,10,7
2509.06870,38,32
2509.08826,38,28
2509.09675,50,38
2509.08827,57,49
2509.06784,45,30
2509.08755,53,43
2509.07996,118,98
2509.05739,19,15
2509.09114,2,2
2509.09313,0,0
2509.07430,8,8
2509.09332,14,6
2509.09594,4,4
2509.07225,1,1
2509.09254,25,16
2509.09614,68,54
2509.09286,33,27
2509.06266,23,20
2509.01964,7,2
2509.08031,9,7
2509.06888,17,16
2509.08519,20,17
2509.09674,45,33
2509.06806,4,3
2509.09174,35,32
2509.09372,15,11
2509.09265,69,54
2509.09680,77,63
2509.09676,29,19
2509.09666,47,31
2509.09595,63,34
2509.09118,31,18
2509.09926,2,2
2509.08825,3,3
2509.09990,9,7
2509.09524,1,0
2509.01535,4,3
2509.04500,36,26
2509.07966,0,0
2509.09716,42,29
2509.10058,1,0
2509.09737,5,5
2509.04996,2,1
2509.09995,14,11
2509.09677,25,18
2509.10441,40,28
2509.08643,45,31
2509.10147,6,6
2509.09734,7,6
2509.09713,13,8
2509.08270,1,1
2509.10396,30,24
2509.06652,2,1
2509.12132,17,15
2509.11648,2,2
2509.11866,27,21
2509.10844,32,27
2509.11425,41,38
2509.11444,0,0
2509.11963,1,1
2509.11362,25,21
2509.09658,5,4
2509.11492,0,0
2509.10884,28,17
2509.11452,27,19
2509.10708,0,0
2509.12203,34,26
2509.11986,6,5
2509.10813,34,23
2509.07403,22,17
2509.11543,91,73
2509.12201,44,41
2509.09672,4,3
2509.10687,68,55
2509.06079,39,27
2509.12521,1,1
2509.13177,3,1
2509.10706,3,3
2509.12341,31,19
2509.11526,30,20
2509.10696,8,6
2509.11177,2,2
2509.12603,50,39
2509.11481,0,0
2509.13317,45,31
2509.13310,91,74
2509.13312,91,74
2509.13305,91,74
2509.13313,91,74
2509.12541,0,0
2509.13309,91,74
2509.12815,68,55
2509.13232,2,2
2509.13311,91,74
2509.13683,28,24
2509.14180,0,0
2509.13353,0,0
2509.14284,54,42
2509.11114,3,3
2509.14026,11,11
2509.13450,77,57
2509.13523,2,2
2509.12474,35,26
2509.14142,77,57
2509.14008,27,22
2508.14880,24,21
2509.13761,6,3
2509.14055,78,60
2509.13755,15,13
2509.14232,113,96
2509.12989,24,13
2509.14033,31,23
2509.13642,8,6
2509.06482,1,1
2509.15178,5,5
2509.10402,6,0
2509.06216,47,32
2509.14977,38,26
2509.13399,39,33
2509.15020,2,0
2509.09307,35,33
2509.14638,12,8
2509.10397,9,9
2509.15212,40,29
2509.14233,6,6
2509.15221,113,97
2509.14760,56,46
2509.14476,23,15
2509.15207,45,43
2509.15130,37,32
2509.13160,96,79
2509.15185,52,44
2509.15194,50,40
2509.15123,68,57
2509.14627,0,0
2509.16622,31,23
2509.15233,32,28
2509.15061,42,30
2509.13989,12,6
2509.15496,13,12
2509.10452,4,3
2509.15937,53,44
2509.16127,32,24
2509.14981,22,17
2509.15591,11,10
2509.16197,28,25
2509.16198,26,22
2509.15566,5,2
2509.18083,6,6
2509.18094,81,75
2509.18053,19,9
2509.17938,8,8
2509.17641,3,2
2509.17786,4,3
2509.16415,28,18
2509.17399,1,0
2509.16633,0,0
2509.09873,47,33
2509.14856,9,7
2509.04441,7,7
2509.17998,4,4
2509.17277,1,0
2509.17191,28,26
2509.16195,2,2
2509.16548,33,26
2509.18010,9,5
2509.16591,64,48
2509.15248,11,10
2509.15709,2,2
2509.17428,4,3
2509.17765,78,61
2509.17567,33,28
2509.17627,18,15
2509.17158,4,4
2509.18056,10,9
2509.17985,3,3
2509.16117,35,28
2509.16941,6,4
2509.17396,4,3
2509.18091,14,13
2509.16596,53,45
2509.18084,11,9
2509.17177,16,13
2509.18058,25,19
2509.17671,3,1
2509.17336,10,9
2509.17818,11,9
2509.18095,3,3
2509.17437,68,58
2509.13835,4,4
2509.19300,35,27
2509.18090,4,3
2509.18030,13,10
2509.19274,4,4
2509.17321,1,1
2509.19087,5,5
2509.18282,10,10
2509.17083,18,10
2509.17349,9,6
2509.19170,5,3
2509.19002,33,25
2509.18824,18,17
2509.16506,5,5
2509.18174,4,3
2509.19249,16,14
2509.18154,57,50
2509.14635,11,6
2509.18644,51,47
2509.18905,81,76
2509.18849,18,16
2509.19297,28,17
2509.19284,5,3
2509.19296,28,23
2509.16080,0,0
2509.18480,15,13
2509.14745,47,34
2509.18400,2,2
2509.19760,52,48
2509.19244,16,13
2509.21164,1,0
2509.20358,22,18
2509.20360,13,11
2509.16990,2,2
2509.20317,108,88
2509.20354,9,9
2509.20328,7,6
2509.19580,10,7
2509.19228,9,9
2509.21302,5,5
2509.21106,2,2
2509.20293,7,7
2509.20136,39,32
2509.19282,23,20
2509.21317,45,33
2509.20868,1,1
2509.19676,2,2
2509.20878,11,8
2509.20109,39,29
2509.20706,12,7
2509.20394,1,1
2509.18293,1,1
2509.20414,29,25
2509.21113,11,8
2509.21042,31,28
2509.21070,64,49
2509.19736,68,55
2509.21318,28,24
2509.19803,33,26
2509.21268,68,59
2509.21320,51,45
2509.21240,10,8
2509.21245,21,20
2509.21138,3,2
2509.21117,35,27
2509.20427,54,46
2509.20712,29,13
2509.19301,21,19
2509.21278,14,7
2509.21114,18,15
2509.21072,13,7
2509.14662,47,40
2509.20186,69,61
2509.21294,3,2
2509.21710,17,13
2509.21760,16,14
2509.21388,3,3
2509.20787,2,2
2509.21319,12,9
2509.21799,6,5
2509.21574,7,6
2509.19768,16,15
2509.21559,1,0
2509.22650,16,14
2509.21150,26,23
2509.22630,57,51
2509.22496,6,5
2509.22636,6,3
2509.22300,7,7
2509.22624,108,89
2509.18420,0,0
2509.20906,0,0
2509.21991,4,4
2509.21500,38,27
2509.22642,47,35
2509.22414,9,6
2509.22644,77,64
2509.22622,39,28
2509.22186,113,98
2509.22576,9,7
2509.22611,25,25
2509.22637,32,26
2509.21679,6,1
2509.21880,6,1
2509.23661,118,99
2509.22638,68,60
2509.19894,22,18
2509.22281,34,23
2509.22601,17,12
2509.22072,6,6
2509.22653,20,11
2509.21766,14,11
2509.22651,77,64
2509.22075,1,1
2509.22647,108,89
2509.21989,27,23
2509.23866,77,59
2509.25176,40,33
2509.22820,0,0
2509.25077,19,18
2509.24663,57,52
2509.25131,19,14
2509.24473,83,70
2509.25149,38,28
2509.23285,30,24
2509.24372,3,2
2509.22572,32,29
2509.25413,15,15
2509.22921,4,4
2509.24494,11,8
2509.24317,13,11
2509.25180,39,29
2509.21875,22,15
2509.24335,4,4
2509.23924,13,8
2509.23196,31,20
2509.23564,22,15
2509.23219,40,31
2509.25370,26,19
2509.25137,38,33
2509.23050,22,15
2509.22824,68,61
2509.22220,8,7
2509.23102,67,48
2509.24695,68,60
2509.24900,63,35
2509.24007,113,99
2509.23808,10,7
2509.24897,118,100
2509.23426,4,4
2509.22193,11,9
2509.25190,118,100
2509.23909,25,18
2509.24006,35,29
2509.25175,19,18
2509.24014,46,40
2509.25106,96,80
2509.25191,77,59
2509.24981,19,11
2509.25161,81,77
2509.23951,63,35
2509.22799,96,80
2509.25123,57,52
2509.25084,91,80
2509.24726,38,28
2509.25160,19,18
2509.26542,8,5
2509.22613,32,26
2509.25085,15,14
2509.25339,18,15
2509.25397,2,2
2509.21361,0,0
2509.24207,37,34
2509.26495,23,18
2509.23166,5,5
2509.26539,23,18
2510.00231,14,9
2509.24088,3,2
2509.23094,7,6
2509.25666,54,43
2509.24732,0,0
2509.24510,3,2
2509.23773,45,38
2509.25631,1,1
2509.25134,1,1
2509.25082,3,2
2509.25248,9,9
2509.16944,8,6
2509.23610,9,9
2509.25810,15,13
2509.25189,40,34
2509.26476,5,4
2509.26645,17,12
2509.26507,0,0
2509.24002,15,13
2509.25541,47,41
2509.25911,45,34
2509.23873,91,81
2509.25760,69,56
2509.26625,32,22
2509.25182,39,31
2509.26536,41,38
2509.26226,18,10
2509.25154,7,7
2509.25848,8,5
2509.26618,17,12
2509.25758,7,6
2509.26391,32,26
2509.26490,19,8
2509.26488,46,41
2509.26030,29,26
2509.26603,26,21
2509.26231,24,18
2509.26628,29,18
2509.22646,67,49
2510.00492,22,19
2509.23250,23,19
2509.25916,8,6
2510.00536,68,56
2509.25045,0,0
2510.01152,2,2
2509.22887,5,5
2510.01070,10,9
2510.00510,45,35
2509.25162,43,38
2509.19185,47,37
2510.00225,3,3
2509.25411,10,8
2510.01061,28,25
2510.01037,32,25
2510.00777,4,4
2510.00553,13,10
2509.26514,39,30
2509.25531,7,6
2510.00232,20,18
2510.00526,36,28
2509.25454,67,50
2510.01051,30,23
2509.22944,0,0
2510.00406,14,10
2509.25849,96,82
2509.25455,4,2
2510.01174,57,48
2510.00438,20,14
2510.00977,18,10
2510.01180,67,50
2509.25301,96,82
2509.26346,68,63
2510.00184,10,7
2510.00967,6,6
2510.00931,15,15
2510.00615,20,16
2509.24203,14,14
2510.00428,5,5
2510.01538,14,13
2510.01670,9,6
2510.02263,25,25
2509.21789,31,24
2510.01123,12,11
2509.26376,17,8
2510.02295,23,21
2510.02259,9,7
2510.00523,12,10
2509.26313,12,8
2510.01143,6,6
2510.01796,2,2
2509.24304,45,37
2510.01241,38,29
2510.02306,22,19
2510.02272,13,10
2509.25729,0,0
2510.00537,3,3
2510.00137,9,8
2510.01260,8,6
2510.01581,54,44
2510.02315,7,6
2510.01691,23,18
2510.01304,51,46
2510.01623,28,18
2510.00446,11,8
2510.02283,54,46
2509.22582,9,8
2510.02314,20,12
2510.02209,36,34
2510.02294,54,46
2510.01265,67,52
2510.02297,39,30
2510.01284,2,2
2510.01149,11,10
2510.02286,10,10
2510.02245,45,37
2510.01591,50,41
2510.01179,8,8
2510.02253,9,9
2510.01346,1,1
2510.02240,33,24
2510.01817,2,0
2510.01444,50,41
2510.02190,15,14
2510.02250,24,22
2509.22067,14,12
2510.02173,9,8
2510.01459,0,0
2510.01698,3,3
2510.03230,14,11
2510.03160,20,16
2510.02730,0,0
2510.02657,2,2
2510.01354,3,3
2509.23291,5,4
2510.00177,20,16
2510.02880,5,4
2510.02571,7,5
2510.02110,12,11
2509.25944,21,17
2509.24975,17,14
2510.02375,9,9
2510.00658,10,9
2510.01132,3,2
2510.03232,19,10
2510.03120,57,54
2510.01329,16,14
2510.01141,6,6
2510.00938,8,7
2510.00515,64,51
2509.23202,14,12
2509.26388,25,20
2510.02665,24,19
2510.02410,5,4
2510.03194,15,10
2509.22033,14,13
2509.26354,24,17
2509.25771,63,38
2510.03574,5,5
2509.25122,12,11
2510.01879,1,1
2510.03204,9,8
2510.01068,60,55
2510.04072,30,29
2510.04136,6,5
2510.05081,22,19
2510.04434,3,2
2510.03857,9,8
2510.04016,1,1
2510.03434,0,0
2510.00732,9,7
2509.24613,1,1
2510.04995,1,0
2510.04860,54,45
2510.04786,3,3
2510.04226,9,8
2510.04399,4,1
2510.01645,4,3
2510.01586,13,10
2510.00507,31,25
2510.05040,1,1
2510.04979,1,0
2510.02350,2,1
2510.05093,47,38
2510.04694,10,5
2510.02919,4,4
2510.03755,3,3
2510.04618,26,21
2510.05096,57,49
2510.05034,27,22
2510.03632,4,4
2510.05094,118,102
2510.05025,29,27
2510.03871,1,1
2510.03561,2,1
2510.03264,67,53
2510.04800,12,11
2510.04290,28,25
2510.00499,42,32
2510.04673,24,22
2510.05069,5,5
2510.00263,27,24
2510.02387,21,19
2510.04996,26,24
2510.03528,3,2
2510.05091,77,66
2510.01161,6,5
2510.05122,37,33
2510.05342,1,0
2510.05137,91,82
2510.04514,5,5
2510.05156,15,12
2509.21499,4,4
2510.06218,30,21
2510.05681,9,6
2510.03978,15,12
2510.01353,29,27
2510.02341,13,11
2510.06101,1,1
2510.06139,10,9
2510.06107,6,6
2510.06030,0,0
2510.05934,1,1
2510.06596,4,2
2510.06528,10,9
2510.06199,2,2
2510.06071,0,0
2510.04087,1,0
2510.02300,27,22
2510.06213,25,20
2510.05367,7,6
2510.06056,13,11
2510.06036,13,10
2510.04871,4,4
2510.05592,67,54
2510.06217,26,22
2509.26328,68,61
2510.03270,68,57
2510.04162,1,1
2510.06052,46,42
2510.04081,64,52
2510.05318,26,22
2510.06208,47,40
2510.05571,24,23
2509.24107,0,0
2509.23379,13,11
2510.03506,42,36
2510.05251,6,4
2510.05485,2,2
2510.05560,7,6
2510.06182,16,16
2510.05432,14,12
2510.06131,17,16
2510.06219,17,14
2510.04506,17,17
2510.06062,29,15
2510.05396,5,5
2510.06953,6,4
2510.05491,23,22
2510.01982,69,57
2510.07313,13,10
2510.07307,31,28
2510.04999,1,0
2510.06261,14,13
2510.07041,4,4
2510.07037,1,1
2510.07550,10,8
2510.05152,5,5
2510.06888,2,1
2510.06855,2,2
2510.06426,33,28
2509.21842,83,71
2510.06475,33,28
2510.05891,45,35
2510.04910,12,11
2509.24375,38,30
2510.06673,29,24
2510.06607,16,15
2510.06783,18,17
2510.07143,24,19
2510.05057,35,28
2510.03215,51,47
2510.06590,27,22
2510.06308,113,100
2510.06710,45,36
2510.06917,39,35
2510.07315,16,14
2510.06557,17,16
2510.07318,10,9
2510.07310,12,8
2510.04230,12,11
2510.04212,0,0
2510.05644,4,4
2510.06751,33,26
2510.05862,33,28
2510.04204,35,34
2510.07019,45,39
2510.07238,20,19
2510.04678,33,28
2510.01954,31,25
2510.08556,7,7
2509.24817,16,12
2509.26633,21,20
2510.08559,54,46
2510.03117,17,13
2510.08203,19,15
2509.24797,25,19
2510.08425,6,6
2510.08549,13,13
2510.08276,51,41
2510.08271,28,26
2509.23500,14,13
2510.07790,35,29
2510.07048,2,1
2510.02994,10,9
2510.08547,45,36
2510.07958,51,41
2510.07429,41,39
2510.07314,3,3
2510.06209,25,19
2510.02590,3,2
2510.07743,20,17
2510.08008,31,29
2510.06915,33,29
2510.08431,35,30
2510.08485,18,16
2510.08540,83,72
2510.08377,69,64
2510.03222,7,7
2510.06679,19,15
2510.03279,2,1
2510.08555,69,55
2510.03259,6,3
2510.07499,22,20
2509.23768,8,6
2510.08191,17,13
2510.08240,38,34
2510.08558,43,39
2510.07242,22,18
2510.08551,34,26
2510.08529,51,48
2510.08143,69,55
2510.07546,3,1
2510.08565,77,68
2510.03663,68,58
2510.08002,113,101
2510.08308,33,29
2510.08483,36,35
2510.07172,5,3
2510.08211,30,28
2510.09517,15,13
2510.09510,33,30
2510.08047,12,10
2510.07861,51,43
2510.07745,13,11
2510.01119,0,0
2510.09592,34,27
2510.09462,25,21
2510.08867,14,13
2510.09535,55,47
2510.08872,15,11
2510.08994,52,45
2510.05608,43,42
2510.09320,15,9
2510.07319,19,12
2510.07151,4,3
2510.05528,25,18
2510.08564,4,4
2510.08649,0,0
2510.07656,1,1
2510.09577,45,44
2510.02898,0,0
2510.07793,4,3
2510.09561,17,11
2510.06274,4,3
2510.04759,18,11
2510.05684,12,12
2510.08673,55,47
2510.09426,7,5
2510.09608,39,33
2510.09201,22,21
2510.04533,12,9
2510.08759,34,29
2510.08697,36,31
2510.06499,68,59
2510.09558,6,5
2510.08525,33,27
2510.09606,35,30
2510.08696,5,5
2510.07959,6,5
2510.08457,12,8
2510.09507,17,9
2510.07896,4,3
2510.08492,9,9
2510.08189,38,31
2510.07962,19,11
2510.07624,5,5
2510.08026,16,15
2510.07841,36,29
2510.10023,7,7
2510.10868,3,2
2510.09023,19,16
2510.11498,60,46
2510.11718,77,69
2510.11512,32,24
2510.10062,37,35
2510.10681,6,5
2510.11647,31,26
2510.11650,3,3
2510.05213,54,47
2510.11713,44,36
2510.11496,54,48
2510.09474,36,29
2510.09189,29,25
2510.08744,13,12
2510.07731,36,29
2510.04201,0,0
2510.10715,13,9
2510.01427,15,11
2510.09905,5,3
2510.10047,14,11
2510.09008,6,6
2510.09541,30,26
2510.10637,40,34
2510.11696,39,34
2510.11690,27,20
2510.11052,6,5
2510.10689,96,84
2510.09285,45,40
2510.11341,113,102
2510.11701,36,31
2510.10395,63,42
2510.11712,33,24
2510.11652,96,84
2510.10201,69,58
2510.10666,68,65
2510.10197,13,8
2510.08886,25,22
2510.09212,15,15
2510.10670,69,58
2510.04617,19,8
2510.11026,17,15
2510.11769,22,19
2510.09781,9,8
2510.11391,69,62
2510.11027,113,102
2510.08783,41,40
2510.11967,9,7
2510.09782,7,5
2510.08532,22,20
2510.12777,5,4
2510.11919,8,8
2510.11606,113,104
2510.12793,113,104
2510.12088,54,48
2510.06727,9,5
2510.12117,2,2
2510.09259,6,6
2510.08666,12,9
2510.11545,69,63
2510.09776,4,3
2510.09263,19,17
2510.12497,63,44
2510.11851,32,25
2510.11570,32,25
2510.11330,5,5
2510.09062,1,1
2510.11661,33,29
2510.11000,32,30
2510.12225,25,21
2510.12269,0,0
2510.12402,14,13
2510.12403,11,11
2510.12586,10,9
2510.11693,68,62
2510.09116,14,11
2510.12323,19,13
2510.12798,49,44
2510.12399,22,21
2510.12747,14,12
2510.12773,25,22
2510.12276,14,11
2510.12693,36,32
2510.11057,7,6
2510.12801,23,19
2510.11602,3,2
2510.11683,36,36
2510.12709,77,70
2510.01171,11,10
2510.12789,3,3
2510.12784,52,47
2510.11892,2,2
2510.12635,13,11
2510.10611,11,9
2510.11958,9,7
2510.13940,63,45
2510.13602,57,55
2510.13744,68,60
2510.12866,44,37
2510.12560,1,0
2510.12831,22,17
2510.09913,50,43
2510.07414,9,9
2510.11715,5,5
2510.13714,1,1
2510.11170,11,11
2510.10930,13,13
2510.13255,38,32
2510.11653,1,1
2510.10494,9,7
2510.13586,1,0
2510.10977,25,20
2510.12872,14,12
2510.13282,2,1
2510.10581,11,9
2510.10921,42,36
2510.13759,118,106
2510.13678,17,13
2510.13344,33,30
2510.13795,24,20
2510.13554,45,36
2510.13809,63,45
2510.13786,15,14
2510.13747,25,20
2510.13802,33,31
2510.13626,42,33
2510.13804,36,32
2510.04767,7,7
2510.07944,23,20
2510.13778,113,106
2510.13621,20,20
2510.10274,34,26
2510.13800,15,10
2510.13515,33,30
2510.11438,6,6
2510.11062,68,63
2510.14961,25,22
2510.14969,25,22
2510.10472,20,16
2510.13996,3,2
2510.14807,15,13
2510.13454,16,15
2510.14974,43,40
2510.14978,15,12
2510.13697,3,1
2510.14211,4,4
2510.14955,118,104
2510.14351,1,1
2510.14095,9,8
2510.14913,9,9
2510.10390,5,4
2510.14976,12,8
2510.14919,20,16
2510.13913,68,61
2510.14942,10,10
2510.14252,13,12
2510.06694,10,9
2510.12764,16,15
2510.13161,4,4
2510.14949,25,22
2510.14300,34,28
2510.13054,4,3
2510.14616,96,86
2510.14528,26,22
2510.04849,10,8
2510.14545,30,25
2510.14975,54,49
2510.14359,24,21
2510.14240,68,61
2510.13998,69,64
2510.14847,10,10
2510.14973,11,11
2510.14943,10,10
2510.14972,10,9
2510.14979,118,104
2510.14958,77,71
2510.13928,33,32
2510.13217,5,4
2510.14880,3,3
2510.10518,69,59
2510.14902,14,12
2510.09033,9,9
2510.14276,91,83
2510.14763,45,37
2510.14980,15,13
2510.14967,5,5
2510.15624,13,11
2510.14438,54,50
2510.15859,11,11
2510.15564,5,4
2510.11328,10,9
2510.14630,13,12
2510.15232,33,31
2510.15264,28,19
2510.14077,12,12
2510.15162,19,16
2510.15280,14,14
2510.15262,16,13
2510.15110,67,55
2510.14853,25,23
2510.15831,15,13
2510.15444,19,18
2510.15870,45,35
2510.15019,35,31
2510.14265,39,31
2510.15869,20,13
2510.15301,69,60
2510.15742,33,27
2510.15868,20,13
2510.15842,15,14
2510.15857,68,63
2510.12766,4,4
2510.12838,96,87
2510.11288,10,9
2510.17793,68,64
2510.17790,23,20
2510.17431,6,6
2510.16641,12,9
2510.16136,3,3
2510.14605,24,23
2510.16499,16,15
2510.16156,8,8
2510.16259,5,5
2510.15768,4,4
2510.15527,0,0
2510.16727,0,0
2510.16380,67,56
2510.16258,4,4
2510.06471,8,8
2510.16276,2,1
2510.15021,44,38
2510.16720,9,9
2510.17498,26,25
2510.17797,68,64
2510.17269,12,10
2510.17800,40,34
2510.17681,113,108
2510.16333,16,10
2510.17715,69,65
2510.17354,30,26
2510.16449,83,75
2510.16872,6,5
2510.17960,12,10
2510.15821,33,28
2510.17509,6,6
2510.16888,28,26
2510.16751,2,1
2510.17795,41,39
2510.17803,7,7
2510.15346,6,4
2510.14264,1,1
2510.18873,22,21
2510.17045,2,2
2510.18087,14,11
2510.15710,55,49
2510.07581,11,8
2510.17862,29,26
2510.18489,18,13
2510.16505,18,18
2510.17928,21,18
2510.17388,0,0
2510.18081,56,49
2510.15136,0,0
2510.14463,0,0
2510.13982,0,0
2510.15862,1,1
2510.15600,40,33
2510.17519,6,5
2510.18234,13,12
2510.18795,16,10
2510.18554,19,18
2510.18121,68,64
2510.18866,41,40
2510.18135,27,23
2510.18855,31,27
2510.16880,51,49
2510.18692,8,8
2510.18876,33,25
2510.18701,69,59
2510.17699,7,7
2510.18632,19,10
2510.18849,45,40
2510.17722,60,50
2510.18775,16,14
2510.18019,2,2
2510.18250,16,10
2510.18726,60,50
2510.17932,9,6
2510.19286,7,5
2510.18940,7,6
2510.16844,30,27
2510.19127,20,20
2510.19028,7,6
2510.18091,6,5
2510.18279,5,5
2510.19386,31,27
2510.18917,1,1
2510.18909,31,31
2510.19753,6,6
2510.18840,14,14
2510.18428,5,5
2510.18034,14,10
2510.16435,0,0
2510.19492,9,9
2510.19457,7,5
2510.19430,18,14
2510.15050,22,19
2510.19338,27,23
2510.18927,53,47
2510.19363,52,49
2510.15015,13,11
2510.15731,5,5
2510.19307,19,13
2510.19808,23,21
2510.20168,16,15
2510.15511,3,3
2510.19488,78,64
2510.19817,18,15
2510.19336,31,28
2510.18313,15,11
2510.19592,6,6
2510.18941,67,57
2510.19316,13,13
2510.19631,16,15
2510.20771,47,41
2510.12487,4,3
2510.20668,33,26
2510.17853,2,2
2510.20270,5,5
2510.18413,21,18
2510.19995,13,12
2510.19423,0,0
2510.17896,3,2
2510.15804,4,3
2510.20820,47,41
2510.18245,22,20
2510.20470,45,38
2510.20362,1,1
2510.20733,6,5
2510.19600,12,9
2510.20803,27,23
2510.19779,7,7
2510.20579,33,26
2510.20766,21,20
2510.19304,6,6
2510.20822,27,24
2510.20187,50,45
2510.16917,19,14
2510.18821,5,5
2510.19365,0,0
2510.16893,19,14
2510.19944,52,50
2510.21057,19,19
2510.20535,1,0
2510.21553,0,0
2510.21447,14,14
2510.20780,14,13
2510.20708,0,0
2510.21652,6,6
2510.21581,28,27
2510.11370,21,18
2510.21111,8,7
2510.17234,23,22
2510.20206,113,109
2510.21440,3,3
2510.21223,15,15
2510.20479,15,15
2510.21618,33,29
2510.14901,27,24
2510.21682,23,22
2510.18212,118,106
2510.20888,22,18
2510.19871,81,78
2510.21270,42,34
2510.20286,39,31
2510.21697,22,21
2510.13251,3,2
2510.21583,56,50
2510.21800,16,14
2510.23272,69,66
2510.22975,3,3
2510.21003,45,39
2510.23605,11,11
2510.23594,23,22
2510.21986,47,43
2510.22907,31,22
2510.16320,29,26
2510.22849,1,1
2510.22317,0,0
2510.22236,0,0
2510.20512,24,20
2510.22603,6,5
2510.22010,8,7
2510.23544,33,32
2510.07723,22,20
2510.23571,10,10
2510.22733,37,27
2510.22946,25,21
2510.23595,16,12
2510.23607,33,26
2510.23564,11,7
2510.23587,23,21
2510.23581,12,10
2510.22706,118,107
2510.21817,22,21
2510.23588,26,25
2510.22201,16,11
2510.22521,9,9
2510.23052,12,11
2510.23451,13,10
2510.23603,49,45
2510.23393,4,4
2510.22200,22,21
2510.23479,33,30
2510.22768,10,8
2510.23925,27,23
2510.24645,77,62
2510.21978,7,7
2510.20661,63,54
2510.24684,38,36
2510.24448,3,3
2510.22373,11,8
2510.22795,3,3
2510.22319,69,61
2510.24591,23,21
2510.22590,0,0
2510.22099,4,4
2510.21323,1,1
2510.22728,26,24
2510.23667,5,4
2510.22264,0,0
2510.23828,7,7
2510.20155,15,14
2510.24693,108,93
2510.24698,78,65
2510.24320,53,48
2510.24701,91,84
2510.24668,28,26
2510.24711,52,48
2510.23763,42,35
2510.23691,45,40
2510.24717,77,62
2510.24702,52,51
2510.17439,118,108
2510.24657,7,4
2510.24699,91,84
2510.24694,78,65
2510.22876,14,13
2510.24081,27,24
2510.24563,91,84
2510.24697,78,65
2510.24514,69,67
2510.22037,37,36
2510.23642,68,66
2510.24695,91,84
2510.24803,1,1
2510.22543,37,34
2510.24654,15,14
2510.19195,39,32
2510.25092,15,13
2510.24801,0,0
2510.25758,19,17
2510.25409,1,0
2510.26007,1,1
2510.24035,4,3
2510.24211,1,1
2510.25682,33,28
2510.18672,11,11
2510.25039,7,7
2510.24718,4,4
2510.24824,19,15
2510.23538,83,76
2510.18455,0,0
2510.23473,4,4
2510.21890,12,12
2510.25726,35,30
2510.24821,27,24
2510.25741,96,88
2510.25772,69,62
2510.25590,34,30
2510.22304,69,61
2510.25771,8,8
2510.25760,24,22
2510.24592,32,30
2510.25065,1,1
2510.26213,64,53
2510.26787,8,8
2510.26140,18,14
2510.25867,17,17
2510.26020,13,12
2510.25364,0,0
2510.25132,57,56
2510.26474,53,49
2510.21970,0,0
2510.20976,67,58
2510.26781,47,43
2510.25779,8,8
2510.24992,7,7
2510.25628,45,41
2510.22282,22,22
2510.26160,69,62
2510.26692,24,23
2510.26583,77,65
2510.25992,38,33
2510.26298,3,3
2510.15510,12,11
2510.26697,31,29
2510.26768,19,14
2510.19949,5,5
2510.26800,69,63
2510.26794,118,109
2510.25897,3,2
2510.26658,69,68
2510.26802,77,73
2510.27623,36,33
2510.24078,4,3
2510.27224,3,0
2510.24795,20,20
2510.27044,2,0
2510.20150,3,2
2510.26887,8,8
2510.27607,9,8
2510.26707,17,17
2510.25080,0,0
2510.26345,0,0
2510.27258,31,24
2510.27266,5,3
2510.24940,6,5
2510.27492,67,59
2510.27688,45,39
2510.24411,22,19
2510.25602,60,58
2510.26788,29,28
2510.27606,108,94
2510.27684,108,94
2510.23095,51,46
2510.25889,45,42
2511.01846,13,13
2511.01340,5,5
2511.01857,7,6
2511.01618,51,50
2510.26491,40,35
2511.01775,27,24
2511.01706,9,9
2511.00405,45,40
2511.00810,21,21
2511.01144,2,1
2511.01617,0,0
2510.26909,2,2
2511.01718,14,13
2511.01833,44,42
2510.26865,6,5
2511.00602,12,12
2510.22115,31,29
2510.27545,36,34
2511.00062,45,37
2511.00086,10,9
2511.01295,69,64
2511.01678,22,19
2510.24788,49,46
2510.27571,37,34
2511.01163,39,32
2510.27363,30,29
2511.00279,63,56
2511.01266,12,10
2510.24794,24,21
2510.26236,16,12
2511.01450,68,65
2511.01502,39,33
2511.02219,16,16
2510.17950,12,11
2511.02366,13,12
2511.02490,2,2
2511.02374,1,1
2511.02415,33,32
2511.01202,2,2
2511.02712,63,52
2511.01914,10,7
2510.19278,4,4
2510.24932,4,4
2511.00839,23,22
2510.25616,4,4
2511.02778,39,37
2511.02347,17,15
2511.03601,34,31
2511.02243,15,15
2511.02779,67,60
2511.01937,5,4
2511.02832,39,33
2511.02650,6,5
2511.02687,6,6
2510.25976,2,1
2511.03628,15,14
2511.03718,1,1
2511.02309,1,0
2511.02358,0,0
2511.04583,6,5
2511.03146,96,89
2511.02818,1,0
2511.02802,1,0
2511.02734,15,12
2511.03001,7,7
2511.03334,32,28
2511.03276,32,29
2511.01294,15,15
2511.02280,31,28
2511.03295,9,7
2511.00956,6,6
2511.03996,2,1
2511.04668,39,37
2510.27656,1,1
2511.04655,27,21
2511.04307,29,27
2511.04217,1,1
2511.03929,51,50
2511.04670,27,21
2511.03773,56,52
2511.04460,26,26
2511.04570,42,36
2511.03774,15,13
2511.05017,18,17
2511.01047,47,43
2510.24505,4,3
2511.04707,3,3
2511.05369,3,2
2511.05491,33,30
2511.04662,2,2
2511.05271,2,2
2511.04962,19,18
2511.04898,23,23
2511.07299,17,14
2511.05933,4,4
2511.06174,18,15
2511.04285,96,90
2511.07413,6,6
2511.03317,14,14
2511.05936,39,34
2511.07409,17,17
2511.07061,35,33
2511.06090,7,7
2511.00710,16,15
2511.05705,67,61
2511.07137,5,4
2511.06194,1,1
2511.07253,6,6
2511.07025,30,29
2511.06449,16,15
2511.03506,13,13
2511.07327,91,88
2511.06307,5,4
2511.07416,39,34
2511.06876,1,1
2511.06309,5,5
2511.07070,8,8
2511.06209,9,9
2511.07384,25,25
2511.07317,30,28
2511.07250,96,90
2511.06411,7,7
2511.07419,47,44
2511.07885,10,9
2511.05489,20,17
2511.08029,1,1
2511.06428,1,1
2511.05650,6,5
2511.07587,0,0
2511.06281,45,42
2511.08043,22,20
2511.07003,7,7
2511.08567,33,33
2511.05664,7,7
2511.08319,5,5
2511.07332,18,16
2511.06221,38,35
2511.07080,4,4
2511.06073,1,1
2511.04824,47,44
2511.07499,2,2
2511.06101,45,45
2511.06805,40,36
2511.09148,49,47
2511.06251,40,36
2511.07464,3,3
2511.08633,5,3
2511.08217,2,2
2511.08923,45,39
2511.08892,12,11
2511.09515,11,10
2511.09715,7,7
2511.09067,8,8
2511.10047,12,8
2511.07790,6,4
2511.10547,4,4
2511.10017,23,20
2511.07685,6,6
2511.10507,17,13
2511.01918,0,0
2511.09780,2,2
2511.10289,38,33
2511.09030,5,5
2511.08522,33,33
2511.08521,27,25
2511.10643,69,69
2511.09057,14,10
2511.10647,33,33
2511.10629,1,1
2511.11519,3,3
2511.11002,16,15
2511.10899,0,0
2511.03108,1,1
2511.11168,17,14
2511.11287,0,0
2511.10984,96,92
2511.10258,1,0
2511.11721,1,0
2511.07448,4,4
2511.09915,3,3
2511.10492,9,8
2511.07403,25,23
2511.11373,45,37
2511.11257,11,9
2511.08585,118,110
2511.11062,3,3
2511.11134,64,54
2511.08195,40,38
2511.11238,96,92
2511.11434,19,18
2511.09146,22,21
2511.09554,15,13
2511.13646,8,8
2511.12797,11,11
2511.07577,13,13
2511.11407,1,1
2511.10628,22,20
2511.11510,13,10
2511.12982,4,3
2511.02767,23,22
2511.13998,68,66
2511.12133,16,15
2511.12997,27,22
2511.09809,4,3
2511.13655,39,38
2511.12472,2,2
2511.14659,23,22
2511.13714,44,39
2511.11793,42,39
2511.13612,113,110
2511.12609,33,32
2511.13647,45,38
2511.09611,36,33
2511.13254,9,9
2511.11653,13,12
2511.13648,118,111
2511.13704,45,43
2511.12710,23,20
2511.11332,29,28
2511.13720,5,4
2511.14582,33,32
2511.11831,3,2
2511.07865,0,0
2511.13954,1,1
2511.14086,54,49
2511.11473,2,2
2511.11270,2,2
2511.14366,83,78
2511.14210,1,1
2511.14385,2,2
2511.14159,7,7
2511.13026,5,4
2511.12884,47,45
2511.13853,24,21
2511.13189,0,0
2511.10555,7,5
2511.14295,27,25
2511.08577,45,43
2511.11113,18,16
2511.14460,20,19
2511.13001,29,28
2511.15038,5,4
2511.13524,4,4
2511.15706,4,4
2511.12207,35,31
2511.15586,6,6
2511.15186,8,8
2511.15661,9,8
2511.15593,21,21
2511.15065,23,22
2511.14993,7,7
2511.14349,81,79
2511.16317,35,32
2511.15943,1,1
2511.16659,14,14
2511.16595,6,5
2511.14865,0,0
2511.15248,13,13
2511.16315,2,2
2511.11005,1,1
2511.16671,34,32
2511.16618,6,6
2511.13703,22,22
2511.16664,45,40
2511.15605,42,38
2511.16518,21,20
2511.16669,16,12
2511.13719,118,112
2511.15700,7,6
2511.16668,23,21
2511.15848,34,32
2511.16043,68,67
2511.16624,26,24
2511.16528,3,2
2511.17199,5,5
2511.17074,25,23
2511.16931,39,35
2511.15462,6,6
2511.16110,13,13
2511.17127,11,10
2511.15299,6,4
2511.14899,5,3
2511.13081,3,1
2511.17450,54,50
2511.16175,33,31
2511.14806,22,21
2511.11007,31,29
2511.17487,15,15
2511.16719,17,16
2511.15705,33,30
2511.15210,1,1
2511.17502,40,39
2511.16334,118,113
2511.16825,24,23
2511.17490,19,18
2511.17344,20,18
2511.17220,3,3
2511.13593,45,41
2511.16301,4,4
2511.18945,12,12
2511.16249,27,24
2511.19314,54,51
2511.18373,15,15
2511.19428,27,24
2511.12810,0,0
2511.16166,28,21
2511.19319,10,10
2511.19166,0,0
2511.18047,3,2
2511.18024,3,2
2511.17405,47,46
2511.17792,55,50
2511.16397,108,97
2511.19304,28,27
2511.17729,20,18
2511.18922,18,15
2511.18423,21,19
2511.19365,18,14
2511.19399,42,37
2511.18050,9,7
2511.17006,18,18
2511.15567,57,50
2511.19418,44,40
2511.18870,45,40
2511.20256,57,50
2511.17803,44,40
2511.13288,24,24
2511.17986,7,6
2511.19401,46,43
2511.19430,10,8
2511.16660,16,16
2511.19773,20,20
2511.15703,108,98
2511.20415,16,15
2511.20573,25,24
2511.18734,38,32
2511.15906,1,1
2511.20250,1,1
2511.20643,17,17
2511.19111,57,52
2511.17943,38,32
2511.18394,1,1
2511.19827,10,10
2511.20562,14,13
2511.20211,14,12
2511.20647,10,8
2511.18886,56,54
2511.20123,36,34
2511.17592,16,16
2511.19046,26,25
2511.20626,15,13
2511.20347,78,72
2511.19320,32,29
2511.20561,28,27
2511.19900,18,18
2511.20635,34,33
2511.19861,18,16
2511.20102,17,15
2511.18659,16,16
2511.19575,24,23
2511.19663,12,12
2511.20462,16,15
2511.17889,28,22
2511.17918,3,3
2511.21208,0,0
2511.18005,14,14
2511.18452,7,7
2511.19504,41,39
2511.20814,2,2
2511.20633,7,7
2511.21688,34,29
2511.20410,23,17
2511.19797,4,4
2511.21692,7,7
2511.21395,63,55
2511.19413,35,31
2511.21579,18,17
2511.20478,38,35
2511.20714,38,36
2511.15552,10,10
2511.20639,67,62
2511.20426,28,28
2511.21087,27,26
2511.21662,68,67
2511.21678,11,11
2511.19757,1,1
2511.21691,47,44
2511.21541,18,18
2511.20937,39,35
2511.22688,28,27
2511.22281,15,13
2511.21750,23,23
2511.22176,5,5
2511.22805,32,29
2511.20809,29,27
2511.19990,19,14
2511.13344,2,0
2511.22265,19,19
2511.19496,77,66
2511.16854,0,0
2511.13944,2,0
2511.13276,2,0
2511.22055,25,23
2511.22533,37,36
2511.22787,7,7
2511.22134,35,32
2511.22173,32,31
2511.22815,25,25
2511.22699,37,36
2511.22570,9,8
2511.23199,46,44
2511.23475,35,32
2511.22659,13,12
2511.18890,45,41
2511.22625,54,51
2511.22663,77,74
2511.21025,22,22
2511.18822,63,58
2511.23319,12,10
2511.22475,35,32
2511.22677,77,74
2511.22396,14,14
2511.22891,12,10
2512.01707,54,52
2512.01763,18,15
2512.01103,9,9
2512.02008,1,1
2512.00762,39,36
2512.00369,21,20
2512.00333,0,0
2512.02015,15,14
2511.22448,1,1
2512.01830,1,1
2512.01481,17,16
2512.01191,3,3
2512.00387,11,11
2512.01686,23,22
2512.01949,3,3
2512.00077,0,0
2512.01443,1,1
2512.00639,3,3
2512.00234,3,2
2512.01945,6,6
2512.00466,33,32
2512.01827,7,7
2511.17282,19,19
2512.01420,77,67
2511.18538,96,94
2511.20785,33,33
2512.01374,78,73
2512.01816,64,57
2512.02014,68,68
2512.01948,60,54
2512.00425,5,4
2512.00590,9,9
2511.20649,10,10
2511.23404,3,3
2512.01031,39,37
2511.20614,57,53
2512.00722,45,44
2512.00891,24,23
2511.22989,3,3
2512.01030,17,13
2511.23342,5,5
2512.01801,19,16
2512.01925,83,79
2511.20549,45,45
2512.01342,32,30
2512.01540,18,16
2512.02790,22,22
2512.00903,18,17
2511.22982,13,12
2511.22973,28,23
2511.22586,14,12
2512.02942,68,66
2512.02492,7,6
2512.02423,25,23
2511.22146,8,8
2512.01989,15,14
2512.02017,7,7
2511.18685,77,68
2512.03013,22,22
2512.00097,25,24
2511.19661,3,3
2512.02817,3,3
2512.01988,55,51
2511.22184,4,4
2511.21338,1,1
2511.15948,0,0
2512.02351,19,17
2512.02622,6,4
2512.03040,15,13
2512.01248,64,58
2512.02556,47,47
2511.21689,67,63
2512.02038,26,26
2512.03041,69,66
2512.02472,50,46
2512.02395,77,68
2511.23127,24,22
2511.23369,32,31
2511.20645,27,27
2512.01822,41,41
2512.01078,12,12
2511.22609,23,20
2512.02425,22,22
2512.00956,14,14
2512.03036,108,99
2511.19433,13,12
2512.02581,15,12
2512.02457,19,19
2511.20344,7,7
2512.02551,4,4
2512.03046,33,28
2512.01715,12,11
2512.02899,39,39
2512.03073,13,13
2512.04072,5,5
2512.03383,6,6
2512.02924,17,16
2512.03979,17,15
2512.04000,14,10
2512.03771,8,8
2511.20515,3,3
2512.04025,12,11
2512.02807,32,32
2512.03794,13,12
2512.05115,118,114
2511.20494,0,0
2512.03540,7,7
2511.21631,91,89
2512.03442,13,13
2512.02834,19,18
2512.03043,35,33
2512.03405,60,56
2511.22345,32,31
2512.04040,21,20
2512.03534,9,9
2512.03746,8,7
2512.04032,15,15
2512.04082,32,32
2512.04069,4,4
2512.03052,35,34
2512.05016,11,11
2512.04356,19,16
2512.04981,5,4
2512.04390,7,5
2512.04124,1,1
2512.02631,7,6
2512.05076,35,32
2512.05110,10,10
2512.04515,28,24
2512.04844,3,3
2512.01803,4,3
2512.03683,4,4
2512.04829,32,32
2511.20233,6,6
2512.05049,1,1
2512.03915,0,0
2511.22826,4,3
2512.03125,1,1
2512.05112,77,76
2512.04220,9,9
2512.04677,10,10
2512.04324,32,31
2512.04746,4,4
2512.02589,10,10
2512.05111,108,100
2512.04926,11,10
2512.04678,33,33
2512.03000,18,16
2512.04987,53,52
2512.04797,9,9
2512.05113,20,15
2512.05103,42,38
2512.05060,23,18
2512.05000,6,5
2512.04504,35,34
2512.05106,10,10
2512.05081,12,12
2512.02835,23,22
2512.03514,0,0
2512.05774,68,68
2512.05564,15,15
2512.05277,23,22
2512.04694,0,0
2512.05409,18,17
2512.05339,3,3
2512.04142,1,1
2512.05356,38,38
2512.03667,2,2
2512.05927,7,6
2512.02580,45,40
2512.05044,45,42
2512.05150,12,11
2512.05965,77,77
2512.04810,15,15
2512.00473,64,60
2512.04563,13,13
2512.04784,6,6
2512.05905,40,39
2512.05145,42,39
2512.05591,29,23
2512.05343,23,23
2512.06373,12,12
2512.03621,2,2
2512.06533,8,8
2512.06421,21,21
2512.07805,31,29
2512.06963,14,13
2512.06558,41,40
2512.06791,0,0
2512.07168,41,40
2512.05100,1,1
2511.23469,56,55
2512.06609,40,40
2512.06032,8,8
2512.06835,64,61
2512.03244,77,71
2512.03704,0,0
2512.08294,19,18
2512.07831,63,57
2512.07525,42,40
2512.07469,3,3
2512.07834,20,16
2512.07783,32,32
2512.07778,24,24
2512.06905,19,17
2512.07461,77,71
2512.06749,29,29
2512.07833,15,13
2512.07584,19,18
2512.07829,23,23
2512.07806,9,9
2512.06589,77,71
2512.06065,47,45
2512.08564,3,2
2512.08358,22,21
2512.05325,9,9
2512.04763,5,5
2512.08309,0,0
2512.06531,0,0
2512.08406,4,4
2512.08730,6,5
2512.04434,1,1
2512.08923,7,7
2512.07197,7,5
2512.08868,37,36
2512.08153,2,2
2512.06864,2,2
2512.07107,7,5
2512.02231,14,14
2512.08478,38,38
2512.07951,35,34
2512.07802,15,14
2512.07921,19,19
2512.08765,52,50
2512.08186,52,50
2512.07843,44,42
2512.08924,7,7
2512.05033,23,23
2512.06628,27,25
2512.06776,16,15
2512.05446,20,17
2512.04753,69,67
2512.04519,23,21
2512.01453,1,1
2512.08006,3,3
2512.09663,28,25
2512.09112,6,5
2512.07222,1,1
2512.09106,3,3
2512.05402,5,5
2512.09164,39,38
2512.10284,50,47
2512.02892,18,18
2512.09928,77,74
2512.08296,27,25
2512.09616,8,8
2512.08829,23,20
2512.09824,28,25
2512.08560,18,18
2512.09247,57,54
2512.09363,15,15
2512.09864,17,14
2512.10955,47,46
2512.04537,57,55
2512.09756,91,90
2512.10894,13,13
2512.09270,7,7
2512.06424,28,27
2512.09406,57,55
2512.08870,13,13
2512.09924,17,17
2512.10791,23,22
2512.10359,3,2
2512.10959,8,7
2512.10398,27,26
2511.23386,56,56
2512.10430,2,2
2512.10739,108,101
2512.05439,5,5
2512.10756,108,101
2512.10881,11,10
2512.10949,39,35
2512.10938,8,7
2512.08511,5,5
2512.10675,36,35
2512.10867,24,24
2512.10534,108,101
2512.10605,0,0
2512.10092,10,10
2512.10715,1,1
2512.11393,6,5
2512.06951,0,0
2512.11437,2,2
2512.02901,7,6
2512.11150,0,0
2512.11798,24,24
2512.10858,8,8
2512.11253,27,27
2512.06818,12,12
2512.11792,39,39
2512.11558,35,35
2512.11749,69,67
2512.11799,35,34
2512.08269,16,13
2512.10411,5,5
2512.11464,54,54
2512.11130,4,4
2512.10685,5,5
2512.13689,20,20
2512.13421,33,32
2512.13592,29,28
2512.12751,33,29
2512.12196,96,95
2512.13330,3,3
2512.10927,44,43
2512.11883,0,0
2512.12777,6,6
2512.13690,9,8
2512.12768,4,3
2512.11438,4,4
2512.05272,10,10
2512.08400,0,0
2512.07186,5,5
2512.08405,22,22
2512.09069,1,0
2512.10794,27,25
2512.13683,9,9
2512.11891,7,6
2512.13672,5,5
2512.11470,8,8
2512.10655,27,26
2512.12967,91,91
2512.13687,23,22
2512.13586,19,18
2512.13604,118,115
2512.13168,5,5
2512.12730,96,95
2512.13313,63,59
2512.12602,51,51
2512.13564,53,53
2512.10071,21,21
2512.13080,12,12
2512.12692,9,9
2512.13674,31,29
2512.12799,33,29
2512.13006,22,22
2512.13250,7,7
2512.09636,17,17
2512.11995,47,45
2512.14550,7,7
2512.14696,25,25
2512.14273,19,17
2512.14008,16,15
2512.13525,7,7
2512.14666,57,57
2512.14697,17,17
2512.13655,0,0
2512.10952,4,4
2512.14014,14,13
2512.14620,6,6
2512.12941,6,6
2512.11934,1,1
2512.10945,27,27
2512.10342,8,8
2512.14442,17,15
2512.07328,5,5
2512.13106,12,11
2512.14391,3,3
2512.14440,1,1
2512.14284,108,104
2512.14691,16,15
2512.13281,69,68
2512.14051,108,104
2512.12675,39,36
2512.13607,38,36
2512.13660,16,15
2512.13961,42,40
2512.14336,16,14
2512.14614,23,22
2512.12980,2,2
2512.14699,63,60
2512.14531,15,15
2512.13303,6,6
2512.13678,4,4
2512.14503,31,30
2512.13399,9,9
2512.14698,81,80
2512.14067,68,67
2512.13884,0,0
2512.15715,45,41
2512.15110,4,4
2512.14080,30,28
2512.13190,0,0
2512.09299,39,37
2512.15374,15,15
2512.14202,0,0
2512.15699,31,30
2512.15340,24,24
2512.14719,31,28
2512.09851,29,29
2512.16760,118,116
2512.15649,29,28
2512.13077,2,2
2512.15702,108,106
2512.12072,2,2
2512.15182,4,4
2512.15431,26,25
2512.15603,78,76
2512.14693,3,2
2512.14681,68,68
2512.14052,45,41
2512.15176,17,17
2512.15687,50,48
2512.10863,108,106
2512.15635,19,19
2512.15713,23,23
2512.15693,45,44
2512.13874,12,12
2512.14944,3,3
2512.12880,0,0
2512.16501,5,5
2512.16106,4,4
2512.16921,24,23
2512.16378,9,8
2512.11251,12,12
2512.10953,5,5
2512.16767,7,7
2512.14884,9,9
2512.16670,5,3
2512.14805,4,4
2512.12623,24,24
2512.16909,18,18
2512.12576,16,16
2512.15907,1,1
2512.15528,0,0
2512.16864,50,49
2512.16615,24,24
2512.16900,16,16
2512.16915,23,23
2512.15489,15,13
2512.16912,41,38
2512.16776,69,68
2512.16301,67,64
2512.16922,27,27
2512.13507,54,52
2512.16923,20,18
2512.16913,29,29
2512.16905,41,38
2512.15745,28,28
2512.16924,33,30
2512.16636,3,3
2512.16625,17,16
2512.16561,50,49
2512.16920,47,47
2512.16918,35,35
2512.16899,42,41
2512.16649,57,57
2512.14870,0,0
2512.17459,5,4
2512.17796,27,27
2512.16848,6,6
2512.13427,8,8
2512.16483,63,61
2512.16978,25,24
2512.15586,42,42
2512.17008,45,43
2512.17897,28,28
2512.17419,35,35
2512.11362,77,76
2512.17351,2,2
2512.16041,15,15
2512.17909,60,60
2512.17012,19,18
2512.17260,52,52
2512.17901,12,12
2512.17532,49,48
2512.16793,83,83
2512.16969,77,76
2512.17495,29,29
2512.16229,16,15
2512.19432,39,38
2512.19661,1,1
2512.19535,1,1
2512.18658,11,11
2512.12620,0,0
2512.19402,11,10
2512.18542,0,0
2512.18003,24,24
2512.19399,0,0
2512.18314,5,5
2512.17385,63,62
2512.19682,36,36
2512.17206,45,44
2512.19539,15,15
2512.19693,118,117
2512.17650,55,55
2512.19678,46,45
2512.16676,64,64
2512.17040,16,15
2512.19629,34,32
2512.18880,47,46
2512.18184,1,1
2512.19134,2,2
2512.13472,63,63
2512.15031,2,2
2512.20352,1,1
2512.19823,3,3
2512.20092,6,6
2512.20182,43,43
2512.20615,33,32
2512.19526,3,3
2512.21332,54,53
2512.17648,9,9
2512.18099,7,7
2512.20619,69,69
2512.20491,41,41
2512.19673,13,13
2512.16144,3,3
2512.20617,19,19
2512.17102,2,2
2512.18746,45,45
2512.20618,33,32
2512.19012,0,0
2512.21227,1,1
2512.21010,51,51
2512.20144,42,41
2512.21334,17,16
2512.18470,7,7
2512.21004,13,13
2512.20757,7,7
2512.18832,36,36
2512.21094,60,60
2512.21337,20,19
2512.21252,20,20
2512.20848,67,65
2512.20856,67,65
2512.20557,81,81
2512.16093,35,35
2512.21338,118,118
2512.13043,7,7
2512.19949,26,26
2512.19680,22,22
2512.15716,14,14
2512.20605,4,4
2512.21218,44,44
2512.19995,47,47
2512.21643,40,40
2512.21625,27,27
2512.21507,44,43
2512.20292,1,1
2512.21919,51,51
2512.21980,0,0
2512.22120,54,54
2512.18745,19,18
2512.21859,2,2
2512.17220,45,45
2512.17504,16,16
2512.22118,7,7
2512.22238,19,19
2512.21675,113,112
2512.22047,78,77
2512.23273,16,16
2512.23162,7,7
2512.23044,21,21
2512.22431,31,30
2512.22342,52,52
2512.21720,10,10
2512.23573,20,20
2512.23236,4,4
2512.23646,33,33
2512.22255,15,15
2512.21734,17,17
2512.22100,0,0
2512.22984,9,8
2512.23703,16,16
2512.23222,22,22
2512.20927,2,2
2512.23647,78,78
2512.23447,9,9
2512.23576,33,33
2512.22096,113,113
2512.22374,43,43
2512.22615,22,22
2512.23705,9,9
2512.23709,20,20
2512.22322,17,17
2512.23676,31,30
2512.15560,63,63
2512.23541,11,11
2512.22234,42,42
2512.23707,25,25
2512.22323,46,46
2512.21008,0,0
2512.21185,45,45
2512.23165,11,11
2512.23675,67,67
2512.22525,19,19
2512.22469,35,35
2512.22206,0,0
