arxiv_id_clean,published_v1,arxiv_v1_checked,gap_days_v1,gap_days_rawpub,v1_source
2302.06555,,,,513.2528472222223,missing
2304.09355,,,,20.976400462962964,missing
2305.02412,,,,1.1587731481481482,missing
2305.02440,,,,1.0890972222222222,missing
2305.02463,,,,0.0005439814814814814,missing
2305.02483,,,,-0.05040509259259259,missing
2305.02499,,,,0.9099189814814815,missing
2305.02549,,,,0.7902314814814815,missing
2305.02665,,,,0.6124421296296296,missing
2305.02678,,,,0.5912152777777778,missing
2305.02783,,,,2.1242939814814816,missing
2305.02790,,,,0.46791666666666665,missing
2305.02968,,,,0.3247800925925926,missing
2305.03027,,,,0.2553472222222222,missing
2305.03040,,,,0.2513310185185185,missing
2305.03043,,,,0.25092592592592594,missing
2305.03047,,,,-0.7496296296296296,missing
2305.03048,,,,-0.7497222222222222,missing
2305.03049,,,,0.2502314814814815,missing
2305.03052,,,,0.25002314814814813,missing
2305.03111,,,,2.206608796296296,missing
2305.03210,,,,2.0091550925925925,missing
2305.03286,,,,2.7898032407407407,missing
2305.03509,,,,2.323113425925926,missing
2305.03514,,,,24.268425925925925,missing
2305.03668,,,,2.306886574074074,missing
2305.03689,,,,2.2914814814814815,missing
2305.03695,,,,1.2808796296296296,missing
2305.03713,,,,2.253773148148148,missing
2305.03719,,,,2.8547800925925926,missing
2305.03726,,,,1.250162037037037,missing
2305.03937,,,,2.767199074074074,missing
2305.03981,,,,2.6234953703703705,missing
2305.04091,,,,2.3092939814814817,missing
2305.04160,,,,0.8988194444444444,missing
2305.04241,,,,1.5609027777777778,missing
2305.04268,,,,1.450613425925926,missing
2305.04388,,,,1.052488425925926,missing
2305.04391,,,,0.041122685185185186,missing
2305.04461,,,,-0.21346064814814814,missing
2305.04745,,,,-0.6156018518518519,missing
2305.04789,,,,0.3451388888888889,missing
2305.04790,,,,0.34326388888888887,missing
2305.04966,,,,1.2484837962962962,missing
2305.05065,,,,1.0914699074074075,missing
2305.05176,,,,-0.21599537037037037,missing
2305.05189,,,,-0.24210648148148148,missing
2305.05364,,,,0.5030555555555556,missing
2305.05383,,,,1.583275462962963,missing
2305.05432,,,,0.44376157407407407,missing
2305.05591,,,,0.3138078703703704,missing
2305.05644,,,,-0.7378935185185185,missing
2305.05658,,,,0.2548726851851852,missing
2305.05662,,,,-0.7490046296296297,missing
2305.05706,,,,1.2284953703703703,missing
2305.05845,,,,-0.10653935185185186,missing
2305.05862,,,,-0.1346527777777778,missing
2305.05973,,,,0.645474537037037,missing
2305.06077,,,,-0.4984837962962963,missing
2305.06131,,,,0.4401851851851852,missing
2305.06161,,,,1.6550694444444445,missing
2305.06218,,,,2.053611111111111,missing
2305.06324,,,,0.27631944444444445,missing
2305.06351,,,,0.25253472222222223,missing
2305.06355,,,,0.2506481481481482,missing
2305.06356,,,,0.25005787037037036,missing
2305.06404,,,,1.2314583333333333,missing
2305.06424,,,,1.2018055555555556,missing
2305.06456,,,,1.1308217592592593,missing
2305.06474,,,,1.0946527777777777,missing
2305.06500,,,,0.9734953703703704,missing
2305.06555,,,,0.8200462962962963,missing
2305.06575,,,,0.7779282407407407,missing
2305.06594,,,,0.7314699074074074,missing
2305.06908,,,,0.33905092592592595,missing
2305.07004,,,,0.26091435185185186,missing
2305.07011,,,,0.25452546296296297,missing
2305.07015,,,,0.25318287037037035,missing
2305.07017,,,,0.2526736111111111,missing
2305.07021,,,,0.2511921296296296,missing
2305.07027,,,,0.2502199074074074,missing
2305.07153,,,,3.087152777777778,missing
2305.07185,,,,1.9613310185185184,missing
2305.07214,,,,2.871064814814815,missing
2305.07243,,,,1.8195717592592593,missing
2305.07378,,,,2.534849537037037,missing
2305.07440,,,,3.5032870370370373,missing
2305.07447,,,,3.304224537037037,missing
2305.07490,,,,1.4135416666666667,missing
2305.07514,,,,2.395752314814815,missing
2305.07558,,,,2.3511574074074075,missing
2305.07615,,,,2.2855671296296296,missing
2305.07677,,,,4.052280092592593,missing
2305.07759,,,,3.127222222222222,missing
2305.07804,,,,3.007372685185185,missing
2305.07922,,,,2.400613425925926,missing
2305.07961,,,,2.305474537037037,missing
2305.07969,,,,2.2832060185185186,missing
2305.08275,,,,1.0318402777777778,missing
2305.08298,,,,0.9166898148148148,missing
2305.08379,,,,-0.2734375,missing
2305.08596,,,,0.48391203703703706,missing
2305.08675,,,,0.39457175925925925,missing
2305.08677,,,,0.3923611111111111,missing
2305.08809,,,,0.28078703703703706,missing
2305.08810,,,,0.28002314814814816,missing
2305.08844,,,,0.25189814814814815,missing
2305.08848,,,,0.25068287037037035,missing
2305.08850,,,,-0.7493402777777778,missing
2305.08891,,,,1.485324074074074,missing
2305.09137,,,,-0.15145833333333333,missing
2305.09148,,,,-0.16215277777777778,missing
2305.09253,,,,0.6645023148148148,missing
2305.09515,,,,-0.632199074074074,missing
2305.09617,,,,-0.7163078703703704,missing
2305.09636,,,,-0.7370949074074075,missing
2305.09641,,,,0.26197916666666665,missing
2305.09662,,,,-0.7491087962962963,missing
2305.09664,,,,0.25039351851851854,missing
2305.09758,,,,1.1991782407407408,missing
2305.09761,,,,1.189386574074074,missing
2305.09764,,,,1.1865972222222223,missing
2305.09857,,,,0.99625,missing
2305.09863,,,,0.9796527777777778,missing
2305.09975,,,,0.7391087962962963,missing
2305.10005,,,,0.6918287037037038,missing
2305.10018,,,,0.672511574074074,missing
2305.10142,,,,0.5031018518518519,missing
2305.10266,,,,0.37631944444444443,missing
2305.10320,,,,0.3323263888888889,missing
2305.10400,,,,-0.7386342592592593,missing
2305.10403,,,,0.2591087962962963,missing
2305.10425,,,,0.2519675925925926,missing
2305.10429,,,,0.25123842592592593,missing
2305.10431,,,,-0.7499421296296296,missing
2305.10434,,,,7.2602314814814815,missing
2305.10474,,,,1.2505092592592593,missing
2305.10601,,,,1.0303587962962963,missing
2305.10688,,,,0.8345023148148148,missing
2305.10722,,,,0.7627777777777778,missing
2305.10763,,,,0.7034259259259259,missing
2305.10764,,,,0.7032523148148148,missing
2305.10841,,,,0.5879282407407408,missing
2305.10853,,,,0.5728472222222222,missing
2305.10855,,,,0.5720023148148148,missing
2305.10874,,,,0.5373263888888888,missing
2305.10912,,,,0.48971064814814813,missing
2305.10973,,,,0.4295717592592593,missing
2305.11000,,,,0.4004050925925926,missing
2305.11129,,,,0.27577546296296296,missing
2305.11147,,,,0.2628009259259259,missing
2305.11171,,,,0.2509837962962963,missing
2305.11173,,,,0.2505787037037037,missing
2305.11175,,,,0.2502083333333333,missing
2305.11206,,,,2.260162037037037,missing
2305.11243,,,,3.2390856481481483,missing
2305.11308,,,,3.1173842592592593,missing
2305.11337,,,,2.043090277777778,missing
2305.11364,,,,2.962673611111111,missing
2305.11541,,,,2.608738425925926,missing
2305.11588,,,,1.5430092592592592,missing
2305.11598,,,,2.527349537037037,missing
2305.11675,,,,1.427488425925926,missing
2305.11694,,,,2.4031018518518517,missing
2305.11738,,,,2.3612962962962962,missing
2305.11759,,,,2.3434143518518518,missing
2305.11778,,,,2.3235300925925926,missing
2305.11834,,,,2.2771296296296297,missing
2305.11837,,,,2.2736805555555555,missing
2305.11840,,,,2.270613425925926,missing
2305.11841,,,,2.268310185185185,missing
2305.11846,,,,1.2649074074074074,missing
2305.11854,,,,2.2607175925925924,missing
2305.11863,,,,2.254826388888889,missing
2305.11870,,,,1.2504861111111112,missing
2305.11938,,,,3.2499652777777777,missing
2305.12001,,,,3.1261342592592594,missing
2305.12050,,,,2.9685763888888888,missing
2305.12487,,,,1.3453587962962963,missing
2305.13009,,,,0.44981481481481483,missing
2305.13048,,,,-0.5817245370370371,missing
2305.13050,,,,-0.5852314814814815,missing
2305.13077,,,,-0.6172800925925926,missing
2305.13301,,,,-0.7483912037037037,missing
2305.13304,,,,0.25127314814814816,missing
2305.13534,,,,0.03162037037037037,missing
2305.13579,,,,0.9479976851851852,missing
2305.13735,,,,-0.2786574074074074,missing
2305.13786,,,,-0.32959490740740743,missing
2305.13840,,,,0.6226967592592593,missing
2305.14201,,,,-0.6809027777777777,missing
2305.14233,,,,-0.7008564814814815,missing
2305.14314,,,,-0.7434375,missing
2305.14540,,,,1.0902083333333332,missing
2305.14564,,,,1.0374537037037037,missing
2305.14878,,,,0.645775462962963,missing
2305.15038,,,,0.5229282407407407,missing
2305.15486,,,,0.23987268518518517,missing
2305.15581,,,,1.1009953703703703,missing
2305.15586,,,,1.0953125,missing
2305.15717,,,,0.7915277777777778,missing
2305.15719,,,,0.7898726851851852,missing
2305.15779,,,,0.7177314814814815,missing
2305.15798,,,,0.6885648148148148,missing
2305.16213,,,,0.31993055555555555,missing
2305.16291,,,,0.25928240740740743,missing
2305.16311,,,,3.250648148148148,missing
2305.16334,,,,5.599409722222222,missing
2305.16338,,,,4.9441898148148145,missing
2305.16349,,,,4.200856481481481,missing
2305.16355,,,,3.822141203703704,missing
2305.16367,,,,3.516064814814815,missing
2305.16380,,,,3.333877314814815,missing
2305.16381,,,,3.2669212962962964,missing
2305.16411,,,,3.2337962962962963,missing
2305.16635,,,,2.7781944444444444,missing
2305.16704,,,,2.675451388888889,missing
2305.16765,,,,2.6066782407407407,missing
2305.16806,,,,2.556585648148148,missing
2305.16843,,,,2.508425925925926,missing
2305.16867,,,,2.487511574074074,missing
2305.16958,,,,2.4063541666666666,missing
2305.16960,,,,2.4044444444444446,missing
2305.16999,,,,2.375509259259259,missing
2305.17066,,,,2.318460648148148,missing
2305.17098,,,,2.282002314814815,missing
2305.17126,,,,2.2568171296296295,missing
2305.17144,,,,4.250127314814815,missing
2305.17216,,,,3.193020833333333,missing
2305.17306,,,,3.009236111111111,missing
2305.17333,,,,2.8971064814814813,missing
2305.17359,,,,2.834386574074074,missing
2305.17390,,,,2.7053819444444445,missing
2305.17493,,,,2.3675810185185187,missing
2305.18098,,,,0.4112037037037037,missing
2305.18231,,,,3.2803703703703704,missing
2305.18247,,,,0.28357638888888886,missing
2305.18259,,,,0.2722337962962963,missing
2305.18264,,,,0.26506944444444447,missing
2305.18274,,,,0.25763888888888886,missing
2305.18286,,,,0.2526273148148148,missing
2305.18292,,,,0.2512037037037037,missing
2305.18295,,,,0.2502199074074074,missing
2305.18365,,,,2.4044791666666665,missing
2305.18373,,,,2.7992939814814815,missing
2305.18415,,,,2.216087962962963,missing
2305.18474,,,,1.554537037037037,missing
2305.18565,,,,1.2092824074074073,missing
2305.18583,,,,0.16890046296296296,missing
2305.18654,,,,1.024837962962963,missing
2305.18729,,,,0.8265393518518519,missing
2305.18752,,,,-0.2273263888888889,missing
2305.18766,,,,0.7521064814814815,missing
2305.18802,,,,0.6872569444444444,missing
2305.19012,,,,0.4518402777777778,missing
2305.19066,,,,0.39672453703703703,missing
2305.19164,,,,0.32689814814814816,missing
2305.19234,,,,0.27359953703703704,missing
2305.19245,,,,0.2693055555555556,missing
2305.19370,,,,1.1903819444444443,missing
2305.19452,,,,1.0254050925925926,missing
2305.19472,,,,0.9613425925925926,missing
2305.19835,,,,0.4423148148148148,missing
2305.20010,,,,0.3108564814814815,missing
2305.20030,,,,-0.7086921296296296,missing
2305.20081,,,,0.25322916666666667,missing
2305.20082,,,,0.2531481481481481,missing
2305.20086,,,,0.25136574074074075,missing
2305.20088,,,,0.2506481481481482,missing
2305.20091,,,,0.2500925925925926,missing
2306.00008,,,,3.2208217592592594,missing
2306.00029,,,,1.7744444444444445,missing
2306.00107,,,,1.2307523148148147,missing
2306.00110,,,,1.2262037037037037,missing
2306.00148,,,,1.1818055555555556,missing
2306.00238,,,,1.028923611111111,missing
2306.00378,,,,0.7364236111111111,missing
2306.00622,,,,-0.531863425925926,missing
2306.00637,,,,0.4577199074074074,missing
2306.00739,,,,6.097858796296296,missing
2306.00802,,,,0.35378472222222224,missing
2306.00890,,,,-0.7014699074074074,missing
2306.00926,,,,0.27055555555555555,missing
2306.00943,,,,0.2614930555555556,missing
2306.00956,,,,0.25599537037037035,missing
2306.00964,,,,0.25310185185185186,missing
2306.00966,,,,0.25199074074074074,missing
2306.00971,,,,0.2508796296296296,missing
2306.00980,,,,0.2504050925925926,missing
2306.00983,,,,-0.7498958333333333,missing
2306.00984,,,,0.2501041666666667,missing
2306.00986,,,,0.2500462962962963,missing
2306.01061,,,,3.2438541666666665,missing
2306.01116,,,,3.1639351851851854,missing
2306.01160,,,,3.101400462962963,missing
2306.01242,,,,2.8868287037037037,missing
2306.01337,,,,2.6651041666666666,missing
2306.01567,,,,2.400011574074074,missing
2306.01684,,,,2.2919444444444443,missing
2306.01693,,,,2.283599537037037,missing
2306.01694,,,,2.2830439814814816,missing
2306.01736,,,,2.2504166666666667,missing
2306.01741,,,,26.573425925925925,missing
2306.01754,,,,13.943113425925926,missing
2306.01841,,,,3.2492824074074074,missing
2306.01872,,,,3.208136574074074,missing
2306.01879,,,,3.1946412037037035,missing
2306.01923,,,,3.106712962962963,missing
2306.02245,,,,1.8685069444444444,missing
2306.02254,,,,1.8305092592592593,missing
2306.02531,,,,0.9328819444444445,missing
2306.02561,,,,-0.14752314814814815,missing
2306.02707,,,,-0.3740625,missing
2306.02858,,,,0.44621527777777775,missing
2306.02982,,,,0.3380208333333333,missing
2306.03024,,,,-0.6975347222222222,missing
2306.03038,,,,0.29585648148148147,missing
2306.03082,,,,-0.7467824074074074,missing
2306.03083,,,,0.25287037037037036,missing
2306.03092,,,,0.2500347222222222,missing
2306.03203,,,,0.1919675925925926,missing
2306.03438,,,,-0.2746180555555556,missing
2306.03460,,,,-0.31167824074074074,missing
2306.03504,,,,0.6317939814814815,missing
2306.03509,,,,-0.371400462962963,missing
2306.03514,,,,0.6248842592592593,missing
2306.03802,,,,0.34313657407407405,missing
2306.03819,,,,-0.6718055555555555,missing
2306.03872,,,,-0.7214814814814815,missing
2306.03881,,,,0.2685300925925926,missing
2306.04009,,,,0.13520833333333335,missing
2306.04031,,,,0.09097222222222222,missing
2306.04050,,,,1.0541666666666667,missing
2306.04076,,,,-0.022939814814814816,missing
2306.04140,,,,-0.18552083333333333,missing
2306.04235,,,,0.6487152777777778,missing
2306.04362,,,,0.5051388888888889,missing
2306.04387,,,,-0.5247337962962964,missing
2306.04528,,,,0.34930555555555554,missing
2306.04619,,,,0.2584490740740741,missing
2306.04632,,,,0.25275462962962963,missing
2306.04634,,,,0.25083333333333335,missing
2306.04707,,,,1.2362731481481481,missing
2306.04751,,,,0.1670949074074074,missing
2306.04757,,,,0.15799768518518517,missing
2306.04822,,,,1.036886574074074,missing
2306.04845,,,,0.9752777777777778,missing
2306.05087,,,,-0.44578703703703704,missing
2306.05178,,,,0.44556712962962963,missing
2306.05284,,,,0.3534143518518518,missing
2306.05357,,,,0.29010416666666666,missing
2306.05392,,,,0.26025462962962964,missing
2306.05399,,,,0.2555787037037037,missing
2306.05410,,,,0.25252314814814814,missing
2306.05411,,,,0.25224537037037037,missing
2306.05420,,,,0.25060185185185185,missing
2306.05422,,,,0.2503587962962963,missing
2306.05424,,,,0.2500462962962963,missing
2306.05425,,,,0.2500462962962963,missing
2306.05427,,,,0.2500115740740741,missing
2306.05428,,,,0.2500115740740741,missing
2306.05493,,,,3.227824074074074,missing
2306.05544,,,,3.1451967592592593,missing
2306.05685,,,,1.7528703703703703,missing
2306.05696,,,,1.7262847222222222,missing
2306.05836,,,,1.4935763888888889,missing
2306.05949,,,,2.371377314814815,missing
2306.06044,,,,2.2829282407407407,missing
2306.06070,,,,1.2607523148148148,missing
2306.06092,,,,2.255162037037037,missing
2306.06189,,,,3.221099537037037,missing
2306.06212,,,,2.191215277777778,missing
2306.06546,,,,1.9909722222222221,missing
2306.06638,,,,1.5888541666666667,missing
2306.06823,,,,0.9010416666666666,missing
2306.07042,,,,0.5127083333333333,missing
2306.07075,,,,-0.5283333333333333,missing
2306.07174,,,,0.36552083333333335,missing
2306.07179,,,,0.36039351851851853,missing
2306.07196,,,,0.3388657407407407,missing
2306.07279,,,,0.2506597222222222,missing
2306.07280,,,,0.2504282407407407,missing
2306.07349,,,,7.250578703703703,missing
2306.07437,,,,1.0935416666666666,missing
2306.07473,,,,0.9730208333333333,missing
2306.07476,,,,0.9695949074074074,missing
2306.07536,,,,0.8076388888888889,missing
2306.07552,,,,0.7545949074074074,missing
2306.07580,,,,0.7019560185185185,missing
2306.07906,,,,0.29313657407407406,missing
2306.07915,,,,0.2791550925925926,missing
2306.07941,,,,4.342106481481482,missing
2306.07944,,,,5.060162037037037,missing
2306.07946,,,,11.38337962962963,missing
2306.07954,,,,0.25528935185185186,missing
2306.07967,,,,0.2503240740740741,missing
2306.07968,,,,0.2500347222222222,missing
2306.07969,,,,0.25002314814814813,missing
2306.07970,,,,0.25002314814814813,missing
2306.08055,,,,2.2344444444444442,missing
2306.08068,,,,2.2273726851851854,missing
2306.08129,,,,2.131689814814815,missing
2306.08133,,,,2.129027777777778,missing
2306.08161,,,,2.069525462962963,missing
2306.08205,,,,1.907349537037037,missing
2306.08276,,,,1.7319675925925926,missing
2306.08543,,,,1.386076388888889,missing
2306.08568,,,,1.3619444444444444,missing
2306.08620,,,,1.3139699074074074,missing
2306.08640,,,,1.2826851851851853,missing
2306.08647,,,,1.2728009259259259,missing
2306.08651,,,,1.270173611111111,missing
2306.08707,,,,1.197349537037037,missing
2306.08893,,,,0.713136574074074,missing
2306.08997,,,,0.5915046296296296,missing
2306.09093,,,,0.46846064814814814,missing
2306.09109,,,,0.45034722222222223,missing
2306.09200,,,,0.35033564814814816,missing
2306.09296,,,,0.2772453703703704,missing
2306.09316,,,,0.25592592592592595,missing
2306.09322,,,,0.2527314814814815,missing
2306.09327,,,,0.2513773148148148,missing
2306.09329,,,,0.25114583333333335,missing
2306.09348,,,,0.2500115740740741,missing
2306.09349,,,,0.2500115740740741,missing
2306.09442,,,,3.2153935185185185,missing
2306.09479,,,,3.158761574074074,missing
2306.09539,,,,3.0499074074074075,missing
2306.09557,,,,2.9866435185185187,missing
2306.09635,,,,2.762488425925926,missing
2306.09682,,,,2.647951388888889,missing
2306.09683,,,,2.647384259259259,missing
2306.09782,,,,2.5157986111111112,missing
2306.09864,,,,2.403576388888889,missing
2306.09896,,,,2.365775462962963,missing
2306.10007,,,,2.2512731481481483,missing
2306.10008,,,,6.251215277777778,missing
2306.10012,,,,2.2507175925925926,missing
2306.10169,,,,4.158206018518518,missing
2306.10231,,,,3.9205439814814813,missing
2306.10533,,,,2.5057175925925925,missing
2306.10763,,,,1.6570601851851852,missing
2306.10785,,,,1.626087962962963,missing
2306.10900,,,,1.459525462962963,missing
2306.10968,,,,1.3952314814814815,missing
2306.10998,,,,1.3711689814814816,missing
2306.11565,,,,0.39546296296296296,missing
2306.11644,,,,0.32332175925925927,missing
2306.11698,,,,-0.7252662037037036,missing
2306.11706,,,,0.2671296296296296,missing
2306.11719,,,,0.2548611111111111,missing
2306.11932,,,,1.0466319444444445,missing
2306.11987,,,,0.8854050925925926,missing
2306.12059,,,,0.7071990740740741,missing
2306.12156,,,,0.5774421296296296,missing
2306.12422,,,,0.25017361111111114,missing
2306.12509,,,,0.21810185185185185,missing
2306.12672,,,,-0.21805555555555556,missing
2306.12760,,,,0.6007523148148148,missing
2306.12925,,,,-0.6096527777777778,missing
2306.12929,,,,-0.610462962962963,missing
2306.13078,,,,-0.7438078703703703,missing
2306.13421,,,,2.5708101851851852,missing
2306.13455,,,,2.5043634259259258,missing
2306.13575,,,,2.3362962962962963,missing
2306.13588,,,,2.318287037037037,missing
2306.13631,,,,2.2661574074074076,missing
2306.13649,,,,2.252476851851852,missing
2306.13651,,,,2.250590277777778,missing
2306.13754,,,,3.1911111111111112,missing
2306.13776,,,,3.1528009259259258,missing
2306.13840,,,,2.8986574074074074,missing
2306.14035,,,,2.227222222222222,missing
2306.14048,,,,2.158865740740741,missing
2306.14066,,,,2.083263888888889,missing
2306.14101,,,,1.889363425925926,missing
2306.14153,,,,1.6801041666666667,missing
2306.14289,,,,1.307349537037037,missing
2306.14435,,,,0.7471180555555555,missing
2306.14447,,,,0.7288310185185185,missing
2306.14565,,,,0.5648958333333334,missing
2306.14795,,,,0.3381712962962963,missing
2306.14824,,,,0.3105671296296296,missing
2306.14846,,,,0.2937152777777778,missing
2306.14878,,,,0.2580439814814815,missing
2306.14892,,,,0.25081018518518516,missing
2306.14896,,,,0.2503356481481481,missing
2306.15091,,,,1.073564814814815,missing
2306.15128,,,,0.9720833333333333,missing
2306.15354,,,,0.5765856481481482,missing
2306.15400,,,,0.5045717592592592,missing
2306.15447,,,,1.2786574074074073,missing
2306.15595,,,,0.31497685185185187,missing
2306.15626,,,,0.28782407407407407,missing
2306.15658,,,,0.2561805555555556,missing
2306.15667,,,,0.25061342592592595,missing
2306.15724,,,,1.2477430555555555,missing
2306.15794,,,,1.1343287037037038,missing
2306.16009,,,,0.643599537037037,missing
2306.16052,,,,0.6027777777777777,missing
2306.16388,,,,0.269525462962963,missing
2306.16410,,,,0.2519675925925926,missing
2306.16527,,,,8.415960648148149,missing
2306.16564,,,,0.1171875,missing
2306.16601,,,,1.0028819444444443,missing
2306.16700,,,,0.7557407407407407,missing
2306.16793,,,,0.6252314814814814,missing
2306.16857,,,,0.5366435185185185,missing
2306.16869,,,,0.5150231481481482,missing
2306.16928,,,,0.4387037037037037,missing
2306.16934,,,,0.43539351851851854,missing
2306.16940,,,,0.4338425925925926,missing
2306.17107,,,,-0.7140740740740741,missing
2306.17115,,,,0.2792013888888889,missing
2306.17154,,,,0.25331018518518517,missing
2306.17156,,,,-0.7483796296296297,missing
2306.17194,,,,3.2541203703703703,missing
2306.17319,,,,3.0792129629629628,missing
2306.17492,,,,1.6197106481481482,missing
2306.17563,,,,1.5191550925925925,missing
2306.17582,,,,131.7228472222222,missing
2306.17759,,,,2.325972222222222,missing
2306.17806,,,,1.2867824074074075,missing
2306.17840,,,,2.2513657407407406,missing
2306.17843,,,,2.250601851851852,missing
2306.17848,,,,2.2500810185185185,missing
2307.00040,,,,3.265416666666667,missing
2307.00117,,,,3.159965277777778,missing
2307.00119,,,,3.155300925925926,missing
2307.00184,,,,2.9591319444444446,missing
2307.00522,,,,1.6172569444444445,missing
2307.00716,,,,0.8894907407407407,missing
2307.00804,,,,0.6797800925925926,missing
2307.01097,,,,0.3616087962962963,missing
2307.01163,,,,0.28282407407407406,missing
2307.01197,,,,0.2513773148148148,missing
2307.01200,,,,0.25017361111111114,missing
2307.01229,,,,2.7538310185185186,missing
2307.01831,,,,1.2807175925925927,missing
2307.01848,,,,1.251099537037037,missing
2307.01928,,,,1.1075,missing
2307.01938,,,,1.0853587962962963,missing
2307.01952,,,,1.0382291666666668,missing
2307.02053,,,,0.724375,missing
2307.02179,,,,0.5728356481481481,missing
2307.02321,,,,0.4010300925925926,missing
2307.02421,,,,0.3028240740740741,missing
2307.02469,,,,0.26078703703703704,missing
2307.02483,,,,0.25127314814814816,missing
2307.02484,,,,0.25114583333333335,missing
2307.02485,,,,0.25038194444444445,missing
2307.02486,,,,0.25025462962962963,missing
2307.02499,,,,1.5221412037037036,missing
2307.02628,,,,1.1672569444444445,missing
2307.02768,,,,0.8049537037037037,missing
2307.03109,,,,0.3134837962962963,missing
2307.03166,,,,0.25842592592592595,missing
2307.03170,,,,0.2554398148148148,missing
2307.03172,,,,0.25403935185185184,missing
2307.03183,,,,0.2510648148148148,missing
2307.03322,,,,3.0611689814814813,missing
2307.03381,,,,2.8100578703703705,missing
2307.03576,,,,2.451875,missing
2307.03601,,,,2.427962962962963,missing
2307.03659,,,,2.3569097222222224,missing
2307.03692,,,,4.595543981481481,missing
2307.03718,,,,3.2892939814814817,missing
2307.03869,,,,2.9687384259259257,missing
2307.03875,,,,1.928912037037037,missing
2307.03917,,,,2.716689814814815,missing
2307.04008,,,,2.312349537037037,missing
2307.04087,,,,0.8574768518518519,missing
2307.04349,,,,0.7789583333333333,missing
2307.04577,,,,0.4089467592592593,missing
2307.04603,,,,3.6238194444444445,missing
2307.04686,,,,0.30413194444444447,missing
2307.04699,,,,0.2945023148148148,missing
2307.04721,,,,0.2692939814814815,missing
2307.04725,,,,0.26787037037037037,missing
2307.04751,,,,0.2527083333333333,missing
2307.04767,,,,0.2502314814814815,missing
2307.04787,,,,7.269560185185185,missing
2307.04964,,,,-0.08013888888888888,missing
2307.05014,,,,0.779375,missing
2307.05222,,,,-0.5317013888888888,missing
2307.05300,,,,-0.6148032407407408,missing
2307.05432,,,,0.2969675925925926,missing
2307.05445,,,,4.250532407407407,missing
2307.05454,,,,-0.7312847222222222,missing
2307.05462,,,,0.2569212962962963,missing
2307.05463,,,,0.25677083333333334,missing
2307.05473,,,,0.25103009259259257,missing
2307.05591,,,,2.250451388888889,missing
2307.05628,,,,1.7286689814814815,missing
2307.05695,,,,1.2485069444444445,missing
2307.05741,,,,1.2024189814814814,missing
2307.05959,,,,0.7049421296296297,missing
2307.05973,,,,0.68,missing
2307.06018,,,,0.6245717592592592,missing
2307.06135,,,,0.47366898148148145,missing
2307.06290,,,,0.3072800925925926,missing
2307.06304,,,,0.2909375,missing
2307.06350,,,,0.2502083333333333,missing
2307.06439,,,,0.16055555555555556,missing
2307.06857,,,,2.2556944444444444,missing
2307.06908,,,,-0.7184953703703704,missing
2307.06925,,,,0.2592361111111111,missing
2307.06940,,,,0.2519328703703704,missing
2307.06942,,,,-0.7489814814814815,missing
2307.06945,,,,-0.7495486111111112,missing
2307.06949,,,,0.25015046296296295,missing
2307.06962,,,,2.7892824074074074,missing
2307.07047,,,,2.164699074074074,missing
2307.07164,,,,2.7756018518518517,missing
2307.07218,,,,2.6517939814814815,missing
2307.07487,,,,2.279664351851852,missing
2307.07511,,,,2.2502546296296297,missing
2307.07635,,,,3.115925925925926,missing
2307.07663,,,,2.998136574074074,missing
2307.07947,,,,1.7843518518518517,missing
2307.08041,,,,1.4294097222222222,missing
2307.08506,,,,0.4106712962962963,missing
2307.08579,,,,0.34180555555555553,missing
2307.08581,,,,0.33903935185185186,missing
2307.08621,,,,0.3055439814814815,missing
2307.08674,,,,0.2665625,missing
2307.08701,,,,0.2502314814814815,missing
2307.08702,,,,0.2502314814814815,missing
2307.09009,,,,0.7110185185185185,missing
2307.09112,,,,0.5818402777777778,missing
2307.09233,,,,0.4512615740740741,missing
2307.09288,,,,0.39447916666666666,missing
2307.09320,,,,0.37245370370370373,missing
2307.09458,,,,0.264537037037037,missing
2307.09638,,,,1.1250925925925925,missing
2307.09668,,,,1.0572916666666667,missing
2307.09781,,,,0.7110300925925926,missing
2307.09793,,,,0.6960300925925926,missing
2307.10088,,,,0.3351388888888889,missing
2307.10159,,,,0.26413194444444443,missing
2307.10168,,,,0.2536689814814815,missing
2307.10169,,,,0.25332175925925926,missing
2307.10172,,,,0.25146990740740743,missing
2307.10173,,,,0.25135416666666666,missing
2307.10350,,,,1.258888888888889,missing
2307.10373,,,,1.2499652777777779,missing
2307.10558,,,,0.8372222222222222,missing
2307.10635,,,,0.7069791666666667,missing
2307.10802,,,,0.4927199074074074,missing
2307.10907,,,,0.3959375,missing
2307.10928,,,,0.3773726851851852,missing
2307.10936,,,,0.36868055555555557,missing
2307.11078,,,,0.25327546296296294,missing
2307.11118,,,,3.390625,missing
2307.11410,,,,2.659872685185185,missing
2307.11418,,,,2.651226851851852,missing
2307.11526,,,,2.489895833333333,missing
2307.11768,,,,7.9623842592592595,missing
2307.11795,,,,3.639409722222222,missing
2307.12169,,,,2.112025462962963,missing
2307.12533,,,,0.7615856481481481,missing
2307.12560,,,,0.7059953703703704,missing
2307.12612,,,,0.6394560185185185,missing
2307.12698,,,,0.5227546296296296,missing
2307.12854,,,,0.3782986111111111,missing
2307.12856,,,,0.37743055555555555,missing
2307.12950,,,,0.27543981481481483,missing
2307.12976,,,,0.25502314814814814,missing
2307.12981,,,,0.2506712962962963,missing
2307.13101,,,,1.1782175925925926,missing
2307.13226,,,,0.8540625,missing
2307.13269,,,,0.7643402777777778,missing
2307.13383,,,,0.5784490740740741,missing
2307.13692,,,,0.2532523148148148,missing
2307.13702,,,,8.952326388888888,missing
2307.13720,,,,1.2508912037037037,missing
2307.13813,,,,2.1431944444444446,missing
2307.13854,,,,0.04199074074074074,missing
2307.13908,,,,0.9049189814814815,missing
2307.13924,,,,0.8847337962962963,missing
2307.13974,,,,0.7362731481481481,missing
2307.14008,,,,0.6788425925925926,missing
2307.14117,,,,0.5174421296296297,missing
2307.14225,,,,-0.6161458333333333,missing
2307.14334,,,,0.2553009259259259,missing
2307.14335,,,,-0.7458796296296296,missing
2307.14460,,,,1.2070717592592592,missing
2307.14535,,,,0.04672453703703704,missing
2307.14620,,,,0.8081481481481482,missing
2307.14936,,,,-0.6447800925925926,missing
2307.14995,,,,-0.6982986111111111,missing
2307.15042,,,,0.2578240740740741,missing
2307.15063,,,,0.2500115740740741,missing
2307.15131,,,,3.244224537037037,missing
2307.15189,,,,3.1416435185185185,missing
2307.15199,,,,3.1147453703703705,missing
2307.15217,,,,3.0629050925925925,missing
2307.15337,,,,2.7280787037037038,missing
2307.15504,,,,2.499849537037037,missing
2307.15593,,,,2.380462962962963,missing
2307.15771,,,,3.1990046296296297,missing
2307.15780,,,,7.216921296296296,missing
2307.15818,,,,3.1124768518518517,missing
2307.16125,,,,1.815787037037037,missing
2307.16184,,,,1.59125,missing
2307.16368,,,,0.906724537037037,missing
2307.16372,,,,0.8944212962962963,missing
2307.16449,,,,0.6973958333333333,missing
2307.16686,,,,0.4165277777777778,missing
2307.16715,,,,0.3924884259259259,missing
2307.16789,,,,-0.6645023148148148,missing
2307.16888,,,,0.25277777777777777,missing
2307.16890,,,,0.2515277777777778,missing
2308.00113,,,,6.252361111111111,missing
2308.00304,,,,0.7540277777777777,missing
2308.00436,,,,0.5613888888888889,missing
2308.00566,,,,1.2506018518518518,missing
2308.00675,,,,0.27664351851851854,missing
2308.00906,,,,0.9186226851851852,missing
2308.00951,,,,0.7771412037037037,missing
2308.01300,,,,0.2642361111111111,missing
2308.01313,,,,0.25179398148148147,missing
2308.01317,,,,0.25017361111111114,missing
2308.01320,,,,0.2153125,missing
2308.01379,,,,1.224375,missing
2308.01390,,,,1.2011226851851853,missing
2308.01399,,,,3.2515162037037038,missing
2308.01477,,,,1.000011574074074,missing
2308.01499,,,,0.9230555555555555,missing
2308.01544,,,,0.7727777777777778,missing
2308.01546,,,,0.7669328703703704,missing
2308.01734,,,,0.4633217592592593,missing
2308.01825,,,,0.3513773148148148,missing
2308.01904,,,,0.2506481481481482,missing
2308.01907,,,,0.25015046296296295,missing
2308.01937,,,,4.022349537037037,missing
2308.02151,,,,2.740011574074074,missing
2308.02180,,,,2.6727430555555554,missing
2308.02453,,,,2.3059375,missing
2308.02487,,,,2.2506828703703703,missing
2308.02490,,,,2.250150462962963,missing
2308.02510,,,,11.462314814814814,missing
2308.02560,,,,5.073275462962963,missing
2308.02669,,,,4.288414351851852,missing
2308.03028,,,,1.7490972222222223,missing
2308.03279,,,,0.8473148148148149,missing
2308.03280,,,,0.8415856481481482,missing
2308.03290,,,,0.8213078703703703,missing
2308.03291,,,,0.8190046296296296,missing
2308.03296,,,,0.8002083333333333,missing
2308.03421,,,,0.6148958333333333,missing
2308.03427,,,,0.6096875,missing
2308.03526,,,,0.48498842592592595,missing
2308.03610,,,,0.40988425925925925,missing
2308.03688,,,,0.32765046296296296,missing
2308.03729,,,,0.27980324074074076,missing
2308.03757,,,,0.2500115740740741,missing
2308.03793,,,,4.241898148148148,missing
2308.03958,,,,1.0079166666666666,missing
2308.04079,,,,0.7242361111111111,missing
2308.04265,,,,0.4144907407407407,missing
2308.04430,,,,0.2512152777777778,missing
2308.04556,,,,1.1623611111111112,missing
2308.04592,,,,1.1087615740740742,missing
2308.04623,,,,1.0208912037037037,missing
2308.04729,,,,0.7309722222222222,missing
2308.05221,,,,1.1271296296296296,missing
2308.05326,,,,0.8325925925925926,missing
2308.05371,,,,0.7220023148148148,missing
2308.05374,,,,0.7196296296296296,missing
2308.05732,,,,0.25480324074074073,missing
2308.05734,,,,0.25332175925925926,missing
2308.05737,,,,0.25201388888888887,missing
2308.05884,,,,2.9767824074074074,missing
2308.05960,,,,2.7236805555555557,missing
2308.06103,,,,2.4809953703703704,missing
2308.06125,,,,2.4383333333333335,missing
2308.06259,,,,2.258402777777778,missing
2308.06261,,,,2.257465277777778,missing
2308.06595,,,,2.355659722222222,missing
2308.06721,,,,1.6424652777777777,missing
2308.06873,,,,0.9574189814814815,missing
2308.06912,,,,0.864837962962963,missing
2308.07124,,,,0.4209027777777778,missing
2308.07228,,,,0.32994212962962965,missing
2308.07286,,,,0.2796180555555556,missing
2308.07316,,,,0.2503356481481481,missing
2308.07317,,,,0.2500462962962963,missing
2308.07395,,,,1.2305092592592592,missing
2308.07795,,,,0.4018055555555556,missing
2308.07891,,,,0.2684722222222222,missing
2308.07903,,,,0.2620486111111111,missing
2308.07921,,,,0.2508680555555556,missing
2308.07922,,,,0.25048611111111113,missing
2308.07926,,,,0.2500462962962963,missing
2308.07931,,,,20.25053240740741,missing
2308.07968,,,,1.2455671296296296,missing
2308.08089,,,,0.9279976851851852,missing
2308.08258,,,,0.5898726851851852,missing
2308.08316,,,,0.4843865740740741,missing
2308.08545,,,,0.2505439814814815,missing
2308.13137,,,,2.8968171296296297,missing
2308.13404,,,,2.3978819444444444,missing
2308.13416,,,,2.3775347222222223,missing
2308.13418,,,,2.3725,missing
2308.13494,,,,2.2845833333333334,missing
2308.13785,,,,2.7169675925925927,missing
2308.14089,,,,1.4828819444444445,missing
2308.15560,,,,1.227685185185185,missing
2308.15930,,,,0.5745486111111111,missing
2308.15975,,,,0.5020370370370371,missing
2308.16137,,,,0.30010416666666667,missing
2308.16149,,,,0.2866087962962963,missing
2308.16185,,,,0.2506365740740741,missing
2308.16246,,,,1.2447916666666667,missing
2308.16271,,,,1.2067476851851853,missing
2308.16458,,,,0.7965509259259259,missing
2308.16512,,,,0.6742361111111111,missing
2308.16582,,,,0.6056018518518519,missing
2308.16824,,,,0.33760416666666665,missing
2308.16876,,,,0.27511574074074074,missing
2308.16884,,,,0.261712962962963,missing
2308.16891,,,,0.2554398148148148,missing
2309.00035,,,,2.250138888888889,missing
2309.00071,,,,2.2374189814814813,missing
2309.00267,,,,1.7544791666666666,missing
2309.00359,,,,1.6008217592592593,missing
2309.00398,,,,1.5314467592592593,missing
2309.00610,,,,2.252060185185185,missing
2309.00615,,,,2.250150462962963,missing
2309.00754,,,,4.0435185185185185,missing
2309.00775,,,,3.9494444444444445,missing
2309.00908,,,,3.532303240740741,missing
2309.00966,,,,3.3606944444444444,missing
2309.00986,,,,3.298263888888889,missing
2309.00987,,,,3.294583333333333,missing
2309.01700,,,,1.3202662037037036,missing
2309.01770,,,,1.1966898148148148,missing
2309.01775,,,,1.1882638888888888,missing
2309.01826,,,,1.103923611111111,missing
2309.02040,,,,0.6443634259259259,missing
2309.02119,,,,0.5469791666666667,missing
2309.02186,,,,0.4687847222222222,missing
2309.02285,,,,0.3851041666666667,missing
2309.02420,,,,0.2565277777777778,missing
2309.02561,,,,1.152048611111111,missing
2309.02591,,,,1.1059375,missing
2309.03130,,,,0.32582175925925927,missing
2309.03160,,,,0.29194444444444445,missing
2309.03179,,,,0.264525462962963,missing
2309.03185,,,,0.2607175925925926,missing
2309.03199,,,,0.2500347222222222,missing
2309.03241,,,,0.7373148148148149,missing
2309.03315,,,,1.2108796296296296,missing
2309.03409,,,,0.9949652777777778,missing
2309.03450,,,,0.9027430555555556,missing
2309.03453,,,,0.8971759259259259,missing
2309.03549,,,,0.6576620370370371,missing
2309.03550,,,,0.656412037037037,missing
2309.03852,,,,0.2863888888888889,missing
2309.03883,,,,0.26005787037037037,missing
2309.03895,,,,0.25211805555555555,missing
2309.03897,,,,0.2517476851851852,missing
2309.03903,,,,0.2502199074074074,missing
2309.03905,,,,0.25017361111111114,missing
2309.03907,,,,114.3176736111111,missing
2309.03926,,,,3.5129282407407407,missing
2309.04247,,,,2.5649421296296295,missing
2309.04269,,,,1.5200462962962964,missing
2309.04354,,,,2.399884259259259,missing
2309.04564,,,,3.184664351851852,missing
2309.04581,,,,3.153958333333333,missing
2309.04662,,,,2.8930439814814815,missing
2309.04663,,,,2.88625,missing
2309.04827,,,,2.339166666666667,missing
2309.05463,,,,0.4154513888888889,missing
2309.05516,,,,0.3761226851851852,missing
2309.05519,,,,0.37332175925925926,missing
2309.05689,,,,0.25732638888888887,missing
2309.05767,,,,0.21503472222222222,missing
2309.05793,,,,1.1668634259259258,missing
2309.05858,,,,0.05358796296296296,missing
2309.06126,,,,0.5399652777777778,missing
2309.06180,,,,0.46523148148148147,missing
2309.06380,,,,0.3040625,missing
2309.06440,,,,0.25046296296296294,missing
2309.06441,,,,0.25027777777777777,missing
2309.06497,,,,6.24224537037037,missing
2309.06657,,,,0.9531828703703704,missing
2309.06802,,,,0.6319444444444444,missing
2309.06895,,,,0.5159259259259259,missing
2309.06933,,,,0.4489699074074074,missing
2309.07062,,,,2.075162037037037,missing
2309.07122,,,,0.25144675925925924,missing
2309.07125,,,,0.2500462962962963,missing
2309.07314,,,,1.1248958333333334,missing
2309.07430,,,,0.781238425925926,missing
2309.07462,,,,0.7208564814814815,missing
2309.07749,,,,0.39141203703703703,missing
2309.07870,,,,0.2788773148148148,missing
2309.07900,,,,0.2579398148148148,missing
2309.07906,,,,0.2541550925925926,missing
2309.07970,,,,2.2427199074074076,missing
2309.07974,,,,2.2380092592592593,missing
2309.07986,,,,3.2137037037037035,missing
2309.07990,,,,2.2050925925925924,missing
2309.08051,,,,3.058576388888889,missing
2309.08172,,,,1.7610185185185185,missing
2309.08210,,,,1.6924074074074074,missing
2309.08520,,,,2.3128819444444444,missing
2309.08532,,,,2.2985069444444446,missing
2309.08586,,,,2.2613425925925927,missing
2309.08587,,,,2.2610532407407407,missing
2309.08600,,,,2.2521412037037036,missing
2309.08628,,,,6.305775462962963,missing
2309.08637,,,,4.3513773148148145,missing
2309.08646,,,,3.599409722222222,missing
2309.08773,,,,3.102546296296296,missing
2309.08804,,,,3.043460648148148,missing
2309.08827,,,,2.958761574074074,missing
2309.08872,,,,2.813136574074074,missing
2309.08963,,,,2.5194675925925925,missing
2309.08968,,,,2.5009953703703705,missing
2309.09117,,,,1.9794907407407407,missing
2309.09390,,,,1.0655787037037037,missing
2309.09400,,,,1.0075231481481481,missing
2309.09506,,,,0.7255787037037037,missing
2309.09530,,,,0.695925925925926,missing
2309.09958,,,,0.2703009259259259,missing
2309.09971,,,,0.2553009259259259,missing
2309.10020,,,,0.2524537037037037,missing
2309.10150,,,,1.1245601851851852,missing
2309.10202,,,,0.03712962962962963,missing
2309.10279,,,,0.869837962962963,missing
2309.10305,,,,-0.17594907407407406,missing
2309.10537,,,,0.5182523148148148,missing
2309.10668,,,,0.3815046296296296,missing
2309.10706,,,,0.3425925925925926,missing
2309.10818,,,,0.25006944444444446,missing
2309.10917,,,,1.1465625,missing
2309.10952,,,,1.060462962962963,missing
2309.11009,,,,0.899537037037037,missing
2309.11197,,,,0.5616087962962963,missing
2309.11419,,,,0.3401851851851852,missing
2309.11495,,,,0.2563078703703704,missing
2309.11497,,,,0.25256944444444446,missing
2309.11499,,,,0.2513310185185185,missing
2309.11500,,,,0.2503240740740741,missing
2309.11523,,,,1.959861111111111,missing
2309.11568,,,,1.2410185185185185,missing
2309.11674,,,,1.0463541666666667,missing
2309.11998,,,,0.4903356481481482,missing
2309.12207,,,,0.32525462962962964,missing
2309.12284,,,,0.25993055555555555,missing
2309.12307,,,,0.2505671296296296,missing
2309.12311,,,,0.25017361111111114,missing
2309.12424,,,,3.2176851851851853,missing
2309.12499,,,,2.0935532407407407,missing
2309.13018,,,,2.270509259259259,missing
2309.13041,,,,2.2505324074074076,missing
2309.13042,,,,2.250208333333333,missing
2309.13075,,,,5.333402777777778,missing
2309.13308,,,,2.6345949074074073,missing
2309.13356,,,,2.4880787037037035,missing
2309.13952,,,,0.640150462962963,missing
2309.14322,,,,0.25774305555555554,missing
2309.14327,,,,0.25452546296296297,missing
2309.14509,,,,1.1555902777777778,missing
2309.14525,,,,0.1253125,missing
2309.14592,,,,0.9593055555555555,missing
2309.14717,,,,0.6927893518518519,missing
2309.15091,,,,-0.7336342592592593,missing
2309.15098,,,,0.2576967592592593,missing
2309.15103,,,,0.2555208333333333,missing
2309.15129,,,,2.9442939814814815,missing
2309.15223,,,,1.1794675925925926,missing
2309.15251,,,,1.1487152777777778,missing
2309.15273,,,,1.1103356481481481,missing
2309.15426,,,,0.7277199074074074,missing
2309.15505,,,,0.6155092592592593,missing
2309.15564,,,,0.5552893518518518,missing
2309.15807,,,,0.2706134259259259,missing
2309.15818,,,,0.26090277777777776,missing
2309.16039,,,,1.095960648148148,missing
2309.16058,,,,1.0480208333333334,missing
2309.16235,,,,0.6528472222222222,missing
2309.16414,,,,0.4526851851851852,missing
2309.16429,,,,0.43997685185185187,missing
2309.16496,,,,0.3724074074074074,missing
2309.16534,,,,0.3427662037037037,missing
2309.16583,,,,0.3030671296296296,missing
2309.16585,,,,0.3024189814814815,missing
2309.16588,,,,0.3015509259259259,missing
2309.16609,,,,0.2862384259259259,missing
2309.16643,,,,0.25688657407407406,missing
2309.16650,,,,0.2544212962962963,missing
2309.16653,,,,0.25341435185185185,missing
2309.16668,,,,0.2503587962962963,missing
2309.16671,,,,0.2500462962962963,missing
2310.00426,,,,2.3208333333333333,missing
2310.00704,,,,4.340439814814815,missing
2310.00898,,,,0.8127314814814814,missing
2310.01407,,,,0.25048611111111113,missing
2310.01557,,,,1.2137615740740741,missing
2310.01596,,,,1.179375,missing
2310.01714,,,,0.9601157407407407,missing
2310.01798,,,,0.7943055555555556,missing
2310.03046,,,,1.0720717592592592,missing
2310.03051,,,,0.7166898148148149,missing
2310.03094,,,,0.23521990740740742,missing
2310.03214,,,,0.9970833333333333,missing
2310.03502,,,,0.4793865740740741,missing
2310.03704,,,,0.27458333333333335,missing
2310.03714,,,,-0.7343171296296296,missing
2310.03716,,,,0.2649537037037037,missing
2310.03720,,,,0.2637847222222222,missing
2310.03731,,,,0.2554513888888889,missing
2310.03734,,,,0.2532523148148148,missing
2310.03739,,,,0.25048611111111113,missing
2310.03744,,,,0.2500462962962963,missing
2310.06830,,,,2.2515625,missing
2310.07889,,,,0.13020833333333334,missing
2310.08185,,,,-0.43167824074074074,missing
2310.08465,,,,0.31506944444444446,missing
2310.08491,,,,-0.7014814814814815,missing
2310.08529,,,,0.2761111111111111,missing
2310.08541,,,,0.26782407407407405,missing
2310.08579,,,,0.2503009259259259,missing
2310.08588,,,,0.25002314814814813,missing
2310.08659,,,,3.2262962962962964,missing
2310.08678,,,,3.1882291666666664,missing
2310.08715,,,,3.1294097222222224,missing
2310.08740,,,,3.087766203703704,missing
2310.08992,,,,2.570972222222222,missing
2310.09139,,,,2.397673611111111,missing
2310.09199,,,,2.3435300925925926,missing
2310.09263,,,,2.2771296296296297,missing
2310.09342,,,,3.2403703703703703,missing
2310.09478,,,,2.8596412037037036,missing
2310.09520,,,,2.6945949074074074,missing
2310.09753,,,,1.7183101851851852,missing
2310.09983,,,,1.0253819444444445,missing
2310.10047,,,,0.825474537037037,missing
2310.10537,,,,0.3279976851851852,missing
2310.10625,,,,0.2578125,missing
2310.10631,,,,0.25408564814814816,missing
2310.10638,,,,0.25194444444444447,missing
2310.10645,,,,0.25055555555555553,missing
2310.10769,,,,1.2060300925925926,missing
2310.10837,,,,1.1088425925925927,missing
2310.10944,,,,0.8871064814814815,missing
2310.10971,,,,0.8503819444444445,missing
2310.11248,,,,0.44582175925925926,missing
2310.11440,,,,0.256412037037037,missing
2310.11441,,,,0.2558912037037037,missing
2310.11448,,,,0.2516435185185185,missing
2310.11453,,,,0.25052083333333336,missing
2310.11454,,,,0.25016203703703704,missing
2310.11511,,,,1.2371296296296297,missing
2310.11784,,,,0.6505324074074074,missing
2310.11954,,,,0.43668981481481484,missing
2310.12274,,,,1.195613425925926,missing
2310.12404,,,,0.9443055555555555,missing
2310.12474,,,,0.7810532407407408,missing
2310.12773,,,,0.4013541666666667,missing
2310.12823,,,,0.36119212962962965,missing
2310.12921,,,,0.27979166666666666,missing
2310.12931,,,,0.27012731481481483,missing
2310.12945,,,,0.26263888888888887,missing
2310.12962,,,,0.25189814814814815,missing
2310.12963,,,,0.2516319444444444,missing
2310.13012,,,,5.596550925925926,missing
2310.13065,,,,3.2484375,missing
2310.13119,,,,3.1879282407407405,missing
2310.13127,,,,3.1715856481481484,missing
2310.13227,,,,2.8995949074074074,missing
2310.13268,,,,2.817222222222222,missing
2310.13289,,,,2.762534722222222,missing
2310.13332,,,,2.6734953703703703,missing
2310.13355,,,,2.6355671296296297,missing
2310.13385,,,,2.586736111111111,missing
2310.13522,,,,2.4089814814814816,missing
2310.13545,,,,2.3848148148148147,missing
2310.13548,,,,2.3841666666666668,missing
2310.13639,,,,2.3069907407407406,missing
2310.13671,,,,2.2816550925925925,missing
2310.13724,,,,4.271331018518518,missing
2310.13730,,,,3.27,missing
2310.13772,,,,3.1975810185185187,missing
2310.13798,,,,3.1578125,missing
2310.13961,,,,2.5685532407407408,missing
2310.14495,,,,0.9160300925925926,missing
2310.14566,,,,0.7992013888888889,missing
2310.14573,,,,0.7826041666666667,missing
2310.15008,,,,2.3733449074074073,missing
2310.15111,,,,0.2777662037037037,missing
2310.15123,,,,0.2709722222222222,missing
2310.15144,,,,0.2578935185185185,missing
2310.15169,,,,0.25002314814814813,missing
2310.15200,,,,1.6572569444444445,missing
2310.15308,,,,1.1930902777777779,missing
2310.15337,,,,1.1627662037037036,missing
2310.15494,,,,0.8452662037037038,missing
2310.15511,,,,0.8051157407407408,missing
2310.15916,,,,0.3630324074074074,missing
2310.15987,,,,0.30743055555555554,missing
2310.16045,,,,0.2513078703703704,missing
2310.16226,,,,1.054699074074074,missing
2310.16450,,,,0.6576157407407407,missing
2310.16534,,,,0.5602199074074075,missing
2310.16656,,,,0.4096296296296296,missing
2310.16764,,,,0.29707175925925927,missing
2310.16789,,,,0.2768171296296296,missing
2310.16795,,,,0.2743865740740741,missing
2310.16818,,,,0.2568287037037037,missing
2310.16825,,,,0.2526967592592593,missing
2310.16828,,,,0.25200231481481483,missing
2310.16832,,,,0.2506365740740741,missing
2310.16836,,,,0.2503240740740741,missing
2310.17022,,,,1.083275462962963,missing
2310.17075,,,,0.9749652777777778,missing
2310.17157,,,,0.7908680555555555,missing
2310.17631,,,,0.25766203703703705,missing
2310.17680,,,,3.537326388888889,missing
2310.17722,,,,3.2277199074074074,missing
2310.17750,,,,3.177013888888889,missing
2310.17752,,,,3.1762615740740743,missing
2310.17784,,,,22.796168981481483,missing
2310.17796,,,,3.085173611111111,missing
2310.17880,,,,2.8387962962962963,missing
2310.17994,,,,2.6203356481481483,missing
2310.18168,,,,2.3974189814814815,missing
2310.18313,,,,2.2501041666666666,missing
2310.18356,,,,6.967060185185185,missing
2310.18628,,,,2.6703819444444443,missing
2310.19019,,,,1.4049305555555556,missing
2310.19061,,,,1.3149537037037038,missing
2310.19102,,,,1.2270254629629629,missing
2310.19341,,,,0.6445949074074074,missing
2310.19415,,,,0.5655092592592592,missing
2310.19512,,,,0.449537037037037,missing
2310.19773,,,,0.26100694444444444,missing
2310.19784,,,,0.25678240740740743,missing
2310.19909,,,,1.2333564814814815,missing
2310.19956,,,,1.2013194444444444,missing
2310.20092,,,,0.9915046296296296,missing
2310.20216,,,,0.7306481481481482,missing
2310.20499,,,,0.3904861111111111,missing
2310.20550,,,,0.35302083333333334,missing
2310.20587,,,,0.3164699074074074,missing
2310.20624,,,,0.29506944444444444,missing
2310.20689,,,,0.2553009259259259,missing
2310.20700,,,,0.2511921296296296,missing
2310.20707,,,,0.25025462962962963,missing
2311.00047,,,,1.2491782407407408,missing
2311.00059,,,,1.2450578703703703,missing
2311.00176,,,,0.05835648148148148,missing
2311.00257,,,,0.8647222222222222,missing
2311.00272,,,,0.8426388888888889,missing
2311.00430,,,,0.5520023148148148,missing
2311.00522,,,,0.42394675925925923,missing
2311.00571,,,,0.36547453703703703,missing
2311.00613,,,,0.33262731481481483,missing
2311.00618,,,,0.324537037037037,missing
2311.00895,,,,1.0195486111111112,missing
2311.00899,,,,1.0138078703703703,missing
2311.00945,,,,0.9011458333333333,missing
2311.01282,,,,0.3770486111111111,missing
2311.01455,,,,0.2504513888888889,missing
2311.01462,,,,0.25005787037037036,missing
2311.01615,,,,3.0841435185185184,missing
2311.01767,,,,2.6620949074074076,missing
2311.02077,,,,2.2500578703703704,missing
2311.02103,,,,5.038900462962963,missing
2311.02262,,,,3.043946759259259,missing
2311.02303,,,,2.900925925925926,missing
2311.02382,,,,2.514664351851852,missing
2311.02462,,,,2.2604398148148146,missing
2311.02542,,,,1.9144212962962963,missing
2311.02772,,,,1.104050925925926,missing
2311.02805,,,,0.9859837962962963,missing
2311.02848,,,,0.8564467592592593,missing
2311.02849,,,,0.8548611111111111,missing
2311.03079,,,,0.45510416666666664,missing
2311.03226,,,,0.32488425925925923,missing
2311.03285,,,,0.27341435185185187,missing
2311.03301,,,,0.2572453703703704,missing
2311.03354,,,,0.20851851851851852,missing
2311.03356,,,,0.20836805555555554,missing
2311.03517,,,,1.1310648148148148,missing
2311.03629,,,,0.9755902777777777,missing
2311.03736,,,,0.7662152777777778,missing
2311.03739,,,,0.7584837962962963,missing
2311.04124,,,,0.29822916666666666,missing
2311.04145,,,,-0.7195138888888889,missing
2311.04212,,,,0.21027777777777779,missing
2311.04219,,,,0.20835648148148148,missing
2311.04235,,,,1.6316087962962964,missing
2311.04254,,,,0.47875,missing
2311.04257,,,,0.40174768518518517,missing
2311.04287,,,,1.207685185185185,missing
2311.04391,,,,1.0092476851851853,missing
2311.04400,,,,0.9973148148148148,missing
2311.04498,,,,0.6978587962962963,missing
2311.04589,,,,0.559537037037037,missing
2311.04901,,,,0.2089699074074074,missing
2311.04931,,,,3.006712962962963,missing
2311.04934,,,,2.238136574074074,missing
2311.05332,,,,0.4592939814814815,missing
2311.05348,,,,0.4455208333333333,missing
2311.05437,,,,0.3594212962962963,missing
2311.05556,,,,0.24704861111111112,missing
2311.05640,,,,9.663148148148148,missing
2311.05657,,,,3.979016203703704,missing
2311.05661,,,,3.6662962962962964,missing
2311.05698,,,,3.1977777777777776,missing
2311.05707,,,,3.184837962962963,missing
2311.05770,,,,3.062951388888889,missing
2311.05772,,,,4.250520833333334,missing
2311.05884,,,,2.751423611111111,missing
2311.05908,,,,2.685011574074074,missing
2311.05997,,,,2.529189814814815,missing
2311.06158,,,,2.3167824074074073,missing
2311.06214,,,,2.2474074074074073,missing
2311.06242,,,,2.2089351851851853,missing
2311.06243,,,,2.2084027777777777,missing
2311.06430,,,,3.019548611111111,missing
2311.06495,,,,2.6977546296296295,missing
2311.06697,,,,1.982349537037037,missing
2311.06720,,,,1.8572453703703704,missing
2311.06753,,,,1.710949074074074,missing
2311.06772,,,,1.6460532407407407,missing
2311.06783,,,,1.6174652777777778,missing
2311.07069,,,,0.8165046296296297,missing
2311.07361,,,,0.3984722222222222,missing
2311.07446,,,,0.3176157407407407,missing
2311.07463,,,,0.3016550925925926,missing
2311.07562,,,,0.2127662037037037,missing
2311.07574,,,,0.20866898148148147,missing
2311.07575,,,,0.2084837962962963,missing
2311.07587,,,,5.203356481481482,missing
2311.07590,,,,5.282824074074074,missing
2311.07689,,,,1.1989699074074074,missing
2311.07885,,,,0.8469328703703703,missing
2311.07911,,,,0.7820023148148149,missing
2311.07919,,,,0.7674768518518519,missing
2311.07961,,,,0.6899074074074074,missing
2311.07989,,,,0.6427546296296296,missing
2311.08105,,,,0.49600694444444443,missing
2311.08263,,,,0.3359027777777778,missing
2311.08401,,,,0.20885416666666667,missing
2311.08403,,,,0.2083449074074074,missing
2311.08469,,,,1.2076967592592593,missing
2311.08552,,,,1.1054398148148148,missing
2311.08581,,,,1.0454976851851852,missing
2311.08667,,,,0.8558449074074074,missing
2311.08692,,,,0.8050578703703704,missing
2311.08734,,,,0.7119907407407408,missing
2311.08877,,,,0.5224074074074074,missing
2311.09179,,,,0.2391550925925926,missing
2311.09180,,,,0.23613425925925927,missing
2311.09204,,,,0.2174074074074074,missing
2311.09213,,,,0.21128472222222222,missing
2311.09217,,,,0.2092476851851852,missing
2311.09221,,,,0.20837962962962964,missing
2311.09227,,,,48.2890625,missing
2311.09257,,,,2.036226851851852,missing
2311.09277,,,,1.2124884259259259,missing
2311.09578,,,,0.7710763888888889,missing
2311.09835,,,,0.49767361111111114,missing
2311.10090,,,,0.20922453703703703,missing
2311.10091,,,,0.20908564814814815,missing
2311.10093,,,,0.2084375,missing
2311.10111,,,,3.1722569444444444,missing
2311.10122,,,,2.541851851851852,missing
2311.10123,,,,3.5172453703703703,missing
2311.10125,,,,2.457349537037037,missing
2311.10126,,,,3.4529282407407407,missing
2311.10538,,,,1.4124421296296297,missing
2311.10642,,,,2.292453703703704,missing
2311.10678,,,,2.2497685185185183,missing
2311.10702,,,,1.2182291666666667,missing
2311.10708,,,,2.209537037037037,missing
2311.10709,,,,1.2089814814814814,missing
2311.10751,,,,18.394259259259258,missing
2311.10768,,,,5.236157407407408,missing
2311.10770,,,,5.22025462962963,missing
2311.10775,,,,4.006585648148148,missing
2311.10794,,,,3.8746643518518518,missing
2311.10982,,,,2.731967592592593,missing
2311.11045,,,,2.5105092592592593,missing
2311.11077,,,,2.421226851851852,missing
2311.11243,,,,1.7447106481481482,missing
2311.11255,,,,1.7146759259259259,missing
2311.11284,,,,1.583923611111111,missing
2311.11315,,,,1.4739583333333333,missing
2311.11501,,,,1.0,missing
2311.11829,,,,0.3716435185185185,missing
2311.12015,,,,0.21204861111111112,missing
2311.12022,,,,0.21002314814814815,missing
2311.12024,,,,1.2097800925925926,missing
2311.12052,,,,3.5675462962962965,missing
2311.12092,,,,1.2090162037037038,missing
2311.12198,,,,1.100787037037037,missing
2311.12229,,,,1.0432060185185186,missing
2311.12454,,,,0.620011574074074,missing
2311.12631,,,,0.39957175925925925,missing
2311.12775,,,,0.2235763888888889,missing
2311.12908,,,,1.358275462962963,missing
2311.12983,,,,1.142511574074074,missing
2311.13073,,,,0.9817708333333334,missing
2311.13141,,,,0.8287152777777778,missing
2311.13231,,,,0.6369675925925926,missing
2311.13384,,,,0.43918981481481484,missing
2311.13435,,,,0.38298611111111114,missing
2311.13600,,,,0.2086111111111111,missing
2311.13601,,,,0.20847222222222223,missing
2312.00063,,,,4.205439814814815,missing
2312.00079,,,,2.893414351851852,missing
2312.00085,,,,3.692361111111111,missing
2312.00093,,,,2.2083564814814816,missing
2312.00109,,,,3.2507291666666664,missing
2312.00164,,,,2.1695486111111113,missing
2312.00210,,,,3.0939930555555555,missing
2312.00252,,,,3.005023148148148,missing
2312.00330,,,,1.837951388888889,missing
2312.00375,,,,2.724733796296296,missing
2312.00438,,,,1.6176736111111112,missing
2312.00451,,,,2.6041435185185184,missing
2312.00575,,,,1.4367824074074074,missing
2312.00589,,,,2.251689814814815,missing
2312.00738,,,,1.279212962962963,missing
2312.00752,,,,2.2489120370370372,missing
2312.00763,,,,1.2281481481481482,missing
2312.00777,,,,1.2113425925925927,missing
2312.00845,,,,3.715150462962963,missing
2312.00849,,,,2.516574074074074,missing
2312.00858,,,,3.2909027777777777,missing
2312.00860,,,,3.280972222222222,missing
2312.00869,,,,3.208136574074074,missing
2312.00886,,,,3.190011574074074,missing
2312.01279,,,,1.8089814814814815,missing
2312.01407,,,,1.4065393518518519,missing
2312.01409,,,,1.4047337962962962,missing
2312.01531,,,,1.0349768518518518,missing
2312.01532,,,,1.0327662037037038,missing
2312.01552,,,,0.9679282407407407,missing
2312.01663,,,,0.7325694444444445,missing
2312.02087,,,,0.25131944444444443,missing
2312.02116,,,,0.2166435185185185,missing
2312.02120,,,,0.21487268518518518,missing
2312.02133,,,,0.21140046296296297,missing
2312.02135,,,,0.21125,missing
2312.02139,,,,0.2104050925925926,missing
2312.02142,,,,0.20925925925925926,missing
2312.02147,,,,0.20879629629629629,missing
2312.02149,,,,0.20873842592592592,missing
2312.02155,,,,0.2083912037037037,missing
2312.02179,,,,6.258657407407408,missing
2312.02189,,,,2.89724537037037,missing
2312.02201,,,,3.1378819444444446,missing
2312.02206,,,,2.0335532407407406,missing
2312.02216,,,,2.5547916666666666,missing
2312.02238,,,,1.6113657407407407,missing
2312.02432,,,,0.9043055555555556,missing
2312.02663,,,,-0.46024305555555556,missing
2312.02696,,,,0.5029282407407407,missing
2312.02772,,,,0.415474537037037,missing
2312.02919,,,,-0.7413541666666666,missing
2312.02928,,,,-0.7499074074074074,missing
2312.02931,,,,-0.7522337962962963,missing
2312.02949,,,,-0.7704976851851851,missing
2312.02963,,,,0.21513888888888888,missing
2312.02969,,,,-0.7900462962962963,missing
2312.02970,,,,0.2094212962962963,missing
2312.02974,,,,-0.7911574074074074,missing
2312.02980,,,,-0.7916087962962963,missing
2312.02981,,,,0.20835648148148148,missing
2312.03029,,,,1.540462962962963,missing
2312.03047,,,,1.2513194444444444,missing
2312.03079,,,,0.20810185185185184,missing
2312.03160,,,,1.079988425925926,missing
2312.03209,,,,-0.03585648148148148,missing
2312.03461,,,,0.4743865740740741,missing
2312.03491,,,,0.4361689814814815,missing
2312.03511,,,,0.4071990740740741,missing
2312.03584,,,,0.3195486111111111,missing
2312.03587,,,,-0.6838773148148148,missing
2312.03611,,,,0.29452546296296295,missing
2312.03632,,,,-0.7285069444444444,missing
2312.03641,,,,0.25697916666666665,missing
2312.03664,,,,-0.7734953703703704,missing
2312.03700,,,,-0.7911921296296296,missing
2312.03701,,,,0.20866898148148147,missing
2312.03704,,,,-0.7916435185185186,missing
2312.03793,,,,1.4308449074074074,missing
2312.03814,,,,1.2295949074074075,missing
2312.03818,,,,0.20868055555555556,missing
2312.03849,,,,0.2064814814814815,missing
2312.03913,,,,1.1150462962962964,missing
2312.04333,,,,-0.6185300925925926,missing
2312.04410,,,,0.3150115740740741,missing
2312.04433,,,,0.29344907407407406,missing
2312.04461,,,,0.2691087962962963,missing
2312.04474,,,,-0.7442476851851851,missing
2312.04483,,,,0.25061342592592595,missing
2312.04515,,,,-0.7742708333333334,missing
2312.04543,,,,0.20961805555555554,missing
2312.04552,,,,-0.7912037037037037,missing
2312.04556,,,,-0.7913078703703704,missing
2312.04557,,,,0.20868055555555556,missing
2312.04560,,,,0.20855324074074075,missing
2312.04566,,,,0.20835648148148148,missing
2312.04567,,,,0.2083449074074074,missing
2312.04655,,,,2.1856597222222223,missing
2312.04724,,,,2.077847222222222,missing
2312.04837,,,,2.7751157407407407,missing
2312.04875,,,,2.6971180555555554,missing
2312.04916,,,,2.6028935185185187,missing
2312.04963,,,,3.583287037037037,missing
2312.04966,,,,3.2089930555555557,missing
2312.04985,,,,2.5086226851851854,missing
2312.05107,,,,2.349108796296296,missing
2312.05180,,,,2.287650462962963,missing
2312.05431,,,,2.9255092592592593,missing
2312.05491,,,,2.68375,missing
2312.05605,,,,2.324710648148148,missing
2312.05708,,,,2.0185648148148148,missing
2312.06109,,,,0.8150810185185186,missing
2312.06134,,,,0.7590625,missing
2312.06149,,,,0.7253125,missing
2312.06351,,,,0.46064814814814814,missing
2312.06353,,,,0.45600694444444445,missing
2312.06550,,,,0.26458333333333334,missing
2312.06571,,,,0.2519560185185185,missing
2312.06585,,,,0.23769675925925926,missing
2312.06655,,,,0.20881944444444445,missing
2312.06662,,,,0.20836805555555554,missing
2312.06674,,,,4.179976851851852,missing
2312.06681,,,,3.8050231481481482,missing
2312.06742,,,,1.2089583333333334,missing
2312.06908,,,,0.9726388888888889,missing
2312.06971,,,,0.8221875,missing
2312.07000,,,,0.7425694444444444,missing
2312.07046,,,,0.6687847222222222,missing
2312.07231,,,,0.46489583333333334,missing
2312.07409,,,,0.3137962962962963,missing
2312.07424,,,,0.2999189814814815,missing
2312.07504,,,,0.22231481481481483,missing
2312.07509,,,,0.22008101851851852,missing
2312.07532,,,,0.20969907407407407,missing
2312.07533,,,,0.2095138888888889,missing
2312.07536,,,,0.20886574074074074,missing
2312.07537,,,,0.20884259259259258,missing
2312.07661,,,,1.208287037037037,missing
2312.07843,,,,-0.09770833333333333,missing
2312.07859,,,,0.8774768518518519,missing
2312.07910,,,,-0.24900462962962963,missing
2312.07987,,,,-0.37524305555555554,missing
2312.08128,,,,0.4371875,missing
2312.08136,,,,0.4322685185185185,missing
2312.08344,,,,0.2304513888888889,missing
2312.08361,,,,0.21332175925925925,missing
2312.08578,,,,0.9705671296296297,missing
2312.08583,,,,0.953738425925926,missing
2312.08618,,,,0.8850578703703704,missing
2312.08688,,,,0.704375,missing
2312.08723,,,,0.6601851851851852,missing
2312.08754,,,,0.6197106481481481,missing
2312.08889,,,,1.3829282407407408,missing
2312.08914,,,,0.4437847222222222,missing
2312.08926,,,,-0.565162037037037,missing
2312.09067,,,,-0.6696064814814815,missing
2312.09109,,,,0.3016666666666667,missing
2312.09158,,,,0.27361111111111114,missing
2312.09187,,,,0.24563657407407408,missing
2312.09222,,,,0.21328703703703702,missing
2312.09237,,,,0.20974537037037036,missing
2312.09241,,,,0.20939814814814814,missing
2312.09244,,,,0.2089814814814815,missing
2312.09246,,,,0.20895833333333333,missing
2312.09251,,,,0.2085300925925926,missing
2312.09252,,,,0.2085300925925926,missing
2312.09256,,,,0.2083449074074074,missing
2312.09299,,,,2.2021296296296295,missing
2312.09300,,,,2.2018287037037036,missing
2312.09305,,,,3.1953935185185185,missing
2312.09323,,,,10.167627314814816,missing
2312.09390,,,,2.036423611111111,missing
2312.09571,,,,2.7051736111111113,missing
2312.09579,,,,2.693611111111111,missing
2312.09608,,,,2.634224537037037,missing
2312.09767,,,,2.4474305555555556,missing
2312.09911,,,,2.3171180555555555,missing
2312.10003,,,,2.2359375,missing
2312.10007,,,,2.2334490740740742,missing
2312.10029,,,,2.215474537037037,missing
2312.10034,,,,2.208391203703704,missing
2312.10035,,,,2.2083449074074073,missing
2312.10240,,,,3.0703935185185185,missing
2312.10253,,,,3.0335069444444445,missing
2312.10332,,,,2.7616782407407405,missing
2312.10523,,,,2.199479166666667,missing
2312.10540,,,,2.1326388888888888,missing
2312.10656,,,,1.6208796296296297,missing
2312.10665,,,,1.5941319444444444,missing
2312.10763,,,,1.2961805555555554,missing
2312.10835,,,,1.0551157407407408,missing
2312.10899,,,,0.8686921296296296,missing
2312.11370,,,,0.26643518518518516,missing
2312.11392,,,,0.2540046296296296,missing
2312.11396,,,,0.25296296296296295,missing
2312.11458,,,,0.20899305555555556,missing
2312.11459,,,,0.2089699074074074,missing
2312.11461,,,,0.2088888888888889,missing
2312.11462,,,,0.20849537037037036,missing
2312.11514,,,,7.210324074074074,missing
2312.11532,,,,4.374189814814815,missing
2312.11535,,,,4.202881944444444,missing
2312.11537,,,,4.123344907407407,missing
2312.11556,,,,2.6614351851851854,missing
2312.11595,,,,1.2899305555555556,missing
2312.11666,,,,1.1947685185185186,missing
2312.11805,,,,-0.11072916666666667,missing
2312.11841,,,,0.8234837962962963,missing
2312.11894,,,,0.7234027777777777,missing
2312.11897,,,,0.7202893518518518,missing
2312.12030,,,,-0.4378587962962963,missing
2312.12423,,,,0.21318287037037037,missing
2312.12433,,,,0.20925925925925926,missing
2312.12436,,,,-0.7912268518518518,missing
2312.12456,,,,4.897916666666666,missing
2312.12468,,,,1.7044097222222223,missing
2312.12487,,,,1.2855555555555556,missing
2312.12490,,,,1.253287037037037,missing
2312.12491,,,,1.2371180555555557,missing
2312.12682,,,,0.9665162037037037,missing
2312.12742,,,,0.8535763888888889,missing
2312.12791,,,,0.7326157407407408,missing
2312.12865,,,,0.6057754629629629,missing
2312.13102,,,,0.36082175925925924,missing
2312.13150,,,,0.3229398148148148,missing
2312.13252,,,,0.23070601851851852,missing
2312.13271,,,,0.2145601851851852,missing
2312.13285,,,,0.20854166666666665,missing
2312.13286,,,,0.20835648148148148,missing
2312.13314,,,,1.5976967592592592,missing
2312.13324,,,,1.3530324074074074,missing
2312.13401,,,,1.1633680555555554,missing
2312.13469,,,,0.05790509259259259,missing
2312.13528,,,,0.9157523148148148,missing
2312.13578,,,,-0.210625,missing
2312.13691,,,,-0.4008564814814815,missing
2312.13763,,,,-0.4868287037037037,missing
2312.13771,,,,0.5050347222222222,missing
2312.13789,,,,-0.5181828703703704,missing
2312.13834,,,,0.9237615740740741,missing
2312.13913,,,,0.37376157407407407,missing
2312.13964,,,,0.33944444444444444,missing
2312.13980,,,,0.32600694444444445,missing
2312.14091,,,,0.24340277777777777,missing
2312.14125,,,,-0.7824189814814815,missing
2312.14140,,,,0.20981481481481482,missing
2312.14187,,,,5.623275462962963,missing
2312.14198,,,,4.919050925925926,missing
2312.14203,,,,4.785451388888889,missing
2312.14206,,,,4.6562268518518515,missing
2312.14216,,,,4.492361111111111,missing
2312.14232,,,,4.217523148148148,missing
2312.14233,,,,4.21542824074074,missing
2312.14238,,,,4.208668981481481,missing
2312.14239,,,,4.208414351851852,missing
2312.14302,,,,4.109247685185185,missing
2312.14327,,,,4.046712962962963,missing
2312.14385,,,,3.9017824074074072,missing
2312.14591,,,,3.5626967592592593,missing
2312.14862,,,,3.267511574074074,missing
2312.14878,,,,3.251423611111111,missing
2312.14929,,,,3.2084027777777777,missing
2312.15011,,,,4.208356481481482,missing
2312.15166,,,,3.783599537037037,missing
2312.15258,,,,3.429212962962963,missing
2312.15430,,,,2.6585763888888887,missing
2312.15715,,,,1.4623726851851853,missing
2312.15770,,,,1.3071875,missing
2312.15821,,,,1.066099537037037,missing
2312.15918,,,,0.6911342592592593,missing
2312.15980,,,,0.5725925925925925,missing
2312.16084,,,,0.36484953703703704,missing
2312.16145,,,,0.24388888888888888,missing
2312.16171,,,,0.20864583333333334,missing
2312.16218,,,,4.63707175925926,missing
2312.16256,,,,2.9498611111111113,missing
2312.16272,,,,2.3894560185185183,missing
2312.16457,,,,1.6661226851851851,missing
2312.16486,,,,1.6098958333333333,missing
2312.16693,,,,1.2001157407407408,missing
2312.16720,,,,1.1164236111111112,missing
2312.16812,,,,0.822974537037037,missing
2312.16837,,,,0.7594212962962963,missing
2312.16862,,,,0.7002199074074074,missing
2312.16886,,,,0.6518055555555555,missing
2312.17120,,,,0.29467592592592595,missing
2312.17135,,,,0.28436342592592595,missing
2312.17142,,,,0.2800462962962963,missing
2312.17161,,,,0.25631944444444443,missing
2312.17172,,,,0.25201388888888887,missing
2312.17241,,,,0.2092013888888889,missing
2312.17243,,,,0.2089814814814815,missing
2312.17244,,,,0.2089236111111111,missing
2312.17276,,,,4.507361111111111,missing
2312.17653,2023-12-24T10:08:59Z,,7.577094907407408,7.577094907407408,arxiv_meta_enrichment
2312.17661,,,,2.3348495370370372,missing
2312.17681,2023-12-29T16:57:12Z,,2.2936111111111113,2.2936111111111113,arxiv_meta_enrichment
2312.17742,,,,3.208391203703704,missing
2401.00134,,,,2.8289814814814815,missing
2401.00246,,,,2.4027314814814815,missing
2401.00368,2023-12-31T02:13:18Z,,1.9074305555555555,1.9074305555555555,arxiv_meta_enrichment
2401.00434,,,,1.6090972222222222,missing
2401.00448,,,,1.5458564814814815,missing
2401.00604,,,,1.0385995370370371,missing
2401.00788,2024-01-01T15:30:19Z,,0.3539467592592593,0.3539467592592593,arxiv_meta_enrichment
2401.00849,2024-01-01T18:58:42Z,,0.20923611111111112,0.20923611111111112,arxiv_meta_enrichment
2401.00896,,,,1.5473148148148148,missing
2401.00908,2023-12-31T22:37:52Z,,1.057037037037037,1.057037037037037,arxiv_meta_enrichment
2401.00909,,,,2.050625,missing
2401.00935,2024-01-01T19:00:55Z,,1.2076967592592593,1.2076967592592593,arxiv_meta_enrichment
2401.01055,,,,-0.27016203703703706,missing
2401.01117,,,,-0.3829050925925926,missing
2401.01173,,,,0.49547453703703703,missing
2401.01256,,,,-0.6644444444444444,missing
2401.01286,2024-01-02T16:54:58Z,,-0.704837962962963,-0.704837962962963,arxiv_meta_enrichment
2401.01325,2024-01-02T18:30:51Z,,-0.7714236111111111,-0.7714236111111111,arxiv_meta_enrichment
2401.01335,,,,-0.7869560185185185,missing
2401.01461,,,,1.0219907407407407,missing
2401.01614,,,,-0.3563541666666667,missing
2401.01647,,,,0.5925578703703703,missing
2401.01699,,,,-0.5041898148148148,missing
2401.01702,2024-01-02T18:59:35Z,,1.2086226851851851,1.2086226851851851,arxiv_meta_enrichment
2401.01755,,,,0.40445601851851853,missing
2401.01792,,,,0.34216435185185184,missing
2401.01808,,,,0.32630787037037035,missing
2401.01827,2024-01-03T16:43:47Z,,-0.6970717592592592,-0.6970717592592592,arxiv_meta_enrichment
2401.01854,,,,-0.7417824074074074,missing
2401.01862,,,,-0.7566319444444445,missing
2401.01885,2024-01-03T18:55:16Z,,0.21162037037037038,0.21162037037037038,arxiv_meta_enrichment
2401.01952,,,,1.1861342592592592,missing
2401.01970,,,,1.139560185185185,missing
2401.01974,,,,1.132789351851852,missing
2401.02015,,,,0.9507407407407408,missing
2401.02038,2024-01-04T02:43:57Z,,0.8861458333333333,0.8861458333333333,arxiv_meta_enrichment
2401.02072,,,,0.7585532407407407,missing
2401.02117,,,,0.669525462962963,missing
2401.02330,,,,0.32797453703703705,missing
2401.02385,,,,0.2534837962962963,missing
2401.02400,,,,0.22722222222222221,missing
2401.02411,,,,0.21483796296296295,missing
2401.02412,,,,0.21318287037037037,missing
2401.02415,2024-01-04T18:59:12Z,,0.2088888888888889,0.2088888888888889,arxiv_meta_enrichment
2401.02416,,,,0.20873842592592592,missing
2401.02669,,,,1.7131944444444445,missing
2401.02677,2024-01-05T07:21:46Z,,2.6932175925925925,2.6932175925925925,arxiv_meta_enrichment
2401.02823,,,,2.4058333333333333,missing
2401.02839,2024-01-05T14:47:20Z,,2.383796296296296,2.383796296296296,arxiv_meta_enrichment
2401.02954,2024-01-05T18:59:13Z,,2.208877314814815,2.208877314814815,arxiv_meta_enrichment
2401.02955,2024-01-05T18:59:22Z,,2.2087731481481483,2.2087731481481483,arxiv_meta_enrichment
2401.02957,,,,2.208425925925926,missing
2401.02987,,,,6.285810185185185,missing
2401.02994,2024-01-04T07:45:49Z,,4.676516203703704,4.676516203703704,arxiv_meta_enrichment
2401.03003,,,,3.714490740740741,missing
2401.03065,,,,3.1292708333333334,missing
2401.03462,2024-01-07T11:57:40Z,,1.5016203703703703,1.5016203703703703,arxiv_meta_enrichment
2401.03506,,,,1.3785069444444444,missing
2401.03804,,,,0.5532523148148148,missing
2401.04081,2024-01-08T18:35:07Z,,0.22561342592592593,0.22561342592592593,arxiv_meta_enrichment
2401.04088,2024-01-08T18:47:34Z,,0.2169675925925926,0.2169675925925926,arxiv_meta_enrichment
2401.04092,,,,0.21378472222222222,missing
2401.04099,,,,0.21072916666666666,missing
2401.04283,,,,1.0152314814814816,missing
2401.04398,2024-01-09T07:46:26Z,,0.6760879629629629,0.6760879629629629,arxiv_meta_enrichment
2401.04468,2024-01-09T10:12:52Z,,0.5743981481481482,0.5743981481481482,arxiv_meta_enrichment
2401.04575,2024-01-09T14:24:29Z,,0.39966435185185184,0.39966435185185184,arxiv_meta_enrichment
2401.04577,2024-01-09T14:29:39Z,,0.3960763888888889,0.3960763888888889,arxiv_meta_enrichment
2401.04658,2024-01-09T16:27:28Z,,0.31425925925925924,0.31425925925925924,arxiv_meta_enrichment
2401.04695,,,,0.26069444444444445,missing
2401.04718,2024-01-09T18:44:48Z,,0.21888888888888888,0.21888888888888888,arxiv_meta_enrichment
2401.04925,,,,0.8071990740740741,missing
2401.05033,2024-01-10T09:49:10Z,,0.5908564814814815,0.5908564814814815,arxiv_meta_enrichment
2401.05252,2024-01-10T16:27:38Z,,0.3141435185185185,0.3141435185185185,arxiv_meta_enrichment
2401.05293,,,,0.2557175925925926,missing
2401.05314,,,,0.22733796296296296,missing
2401.05334,2024-01-10T18:59:51Z,,0.2084375,0.2084375,arxiv_meta_enrichment
2401.05335,2024-01-10T18:59:53Z,,0.20841435185185186,0.20841435185185186,arxiv_meta_enrichment
2401.05391,,,,22.763391203703705,missing
2401.05561,,,,0.07822916666666667,missing
2401.05566,2024-01-10T22:14:35Z,,0.07320601851851852,0.07320601851851852,arxiv_meta_enrichment
2401.05583,,,,1.023136574074074,missing
2401.05654,2024-01-11T04:25:06Z,,0.8159027777777778,0.8159027777777778,arxiv_meta_enrichment
2401.05675,2024-01-11T05:36:36Z,,0.76625,0.76625,arxiv_meta_enrichment
2401.05735,,,,0.6414930555555556,missing
2401.05749,,,,0.6276273148148148,missing
2401.05811,,,,0.5636921296296297,missing
2401.06003,2024-01-11T16:06:36Z,,0.32875,0.32875,arxiv_meta_enrichment
2401.06066,2024-01-11T17:31:42Z,,0.2696527777777778,0.2696527777777778,arxiv_meta_enrichment
2401.06071,,,,0.26253472222222224,missing
2401.06080,,,,0.2520949074074074,missing
2401.06102,,,,0.22652777777777777,missing
2401.06104,2024-01-11T18:35:26Z,,-0.7746064814814815,-0.7746064814814815,arxiv_meta_enrichment
2401.06105,,,,0.2253125,missing
2401.06121,,,,0.21027777777777779,missing
2401.06129,2024-01-11T18:59:53Z,,-0.7915856481481481,-0.7915856481481481,arxiv_meta_enrichment
2401.06951,2024-01-13T02:11:20Z,,3.908796296296296,3.908796296296296,arxiv_meta_enrichment
2401.07004,,,,3.668738425925926,missing
2401.07049,,,,3.515185185185185,missing
2401.07519,2024-01-15T07:50:18Z,,1.6734027777777778,1.6734027777777778,arxiv_meta_enrichment
2401.07727,,,,1.3880208333333333,missing
2401.07781,,,,1.3453819444444444,missing
2401.08417,,,,0.3716319444444444,missing
2401.08541,,,,0.24748842592592593,missing
2401.08565,2024-01-16T18:49:55Z,,0.21533564814814815,0.21533564814814815,arxiv_meta_enrichment
2401.08671,,,,8.715509259259258,missing
2401.08740,,,,1.2115162037037037,missing
2401.08937,,,,0.8624768518518519,missing
2401.08967,2024-01-17T04:43:21Z,,0.8032291666666667,0.8032291666666667,arxiv_meta_enrichment
2401.09047,,,,0.645462962962963,missing
2401.09048,,,,0.6452893518518519,missing
2401.09084,2024-01-17T09:46:13Z,,0.5929050925925926,0.5929050925925926,arxiv_meta_enrichment
2401.09135,,,,0.5298148148148148,missing
2401.09340,,,,0.2884837962962963,missing
2401.09416,,,,0.21123842592592593,missing
2401.09417,2024-01-17T18:56:18Z,,0.21090277777777777,0.21090277777777777,arxiv_meta_enrichment
2401.09419,2024-01-17T18:57:53Z,,0.20980324074074075,0.20980324074074075,arxiv_meta_enrichment
2401.09603,2023-11-30T19:11:01Z,,49.20068287037037,49.20068287037037,arxiv_meta_enrichment
2401.09865,2024-01-18T10:28:45Z,,0.5633680555555556,0.5633680555555556,arxiv_meta_enrichment
2401.09962,,,,0.44177083333333333,missing
2401.09985,2024-01-18T14:01:20Z,,-0.5842592592592593,-0.5842592592592593,arxiv_meta_enrichment
2401.10020,,,,-0.613738425925926,missing
2401.10032,,,,1.0,missing
2401.10061,2024-01-18T15:30:58Z,,0.3534953703703704,0.3534953703703704,arxiv_meta_enrichment
2401.10166,2024-01-18T17:55:39Z,,0.2530208333333333,0.2530208333333333,arxiv_meta_enrichment
2401.10171,,,,0.24908564814814815,missing
2401.10225,,,,-0.7910995370370371,missing
2401.10241,2023-11-30T10:40:34Z,,52.555162037037036,52.555162037037036,arxiv_meta_enrichment
2401.10404,,,,2.0657870370370373,missing
2401.10774,2024-01-19T15:48:40Z,,1.3412037037037037,1.3412037037037037,arxiv_meta_enrichment
2401.10822,,,,2.2803703703703704,missing
2401.10831,,,,2.272673611111111,missing
2401.10838,,,,2.263935185185185,missing
2401.10889,,,,2.208900462962963,missing
2401.10891,2024-01-19T18:59:52Z,,2.208425925925926,2.208425925925926,arxiv_meta_enrichment
2401.11002,,,,3.178726851851852,missing
2401.11053,,,,3.0381365740740742,missing
2401.11067,,,,2.9847453703703706,missing
2401.11078,,,,2.9199421296296295,missing
2401.11605,,,,1.0904050925925926,missing
2401.11708,2024-01-22T06:16:29Z,,0.7385532407407407,0.7385532407407407,arxiv_meta_enrichment
2401.11739,,,,0.6846527777777778,missing
2401.11944,2024-01-22T13:34:34Z,,0.4343287037037037,0.4343287037037037,arxiv_meta_enrichment
2401.11985,,,,0.3899884259259259,missing
2401.12070,,,,0.32653935185185184,missing
2401.12168,2024-01-22T18:01:01Z,,0.2492939814814815,0.2492939814814815,arxiv_meta_enrichment
2401.12175,,,,0.2441898148148148,missing
2401.12179,,,,0.2429398148148148,missing
2401.12187,2024-01-22T18:27:08Z,,0.2311574074074074,0.2311574074074074,arxiv_meta_enrichment
2401.12202,,,,0.22060185185185185,missing
2401.12208,2024-01-22T18:51:07Z,,0.21450231481481483,0.21450231481481483,arxiv_meta_enrichment
2401.12244,2024-01-20T08:10:43Z,,2.659224537037037,2.659224537037037,arxiv_meta_enrichment
2401.12246,,,,2.479548611111111,missing
2401.12474,,,,-0.16414351851851852,missing
2401.12503,2024-01-23T05:55:26Z,,0.7531712962962963,0.7531712962962963,arxiv_meta_enrichment
2401.12522,,,,0.7244328703703704,missing
2401.12789,,,,0.40346064814814814,missing
2401.12945,,,,0.24623842592592593,missing
2401.12954,2024-01-23T18:22:19Z,,-0.7654976851851852,-0.7654976851851852,arxiv_meta_enrichment
2401.12963,,,,0.218125,missing
2401.12979,,,,0.2083449074074074,missing
2401.13160,,,,0.974849537037037,missing
2401.13303,,,,0.6266319444444445,missing
2401.13311,,,,0.620011574074074,missing
2401.13388,,,,0.5161574074074075,missing
2401.13601,,,,0.2842013888888889,missing
2401.13627,2024-01-24T17:58:07Z,,0.2513078703703704,0.2513078703703704,arxiv_meta_enrichment
2401.13660,,,,0.21258101851851852,missing
2401.13795,2024-01-24T20:25:48Z,,1.14875,1.14875,arxiv_meta_enrichment
2401.13919,2024-01-25T03:33:18Z,,-0.148125,-0.148125,arxiv_meta_enrichment
2401.13923,,,,55.84583333333333,missing
2401.13974,,,,-0.26273148148148145,missing
2401.14019,,,,0.6267013888888889,missing
2401.14066,,,,-0.4459375,missing
2401.14112,,,,0.5092824074074074,missing
2401.14196,2024-01-25T14:17:53Z,,0.40424768518518517,0.40424768518518517,arxiv_meta_enrichment
2401.14257,,,,-0.6591666666666667,missing
2401.14367,,,,0.23961805555555554,missing
2401.14391,2024-01-25T18:49:57Z,,0.2153125,0.2153125,arxiv_meta_enrichment
2401.14398,,,,0.21,missing
2401.14403,,,,0.20851851851851852,missing
2401.14404,2024-01-25T18:59:57Z,,0.20836805555555554,0.20836805555555554,arxiv_meta_enrichment
2401.14405,,,,0.20835648148148148,missing
2401.14673,,,,2.7260185185185186,missing
2401.14688,,,,2.695949074074074,missing
2401.14828,,,,2.4603587962962963,missing
2401.14953,2024-01-26T15:37:16Z,,2.3491203703703705,2.3491203703703705,arxiv_meta_enrichment
2401.15024,2024-01-26T17:35:45Z,,2.266840277777778,2.266840277777778,arxiv_meta_enrichment
2401.15071,,,,1.2131597222222221,missing
2401.15077,2024-01-26T18:59:01Z,,2.2090162037037038,2.2090162037037038,arxiv_meta_enrichment
2401.15687,2024-01-28T16:17:59Z,,1.3208449074074073,1.3208449074074073,arxiv_meta_enrichment
2401.15688,,,,1.3203819444444445,missing
2401.15708,,,,1.2835416666666666,missing
2401.15914,,,,0.7098611111111112,missing
2401.15947,,,,0.6571759259259259,missing
2401.15975,2024-01-29T09:06:15Z,,0.6206597222222222,0.6206597222222222,arxiv_meta_enrichment
2401.15977,,,,0.6203356481481481,missing
2401.16013,2024-01-29T10:01:10Z,,0.5825231481481481,0.5825231481481481,arxiv_meta_enrichment
2401.16158,2024-01-29T13:46:37Z,,0.42596064814814816,0.42596064814814816,arxiv_meta_enrichment
2401.16380,,,,0.23671296296296296,missing
2401.16420,,,,0.20900462962962962,missing
2401.16465,,,,91.3164236111111,missing
2401.16467,,,,1.2184027777777777,missing
2401.16468,,,,1.2128125,missing
2401.16658,,,,0.9428472222222222,missing
2401.16677,,,,0.9197453703703704,missing
2401.16818,2024-01-30T08:45:08Z,,0.6353240740740741,0.6353240740740741,arxiv_meta_enrichment
2401.16861,,,,0.5799884259259259,missing
2401.17053,2024-01-30T14:34:19Z,,0.39283564814814814,0.39283564814814814,arxiv_meta_enrichment
2401.17093,2024-01-30T15:20:26Z,,0.3608101851851852,0.3608101851851852,arxiv_meta_enrichment
2401.17181,2024-01-30T17:11:56Z,,0.28337962962962965,0.28337962962962965,arxiv_meta_enrichment
2401.17221,,,,0.24362268518518518,missing
2401.17256,,,,0.21623842592592593,missing
2401.17264,2024-01-30T18:56:22Z,,0.21085648148148148,0.21085648148148148,arxiv_meta_enrichment
2401.17268,2024-01-30T18:58:43Z,,0.20922453703703703,0.20922453703703703,arxiv_meta_enrichment
2401.17270,,,,0.20858796296296298,missing
2401.17377,,,,1.2056828703703704,missing
2401.17464,,,,1.0878472222222222,missing
2401.17509,,,,1.0036689814814814,missing
2401.17574,2024-01-31T03:39:07Z,,0.8478356481481482,0.8478356481481482,arxiv_meta_enrichment
2401.17583,2024-01-31T03:58:28Z,,0.8343981481481482,0.8343981481481482,arxiv_meta_enrichment
2401.17807,2024-01-31T13:06:48Z,,0.45361111111111113,0.45361111111111113,arxiv_meta_enrichment
2401.17895,,,,0.37331018518518516,missing
2401.18058,2024-01-31T18:29:39Z,,0.22940972222222222,0.22940972222222222,arxiv_meta_enrichment
2401.18059,2024-01-31T18:30:21Z,,0.22892361111111112,0.22892361111111112,arxiv_meta_enrichment
2401.18075,,,,0.21100694444444446,missing
2402.00159,2024-01-31T20:29:50Z,,1.145949074074074,1.145949074074074,arxiv_meta_enrichment
2402.00351,,,,0.7670717592592593,missing
2402.00396,2024-02-01T07:32:24Z,,0.6858333333333333,0.6858333333333333,arxiv_meta_enrichment
2402.00518,,,,0.514537037037037,missing
2402.00742,,,,0.30592592592592593,missing
2402.00769,2024-02-01T16:58:11Z,,-0.7070717592592592,-0.7070717592592592,arxiv_meta_enrichment
2402.00786,2024-02-01T17:17:55Z,,0.27922453703703703,0.27922453703703703,arxiv_meta_enrichment
2402.00838,,,,0.2299189814814815,missing
2402.00854,,,,0.21469907407407407,missing
2402.00858,2024-02-01T18:55:29Z,,0.2114699074074074,0.2114699074074074,arxiv_meta_enrichment
2402.00867,,,,0.20837962962962964,missing
2402.00892,,,,4.8534375,missing
2402.01032,2024-02-01T21:44:11Z,,3.0943171296296295,3.0943171296296295,arxiv_meta_enrichment
2402.01093,2024-02-02T01:45:18Z,,2.926875,2.926875,arxiv_meta_enrichment
2402.01118,,,,2.859583333333333,missing
2402.01391,2024-02-02T13:14:31Z,,2.4482523148148148,2.4482523148148148,arxiv_meta_enrichment
2402.01521,2024-02-02T16:07:05Z,,2.3284143518518516,2.3284143518518516,arxiv_meta_enrichment
2402.01566,2024-02-02T16:59:48Z,,2.2918055555555554,2.2918055555555554,arxiv_meta_enrichment
2402.01613,2024-02-02T18:23:18Z,,2.2338194444444444,2.2338194444444444,arxiv_meta_enrichment
2402.01622,,,,2.222326388888889,missing
2402.01739,2024-01-29T12:05:02Z,,7.49650462962963,7.49650462962963,arxiv_meta_enrichment
2402.01761,2024-01-30T17:38:54Z,,6.264652777777778,6.264652777777778,arxiv_meta_enrichment
2402.01771,2024-02-01T07:15:58Z,,4.6972453703703705,4.6972453703703705,arxiv_meta_enrichment
2402.01831,2024-02-02T18:58:34Z,,3.2093287037037035,3.2093287037037035,arxiv_meta_enrichment
2402.01878,2024-02-02T20:08:10Z,,3.16099537037037,3.16099537037037,arxiv_meta_enrichment
2402.01935,,,,3.069965277777778,missing
2402.02583,,,,1.2149421296296297,missing
2402.02791,,,,0.6669212962962963,missing
2402.02834,2024-02-05T09:44:49Z,,0.5938773148148148,0.5938773148148148,arxiv_meta_enrichment
2402.03040,,,,0.39946759259259257,missing
2402.03161,,,,0.3119328703703704,missing
2402.03162,2024-02-05T16:30:57Z,,0.3118402777777778,0.3118402777777778,arxiv_meta_enrichment
2402.03286,2024-02-05T18:42:34Z,,0.2204398148148148,0.2204398148148148,arxiv_meta_enrichment
2402.03300,,,,0.2114351851851852,missing
2402.03310,,,,0.2086111111111111,missing
2402.03570,,,,1.0528125,missing
2402.03620,,,,0.9486921296296297,missing
2402.03749,,,,0.7287731481481482,missing
2402.03766,,,,0.6968055555555556,missing
2402.03908,,,,0.526412037037037,missing
2402.03944,,,,3.3977083333333336,missing
2402.04141,,,,0.29942129629629627,missing
2402.04177,2024-02-06T17:31:20Z,,0.26990740740740743,0.26990740740740743,arxiv_meta_enrichment
2402.04229,,,,0.22439814814814815,missing
2402.04236,,,,0.21958333333333332,missing
2402.04248,2024-02-06T18:56:35Z,,0.21070601851851853,0.21070601851851853,arxiv_meta_enrichment
2402.04252,2024-02-06T18:59:48Z,,0.20847222222222223,0.20847222222222223,arxiv_meta_enrichment
2402.04291,2024-02-06T09:26:34Z,,0.606550925925926,0.606550925925926,arxiv_meta_enrichment
2402.04324,2024-02-06T19:08:18Z,,0.20256944444444444,0.20256944444444444,arxiv_meta_enrichment
2402.04347,,,,1.1865046296296295,missing
2402.04379,,,,0.14203703703703704,missing
2402.04494,,,,0.9747222222222223,missing
2402.04615,2024-02-07T06:42:33Z,,0.7204513888888889,0.7204513888888889,arxiv_meta_enrichment
2402.04744,,,,0.5444560185185185,missing
2402.04792,2024-02-07T12:31:13Z,,0.47832175925925924,0.47832175925925924,arxiv_meta_enrichment
2402.04825,,,,0.44207175925925923,missing
2402.04858,,,,0.4198263888888889,missing
2402.04925,,,,23.66550925925926,missing
2402.05008,2024-02-07T16:28:36Z,,0.3134722222222222,0.3134722222222222,arxiv_meta_enrichment
2402.05054,2024-02-07T17:57:03Z,,0.2520486111111111,0.2520486111111111,arxiv_meta_enrichment
2402.05099,,,,0.21318287037037037,missing
2402.05120,,,,5.7531944444444445,missing
2402.05140,,,,2.158402777777778,missing
2402.05195,2024-02-07T19:07:10Z,,1.2033564814814814,1.2033564814814814,arxiv_meta_enrichment
2402.05403,2024-02-08T04:42:29Z,,0.8038310185185186,0.8038310185185186,arxiv_meta_enrichment
2402.05468,,,,0.6665393518518519,missing
2402.05472,,,,0.6641319444444445,missing
2402.05546,,,,0.562662037037037,missing
2402.05672,2024-02-08T13:47:50Z,,0.42511574074074077,0.42511574074074077,arxiv_meta_enrichment
2402.05755,,,,0.3475462962962963,missing
2402.05861,,,,0.2566898148148148,missing
2402.05929,2024-02-08T18:58:02Z,,0.20969907407407407,0.20969907407407407,arxiv_meta_enrichment
2402.05930,,,,0.20969907407407407,missing
2402.05932,,,,0.20899305555555556,missing
2402.05935,2024-02-08T18:59:48Z,,0.20847222222222223,0.20847222222222223,arxiv_meta_enrichment
2402.05937,,,,0.20841435185185186,missing
2402.06071,,,,3.0947916666666666,missing
2402.06082,,,,3.071064814814815,missing
2402.06088,,,,3.048935185185185,missing
2402.06102,,,,3.017326388888889,missing
2402.06118,,,,2.9581712962962965,missing
2402.06147,,,,6.741331018518519,missing
2402.06149,2024-02-09T02:58:37Z,,2.875960648148148,2.875960648148148,arxiv_meta_enrichment
2402.06155,,,,2.8693055555555556,missing
2402.06178,,,,2.8096296296296295,missing
2402.06187,,,,2.788425925925926,missing
2402.06332,2024-02-09T11:22:08Z,,2.5262962962962963,2.5262962962962963,arxiv_meta_enrichment
2402.06619,,,,2.2140162037037037,missing
2402.06852,2024-02-10T01:11:59Z,,2.950011574074074,2.950011574074074,arxiv_meta_enrichment
2402.06859,,,,2.9255787037037035,missing
2402.07033,2024-02-10T19:54:08Z,,2.1707407407407406,2.1707407407407406,arxiv_meta_enrichment
2402.07043,,,,2.120439814814815,missing
2402.07207,,,,1.430462962962963,missing
2402.07319,,,,1.0554166666666667,missing
2402.07383,,,,0.8762731481481482,missing
2402.07456,2024-02-12T07:29:22Z,,0.6879398148148148,0.6879398148148148,arxiv_meta_enrichment
2402.07610,,,,0.47868055555555555,missing
2402.07625,2024-02-12T13:09:21Z,,0.4518402777777778,0.4518402777777778,arxiv_meta_enrichment
2402.07827,2024-02-12T17:34:13Z,,0.2679050925925926,0.2679050925925926,arxiv_meta_enrichment
2402.07865,,,,0.23525462962962962,missing
2402.07871,,,,0.22653935185185184,missing
2402.07872,,,,0.22653935185185184,missing
2402.07876,,,,0.22113425925925925,missing
2402.07896,,,,-0.7901157407407408,missing
2402.07939,2024-02-08T15:40:35Z,,5.346817129629629,5.346817129629629,arxiv_meta_enrichment
2402.08017,2024-02-12T19:27:26Z,,1.1892824074074073,1.1892824074074073,arxiv_meta_enrichment
2402.08093,2024-02-12T22:21:30Z,,1.0684027777777778,1.0684027777777778,arxiv_meta_enrichment
2402.08268,2024-02-13T07:47:36Z,,0.6752777777777778,0.6752777777777778,arxiv_meta_enrichment
2402.08303,,,,0.6206712962962962,missing
2402.08420,,,,0.4658217592592593,missing
2402.08609,2024-02-13T17:18:56Z,,0.2785185185185185,0.2785185185185185,arxiv_meta_enrichment
2402.08622,,,,0.25854166666666667,missing
2402.08644,,,,0.23324074074074075,missing
2402.08654,,,,0.22627314814814814,missing
2402.08678,,,,0.20952546296296296,missing
2402.08682,,,,0.2084375,missing
2402.08714,,,,1.209537037037037,missing
2402.08797,,,,1.1178125,missing
2402.08855,,,,1.007650462962963,missing
2402.08939,2024-02-14T04:50:18Z,,0.7984027777777778,0.7984027777777778,arxiv_meta_enrichment
2402.08958,,,,0.7508912037037037,missing
2402.09052,2024-02-14T09:51:05Z,,0.5895254629629629,0.5895254629629629,arxiv_meta_enrichment
2402.09126,,,,0.4830902777777778,missing
2402.09368,,,,0.24038194444444444,missing
2402.09371,,,,0.23716435185185186,missing
2402.09470,,,,3.6554398148148146,missing
2402.09668,2024-02-15T02:27:57Z,,0.8972569444444445,0.8972569444444445,arxiv_meta_enrichment
2402.09727,,,,0.7636458333333334,missing
2402.09812,,,,0.6102314814814814,missing
2402.09906,2024-02-15T12:12:19Z,,0.49144675925925924,0.49144675925925924,arxiv_meta_enrichment
2402.10009,2024-02-15T15:17:26Z,,0.36289351851851853,0.36289351851851853,arxiv_meta_enrichment
2402.10128,,,,0.26886574074074077,missing
2402.10171,2024-02-15T18:19:16Z,,0.23662037037037037,0.23662037037037037,arxiv_meta_enrichment
2402.10176,2024-02-15T18:26:11Z,,0.23181712962962964,0.23181712962962964,arxiv_meta_enrichment
2402.10193,,,,0.21520833333333333,missing
2402.10200,,,,0.21133101851851852,missing
2402.10210,,,,0.20881944444444445,missing
2402.10211,,,,0.2085300925925926,missing
2402.10259,,,,3.220451388888889,missing
2402.10294,2024-02-15T19:53:11Z,,3.171400462962963,3.171400462962963,arxiv_meta_enrichment
2402.10329,,,,3.1167824074074075,missing
2402.10379,,,,2.9927546296296295,missing
2402.10466,2024-02-16T06:13:18Z,,2.740763888888889,2.740763888888889,arxiv_meta_enrichment
2402.10491,2024-02-16T07:48:35Z,,2.6745949074074074,2.6745949074074074,arxiv_meta_enrichment
2402.10524,,,,2.614710648148148,missing
2402.10555,2024-02-16T10:36:38Z,,2.5578935185185183,2.5578935185185183,arxiv_meta_enrichment
2402.10644,2024-02-16T12:44:15Z,,2.4692708333333333,2.4692708333333333,arxiv_meta_enrichment
2402.10790,,,,2.3229050925925927,missing
2402.10893,,,,2.215,missing
2402.10896,2024-02-16T18:54:47Z,,2.2119560185185185,2.2119560185185185,arxiv_meta_enrichment
2402.10963,,,,6.155219907407408,missing
2402.10986,2024-02-16T05:05:12Z,,3.7880555555555557,3.7880555555555557,arxiv_meta_enrichment
2402.11131,,,,3.0161689814814814,missing
2402.11248,2024-02-17T11:03:02Z,,2.5395601851851852,2.5395601851851852,arxiv_meta_enrichment
2402.11295,2024-02-17T14:26:57Z,,2.397951388888889,2.397951388888889,arxiv_meta_enrichment
2402.11450,,,,1.8219444444444444,missing
2402.11550,,,,1.5091203703703704,missing
2402.11690,,,,1.1814351851851852,missing
2402.11929,,,,0.6546180555555555,missing
2402.12219,2024-02-19T15:21:58Z,,0.35974537037037035,0.35974537037037035,arxiv_meta_enrichment
2402.12225,,,,0.3519791666666667,missing
2402.12226,2024-02-19T15:33:10Z,,0.3519675925925926,0.3519675925925926,arxiv_meta_enrichment
2402.12376,2024-02-19T18:59:07Z,,0.20894675925925926,0.20894675925925926,arxiv_meta_enrichment
2402.12377,,,,0.20855324074074075,missing
2402.12479,2024-02-19T19:34:07Z,,2.1846412037037037,2.1846412037037037,arxiv_meta_enrichment
2402.12659,2024-02-20T02:16:16Z,,0.9053703703703704,0.9053703703703704,arxiv_meta_enrichment
2402.12712,,,,0.8153125,missing
2402.12847,2024-02-20T09:20:32Z,,0.6107407407407407,0.6107407407407407,arxiv_meta_enrichment
2402.12908,,,,0.5438425925925926,missing
2402.13064,2024-02-20T15:00:35Z,,0.3745949074074074,0.3745949074074074,arxiv_meta_enrichment
2402.13144,2024-02-20T16:59:03Z,,0.2923263888888889,0.2923263888888889,arxiv_meta_enrichment
2402.13217,2024-02-20T18:29:49Z,,0.22929398148148147,0.22929398148148147,arxiv_meta_enrichment
2402.13220,,,,0.22815972222222222,missing
2402.13232,,,,0.21671296296296297,missing
2402.13249,,,,0.2091550925925926,missing
2402.13250,,,,0.2090972222222222,missing
2402.13251,,,,0.20902777777777778,missing
2402.13252,2024-02-20T18:59:02Z,,0.20900462962962962,0.20900462962962962,arxiv_meta_enrichment
2402.13349,,,,1.1713541666666667,missing
2402.13573,,,,0.7010648148148149,missing
2402.13577,,,,0.6968865740740741,missing
2402.13598,,,,0.6642708333333334,missing
2402.13616,2024-02-21T08:42:53Z,,0.6368865740740741,0.6368865740740741,arxiv_meta_enrichment
2402.13720,,,,0.5198148148148148,missing
2402.13753,2024-02-21T12:30:33Z,,0.47878472222222224,0.47878472222222224,arxiv_meta_enrichment
2402.13763,,,,0.47305555555555556,missing
2402.13929,2024-02-21T16:51:05Z,,0.2978587962962963,0.2978587962962963,arxiv_meta_enrichment
2402.14017,,,,0.21107638888888888,missing
2402.14020,,,,0.2088773148148148,missing
2402.14034,,,,1.8253703703703703,missing
2402.14083,,,,1.1962037037037037,missing
2402.14086,,,,1.194375,missing
2402.14167,,,,1.035486111111111,missing
2402.14180,,,,1.0097569444444445,missing
2402.14194,,,,0.973113425925926,missing
2402.14253,,,,0.8473611111111111,missing
2402.14261,,,,0.8391898148148148,missing
2402.14289,2024-02-22T05:05:30Z,,0.7878472222222223,0.7878472222222223,arxiv_meta_enrichment
2402.14327,2024-02-22T06:47:44Z,,0.7168518518518519,0.7168518518518519,arxiv_meta_enrichment
2402.14547,,,,0.4327199074074074,missing
2402.14590,,,,15.00900462962963,missing
2402.14650,,,,0.33310185185185187,missing
2402.14658,2024-02-22T16:06:23Z,,0.32890046296296294,0.32890046296296294,arxiv_meta_enrichment
2402.14792,,,,0.21506944444444445,missing
2402.14795,,,,0.21212962962962964,missing
2402.14797,,,,-0.7882870370370371,missing
2402.14810,,,,0.20878472222222222,missing
2402.14818,2024-02-22T18:59:58Z,,0.20835648148148148,0.20835648148148148,arxiv_meta_enrichment
2402.14830,,,,8.010671296296296,missing
2402.14848,2024-02-19T16:04:53Z,,6.32994212962963,6.32994212962963,arxiv_meta_enrichment
2402.14904,2024-02-22T18:55:22Z,,3.211550925925926,3.211550925925926,arxiv_meta_enrichment
2402.14905,2024-02-22T18:58:55Z,,3.209085648148148,3.209085648148148,arxiv_meta_enrichment
2402.15000,,,,3.0633564814814815,missing
2402.15021,,,,2.012210648148148,missing
2402.15220,,,,2.6046412037037037,missing
2402.15319,2024-02-23T13:39:16Z,,2.431064814814815,2.431064814814815,arxiv_meta_enrichment
2402.15391,2024-02-23T15:47:26Z,,2.342060185185185,2.342060185185185,arxiv_meta_enrichment
2402.15491,,,,2.228599537037037,missing
2402.15504,,,,1.2117013888888888,missing
2402.15506,2024-02-23T18:56:26Z,,2.2108101851851854,2.2108101851851854,arxiv_meta_enrichment
2402.15509,,,,2.2085648148148147,missing
2402.15627,2024-02-23T22:10:59Z,,3.0757060185185185,3.0757060185185185,arxiv_meta_enrichment
2402.16107,2024-02-25T15:11:58Z,,1.3666898148148148,1.3666898148148148,arxiv_meta_enrichment
2402.16153,2024-02-25T17:19:41Z,,1.277997685185185,1.277997685185185,arxiv_meta_enrichment
2402.16641,,,,0.3674074074074074,missing
2402.16671,2024-02-26T15:47:01Z,,0.342349537037037,0.342349537037037,arxiv_meta_enrichment
2402.16819,,,,0.21961805555555555,missing
2402.16822,,,,0.21704861111111112,missing
2402.16837,2024-02-26T18:57:54Z,,0.20979166666666665,0.20979166666666665,arxiv_meta_enrichment
2402.16840,,,,0.20899305555555556,missing
2402.16843,,,,0.20881944444444445,missing
2402.16936,,,,1.2123263888888889,missing
2402.17139,2024-02-27T02:05:29Z,,0.9128587962962963,0.9128587962962963,arxiv_meta_enrichment
2402.17177,2024-02-27T03:30:58Z,,0.8534953703703704,0.8534953703703704,arxiv_meta_enrichment
2402.17193,2024-02-27T04:18:49Z,,0.8202662037037037,0.8202662037037037,arxiv_meta_enrichment
2402.17245,,,,0.7278703703703704,missing
2402.17403,2024-02-27T10:49:05Z,,0.5492476851851852,0.5492476851851852,arxiv_meta_enrichment
2402.17412,,,,0.5378009259259259,missing
2402.17427,,,,0.5133101851851852,missing
2402.17463,2024-02-27T12:39:23Z,,0.472650462962963,0.472650462962963,arxiv_meta_enrichment
2402.17485,2024-02-27T13:10:11Z,,0.4512615740740741,0.4512615740740741,arxiv_meta_enrichment
2402.17553,2024-02-27T14:47:53Z,,0.38341435185185185,0.38341435185185185,arxiv_meta_enrichment
2402.17723,,,,0.25203703703703706,missing
2402.17753,2024-02-27T18:42:31Z,,0.22047453703703704,0.22047453703703704,arxiv_meta_enrichment
2402.17759,2024-02-27T18:52:19Z,,0.21366898148148147,0.21366898148148147,arxiv_meta_enrichment
2402.17764,2024-02-27T18:56:19Z,,0.2108912037037037,0.2108912037037037,arxiv_meta_enrichment
2402.18668,2024-02-28T19:28:27Z,,1.188576388888889,1.188576388888889,arxiv_meta_enrichment
2402.18734,2024-02-28T22:27:49Z,,1.0640162037037038,1.0640162037037038,arxiv_meta_enrichment
2402.18796,2024-02-29T01:56:41Z,,0.9189699074074074,0.9189699074074074,arxiv_meta_enrichment
2402.18842,,,,0.8183101851851852,missing
2402.19155,,,,0.4318634259259259,missing
2402.19159,2024-02-29T13:44:14Z,,0.42761574074074077,0.42761574074074077,arxiv_meta_enrichment
2402.19173,2024-02-29T13:53:35Z,,0.4211226851851852,0.4211226851851852,arxiv_meta_enrichment
2402.19427,,,,0.23280092592592594,missing
2402.19469,2024-02-29T18:57:37Z,,0.20998842592592593,0.20998842592592593,arxiv_meta_enrichment
2402.19479,2024-02-29T18:59:50Z,,0.20844907407407406,0.20844907407407406,arxiv_meta_enrichment
2402.19481,2024-02-29T18:59:58Z,,0.20835648148148148,0.20835648148148148,arxiv_meta_enrichment
2403.00071,,,,3.206909722222222,missing
2403.00483,,,,2.4915625,missing
2403.00504,2024-03-01T13:05:38Z,,2.4544212962962964,2.4544212962962964,arxiv_meta_enrichment
2403.00522,2024-03-01T13:30:51Z,,2.436909722222222,2.436909722222222,arxiv_meta_enrichment
2403.00745,,,,2.219548611111111,missing
2403.00818,2024-02-26T09:21:59Z,,7.609733796296296,7.609733796296296,arxiv_meta_enrichment
2403.01422,2024-03-03T07:43:39Z,,1.6780208333333333,1.6780208333333333,arxiv_meta_enrichment
2403.01444,,,,1.637037037037037,missing
2403.01487,2024-03-03T11:39:41Z,,1.5141087962962962,1.5141087962962962,arxiv_meta_enrichment
2403.01779,2024-03-04T07:17:44Z,,0.6960185185185185,0.6960185185185185,arxiv_meta_enrichment
2403.01800,,,,0.6792824074074074,missing
2403.01807,,,,0.6686921296296297,missing
2403.01823,,,,0.6554282407407407,missing
2403.02084,,,,0.39101851851851854,missing
2403.02151,,,,0.3326851851851852,missing
2403.02338,,,,0.20868055555555556,missing
2403.02460,,,,1.1526157407407407,missing
2403.02545,2024-03-04T23:40:20Z,2024-03-04 23:40:20+00:00,1.0136574074074074,1.0136574074074074,arxiv_meta_enrichment
2403.02626,,,,0.8512615740740741,missing
2403.02677,2024-03-05T06:05:15Z,,0.7463541666666667,0.7463541666666667,arxiv_meta_enrichment
2403.02709,,,,0.7078009259259259,missing
2403.02775,,,,0.6350694444444445,missing
2403.02827,,,,-0.4151273148148148,missing
2403.02884,,,,0.5118171296296297,missing
2403.03003,,,,0.3948611111111111,missing
2403.03100,,,,0.30873842592592593,missing
2403.03163,,,,-0.7475347222222222,missing
2403.03194,,,,0.22814814814814816,missing
2403.03206,,,,-0.7817013888888888,missing
2403.03234,,,,1.928576388888889,missing
2403.03346,2024-03-05T22:14:58Z,,1.0729398148148148,1.0729398148148148,arxiv_meta_enrichment
2403.03507,2024-03-06T07:29:57Z,,0.6875347222222222,0.6875347222222222,arxiv_meta_enrichment
2403.03853,2024-03-06T17:04:18Z,,0.28868055555555555,0.28868055555555555,arxiv_meta_enrichment
2403.03870,,,,0.2753703703703704,missing
2403.03883,2024-03-06T17:42:16Z,,0.26231481481481483,0.26231481481481483,arxiv_meta_enrichment
2403.03950,,,,0.2112615740740741,missing
2403.03954,,,,0.2091550925925926,missing
2403.03956,,,,0.20900462962962962,missing
2403.04116,,,,0.991574074074074,missing
2403.04132,2024-03-07T01:22:38Z,,0.9426157407407407,0.9426157407407407,arxiv_meta_enrichment
2403.04437,2024-03-07T12:11:02Z,,0.49233796296296295,0.49233796296296295,arxiv_meta_enrichment
2403.04634,,,,0.32050925925925927,missing
2403.04642,2024-03-07T16:36:29Z,,0.30799768518518517,0.30799768518518517,arxiv_meta_enrichment
2403.04652,2024-03-07T16:52:49Z,,0.2966550925925926,0.2966550925925926,arxiv_meta_enrichment
2403.04692,2024-03-07T17:41:37Z,,-0.7372337962962963,-0.7372337962962963,arxiv_meta_enrichment
2403.04706,2024-03-07T18:00:40Z,,0.24953703703703703,0.24953703703703703,arxiv_meta_enrichment
2403.04732,2024-03-07T18:35:54Z,,0.22506944444444443,0.22506944444444443,arxiv_meta_enrichment
2403.04746,,,,0.2146875,missing
2403.05034,2024-03-08T04:25:29Z,,2.815636574074074,2.815636574074074,arxiv_meta_enrichment
2403.05121,2024-03-08T07:32:50Z,,2.6855324074074076,2.6855324074074076,arxiv_meta_enrichment
2403.05135,2024-03-08T08:08:10Z,,2.66099537037037,2.66099537037037,arxiv_meta_enrichment
2403.05185,2024-03-08T09:53:07Z,,2.588113425925926,2.588113425925926,arxiv_meta_enrichment
2403.05438,2024-03-08T16:44:54Z,,2.3021527777777777,2.3021527777777777,arxiv_meta_enrichment
2403.05525,,,,2.2180555555555554,missing
2403.05530,,,,2.2122685185185187,missing
2403.05812,2024-03-09T06:26:21Z,,2.731701388888889,2.731701388888889,arxiv_meta_enrichment
2403.06098,,,,1.76375,missing
2403.06504,2024-03-11T08:25:53Z,,0.6486921296296296,0.6486921296296296,arxiv_meta_enrichment
2403.06634,2024-03-11T11:46:12Z,,0.5095833333333334,0.5095833333333334,arxiv_meta_enrichment
2403.06738,2024-03-11T14:03:36Z,,0.4141666666666667,0.4141666666666667,arxiv_meta_enrichment
2403.06764,2024-03-11T14:35:32Z,,0.39199074074074075,0.39199074074074075,arxiv_meta_enrichment
2403.06775,,,,0.38634259259259257,missing
2403.06807,,,,0.3565509259259259,missing
2403.06977,2024-03-11T17:59:34Z,,0.2503009259259259,0.2503009259259259,arxiv_meta_enrichment
2403.07128,,,,1.1729050925925926,missing
2403.07420,,,,0.6267476851851852,missing
2403.07487,,,,0.5656365740740741,missing
2403.07508,2024-03-12T10:44:13Z,,0.5526273148148149,0.5526273148148149,arxiv_meta_enrichment
2403.07563,,,,0.505613425925926,missing
2403.07750,,,,0.3495138888888889,missing
2403.07815,2024-03-12T16:53:54Z,,0.2959027777777778,0.2959027777777778,arxiv_meta_enrichment
2403.07816,2024-03-12T16:54:58Z,,0.29516203703703703,0.29516203703703703,arxiv_meta_enrichment
2403.07918,,,,15.298692129629629,missing
2403.08268,,,,0.7606828703703704,missing
2403.08295,2024-03-13T06:59:16Z,,0.7088425925925926,0.7088425925925926,arxiv_meta_enrichment
2403.08540,,,,0.42083333333333334,missing
2403.08551,,,,0.41465277777777776,missing
2403.08629,,,,0.3437037037037037,missing
2403.08715,2024-03-13T17:17:48Z,,0.27930555555555553,0.27930555555555553,arxiv_meta_enrichment
2403.08763,2024-03-13T17:58:57Z,,0.25072916666666667,0.25072916666666667,arxiv_meta_enrichment
2403.08764,2024-03-13T17:59:02Z,,0.2506712962962963,0.2506712962962963,arxiv_meta_enrichment
2403.08773,,,,56.468460648148145,missing
2403.09029,2024-03-14T01:40:40Z,,0.9300925925925926,0.9300925925925926,arxiv_meta_enrichment
2403.09055,2024-03-14T02:51:01Z,,0.8812384259259259,0.8812384259259259,arxiv_meta_enrichment
2403.09193,,,,319.61997685185185,missing
2403.09333,,,,0.48498842592592595,missing
2403.09334,2024-03-14T12:22:54Z,,0.48409722222222223,0.48409722222222223,arxiv_meta_enrichment
2403.09338,,,,0.4773148148148148,missing
2403.09347,2024-03-14T12:51:58Z,,0.46391203703703704,0.46391203703703704,arxiv_meta_enrichment
2403.09394,2024-03-14T13:47:41Z,,0.4252199074074074,0.4252199074074074,arxiv_meta_enrichment
2403.09530,,,,0.32430555555555557,missing
2403.09611,2024-03-14T17:51:32Z,,0.2558796296296296,0.2558796296296296,arxiv_meta_enrichment
2403.09622,2024-03-14T17:55:33Z,,0.25309027777777776,0.25309027777777776,arxiv_meta_enrichment
2403.09626,,,,0.25200231481481483,missing
2403.09629,,,,0.2512037037037037,missing
2403.09631,,,,0.25091435185185185,missing
2403.09704,2024-03-08T21:26:49Z,,9.106377314814814,9.106377314814814,arxiv_meta_enrichment
2403.09919,2024-03-14T23:40:56Z,,3.013240740740741,3.013240740740741,arxiv_meta_enrichment
2403.09977,,,,2.882789351851852,missing
2403.09981,,,,2.876851851851852,missing
2403.10131,2024-03-15T09:26:02Z,,2.606921296296296,2.606921296296296,arxiv_meta_enrichment
2403.10242,,,,2.4829166666666667,missing
2403.10301,,,,2.4279282407407408,missing
2403.10395,,,,2.3555787037037037,missing
2403.10425,,,,2.3341319444444446,missing
2403.10493,,,,2.2724305555555557,missing
2403.10517,2024-03-15T17:57:52Z,,2.2514814814814814,2.2514814814814814,arxiv_meta_enrichment
2403.10615,2024-03-15T18:26:33Z,,3.2315625,3.2315625,arxiv_meta_enrichment
2403.10616,,,,3.2313541666666667,missing
2403.10704,2024-03-15T21:43:46Z,,3.0946064814814815,3.0946064814814815,arxiv_meta_enrichment
2403.11207,,,,1.447662037037037,missing
2403.11481,,,,0.7861226851851851,missing
2403.11703,,,,0.4970949074074074,missing
2403.11781,2024-03-18T13:39:53Z,,0.4306365740740741,0.4306365740740741,arxiv_meta_enrichment
2403.11901,2024-03-18T16:01:42Z,,0.3321527777777778,0.3321527777777778,arxiv_meta_enrichment
2403.12008,2024-03-18T17:46:06Z,,0.2596527777777778,0.2596527777777778,arxiv_meta_enrichment
2403.12015,,,,0.2557523148148148,missing
2403.12019,,,,0.25377314814814816,missing
2403.12032,,,,0.25059027777777776,missing
2403.12034,,,,0.25055555555555553,missing
2403.12173,2024-03-18T18:45:28Z,,1.218425925925926,1.218425925925926,arxiv_meta_enrichment
2403.12365,,,,0.9011458333333333,missing
2403.12409,,,,0.8474189814814815,missing
2403.12596,,,,0.5811689814814814,missing
2403.12706,2024-03-19T13:08:54Z,,0.4521527777777778,0.4521527777777778,arxiv_meta_enrichment
2403.12881,2024-03-19T16:26:10Z,,0.31516203703703705,0.31516203703703705,arxiv_meta_enrichment
2403.12895,2024-03-19T16:48:40Z,,0.29953703703703705,0.29953703703703705,arxiv_meta_enrichment
2403.12906,,,,0.29019675925925925,missing
2403.12943,,,,0.25859953703703703,missing
2403.12957,,,,0.2514814814814815,missing
2403.12959,,,,341.25136574074077,missing
2403.12962,,,,0.25048611111111113,missing
2403.12963,,,,0.2503125,missing
2403.12968,2024-03-19T17:59:56Z,,0.2500462962962963,0.2500462962962963,arxiv_meta_enrichment
2403.13043,2024-03-19T17:58:39Z,,1.2509375,1.2509375,arxiv_meta_enrichment
2403.13044,,,,1.250023148148148,missing
2403.13064,,,,1.2489699074074074,missing
2403.13187,,,,1.0438310185185184,missing
2403.13248,2024-03-20T02:19:21Z,,0.9032291666666666,0.9032291666666666,arxiv_meta_enrichment
2403.13372,2024-03-20T08:08:54Z,,0.6604861111111111,0.6604861111111111,arxiv_meta_enrichment
2403.13447,2024-03-20T09:42:43Z,,0.5953356481481481,0.5953356481481481,arxiv_meta_enrichment
2403.13501,,,,0.5423842592592593,missing
2403.13524,,,,0.5062037037037037,missing
2403.13535,,,,0.49092592592592593,missing
2403.13745,,,,0.2960069444444444,missing
2403.13787,,,,0.2570138888888889,missing
2403.13788,2024-03-20T17:51:53Z,,0.2556365740740741,0.2556365740740741,arxiv_meta_enrichment
2403.13793,,,,0.25386574074074075,missing
2403.13799,,,,0.25306712962962963,missing
2403.13802,2024-03-20T17:59:14Z,,0.2505324074074074,0.2505324074074074,arxiv_meta_enrichment
2403.13806,2024-03-20T17:59:55Z,,0.25005787037037036,0.25005787037037036,arxiv_meta_enrichment
2403.14148,2024-03-21T05:48:48Z,,0.7577777777777778,0.7577777777777778,arxiv_meta_enrichment
2403.14186,,,,0.6931597222222222,missing
2403.14467,,,,0.36498842592592595,missing
2403.14468,2024-03-21T15:15:00Z,,0.3645833333333333,0.3645833333333333,arxiv_meta_enrichment
2403.14520,,,,0.32086805555555553,missing
2403.14554,,,,0.29649305555555555,missing
2403.14599,2024-03-21T17:51:01Z,,0.25623842592592594,0.25623842592592594,arxiv_meta_enrichment
2403.14602,2024-03-21T17:52:08Z,,0.25546296296296295,0.25546296296296295,arxiv_meta_enrichment
2403.14611,,,,0.251724537037037,missing
2403.14613,,,,0.2513425925925926,missing
2403.14614,,,,311.25122685185187,missing
2403.14621,,,,0.2503009259259259,missing
2403.14624,2024-03-21T17:59:50Z,,0.2501157407407407,0.2501157407407407,arxiv_meta_enrichment
2403.14714,,,,6.024155092592593,missing
2403.14773,,,,2.230914351851852,missing
2403.14781,,,,3.2132175925925925,missing
2403.14870,,,,3.0580555555555557,missing
2403.15042,2024-03-22T08:57:07Z,,2.6270023148148147,2.6270023148148147,arxiv_meta_enrichment
2403.15157,,,,2.490787037037037,missing
2403.15246,,,,2.387164351851852,missing
2403.15360,,,,2.2757407407407406,missing
2403.15371,,,,2.2564467592592594,missing
2403.15377,2024-03-22T17:57:42Z,,2.2515972222222222,2.2515972222222222,arxiv_meta_enrichment
2403.15382,,,,2.2507060185185184,missing
2403.15383,,,,2.2506828703703703,missing
2403.15385,,,,2.2502662037037036,missing
2403.15447,,,,7.931724537037037,missing
2403.15484,,,,4.711030092592592,missing
2403.16627,,,,0.5302893518518519,missing
2403.16971,2024-03-25T17:32:23Z,,0.26917824074074076,0.26917824074074076,arxiv_meta_enrichment
2403.16990,,,,0.25547453703703704,missing
2403.17001,,,,0.2503356481481481,missing
2403.17005,,,,0.2502314814814815,missing
2403.17008,2024-03-25T17:59:57Z,2024-03-25 17:59:57+00:00,0.2500347222222222,0.2500347222222222,arxiv_meta_enrichment
2403.17237,,,,1.0596643518518518,missing
2403.17297,2024-03-26T00:53:24Z,,0.9629166666666666,0.9629166666666666,arxiv_meta_enrichment
2403.17607,,,,0.5148263888888889,missing
2403.17694,,,,0.43400462962962966,missing
2403.17804,2024-03-26T15:42:01Z,,0.34582175925925923,0.34582175925925923,arxiv_meta_enrichment
2403.17887,2024-03-26T17:20:04Z,,0.27773148148148147,0.27773148148148147,arxiv_meta_enrichment
2403.17888,2024-03-26T17:21:24Z,,0.2768055555555556,0.2768055555555556,arxiv_meta_enrichment
2403.17898,,,,0.26416666666666666,missing
2403.17920,,,,0.2533449074074074,missing
2403.18118,,,,1.0913541666666666,missing
2403.18361,2024-03-27T08:53:13Z,,0.6297106481481481,0.6297106481481481,arxiv_meta_enrichment
2403.18421,,,,0.5705902777777778,missing
2403.18605,,,,0.3996527777777778,missing
2403.18783,,,,0.2696875,missing
2403.18795,2024-03-27T17:40:14Z,,0.26372685185185185,0.26372685185185185,arxiv_meta_enrichment
2403.18802,2024-03-27T17:48:55Z,,0.2576967592592593,0.2576967592592593,arxiv_meta_enrichment
2403.18814,2024-03-27T17:59:04Z,,0.2506481481481482,0.2506481481481482,arxiv_meta_enrichment
2403.18816,2024-03-27T17:59:33Z,,0.2503125,0.2503125,arxiv_meta_enrichment
2403.18818,2024-03-27T17:59:52Z,2024-03-27 17:59:52+00:00,0.2500925925925926,0.2500925925925926,arxiv_meta_enrichment
2403.18978,,,,1.1715856481481481,missing
2403.19046,2024-03-27T22:50:48Z,,1.0480555555555555,1.0480555555555555,arxiv_meta_enrichment
2403.19270,,,,0.5860648148148148,missing
2403.19319,,,,0.525775462962963,missing
2403.19655,2024-03-28T17:59:50Z,,0.2501157407407407,0.2501157407407407,arxiv_meta_enrichment
2403.19851,,,,3.0879166666666666,missing
2403.19887,2024-03-28T23:55:06Z,,3.0034027777777776,3.0034027777777776,arxiv_meta_enrichment
2403.19888,,,,2.996377314814815,missing
2403.19928,,,,2.894270833333333,missing
2403.20041,2024-03-29T08:26:53Z,,2.647997685185185,2.647997685185185,arxiv_meta_enrichment
2403.20275,,,,2.3123032407407407,missing
2403.20309,2024-03-29T17:29:58Z,,2.2708564814814816,2.2708564814814816,arxiv_meta_enrichment
2403.20327,,,,2.252314814814815,missing
2403.20329,2024-03-29T17:59:06Z,,2.250625,2.250625,arxiv_meta_enrichment
2403.20331,,,,2.2500810185185185,missing
2404.00308,,,,2.5753935185185184,missing
2404.00345,2024-03-30T12:50:25Z,,2.464988425925926,2.464988425925926,arxiv_meta_enrichment
2404.00399,,,,2.347986111111111,missing
2404.00488,,,,2.0371064814814814,missing
2404.00656,,,,1.498935185185185,missing
2404.00987,,,,0.6525694444444444,missing
2404.01143,,,,0.3868402777777778,missing
2404.01197,,,,0.3365162037037037,missing
2404.01258,,,,0.272037037037037,missing
2404.01292,,,,0.25104166666666666,missing
2404.01294,2024-04-01T17:59:05Z,,0.2506365740740741,0.2506365740740741,arxiv_meta_enrichment
2404.01297,,,,0.25052083333333336,missing
2404.01300,,,,121.25005787037037,missing
2404.01331,2024-03-29T21:32:50Z,,4.102199074074074,4.102199074074074,arxiv_meta_enrichment
2404.01367,,,,1.250138888888889,missing
2404.01475,2024-04-01T20:56:25Z,,1.127488425925926,1.127488425925926,arxiv_meta_enrichment
2404.01617,,,,0.8445023148148149,missing
2404.01744,,,,0.6239351851851852,missing
2404.01856,,,,0.5179166666666667,missing
2404.01954,2024-04-02T13:48:49Z,,0.42443287037037036,0.42443287037037036,arxiv_meta_enrichment
2404.02060,,,,0.33390046296296294,missing
2404.02078,2024-04-02T16:25:30Z,2024-04-02 16:25:30+00:00,0.315625,0.315625,arxiv_meta_enrichment
2404.02101,2024-04-02T16:52:41Z,,0.2967476851851852,0.2967476851851852,arxiv_meta_enrichment
2404.02125,,,,0.2693055555555556,missing
2404.02258,,,,1.188761574074074,missing
2404.02514,,,,0.7034490740740741,missing
2404.02575,,,,0.6325115740740741,missing
2404.02733,,,,0.43461805555555555,missing
2404.02747,,,,0.4273032407407407,missing
2404.02883,2024-04-03T17:34:28Z,,0.26773148148148146,0.26773148148148146,arxiv_meta_enrichment
2404.02893,2024-04-03T17:51:18Z,,0.25604166666666667,0.25604166666666667,arxiv_meta_enrichment
2404.02905,2024-04-03T17:59:53Z,2024-04-03 17:59:53+00:00,0.2500810185185185,0.2500810185185185,arxiv_meta_enrichment
2404.03118,2024-04-03T23:57:34Z,,1.0016898148148148,1.0016898148148148,arxiv_meta_enrichment
2404.03204,,,,0.7811689814814815,missing
2404.03411,,,,0.47344907407407405,missing
2404.03413,2024-04-04T12:46:01Z,,0.46804398148148146,0.46804398148148146,arxiv_meta_enrichment
2404.03543,2024-04-04T15:49:49Z,,0.3404050925925926,0.3404050925925926,arxiv_meta_enrichment
2404.03566,,,,0.3162962962962963,missing
2404.03592,2024-04-04T17:00:37Z,,0.2912384259259259,0.2912384259259259,arxiv_meta_enrichment
2404.03626,2024-04-04T17:48:28Z,,0.25800925925925927,0.25800925925925927,arxiv_meta_enrichment
2404.03648,2024-04-04T17:58:40Z,,0.25092592592592594,0.25092592592592594,arxiv_meta_enrichment
2404.03653,2024-04-04T17:59:46Z,,0.25016203703703704,0.25016203703703704,arxiv_meta_enrichment
2404.03673,,,,13.346967592592593,missing
2404.03683,2024-04-01T06:50:52Z,,6.714675925925926,6.714675925925926,arxiv_meta_enrichment
2404.03715,2024-04-04T17:56:41Z,,3.2523032407407406,3.2523032407407406,arxiv_meta_enrichment
2404.03820,,,,3.0611342592592594,missing
2404.04125,,,,3.2513657407407406,missing
2404.04167,,,,2.361087962962963,missing
2404.04204,,,,2.312523148148148,missing
2404.04211,,,,2.3039814814814816,missing
2404.04256,,,,2.250185185185185,missing
2404.04319,2024-04-05T17:59:25Z,,3.2504050925925925,3.2504050925925925,arxiv_meta_enrichment
2404.04346,,,,3.227037037037037,missing
2404.04421,2024-04-05T21:44:57Z,,3.0937847222222223,3.0937847222222223,arxiv_meta_enrichment
2404.04465,,,,2.9420949074074074,missing
2404.04478,,,,2.878761574074074,missing
2404.04526,,,,2.7164814814814813,missing
2404.04544,2024-04-06T07:53:49Z,,2.670960648148148,2.670960648148148,arxiv_meta_enrichment
2404.04860,,,,1.6616435185185185,missing
2404.05014,,,,1.299224537037037,missing
2404.05595,2024-04-08T15:14:20Z,,0.3650462962962963,0.3650462962962963,arxiv_meta_enrichment
2404.05666,2024-04-08T16:51:19Z,,0.29769675925925926,0.29769675925925926,arxiv_meta_enrichment
2404.05674,,,,0.29457175925925927,missing
2404.05717,2024-04-08T17:52:29Z,,0.2552199074074074,0.2552199074074074,arxiv_meta_enrichment
2404.05719,2024-04-08T17:55:44Z,,0.25296296296296295,0.25296296296296295,arxiv_meta_enrichment
2404.05726,,,,0.2504166666666667,missing
2404.05829,,,,1.1745833333333333,missing
2404.05875,2024-04-08T21:15:36Z,,1.1141666666666667,1.1141666666666667,arxiv_meta_enrichment
2404.05892,2024-04-08T22:20:59Z,,1.0687615740740741,1.0687615740740741,arxiv_meta_enrichment
2404.05902,,,,3.034178240740741,missing
2404.05961,2024-04-09T02:51:05Z,,0.8811921296296297,0.8811921296296297,arxiv_meta_enrichment
2404.06091,,,,0.6739583333333333,missing
2404.06109,,,,0.652349537037037,missing
2404.06209,,,,0.5428125,missing
2404.06212,2024-04-09T11:00:19Z,,0.5414467592592592,0.5414467592592592,arxiv_meta_enrichment
2404.06393,,,,0.35009259259259257,missing
2404.06395,2024-04-09T15:36:50Z,,0.3494212962962963,0.3494212962962963,arxiv_meta_enrichment
2404.06429,,,,0.31940972222222225,missing
2404.06507,,,,0.2529976851851852,missing
2404.06512,,,,0.2503240740740741,missing
2404.06654,,,,1.0128819444444443,missing
2404.06773,2024-04-10T06:30:08Z,,0.7290740740740741,0.7290740740740741,arxiv_meta_enrichment
2404.06780,,,,-0.27881944444444445,missing
2404.06903,2024-04-10T10:46:59Z,,0.5507060185185185,0.5507060185185185,arxiv_meta_enrichment
2404.07097,,,,298.34930555555553,missing
2404.07143,2024-04-10T16:18:42Z,,0.3203472222222222,0.3203472222222222,arxiv_meta_enrichment
2404.07199,2024-04-10T17:57:41Z,,0.2516087962962963,0.2516087962962963,arxiv_meta_enrichment
2404.07204,2024-04-10T17:59:45Z,,0.25017361111111114,0.25017361111111114,arxiv_meta_enrichment
2404.07413,2024-04-11T00:52:39Z,,-0.0365625,-0.0365625,arxiv_meta_enrichment
2404.07448,,,,-0.13116898148148148,missing
2404.07503,2024-04-11T06:34:17Z,,0.7261921296296296,0.7261921296296296,arxiv_meta_enrichment
2404.07544,2024-04-11T08:12:43Z,,-0.34216435185185184,-0.34216435185185184,arxiv_meta_enrichment
2404.07616,,,,-0.42261574074074076,missing
2404.07724,,,,0.44667824074074075,missing
2404.07821,,,,0.3743634259259259,missing
2404.07839,2024-04-11T15:27:22Z,,0.3559953703703704,0.3559953703703704,arxiv_meta_enrichment
2404.07904,2024-04-11T16:43:03Z,,0.3034375,0.3034375,arxiv_meta_enrichment
2404.07965,,,,0.2555439814814815,missing
2404.07972,,,,0.2527199074074074,missing
2404.07973,2024-04-11T17:56:05Z,,0.2527199074074074,0.2527199074074074,arxiv_meta_enrichment
2404.07979,2024-04-11T17:57:22Z,,0.2518287037037037,0.2518287037037037,arxiv_meta_enrichment
2404.07987,2024-04-11T17:59:09Z,,0.25059027777777776,0.25059027777777776,arxiv_meta_enrichment
2404.08197,,,,2.9134953703703705,missing
2404.08252,,,,2.761689814814815,missing
2404.08495,,,,2.398738425925926,missing
2404.08540,,,,2.350462962962963,missing
2404.08634,2024-04-12T17:53:34Z,,2.2544675925925928,2.2544675925925928,arxiv_meta_enrichment
2404.08636,,,,2.2513425925925925,missing
2404.08639,2024-04-12T17:59:40Z,,2.2502314814814817,2.2502314814814817,arxiv_meta_enrichment
2404.08801,2024-04-12T20:28:14Z,,3.147060185185185,3.147060185185185,arxiv_meta_enrichment
2404.08856,,,,2.9981944444444446,missing
2404.09173,2024-04-14T07:43:45Z,,1.6779513888888888,1.6779513888888888,arxiv_meta_enrichment
2404.09204,,,,1.591238425925926,missing
2404.09458,,,,0.7981597222222222,missing
2404.09656,2024-04-15T10:44:31Z,,0.5524189814814815,0.5524189814814815,arxiv_meta_enrichment
2404.09833,2024-04-15T14:32:32Z,,0.3940740740740741,0.3940740740740741,arxiv_meta_enrichment
2404.09937,2024-04-15T17:03:41Z,,0.2891087962962963,0.2891087962962963,arxiv_meta_enrichment
2404.09956,,,,0.26988425925925924,missing
2404.09967,2024-04-15T17:45:36Z,,0.26,0.26,arxiv_meta_enrichment
2404.09990,,,,0.2503356481481481,missing
2404.09995,,,,0.2500347222222222,missing
2404.10179,2024-03-13T17:50:32Z,,34.256574074074074,34.256574074074074,arxiv_meta_enrichment
2404.10301,2024-04-16T06:09:33Z,,0.7433680555555555,0.7433680555555555,arxiv_meta_enrichment
2404.11565,,,,1.2860532407407408,missing
2404.11614,2024-04-17T17:59:55Z,,1.2500578703703704,1.2500578703703704,arxiv_meta_enrichment
2404.11912,,,,0.7736805555555556,missing
2404.11925,2024-04-18T06:02:54Z,,0.7479861111111111,0.7479861111111111,arxiv_meta_enrichment
2404.12195,,,,-0.5814583333333333,missing
2404.12241,,,,0.37430555555555556,missing
2404.12253,2024-04-18T15:21:34Z,,0.3600231481481482,0.3600231481481482,arxiv_meta_enrichment
2404.12318,,,,0.29680555555555554,missing
2404.12347,,,,-0.7253240740740741,missing
2404.12385,2024-04-18T17:59:41Z,,0.2502199074074074,0.2502199074074074,arxiv_meta_enrichment
2404.12387,2024-04-18T17:59:48Z,,-0.7498611111111111,-0.7498611111111111,arxiv_meta_enrichment
2404.12390,,,,-0.7499305555555555,missing
2404.12547,,,,3.0050694444444446,missing
2404.12753,2024-04-19T09:59:44Z,,2.5835185185185185,2.5835185185185185,arxiv_meta_enrichment
2404.12803,2024-04-19T11:38:08Z,,2.515185185185185,2.515185185185185,arxiv_meta_enrichment
2404.12833,,,,2.490173611111111,missing
2404.12872,,,,2.4464467592592594,missing
2404.13013,2024-04-19T17:22:51Z,,2.275798611111111,2.275798611111111,arxiv_meta_enrichment
2404.13026,2024-04-19T17:41:05Z,,2.263136574074074,2.263136574074074,arxiv_meta_enrichment
2404.13050,,,,36.97457175925926,missing
2404.13208,2024-04-19T22:55:23Z,,3.0448726851851853,3.0448726851851853,arxiv_meta_enrichment
2404.13358,,,,2.5052083333333335,missing
2404.13686,2024-04-21T15:16:05Z,,1.3638310185185185,1.3638310185185185,arxiv_meta_enrichment
2404.14047,2024-04-22T10:03:03Z,,0.5812152777777778,0.5812152777777778,arxiv_meta_enrichment
2404.14219,2024-04-22T14:32:33Z,,0.3940625,0.3940625,arxiv_meta_enrichment
2404.14239,,,,0.38340277777777776,missing
2404.14351,,,,0.28989583333333335,missing
2404.14394,2024-04-22T17:55:11Z,,0.2533449074074074,0.2533449074074074,arxiv_meta_enrichment
2404.14396,2024-04-22T17:56:09Z,,0.2526736111111111,0.2526736111111111,arxiv_meta_enrichment
2404.14405,,,,0.25061342592592595,missing
2404.14469,2024-04-22T17:42:58Z,,1.2618287037037037,1.2618287037037037,arxiv_meta_enrichment
2404.14507,,,,1.237025462962963,missing
2404.14619,2024-04-22T23:12:03Z,,1.033298611111111,1.033298611111111,arxiv_meta_enrichment
2404.14687,,,,0.8937847222222223,missing
2404.14700,,,,0.8765509259259259,missing
2404.14994,2024-04-23T12:51:37Z,,0.4641550925925926,0.4641550925925926,arxiv_meta_enrichment
2404.15045,2024-04-23T13:47:09Z,,0.4255902777777778,0.4255902777777778,arxiv_meta_enrichment
2404.15420,,,,1.2425694444444444,missing
2404.15449,,,,1.2208796296296296,missing
2404.15653,2024-04-24T05:13:28Z,,0.7823148148148148,0.7823148148148148,arxiv_meta_enrichment
2404.15778,,,,0.5852893518518518,missing
2404.15789,,,,0.5632638888888889,missing
2404.16022,2024-04-24T17:55:33Z,,0.25309027777777776,0.25309027777777776,arxiv_meta_enrichment
2404.16029,,,,0.2505671296296296,missing
2404.16030,,,,0.2504166666666667,missing
2404.16035,,,,0.2500810185185185,missing
2404.16221,,,,1.0949652777777779,missing
2404.16375,2024-04-25T07:29:17Z,,0.6879976851851852,0.6879976851851852,arxiv_meta_enrichment
2404.16510,,,,0.5368402777777778,missing
2404.16645,2024-04-25T14:34:47Z,,0.39251157407407405,0.39251157407407405,arxiv_meta_enrichment
2404.16710,,,,0.31917824074074075,missing
2404.16771,2024-04-25T17:23:43Z,,0.27519675925925924,-246.0,arxiv_meta_enrichment
2404.16790,,,,0.26417824074074076,missing
2404.16811,2024-04-25T17:55:14Z,,0.25331018518518517,0.25331018518518517,arxiv_meta_enrichment
2404.16820,,,,0.2508912037037037,missing
2404.16821,2024-04-25T17:59:19Z,,0.25047453703703704,0.25047453703703704,arxiv_meta_enrichment
2404.16845,,,,73.41523148148148,missing
2404.16873,2024-04-21T22:18:13Z,,7.07068287037037,7.07068287037037,arxiv_meta_enrichment
2404.16994,,,,2.1875578703703704,missing
2404.17521,,,,3.3053587962962965,missing
2404.17569,,,,2.253726851851852,missing
2404.17672,2024-04-26T19:37:13Z,,3.182488425925926,3.182488425925926,arxiv_meta_enrichment
2404.18212,2024-04-28T15:07:53Z,,3.369525462962963,3.369525462962963,arxiv_meta_enrichment
2404.18243,2024-04-28T16:50:12Z,,1.2984722222222222,1.2984722222222222,arxiv_meta_enrichment
2404.18416,2024-04-29T04:11:28Z,,0.8253703703703704,0.8253703703703704,arxiv_meta_enrichment
2404.18796,,,,0.35181712962962963,missing
2404.18911,2024-04-29T17:53:54Z,,0.2542361111111111,0.2542361111111111,arxiv_meta_enrichment
2404.18928,,,,0.25050925925925926,missing
2404.19149,,,,1.023263888888889,missing
2404.19296,2024-04-30T06:55:45Z,,0.7112847222222223,0.7112847222222223,arxiv_meta_enrichment
2404.19427,2024-04-30T10:16:21Z,,0.5719791666666667,0.5719791666666667,arxiv_meta_enrichment
2404.19525,,,,0.4609490740740741,missing
2404.19553,2024-04-30T13:25:20Z,,0.44074074074074077,0.44074074074074077,arxiv_meta_enrichment
2404.19702,2024-04-30T16:47:46Z,,0.30016203703703703,0.30016203703703703,arxiv_meta_enrichment
2404.19733,2024-04-30T17:28:05Z,,0.27216435185185184,0.27216435185185184,arxiv_meta_enrichment
2404.19737,2024-04-30T17:33:57Z,,0.2680902777777778,0.2680902777777778,arxiv_meta_enrichment
2404.19752,2024-04-30T17:55:27Z,,0.2531597222222222,0.2531597222222222,arxiv_meta_enrichment
2404.19753,,,,0.2525,missing
2404.19756,2024-04-30T17:58:29Z,,0.25105324074074076,0.25105324074074076,arxiv_meta_enrichment
2404.19758,,,,0.2502314814814815,missing
2404.19759,2024-04-30T17:59:47Z,,0.25015046296296295,0.25015046296296295,arxiv_meta_enrichment
2404.19760,,,,0.2501041666666667,missing
2405.00029,,,,63.079421296296296,missing
2405.00233,,,,1.0475,missing
2405.00236,,,,1.0384722222222222,missing
2405.00263,,,,0.9678009259259259,missing
2405.00332,,,,0.7554976851851852,missing
2405.00664,2024-05-01T17:50:37Z,,0.2565162037037037,0.2565162037037037,arxiv_meta_enrichment
2405.00675,2024-05-01T17:59:20Z,,0.25046296296296294,0.25046296296296294,arxiv_meta_enrichment
2405.00676,,,,0.25017361111111114,missing
2405.00732,2024-04-29T04:01:45Z,,3.8321180555555556,3.8321180555555556,arxiv_meta_enrichment
2405.00983,,,,0.8479398148148148,missing
2405.01434,2024-05-02T16:25:16Z,,0.31578703703703703,0.31578703703703703,arxiv_meta_enrichment
2405.01470,,,,0.2916435185185185,missing
2405.01481,2024-05-02T17:13:40Z,,0.28217592592592594,0.28217592592592594,arxiv_meta_enrichment
2405.01525,2024-05-02T17:54:54Z,,0.25354166666666667,0.25354166666666667,arxiv_meta_enrichment
2405.01535,2024-05-02T17:59:35Z,,0.25028935185185186,0.25028935185185186,arxiv_meta_enrichment
2405.01536,,,,0.2500925925925926,missing
2405.02246,2024-05-03T17:00:00Z,,10.291666666666666,10.291666666666666,arxiv_meta_enrichment
2405.06650,,,,41.180983796296296,missing
2405.06694,,,,6.158518518518519,missing
2405.06932,2024-05-11T06:32:08Z,,2.727685185185185,2.727685185185185,arxiv_meta_enrichment
2405.07065,2024-05-11T18:20:40Z,,2.2356481481481483,2.2356481481481483,arxiv_meta_enrichment
2405.07518,2024-05-13T07:32:45Z,,0.6855902777777778,0.6855902777777778,arxiv_meta_enrichment
2405.07526,2024-05-13T07:46:44Z,,0.6758796296296297,0.6758796296296297,arxiv_meta_enrichment
2405.07863,,,,0.3398263888888889,missing
2405.07990,,,,0.2504398148148148,missing
2405.08054,2024-05-13T17:56:13Z,,1.2526273148148148,1.2526273148148148,arxiv_meta_enrichment
2405.08246,2024-05-14T00:22:06Z,,0.9846527777777778,0.9846527777777778,arxiv_meta_enrichment
2405.08295,2024-05-14T03:33:31Z,,0.851724537037037,0.851724537037037,arxiv_meta_enrichment
2405.08317,,,,0.7976504629629629,missing
2405.08344,,,,0.7273148148148149,missing
2405.08448,2024-05-14T09:12:30Z,,0.6163194444444444,0.6163194444444444,arxiv_meta_enrichment
2405.08707,2024-05-14T15:48:36Z,,0.34125,0.34125,arxiv_meta_enrichment
2405.08748,,,,0.3101273148148148,missing
2405.09062,,,,0.8569328703703704,missing
2405.09215,,,,0.5916782407407407,missing
2405.09220,,,,0.583599537037037,missing
2405.09546,,,,0.2514351851851852,missing
2405.09673,2024-05-15T19:27:45Z,,1.1890625,1.1890625,arxiv_meta_enrichment
2405.09798,2024-05-16T04:02:43Z,,0.8314467592592593,0.8314467592592593,arxiv_meta_enrichment
2405.09818,2024-05-16T05:23:41Z,,0.7752199074074074,0.7752199074074074,arxiv_meta_enrichment
2405.09874,2024-05-16T07:50:02Z,2024-05-16 07:50:02+00:00,0.673587962962963,0.673587962962963,arxiv_meta_enrichment
2405.10300,,,,0.25399305555555557,missing
2405.10314,,,,0.2506365740740741,missing
2405.10315,,,,0.25061342592592595,missing
2405.10320,,,,0.2501041666666667,missing
2405.10370,,,,3.2474421296296296,missing
2405.10626,,,,2.6382986111111113,missing
2405.10637,,,,2.625162037037037,missing
2405.10725,2024-05-17T12:15:07Z,,2.489502314814815,2.489502314814815,arxiv_meta_enrichment
2405.10938,,,,2.2571296296296297,missing
2405.11143,2024-05-20T01:04:40Z,,0.9550925925925926,0.9550925925925926,arxiv_meta_enrichment
2405.11157,,,,2.8733449074074073,missing
2405.11252,,,,2.554201388888889,missing
2405.11473,2024-05-19T07:48:41Z,,1.674525462962963,1.674525462962963,arxiv_meta_enrichment
2405.11582,,,,1.3594328703703704,missing
2405.12107,2024-05-20T15:23:19Z,,0.3588078703703704,0.3588078703703704,arxiv_meta_enrichment
2405.12130,,,,0.3412962962962963,missing
2405.12213,2024-05-20T17:57:01Z,,0.25207175925925923,0.25207175925925923,arxiv_meta_enrichment
2405.12250,,,,2.0527777777777776,missing
2405.12399,2024-05-20T22:51:05Z,,1.0478587962962962,1.0478587962962962,arxiv_meta_enrichment
2405.12970,,,,0.25680555555555556,missing
2405.12978,,,,0.25068287037037035,missing
2405.12979,,,,0.2504398148148148,missing
2405.12981,2024-05-21T17:59:29Z,,0.2503587962962963,0.2503587962962963,arxiv_meta_enrichment
2405.13195,,,,2.1288541666666667,missing
2405.13800,,,,1.3159375,missing
2405.13817,,,,1.3006597222222223,missing
2405.13865,2024-05-22T17:46:08Z,,1.2596296296296297,1.2596296296296297,arxiv_meta_enrichment
2405.14105,2024-05-23T02:14:17Z,,0.9067476851851852,0.9067476851851852,arxiv_meta_enrichment
2405.14129,,,,0.8694907407407407,missing
2405.14224,,,,0.7129861111111111,missing
2405.14333,2024-05-23T09:03:42Z,,0.6224305555555556,0.6224305555555556,arxiv_meta_enrichment
2405.14477,2024-05-23T12:06:00Z,,0.49583333333333335,0.49583333333333335,arxiv_meta_enrichment
2405.14598,,,,0.4074537037037037,missing
2405.14677,,,,0.36649305555555556,missing
2405.14847,,,,0.2523842592592593,missing
2405.14857,,,,0.25135416666666666,missing
2405.14860,,,,0.2506481481481482,missing
2405.14866,,,,0.25017361111111114,missing
2405.14867,,,,0.2501273148148148,missing
2405.14871,,,,0.2500347222222222,missing
2405.14906,2024-05-23T02:53:25Z,,3.8795717592592593,3.8795717592592593,arxiv_meta_enrichment
2405.14908,,,,3.5944212962962965,missing
2405.14979,2024-05-23T18:30:12Z,,3.2290277777777776,3.2290277777777776,arxiv_meta_enrichment
2405.15032,2024-05-23T20:10:38Z,,3.1592824074074075,3.1592824074074075,arxiv_meta_enrichment
2405.15071,,,,3.095613425925926,missing
2405.15125,,,,2.9673842592592594,missing
2405.15216,,,,2.7880555555555557,missing
2405.15223,2024-05-24T05:29:12Z,,2.7713888888888887,2.7713888888888887,arxiv_meta_enrichment
2405.15319,2024-05-24T08:00:00Z,,2.6666666666666665,2.6666666666666665,arxiv_meta_enrichment
2405.15574,2024-05-24T14:04:03Z,,2.413854166666667,2.413854166666667,arxiv_meta_enrichment
2405.15613,2024-05-24T14:58:51Z,,2.375798611111111,2.375798611111111,arxiv_meta_enrichment
2405.15682,2024-05-24T16:20:46Z,,2.318912037037037,2.318912037037037,arxiv_meta_enrichment
2405.15738,2024-05-24T17:34:15Z,,2.2678819444444445,2.2678819444444445,arxiv_meta_enrichment
2405.15757,,,,3.2547916666666667,missing
2405.16287,,,,2.3359375,missing
2405.16537,,,,1.5085648148148147,missing
2405.16712,2024-05-26T22:23:02Z,,1.067337962962963,1.067337962962963,arxiv_meta_enrichment
2405.16759,,,,0.9078819444444445,missing
2405.16822,,,,0.802962962962963,missing
2405.16852,,,,0.7532175925925926,missing
2405.16888,,,,0.7011458333333334,missing
2405.17247,2024-05-27T15:01:23Z,,0.37403935185185183,0.37403935185185183,arxiv_meta_enrichment
2405.17258,,,,0.3644907407407407,missing
2405.17399,,,,0.25743055555555555,missing
2405.17405,,,,0.25452546296296297,missing
2405.17414,,,,0.2513773148148148,missing
2405.17428,2024-05-27T17:59:45Z,,0.25017361111111114,0.25017361111111114,arxiv_meta_enrichment
2405.17430,,,,0.2500462962962963,missing
2405.17976,2024-05-28T09:05:08Z,,0.6214351851851851,0.6214351851851851,arxiv_meta_enrichment
2405.17991,,,,0.6088657407407407,missing
2405.18047,2024-05-28T11:02:01Z,,0.5402662037037037,0.5402662037037037,arxiv_meta_enrichment
2405.18144,,,,5.456296296296296,missing
2405.18377,2024-05-28T17:20:44Z,,0.2772685185185185,0.2772685185185185,arxiv_meta_enrichment
2405.18386,2024-05-28T17:27:20Z,,0.2726851851851852,0.2726851851851852,arxiv_meta_enrichment
2405.18407,2024-05-28T17:47:19Z,,0.2588078703703704,0.2588078703703704,arxiv_meta_enrichment
2405.18424,,,,0.25068287037037035,missing
2405.18426,2024-05-28T17:59:22Z,,0.2504398148148148,0.2504398148148148,arxiv_meta_enrichment
2405.18503,,,,1.239675925925926,missing
2405.18515,,,,1.226875,missing
2405.18669,,,,0.9833912037037037,missing
2405.18750,,,,0.8150810185185186,missing
2405.18870,,,,0.6449537037037038,missing
2405.18991,,,,0.5339467592592593,missing
2405.19107,,,,0.40869212962962964,missing
2405.19320,,,,0.2557638888888889,missing
2405.19325,,,,0.2534375,missing
2405.19327,2024-05-29T17:57:16Z,,0.25189814814814815,0.25189814814814815,arxiv_meta_enrichment
2405.19331,,,,0.2512847222222222,missing
2405.19332,2024-05-29T17:59:07Z,,0.25061342592592595,0.25061342592592595,arxiv_meta_enrichment
2405.19707,,,,0.7665277777777778,missing
2405.19856,,,,0.6224305555555556,missing
2405.19888,,,,0.5926388888888889,missing
2405.19893,2024-05-30T09:50:38Z,,0.589837962962963,0.589837962962963,arxiv_meta_enrichment
2405.19957,,,,0.5256828703703704,missing
2405.20204,,,,0.32784722222222223,missing
2405.20216,2024-05-30T16:18:05Z,,307.32077546296296,307.32077546296296,arxiv_meta_enrichment
2405.20222,,,,0.3178009259259259,missing
2405.20289,,,,0.2637615740740741,missing
2405.20327,,,,0.2513888888888889,missing
2405.20335,2024-05-30T17:59:31Z,,0.2503356481481481,0.2503356481481481,arxiv_meta_enrichment
2405.20340,,,,0.2501157407407407,missing
2405.20541,,,,3.006712962962963,missing
2405.20674,,,,2.6537152777777777,missing
2405.21048,,,,2.2630671296296296,missing
2405.21060,,,,2.2569328703703704,missing
2405.21075,2024-05-31T17:59:47Z,,2.250150462962963,2.250150462962963,arxiv_meta_enrichment
2406.00153,,,,3.1883449074074073,missing
2406.00392,,,,2.560046296296296,missing
2406.00856,,,,52.15094907407408,missing
2406.00888,2024-06-02T23:13:56Z,,1.0319907407407407,1.0319907407407407,arxiv_meta_enrichment
2406.00908,,,,0.9783217592592592,missing
2406.01014,2024-06-03T05:50:00Z,,2.7569444444444446,2.7569444444444446,arxiv_meta_enrichment
2406.01300,,,,3.451712962962963,missing
2406.01493,,,,0.31916666666666665,missing
2406.01574,,,,0.2548611111111111,missing
2406.01660,,,,1.2545717592592593,missing
2406.02230,,,,0.507824074074074,missing
2406.02265,,,,40.47090277777778,missing
2406.02430,,,,0.3413310185185185,missing
2406.02507,2024-06-04T17:25:59Z,,0.2736226851851852,0.2736226851851852,arxiv_meta_enrichment
2406.02509,,,,0.27269675925925924,missing
2406.02511,,,,0.2688425925925926,missing
2406.02523,,,,0.26283564814814814,missing
2406.02539,,,,1.2524537037037038,missing
2406.02543,2024-06-04T17:58:18Z,,0.2511805555555556,0.2511805555555556,arxiv_meta_enrichment
2406.02657,2024-06-04T17:45:26Z,,1.2601157407407408,1.2601157407407408,arxiv_meta_enrichment
2406.02844,,,,0.9334490740740741,missing
2406.02856,,,,0.9082638888888889,missing
2406.02884,2024-06-05T03:05:52Z,,0.8709259259259259,0.8709259259259259,arxiv_meta_enrichment
2406.02886,,,,0.8691550925925926,missing
2406.02897,,,,0.8498726851851852,missing
2406.02900,,,,0.846099537037037,missing
2406.03184,2024-06-05T12:15:22Z,,0.4893287037037037,0.4893287037037037,arxiv_meta_enrichment
2406.03215,,,,0.4628703703703704,missing
2406.03344,2024-06-05T15:00:59Z,,0.37431712962962965,0.37431712962962965,arxiv_meta_enrichment
2406.04127,2024-06-06T14:49:06Z,,6.382569444444444,6.382569444444444,arxiv_meta_enrichment
2406.04151,2024-06-06T15:15:41Z,,0.3641087962962963,0.3641087962962963,arxiv_meta_enrichment
2406.04268,,,,0.28122685185185187,missing
2406.04271,2024-06-06T17:22:08Z,,0.2762962962962963,0.2762962962962963,arxiv_meta_enrichment
2406.04277,2024-06-06T17:25:33Z,,0.27392361111111113,0.27392361111111113,arxiv_meta_enrichment
2406.04314,2024-06-06T17:57:09Z,,0.25197916666666664,0.25197916666666664,arxiv_meta_enrichment
2406.04320,,,,6.2512847222222225,missing
2406.04324,2024-06-06T17:58:27Z,,0.2510763888888889,0.2510763888888889,arxiv_meta_enrichment
2406.04325,2024-06-06T17:58:54Z,,0.2507638888888889,0.2507638888888889,arxiv_meta_enrichment
2406.04329,,,,6.250578703703703,missing
2406.04333,2024-06-06T17:59:23Z,,0.2504282407407407,0.2504282407407407,arxiv_meta_enrichment
2406.04338,2024-06-06T17:59:47Z,,6.250150462962963,6.250150462962963,arxiv_meta_enrichment
2406.04370,,,,8.910601851851851,missing
2406.04391,,,,3.259074074074074,missing
2406.04485,2024-06-06T20:15:42Z,,3.155763888888889,3.155763888888889,arxiv_meta_enrichment
2406.04520,,,,3.1058449074074073,missing
2406.04523,,,,3.0985185185185187,missing
2406.04594,,,,2.875983796296296,missing
2406.04604,,,,62.85565972222222,missing
2406.04692,2024-06-07T07:04:10Z,,2.705439814814815,2.705439814814815,arxiv_meta_enrichment
2406.04744,2024-06-07T08:43:07Z,,2.636724537037037,2.636724537037037,arxiv_meta_enrichment
2406.04770,,,,2.614074074074074,missing
2406.05074,,,,5.301469907407407,missing
2406.05132,2024-06-07T17:59:59Z,,5.250011574074074,5.250011574074074,arxiv_meta_enrichment
2406.05338,2024-06-08T03:44:25Z,,4.844155092592593,4.844155092592593,arxiv_meta_enrichment
2406.05370,,,,2.7284375,missing
2406.05629,,,,2.8483680555555555,missing
2406.05649,,,,1.7781944444444444,missing
2406.05768,,,,1.4612268518518519,missing
2406.05814,,,,1.374675925925926,missing
2406.05955,2024-06-10T01:21:59Z,,2.94306712962963,2.94306712962963,arxiv_meta_enrichment
2406.05967,,,,3.917361111111111,missing
2406.05981,,,,0.8833912037037037,missing
2406.06040,,,,0.7375578703703703,missing
2406.06133,,,,0.594375,missing
2406.06216,,,,0.4769907407407407,missing
2406.06263,,,,6.42744212962963,missing
2406.06282,2024-06-10T14:01:21Z,,2.4157291666666665,2.4157291666666665,arxiv_meta_enrichment
2406.06316,2024-06-10T14:33:02Z,,0.39372685185185186,0.39372685185185186,arxiv_meta_enrichment
2406.06424,,,,0.32309027777777777,missing
2406.06462,,,,2.2925,missing
2406.06469,2024-06-10T17:07:25Z,,0.28651620370370373,0.28651620370370373,arxiv_meta_enrichment
2406.06474,2024-06-10T17:16:49Z,,0.27998842592592593,0.27998842592592593,arxiv_meta_enrichment
2406.06523,2024-06-10T17:59:46Z,,2.250162037037037,2.250162037037037,arxiv_meta_enrichment
2406.06525,,,,0.2500925925925926,missing
2406.06527,,,,0.2500115740740741,missing
2406.06563,2024-06-03T03:58:41Z,,8.834247685185185,8.834247685185185,arxiv_meta_enrichment
2406.06573,,,,8.238935185185186,missing
2406.06592,2024-06-05T19:25:40Z,,6.190509259259259,6.190509259259259,arxiv_meta_enrichment
2406.06608,2024-06-06T18:10:11Z,,5.242928240740741,5.242928240740741,arxiv_meta_enrichment
2406.06612,,,,5.045127314814815,missing
2406.06911,,,,0.8683217592592593,missing
2406.07057,2024-06-11T08:38:13Z,,37.64012731481481,37.64012731481481,arxiv_meta_enrichment
2406.07188,,,,0.4992013888888889,missing
2406.07230,,,,5.451898148148148,missing
2406.07394,2024-06-11T16:01:07Z,,0.3325578703703704,0.3325578703703704,arxiv_meta_enrichment
2406.07436,2024-06-11T16:45:17Z,,0.3018865740740741,0.3018865740740741,arxiv_meta_enrichment
2406.07457,,,,2.29037037037037,missing
2406.07472,,,,0.2781712962962963,missing
2406.07476,2024-06-11T17:22:23Z,,1.2761226851851852,1.2761226851851852,arxiv_meta_enrichment
2406.07496,,,,0.2692013888888889,missing
2406.07520,,,,0.25677083333333334,missing
2406.07522,2024-06-11T17:50:51Z,,2.2563541666666667,2.2563541666666667,arxiv_meta_enrichment
2406.07524,,,,0.25578703703703703,missing
2406.07546,,,,2.250138888888889,missing
2406.07547,2024-06-11T17:59:51Z,,0.2501041666666667,0.2501041666666667,arxiv_meta_enrichment
2406.07550,,,,0.2500462962962963,missing
2406.07686,2024-06-11T20:05:58Z,,1.1625231481481482,1.1625231481481482,arxiv_meta_enrichment
2406.07792,,,,0.9493865740740741,missing
2406.07882,,,,4.777592592592592,missing
2406.07933,,,,0.7108796296296296,missing
2406.08085,2024-06-12T11:07:55Z,,25.53616898148148,25.53616898148148,arxiv_meta_enrichment
2406.08316,,,,15.363425925925926,missing
2406.08392,,,,0.30292824074074076,missing
2406.08407,2024-06-12T16:54:54Z,,0.29520833333333335,0.29520833333333335,arxiv_meta_enrichment
2406.08414,,,,0.29258101851851853,missing
2406.08418,2024-06-12T17:01:04Z,,4.290925925925926,4.290925925925926,arxiv_meta_enrichment
2406.08451,2024-06-12T17:44:26Z,,4.260810185185186,4.260810185185186,arxiv_meta_enrichment
2406.08464,2024-06-12T17:52:30Z,,0.2552083333333333,0.2552083333333333,arxiv_meta_enrichment
2406.08478,2024-06-12T17:59:07Z,,0.25061342592592595,0.25061342592592595,arxiv_meta_enrichment
2406.08479,,,,1.2506018518518518,missing
2406.08487,,,,0.2501273148148148,missing
2406.08545,,,,4.249988425925926,missing
2406.08552,2024-06-12T18:00:08Z,,1.2499074074074075,1.2499074074074075,arxiv_meta_enrichment
2406.08587,,,,1.2170370370370371,missing
2406.08598,,,,1.204363425925926,missing
2406.08656,,,,1.0961574074074074,missing
2406.08657,,,,1.0956828703703703,missing
2406.08659,,,,4.094398148148148,missing
2406.08673,,,,1.0637962962962964,missing
2406.08707,,,,0.9906018518518519,missing
2406.08845,,,,3.74349537037037,missing
2406.08862,,,,0.7120717592592593,missing
2406.08920,,,,3.642916666666667,missing
2406.08973,2024-06-13T10:04:17Z,,3.5803587962962964,3.5803587962962964,arxiv_meta_enrichment
2406.09162,,,,0.3981134259259259,missing
2406.09170,,,,0.39491898148148147,missing
2406.09246,,,,0.3424189814814815,missing
2406.09297,,,,0.3099074074074074,missing
2406.09305,,,,0.3051041666666667,missing
2406.09308,2024-06-13T16:42:06Z,,0.30409722222222224,0.30409722222222224,arxiv_meta_enrichment
2406.09356,,,,0.2627662037037037,missing
2406.09358,,,,0.26133101851851853,missing
2406.09371,,,,0.25625,missing
2406.09403,,,,0.2503356481481481,missing
2406.09406,,,,0.2502083333333333,missing
2406.09411,2024-06-13T17:59:52Z,,0.2500925925925926,0.2500925925925926,arxiv_meta_enrichment
2406.09412,,,,0.2500810185185185,missing
2406.09413,2024-06-13T17:59:56Z,,0.2500462962962963,0.2500462962962963,arxiv_meta_enrichment
2406.09414,2024-06-13T17:59:56Z,,0.2500462962962963,0.2500462962962963,arxiv_meta_enrichment
2406.09415,,,,0.25002314814814813,missing
2406.09416,,,,0.25002314814814813,missing
2406.09455,,,,5.211215277777778,missing
2406.09559,,,,3.1699074074074076,missing
2406.09760,,,,4.710208333333333,missing
2406.09900,,,,2.572349537037037,missing
2406.09961,2024-06-14T12:10:51Z,,2.492465277777778,2.492465277777778,arxiv_meta_enrichment
2406.10023,,,,3.435613425925926,missing
2406.10111,,,,2.3615625,missing
2406.10118,2024-06-14T15:23:39Z,,2.358576388888889,2.358576388888889,arxiv_meta_enrichment
2406.10126,,,,2.3520833333333333,missing
2406.10149,,,,2.3329976851851852,missing
2406.10163,2024-06-14T16:30:25Z,,3.3122106481481484,3.3122106481481484,arxiv_meta_enrichment
2406.10208,2024-06-14T17:44:09Z,,2.2610069444444445,2.2610069444444445,arxiv_meta_enrichment
2406.10209,,,,2.2608564814814813,missing
2406.10210,,,,2.2596296296296297,missing
2406.10227,,,,2.250601851851852,missing
2406.10324,,,,3.2560416666666665,missing
2406.10328,,,,3.2500810185185185,missing
2406.10522,,,,2.7316550925925926,missing
2406.10601,,,,5.521851851851852,missing
2406.10615,,,,135.4808449074074,missing
2406.10670,,,,2.3555324074074075,missing
2406.10803,,,,1.7961921296296297,missing
2406.10900,,,,11.510613425925927,missing
2406.10906,,,,1.495162037037037,missing
2406.10996,2024-06-16T16:17:46Z,,1.3209953703703703,1.3209953703703703,arxiv_meta_enrichment
2406.11069,,,,1.1295717592592593,missing
2406.11139,,,,2.9205208333333332,missing
2406.11194,2024-06-17T04:00:04Z,,0.833287037037037,0.833287037037037,arxiv_meta_enrichment
2406.11196,,,,0.827037037037037,missing
2406.11202,,,,0.8054745370370371,missing
2406.11230,,,,2.754097222222222,missing
2406.11251,,,,0.7308449074074074,missing
2406.11271,2024-06-17T07:21:36Z,,0.6933333333333334,0.6933333333333334,arxiv_meta_enrichment
2406.11289,,,,3.671851851851852,missing
2406.11402,,,,0.5516666666666666,missing
2406.11403,,,,6.551539351851852,missing
2406.11410,,,,3.5444097222222224,missing
2406.11430,,,,0.5171759259259259,missing
2406.11431,,,,1.5162152777777778,missing
2406.11463,,,,0.4828125,missing
2406.11612,2024-06-17T14:58:29Z,,2.376053240740741,2.376053240740741,arxiv_meta_enrichment
2406.11614,,,,2.3745949074074075,missing
2406.11617,,,,6.373090277777778,missing
2406.11654,,,,6.349837962962963,missing
2406.11687,,,,1.3294907407407408,missing
2406.11715,,,,2.310011574074074,missing
2406.11768,2024-06-17T17:31:01Z,,0.27012731481481483,0.27012731481481483,arxiv_meta_enrichment
2406.11775,,,,0.26895833333333335,missing
2406.11794,2024-06-17T17:42:57Z,,0.2618402777777778,0.2618402777777778,arxiv_meta_enrichment
2406.11801,,,,1.2581828703703704,missing
2406.11811,,,,1.2549305555555557,missing
2406.11813,,,,0.2537037037037037,missing
2406.11816,2024-06-17T17:55:32Z,,0.25310185185185186,0.25310185185185186,arxiv_meta_enrichment
2406.11817,,,,3.2530324074074075,missing
2406.11827,,,,0.2505439814814815,missing
2406.11831,2024-06-17T17:59:43Z,,0.25019675925925927,0.25019675925925927,arxiv_meta_enrichment
2406.11832,2024-06-17T17:59:44Z,,20.250185185185185,20.250185185185185,arxiv_meta_enrichment
2406.11833,2024-06-17T17:59:47Z,,0.25015046296296295,0.25015046296296295,arxiv_meta_enrichment
2406.11839,2024-06-17T17:59:58Z,,0.25002314814814813,0.25002314814814813,arxiv_meta_enrichment
2406.11840,,,,0.2500115740740741,missing
2406.11896,2024-06-14T17:49:55Z,,6.257002314814815,6.257002314814815,arxiv_meta_enrichment
2406.11909,,,,2.4029050925925928,missing
2406.11912,2024-06-16T17:57:48Z,,2.2515277777777776,2.2515277777777776,arxiv_meta_enrichment
2406.11927,,,,3.5518287037037037,missing
2406.11931,,,,1.4225115740740741,missing
2406.11939,,,,1.2734953703703704,missing
2406.12031,,,,1.2094907407407407,missing
2406.12034,,,,2.2035416666666667,missing
2406.12042,,,,1.1930092592592592,missing
2406.12045,,,,3.185324074074074,missing
2406.12050,,,,1.178912037037037,missing
2406.12056,,,,6.174513888888889,missing
2406.12066,,,,1.1601388888888888,missing
2406.12168,,,,0.9710648148148148,missing
2406.12209,,,,1.9070833333333332,missing
2406.12246,2024-06-18T03:42:00Z,,0.8458333333333333,0.8458333333333333,arxiv_meta_enrichment
2406.12274,,,,0.7893171296296296,missing
2406.12275,2024-06-18T05:05:12Z,,0.7880555555555555,0.7880555555555555,arxiv_meta_enrichment
2406.12292,,,,0.7540393518518519,missing
2406.12303,,,,0.735625,missing
2406.12311,,,,0.7275115740740741,missing
2406.12459,,,,0.5794791666666667,missing
2406.12564,,,,5.465277777777778,missing
2406.12618,,,,2.427002314814815,missing
2406.12624,2024-06-18T13:49:54Z,,5.423680555555555,5.423680555555555,arxiv_meta_enrichment
2406.12644,,,,0.40802083333333333,missing
2406.12649,,,,1.404201388888889,missing
2406.12673,,,,0.38483796296296297,missing
2406.12742,,,,0.3317361111111111,missing
2406.12753,2024-06-18T16:20:53Z,,0.3188310185185185,0.3188310185185185,arxiv_meta_enrichment
2406.12793,2024-06-18T16:58:21Z,,0.2928125,0.2928125,arxiv_meta_enrichment
2406.12814,,,,0.2688888888888889,missing
2406.12824,2024-06-18T17:46:08Z,,0.25962962962962965,0.25962962962962965,arxiv_meta_enrichment
2406.12831,,,,0.25582175925925926,missing
2406.12849,,,,0.2503356481481481,missing
2406.12925,2024-06-14T13:54:29Z,,6.420497685185185,6.420497685185185,arxiv_meta_enrichment
2406.13099,,,,2.0316087962962963,missing
2406.13144,,,,6.932523148148148,missing
2406.13236,,,,4.754548611111111,missing
2406.13393,,,,4.5997916666666665,missing
2406.13457,2024-06-19T11:27:44Z,,4.522407407407408,4.522407407407408,arxiv_meta_enrichment
2406.13527,,,,4.450671296296297,missing
2406.13542,2024-06-19T13:29:53Z,,1.4375810185185185,1.4375810185185185,arxiv_meta_enrichment
2406.13621,,,,1.3630787037037038,missing
2406.13632,,,,5.355219907407408,missing
2406.13663,,,,1.326087962962963,missing
2406.13735,,,,1.2502314814814814,missing
2406.13897,,,,49.751666666666665,missing
2406.13923,2024-06-20T01:43:08Z,,0.9283796296296296,0.9283796296296296,arxiv_meta_enrichment
2406.14035,,,,3.710891203703704,missing
2406.14051,,,,4.696423611111111,missing
2406.14130,,,,0.611875,missing
2406.14213,2024-06-20T11:27:29Z,,3.5225810185185185,3.5225810185185185,arxiv_meta_enrichment
2406.14319,,,,0.421875,missing
2406.14347,2024-06-20T14:14:59Z,,0.4062615740740741,0.4062615740740741,arxiv_meta_enrichment
2406.14393,,,,3.3663541666666665,missing
2406.14491,,,,0.29475694444444445,missing
2406.14515,2024-06-20T17:26:01Z,,0.27359953703703704,0.27359953703703704,arxiv_meta_enrichment
2406.14539,2024-06-20T17:49:11Z,,0.2575115740740741,0.2575115740740741,arxiv_meta_enrichment
2406.14540,,,,4.256759259259259,missing
2406.14544,2024-06-20T17:54:03Z,,0.2541319444444444,0.2541319444444444,arxiv_meta_enrichment
2406.14562,2024-06-20T17:59:45Z,,0.25017361111111114,0.25017361111111114,arxiv_meta_enrichment
2406.14563,2024-06-20T17:59:58Z,,0.25002314814814813,0.25002314814814813,arxiv_meta_enrichment
2406.14596,,,,3.2603935185185184,missing
2406.14599,,,,3.250046296296296,missing
2406.14629,2024-06-20T18:00:17Z,,7.249803240740741,7.249803240740741,arxiv_meta_enrichment
2406.14764,,,,3.063761574074074,missing
2406.14783,,,,3.0273842592592595,missing
2406.14805,,,,2.9597106481481483,missing
2406.14833,,,,3.8967939814814816,missing
2406.14835,,,,2.892013888888889,missing
2406.14909,,,,6.709293981481482,missing
2406.14938,,,,2.6722106481481482,missing
2406.14972,,,,2.645115740740741,missing
2406.15193,,,,2.392175925925926,missing
2406.15252,2024-06-21T15:43:46Z,,2.3446064814814815,2.3446064814814815,arxiv_meta_enrichment
2406.15275,,,,2.3263310185185184,missing
2406.15279,,,,4.3234375,missing
2406.15319,2024-06-21T17:23:21Z,,2.275451388888889,2.275451388888889,arxiv_meta_enrichment
2406.15334,,,,5.256921296296296,missing
2406.15339,,,,4.253414351851852,missing
2406.15349,,,,2.2506712962962965,missing
2406.15704,,,,2.9332060185185185,missing
2406.15718,,,,2.8609953703703703,missing
2406.15786,2024-06-22T08:41:48Z,,115.63763888888889,115.63763888888889,arxiv_meta_enrichment
2406.15877,2024-06-22T15:52:04Z,,2.3388425925925924,2.3388425925925924,arxiv_meta_enrichment
2406.15927,,,,2.1763194444444443,missing
2406.16008,,,,1.8085416666666667,missing
2406.16048,2024-06-23T08:24:08Z,,1.6499074074074074,1.6499074074074074,arxiv_meta_enrichment
2406.16235,,,,1.0459837962962963,missing
2406.16254,,,,0.9367708333333333,missing
2406.16260,,,,0.9193055555555556,missing
2406.16273,2024-06-24T02:40:26Z,,1.888587962962963,1.888587962962963,arxiv_meta_enrichment
2406.16338,2024-06-24T06:21:59Z,,0.7347337962962963,0.7347337962962963,arxiv_meta_enrichment
2406.16341,,,,2.7313657407407406,missing
2406.16377,,,,1.6787962962962963,missing
2406.16678,,,,1.391539351851852,missing
2406.16683,,,,0.3867824074074074,missing
2406.16690,,,,0.3808912037037037,missing
2406.16714,,,,0.36336805555555557,missing
2406.16747,2024-06-24T15:55:59Z,,0.3361226851851852,0.3361226851851852,arxiv_meta_enrichment
2406.16758,2024-06-24T16:06:50Z,,0.32858796296296294,0.32858796296296294,arxiv_meta_enrichment
2406.16768,,,,0.31627314814814816,missing
2406.16772,,,,0.31166666666666665,missing
2406.16793,,,,2.2939699074074076,missing
2406.16815,,,,0.2738541666666667,missing
2406.16845,,,,6.257314814814815,missing
2406.16852,2024-06-24T17:58:06Z,,0.25131944444444443,0.25131944444444443,arxiv_meta_enrichment
2406.16855,2024-06-24T17:58:47Z,,0.2508449074074074,0.2508449074074074,arxiv_meta_enrichment
2406.16860,,,,0.2502083333333333,missing
2406.16863,,,,1.2500462962962964,missing
2406.16979,,,,3.2428703703703703,missing
2406.17055,,,,1.2392708333333333,missing
2406.17245,2024-06-25T03:24:06Z,,0.8582638888888889,0.8582638888888889,arxiv_meta_enrichment
2406.17294,,,,1.7615625,missing
2406.17419,,,,0.5951851851851852,missing
2406.17513,,,,2.464513888888889,missing
2406.17557,2024-06-25T13:50:56Z,,0.422962962962963,0.422962962962963,arxiv_meta_enrichment
2406.17563,,,,0.41618055555555555,missing
2406.17565,,,,1.415185185185185,missing
2406.17588,2024-06-25T14:31:26Z,,0.394837962962963,0.394837962962963,arxiv_meta_enrichment
2406.17636,2024-06-25T15:21:50Z,,0.35983796296296294,0.35983796296296294,arxiv_meta_enrichment
2406.17660,,,,0.3399074074074074,missing
2406.17720,,,,5.284791666666667,missing
2406.17758,2024-06-25T17:42:25Z,,0.26221064814814815,0.26221064814814815,arxiv_meta_enrichment
2406.17763,2024-06-25T17:48:24Z,,0.25805555555555554,0.25805555555555554,arxiv_meta_enrichment
2406.17770,,,,0.2533449074074074,missing
2406.18009,2024-06-26T01:38:37Z,,5.931516203703704,5.931516203703704,arxiv_meta_enrichment
2406.18082,2024-06-26T05:40:10Z,,0.7637731481481481,0.7637731481481481,arxiv_meta_enrichment
2406.18120,,,,1.6945486111111112,missing
2406.18125,,,,1.690763888888889,missing
2406.18219,2024-06-26T10:07:57Z,,0.5778125,0.5778125,arxiv_meta_enrichment
2406.18284,2024-06-26T12:09:59Z,,5.49306712962963,5.49306712962963,arxiv_meta_enrichment
2406.18462,,,,4.324895833333334,missing
2406.18495,,,,0.29282407407407407,missing
2406.18510,,,,0.26988425925925924,missing
2406.18516,,,,214.26354166666667,missing
2406.18518,2024-06-26T17:49:11Z,,-0.7424884259259259,-0.7424884259259259,arxiv_meta_enrichment
2406.18521,,,,0.2568171296296296,missing
2406.18522,2024-06-26T17:50:47Z,,0.256400462962963,0.256400462962963,arxiv_meta_enrichment
2406.18530,,,,0.25179398148148147,missing
2406.18532,,,,0.25048611111111113,missing
2406.18629,,,,1.2617361111111112,missing
2406.18676,,,,1.2313310185185184,missing
2406.18790,,,,1.0265972222222222,missing
2406.19215,2024-06-27T14:38:33Z,,0.38989583333333333,0.38989583333333333,arxiv_meta_enrichment
2406.19223,,,,0.3825462962962963,missing
2406.19226,2024-06-27T14:51:07Z,,0.3811689814814815,0.3811689814814815,arxiv_meta_enrichment
2406.19227,2024-06-27T14:51:17Z,,0.38105324074074076,0.38105324074074076,arxiv_meta_enrichment
2406.19238,,,,5.37369212962963,missing
2406.19251,,,,3.3622569444444443,missing
2406.19263,,,,0.3512037037037037,missing
2406.19280,,,,3.3398032407407405,missing
2406.19314,2024-06-27T16:47:42Z,,0.30020833333333335,0.30020833333333335,arxiv_meta_enrichment
2406.19320,,,,3.2956944444444445,missing
2406.19380,,,,6.253113425925926,missing
2406.19389,2024-06-27T17:59:01Z,,0.25068287037037035,0.25068287037037035,arxiv_meta_enrichment
2406.19395,2024-06-27T17:59:53Z,,0.2500810185185185,0.2500810185185185,arxiv_meta_enrichment
2406.19568,,,,5.038912037037037,missing
2406.19741,2024-06-28T08:28:38Z,,3.6467824074074073,3.6467824074074073,arxiv_meta_enrichment
2406.19774,,,,2.6085648148148146,missing
2406.19997,,,,3.3520949074074076,missing
2406.19999,,,,3.351087962962963,missing
2406.20076,,,,2.2650694444444444,missing
2406.20085,,,,3.254652777777778,missing
2406.20086,,,,3.253622685185185,missing
2406.20087,,,,3.2531944444444445,missing
2406.20094,,,,2.2506828703703703,missing
2406.20095,2024-06-28T17:59:12Z,,2.2505555555555556,2.2505555555555556,arxiv_meta_enrichment
2407.00088,,,,6.639837962962963,missing
2407.00106,,,,4.566261574074074,missing
2407.00111,,,,4.454884259259259,missing
2407.00114,,,,4.426261574074074,missing
2407.00320,,,,2.781898148148148,missing
2407.00367,,,,2.643113425925926,missing
2407.00402,2024-06-29T11:09:47Z,,2.534872685185185,2.534872685185185,arxiv_meta_enrichment
2407.00468,,,,2.3550347222222223,missing
2407.00617,,,,0.6662731481481482,missing
2407.00653,,,,1.5489351851851851,missing
2407.00782,2024-06-30T17:59:07Z,,1.2506134259259258,1.2506134259259258,arxiv_meta_enrichment
2407.00788,2024-06-30T18:05:33Z,,1.2461458333333333,1.2461458333333333,arxiv_meta_enrichment
2407.00837,,,,1.0969212962962962,missing
2407.01100,,,,2.620173611111111,missing
2407.01231,2024-07-01T12:22:46Z,,0.4841898148148148,0.4841898148148148,arxiv_meta_enrichment
2407.01272,,,,0.44059027777777776,missing
2407.01284,2024-07-01T13:39:08Z,,0.43115740740740743,0.43115740740740743,arxiv_meta_enrichment
2407.01370,,,,1.3585416666666668,missing
2407.01392,2024-07-01T15:43:25Z,,3.344849537037037,3.344849537037037,arxiv_meta_enrichment
2407.01449,2024-06-27T15:45:29Z,,4.343414351851852,4.343414351851852,arxiv_meta_enrichment
2407.01470,,,,0.2903472222222222,missing
2407.01489,2024-07-01T17:24:45Z,,1.2744791666666666,1.2744791666666666,arxiv_meta_enrichment
2407.01492,2024-07-01T17:31:03Z,,0.27010416666666665,0.27010416666666665,arxiv_meta_enrichment
2407.01494,,,,1.266712962962963,missing
2407.01519,2024-07-01T17:59:12Z,,0.25055555555555553,0.25055555555555553,arxiv_meta_enrichment
2407.01791,,,,1.1455324074074074,missing
2407.01906,2024-07-02T03:11:13Z,,2.867210648148148,2.867210648148148,arxiv_meta_enrichment
2407.01920,,,,0.8512037037037037,missing
2407.02371,2024-07-02T15:40:29Z,,0.3468865740740741,0.3468865740740741,arxiv_meta_enrichment
2407.02392,,,,1.325752314814815,missing
2407.02398,2024-07-02T16:15:37Z,,0.3224884259259259,0.3224884259259259,arxiv_meta_enrichment
2407.02477,2024-07-02T17:55:03Z,,0.2534375,0.2534375,arxiv_meta_enrichment
2407.02489,2024-07-02T17:59:50Z,,0.2501157407407407,0.2501157407407407,arxiv_meta_enrichment
2407.02490,,,,0.2500462962962963,missing
2407.02551,,,,1.3198495370370371,missing
2407.02687,2024-07-02T22:04:00Z,,1.0805555555555555,1.0805555555555555,arxiv_meta_enrichment
2407.02855,,,,4.698553240740741,missing
2407.02869,2024-07-03T07:33:14Z,,0.6852546296296296,0.6852546296296296,arxiv_meta_enrichment
2407.02880,,,,6.670740740740741,missing
2407.03169,,,,0.3869328703703704,missing
2407.03203,,,,6.3497916666666665,missing
2407.03300,,,,0.2619675925925926,missing
2407.03320,,,,0.2504513888888889,missing
2407.03321,2024-07-03T17:59:53Z,,1.2500810185185185,1.2500810185185185,arxiv_meta_enrichment
2407.03418,,,,4.249444444444444,missing
2407.03471,2024-07-03T19:36:33Z,,5.182951388888889,5.182951388888889,arxiv_meta_enrichment
2407.03502,2024-07-03T21:01:12Z,2024-07-03 21:01:12+00:00,6.1241666666666665,6.1241666666666665,arxiv_meta_enrichment
2407.03618,,,,5.8325810185185185,missing
2407.03651,2024-07-04T05:46:20Z,,4.75949074074074,4.75949074074074,arxiv_meta_enrichment
2407.03923,,,,3.4325925925925924,missing
2407.03958,2024-07-04T14:26:49Z,,3.3980439814814813,3.3980439814814813,arxiv_meta_enrichment
2407.03963,2024-07-04T14:33:03Z,,3.393715277777778,3.393715277777778,arxiv_meta_enrichment
2407.04020,,,,4.336655092592593,missing
2407.04051,2024-07-04T16:49:02Z,,3.299282407407407,3.299282407407407,arxiv_meta_enrichment
2407.04078,2024-07-04T17:39:16Z,,3.2643981481481483,3.2643981481481483,arxiv_meta_enrichment
2407.04172,2024-07-04T22:16:40Z,,3.071759259259259,3.071759259259259,arxiv_meta_enrichment
2407.04363,2024-07-05T09:06:47Z,,2.6202893518518517,2.6202893518518517,arxiv_meta_enrichment
2407.04604,,,,3.3381481481481483,missing
2407.04620,,,,2.3171296296296298,missing
2407.04622,,,,2.3130208333333333,missing
2407.04693,,,,3.252337962962963,missing
2407.04841,2024-07-05T19:57:49Z,,3.1681828703703703,3.1681828703703703,arxiv_meta_enrichment
2407.04842,2024-07-05T20:03:16Z,,3.1643981481481482,3.1643981481481482,arxiv_meta_enrichment
2407.04952,,,,1.8285300925925927,missing
2407.05015,,,,3.6179976851851854,missing
2407.05131,2024-07-06T16:45:07Z,,1.3020023148148148,1.3020023148148148,arxiv_meta_enrichment
2407.05282,,,,1.7150231481481482,missing
2407.05463,,,,1.2305671296296297,missing
2407.05528,,,,2.9849305555555556,missing
2407.05530,,,,2.9800810185185185,missing
2407.05700,,,,0.6666087962962963,missing
2407.05975,2024-07-08T14:18:28Z,,0.4038425925925926,0.4038425925925926,arxiv_meta_enrichment
2407.06027,,,,0.35725694444444445,missing
2407.06071,,,,1.3238194444444444,missing
2407.06076,,,,0.3181365740740741,missing
2407.06135,2024-07-08T17:08:02Z,,0.28608796296296296,0.28608796296296296,arxiv_meta_enrichment
2407.06182,,,,28.314039351851854,missing
2407.06188,,,,2.250277777777778,missing
2407.06189,2024-07-08T17:59:42Z,,1.2502083333333334,1.2502083333333334,arxiv_meta_enrichment
2407.06191,,,,0.25005787037037036,missing
2407.06192,,,,0.2500347222222222,missing
2407.06304,,,,1.241099537037037,missing
2407.06358,2024-07-08T19:58:59Z,,1.167372685185185,1.167372685185185,arxiv_meta_enrichment
2407.06397,,,,6.1176967592592595,missing
2407.06533,,,,0.8278125,missing
2407.06581,2024-07-09T06:20:17Z,,0.7359143518518518,0.7359143518518518,arxiv_meta_enrichment
2407.06723,,,,0.5867592592592593,missing
2407.06938,2024-07-09T15:14:45Z,,0.36475694444444445,0.36475694444444445,arxiv_meta_enrichment
2407.06946,2024-07-09T15:23:28Z,,2.3587037037037035,2.3587037037037035,arxiv_meta_enrichment
2407.07053,,,,2.2788541666666666,missing
2407.07061,2024-07-09T17:33:24Z,,0.2684722222222222,0.2684722222222222,arxiv_meta_enrichment
2407.07071,,,,0.2607175925925926,missing
2407.07080,,,,0.25582175925925926,missing
2407.07176,,,,2.2203587962962965,missing
2407.07304,2024-07-10T01:53:49Z,,0.9209606481481482,0.9209606481481482,arxiv_meta_enrichment
2407.07315,,,,0.8995023148148148,missing
2407.07464,,,,0.6384375,missing
2407.07523,,,,5.567650462962963,missing
2407.07565,,,,0.506712962962963,missing
2407.07667,,,,0.4262962962962963,missing
2407.07726,2024-07-10T14:57:46Z,,0.37655092592592593,0.37655092592592593,arxiv_meta_enrichment
2407.07788,,,,0.33034722222222224,missing
2407.07860,,,,0.2753125,missing
2407.07874,2024-07-10T17:40:30Z,,4.263541666666667,4.263541666666667,arxiv_meta_enrichment
2407.07895,,,,0.25019675925925927,missing
2407.08083,2024-07-10T23:02:45Z,,1.0397569444444446,1.0397569444444446,arxiv_meta_enrichment
2407.08250,,,,0.6718402777777778,missing
2407.08296,2024-07-11T08:42:58Z,,0.6368287037037037,0.6368287037037037,arxiv_meta_enrichment
2407.08303,2024-07-11T08:48:06Z,,0.6332638888888888,0.6332638888888888,arxiv_meta_enrichment
2407.08348,,,,0.5855208333333334,missing
2407.08447,,,,0.4711574074074074,missing
2407.08551,,,,0.3910532407407407,missing
2407.08583,,,,0.36931712962962965,missing
2407.08642,,,,0.3171759259259259,missing
2407.08674,,,,-0.713113425925926,missing
2407.08680,,,,0.2824652777777778,missing
2407.08683,2024-07-11T17:21:03Z,,0.2770486111111111,0.2770486111111111,arxiv_meta_enrichment
2407.08701,,,,0.2674652777777778,missing
2407.08711,,,,0.2575810185185185,missing
2407.08713,,,,0.2568402777777778,missing
2407.08726,,,,0.2518287037037037,missing
2407.08733,2024-07-11T17:58:58Z,,0.2507175925925926,0.2507175925925926,arxiv_meta_enrichment
2407.08737,,,,0.25017361111111114,missing
2407.08739,2024-07-11T17:59:47Z,,0.25015046296296295,0.25015046296296295,arxiv_meta_enrichment
2407.08770,,,,3.255520833333333,missing
2407.08892,,,,3.017685185185185,missing
2407.09012,,,,2.748460648148148,missing
2407.09018,,,,5.73974537037037,missing
2407.09025,2024-07-12T06:34:21Z,,2.7261458333333333,2.7261458333333333,arxiv_meta_enrichment
2407.09072,,,,2.671851851851852,missing
2407.09121,,,,2.5996180555555557,missing
2407.09276,2024-07-12T14:09:40Z,,2.4099537037037035,2.4099537037037035,arxiv_meta_enrichment
2407.09298,,,,2.3950810185185185,missing
2407.09388,,,,2.3272685185185185,missing
2407.09413,,,,2.3069560185185187,missing
2407.09435,2024-07-12T17:12:48Z,,2.2827777777777776,2.2827777777777776,arxiv_meta_enrichment
2407.09450,,,,2.2680208333333334,missing
2407.09473,,,,2.2533796296296296,missing
2407.09533,,,,20.25164351851852,missing
2407.09732,,,,1.975451388888889,missing
2407.10058,2024-07-14T03:05:53Z,,1.8709143518518518,1.8709143518518518,arxiv_meta_enrichment
2407.10223,,,,3.398414351851852,missing
2407.10285,,,,1.2500462962962964,missing
2407.10362,,,,1.0052662037037037,missing
2407.10387,,,,0.9236226851851852,missing
2407.10424,,,,3.835185185185185,missing
2407.10457,2024-07-15T06:12:17Z,,0.7414699074074074,0.7414699074074074,arxiv_meta_enrichment
2407.10671,2024-07-15T12:35:42Z,,0.47520833333333334,0.47520833333333334,arxiv_meta_enrichment
2407.10718,2024-07-15T13:45:40Z,,1.4266203703703704,1.4266203703703704,arxiv_meta_enrichment
2407.10759,2024-07-15T14:38:09Z,,1.3901736111111112,1.3901736111111112,arxiv_meta_enrichment
2407.10817,,,,0.3515625,missing
2407.10827,,,,0.34802083333333333,missing
2407.10910,,,,0.28436342592592595,missing
2407.10943,2024-07-15T17:40:46Z,,0.2633564814814815,0.2633564814814815,arxiv_meta_enrichment
2407.10953,,,,0.25644675925925925,missing
2407.10956,,,,0.25373842592592594,missing
2407.10957,2024-07-15T17:54:45Z,,1.2536458333333333,1.2536458333333333,arxiv_meta_enrichment
2407.10960,,,,6.252986111111111,missing
2407.10969,,,,0.2503587962962963,missing
2407.10973,,,,0.2500347222222222,missing
2407.11062,,,,6.254513888888889,missing
2407.11144,,,,1.244050925925926,missing
2407.11239,,,,1.1212962962962962,missing
2407.11282,,,,1.0130671296296296,missing
2407.11298,,,,1.9537847222222222,missing
2407.11385,,,,0.7881712962962963,missing
2407.11394,,,,0.773449074074074,missing
2407.11398,,,,0.7667013888888888,missing
2407.11522,,,,0.6244791666666667,missing
2407.11633,2024-07-16T11:55:23Z,,0.5032060185185185,0.5032060185185185,arxiv_meta_enrichment
2407.11691,,,,0.4539930555555556,missing
2407.11784,,,,0.38880787037037035,missing
2407.11793,,,,0.38232638888888887,missing
2407.11828,,,,0.36377314814814815,missing
2407.11854,,,,1.3505208333333334,missing
2407.11895,,,,0.3163078703703704,missing
2407.11963,2024-07-16T17:59:06Z,,0.250625,0.250625,arxiv_meta_enrichment
2407.11966,,,,0.2502083333333333,missing
2407.12043,,,,15.699409722222223,missing
2407.12077,2024-07-16T18:00:00Z,,1.25,1.25,arxiv_meta_enrichment
2407.12306,,,,0.8313194444444445,missing
2407.12327,,,,0.7546296296296297,missing
2407.12366,,,,0.6774768518518518,missing
2407.12435,,,,6.594467592592593,missing
2407.12504,,,,0.5173611111111112,missing
2407.12563,,,,0.42549768518518516,missing
2407.12580,,,,0.41375,missing
2407.12581,,,,0.4115509259259259,missing
2407.12594,2024-07-17T14:16:46Z,,4.405023148148148,4.405023148148148,arxiv_meta_enrichment
2407.12665,,,,0.34121527777777777,missing
2407.12679,,,,0.3336574074074074,missing
2407.12705,,,,0.31493055555555555,missing
2407.12772,2024-07-17T17:51:53Z,,0.2556365740740741,0.2556365740740741,arxiv_meta_enrichment
2407.12781,,,,0.2506365740740741,missing
2407.12784,2024-07-17T17:59:47Z,,0.25015046296296295,0.25015046296296295,arxiv_meta_enrichment
2407.12854,,,,9.647604166666667,missing
2407.12883,,,,2.251076388888889,missing
2407.12982,,,,1.1657291666666667,missing
2407.13168,,,,3.780972222222222,missing
2407.13244,,,,0.6683912037037038,missing
2407.13301,2024-07-18T09:06:27Z,,5.620520833333333,5.620520833333333,arxiv_meta_enrichment
2407.13481,,,,0.4579861111111111,missing
2407.13559,2024-07-18T14:31:09Z,,3.3950347222222224,3.3950347222222224,arxiv_meta_enrichment
2407.13623,2024-07-18T15:58:54Z,,0.3340972222222222,0.3340972222222222,arxiv_meta_enrichment
2407.13638,,,,0.3244560185185185,missing
2407.13696,,,,0.29140046296296296,missing
2407.13709,2024-07-18T17:08:10Z,,0.28599537037037037,0.28599537037037037,arxiv_meta_enrichment
2407.13739,2024-07-18T17:46:02Z,,0.25969907407407405,0.25969907407407405,arxiv_meta_enrichment
2407.13759,2024-07-18T17:56:30Z,,0.25243055555555555,0.25243055555555555,arxiv_meta_enrichment
2407.13764,,,,0.25060185185185185,missing
2407.13766,,,,4.2503472222222225,missing
2407.13833,,,,3.245150462962963,missing
2407.13976,,,,2.9166203703703704,missing
2407.14057,2024-07-19T06:34:45Z,,2.7258680555555554,2.7258680555555554,arxiv_meta_enrichment
2407.14138,,,,2.619212962962963,missing
2407.14177,2024-07-19T10:09:51Z,,2.5764930555555554,2.5764930555555554,arxiv_meta_enrichment
2407.14207,2024-07-19T11:12:08Z,,5.533240740740741,5.533240740740741,arxiv_meta_enrichment
2407.14257,,,,2.4745833333333334,missing
2407.14329,,,,2.409837962962963,missing
2407.14358,2024-07-19T14:40:23Z,,2.3886226851851853,2.3886226851851853,arxiv_meta_enrichment
2407.14402,,,,2.3537962962962964,missing
2407.14435,,,,2.3282523148148146,missing
2407.14482,2024-07-19T17:35:47Z,,2.26681712962963,2.26681712962963,arxiv_meta_enrichment
2407.14505,2024-07-19T17:58:36Z,,4.250972222222222,4.250972222222222,arxiv_meta_enrichment
2407.14507,2024-07-19T17:59:03Z,2024-07-19 17:59:03+00:00,2.250659722222222,2.250659722222222,arxiv_meta_enrichment
2407.14561,2024-07-18T17:59:01Z,,4.250682870370371,4.250682870370371,arxiv_meta_enrichment
2407.14622,2024-07-19T18:38:25Z,,3.2233217592592593,3.2233217592592593,arxiv_meta_enrichment
2407.14679,2024-07-19T21:47:57Z,,3.0917013888888887,3.0917013888888887,arxiv_meta_enrichment
2407.14931,2024-07-20T16:37:21Z,,2.3073958333333335,2.3073958333333335,arxiv_meta_enrichment
2407.14933,,,,2.2984027777777776,missing
2407.14958,,,,2.2296064814814813,missing
2407.15002,,,,2.056111111111111,missing
2407.15017,2024-07-22T06:15:59Z,,0.738900462962963,0.738900462962963,arxiv_meta_enrichment
2407.15060,,,,1.7723032407407406,missing
2407.15187,,,,1.3799652777777778,missing
2407.15233,,,,1.2511458333333334,missing
2407.15272,,,,1.109050925925926,missing
2407.15295,2024-07-21T23:31:57Z,,1.0194791666666667,1.0194791666666667,arxiv_meta_enrichment
2407.15337,,,,0.8809143518518519,missing
2407.15420,,,,0.7153240740740741,missing
2407.15447,,,,1.6637847222222222,missing
2407.15595,,,,0.4767708333333333,missing
2407.15642,,,,0.41663194444444446,missing
2407.15711,,,,0.3619791666666667,missing
2407.15754,2024-07-22T16:00:55Z,,0.33269675925925923,0.33269675925925923,arxiv_meta_enrichment
2407.15762,,,,0.32386574074074076,missing
2407.15815,,,,2.2715046296296295,missing
2407.15841,2024-07-22T17:58:04Z,,0.2513425925925926,0.2513425925925926,arxiv_meta_enrichment
2407.15842,,,,0.2513310185185185,missing
2407.15848,,,,0.25016203703703704,missing
2407.16154,,,,1.8420370370370371,missing
2407.16198,,,,0.7482638888888888,missing
2407.16224,2024-07-23T07:04:42Z,,0.7050694444444444,0.7050694444444444,arxiv_meta_enrichment
2407.16291,,,,6.634560185185185,missing
2407.16312,,,,1.6214583333333332,missing
2407.16318,,,,0.6149652777777778,missing
2407.16412,,,,0.5014583333333333,missing
2407.16607,,,,2.324050925925926,missing
2407.16637,2024-07-23T16:54:28Z,,2.2955092592592594,2.2955092592592594,arxiv_meta_enrichment
2407.16655,2024-07-23T17:17:05Z,,0.27980324074074076,0.27980324074074076,arxiv_meta_enrichment
2407.16674,2024-07-23T17:43:35Z,,0.261400462962963,0.261400462962963,arxiv_meta_enrichment
2407.16680,,,,0.2602314814814815,missing
2407.16741,,,,1.2564467592592592,missing
2407.16982,,,,1.834050925925926,missing
2407.16988,,,,0.8238078703703704,missing
2407.17353,,,,0.35693287037037036,missing
2407.17365,,,,0.34543981481481484,missing
2407.17387,2024-07-24T16:11:39Z,,0.32524305555555555,0.32524305555555555,arxiv_meta_enrichment
2407.17398,,,,5.317743055555556,missing
2407.17438,2024-07-24T17:15:58Z,,0.2805787037037037,0.2805787037037037,arxiv_meta_enrichment
2407.17453,2024-07-24T17:37:05Z,,0.26591435185185186,0.26591435185185186,arxiv_meta_enrichment
2407.17470,,,,0.25019675925925927,missing
2407.17490,,,,22.25002314814815,missing
2407.17535,2024-07-24T06:26:36Z,,1.7315277777777778,1.7315277777777778,arxiv_meta_enrichment
2407.17722,,,,0.8826851851851852,missing
2407.17789,,,,0.7564120370370371,missing
2407.17952,2024-07-25T11:16:37Z,,0.5301273148148148,0.5301273148148148,arxiv_meta_enrichment
2407.18054,,,,0.4112384259259259,missing
2407.18121,,,,0.35480324074074077,missing
2407.18129,,,,0.34944444444444445,missing
2407.18147,,,,0.3345023148148148,missing
2407.18245,,,,14.25119212962963,missing
2407.18248,,,,4.2505092592592595,missing
2407.18559,2024-07-26T07:16:52Z,,2.69662037037037,2.69662037037037,arxiv_meta_enrichment
2407.18901,2024-07-26T17:55:45Z,,2.252951388888889,2.252951388888889,arxiv_meta_enrichment
2407.18902,2024-07-26T17:56:01Z,,2.2527662037037035,2.2527662037037035,arxiv_meta_enrichment
2407.18907,2024-07-26T17:58:59Z,,2.2507060185185184,2.2507060185185184,arxiv_meta_enrichment
2407.18908,2024-07-26T17:59:09Z,,2.250590277777778,2.250590277777778,arxiv_meta_enrichment
2407.18914,2024-07-26T17:59:56Z,,2.250046296296296,2.250046296296296,arxiv_meta_enrichment
2407.18946,,,,18.603414351851853,missing
2407.18961,2024-07-18T00:58:41Z,,11.959247685185185,11.959247685185185,arxiv_meta_enrichment
2407.19340,,,,2.1245833333333333,missing
2407.19474,,,,1.5027430555555557,missing
2407.19548,2024-07-28T17:58:35Z,,1.2509837962962962,1.2509837962962962,arxiv_meta_enrichment
2407.19584,2024-07-28T20:50:53Z,,1.1313310185185186,1.1313310185185186,arxiv_meta_enrichment
2407.19593,,,,1.1065625,missing
2407.19594,,,,1.0843981481481482,missing
2407.19669,2024-07-29T03:12:28Z,,-0.13365740740740742,-0.13365740740740742,arxiv_meta_enrichment
2407.19672,2024-07-29T03:26:22Z,,0.8566898148148148,0.8566898148148148,arxiv_meta_enrichment
2407.19795,,,,0.6397453703703704,missing
2407.19835,2024-07-29T09:45:34Z,,0.5933564814814815,0.5933564814814815,arxiv_meta_enrichment
2407.19914,,,,0.5108680555555556,missing
2407.19918,2024-07-29T11:52:07Z,,0.505474537037037,0.505474537037037,arxiv_meta_enrichment
2407.19985,,,,0.4447800925925926,missing
2407.20020,,,,0.41847222222222225,missing
2407.20060,,,,6.384571759259259,missing
2407.20171,2024-07-29T17:00:09Z,,0.2915625,0.2915625,arxiv_meta_enrichment
2407.20179,2024-07-29T17:08:21Z,,0.28586805555555556,0.28586805555555556,arxiv_meta_enrichment
2407.20183,2024-07-29T17:12:40Z,,0.2828703703703704,0.2828703703703704,arxiv_meta_enrichment
2407.20229,,,,2.250451388888889,missing
2407.20267,,,,6.145381944444445,missing
2407.20445,,,,1.0461574074074074,missing
2407.20581,2024-07-30T06:29:01Z,,0.729849537037037,0.729849537037037,arxiv_meta_enrichment
2407.20595,,,,0.6985648148148148,missing
2407.20729,2024-07-30T10:51:51Z,,0.5473263888888888,0.5473263888888888,arxiv_meta_enrichment
2407.20743,2024-07-30T11:22:52Z,,0.525787037037037,0.525787037037037,arxiv_meta_enrichment
2407.20750,,,,0.5122800925925926,missing
2407.20798,2024-07-30T13:01:31Z,,0.4572800925925926,0.4572800925925926,arxiv_meta_enrichment
2407.21017,2024-07-30T17:58:52Z,,0.25078703703703703,0.25078703703703703,arxiv_meta_enrichment
2407.21018,2024-07-30T17:59:08Z,,0.25060185185185185,0.25060185185185185,arxiv_meta_enrichment
2407.21139,,,,2.206215277777778,missing
2407.21475,,,,0.5993287037037037,missing
2407.21530,,,,0.5229513888888889,missing
2407.21630,,,,0.39998842592592593,missing
2407.21646,2024-07-31T14:48:27Z,,0.3830208333333333,0.3830208333333333,arxiv_meta_enrichment
2407.21686,,,,0.3547106481481481,missing
2407.21705,2024-07-31T15:53:20Z,,0.33796296296296297,0.33796296296296297,arxiv_meta_enrichment
2407.21721,,,,0.32350694444444444,missing
2407.21770,,,,0.25913194444444443,missing
2407.21772,,,,0.2581712962962963,missing
2407.21781,,,,0.25491898148148145,missing
2407.21783,2024-07-31T17:54:27Z,,0.25385416666666666,0.25385416666666666,arxiv_meta_enrichment
2407.21794,,,,1.250023148148148,missing
2408.00103,2024-07-31T18:25:49Z,,4.232071759259259,4.232071759259259,arxiv_meta_enrichment
2408.00113,,,,4.218599537037037,missing
2408.00118,2024-07-31T19:13:07Z,,1.1992245370370371,1.1992245370370371,arxiv_meta_enrichment
2408.00167,,,,1.1014351851851851,missing
2408.00203,2024-08-01T00:00:43Z,,0.9995023148148148,0.9995023148148148,arxiv_meta_enrichment
2408.00205,,,,0.9872569444444445,missing
2408.00298,,,,0.7589814814814815,missing
2408.00397,,,,3.6197685185185184,missing
2408.00458,,,,0.5449074074074074,missing
2408.00584,,,,0.40677083333333336,missing
2408.00653,,,,0.34586805555555555,missing
2408.00690,,,,0.311400462962963,missing
2408.00714,2024-08-01T17:00:08Z,,0.2915740740740741,0.2915740740740741,arxiv_meta_enrichment
2408.00735,,,,0.2725925925925926,missing
2408.00754,2024-08-01T17:57:12Z,,0.25194444444444447,0.25194444444444447,arxiv_meta_enrichment
2408.00760,,,,0.25059027777777776,missing
2408.00762,,,,0.25038194444444445,missing
2408.00765,,,,0.25006944444444446,missing
2408.00874,,,,3.215451388888889,missing
2408.01031,2024-08-02T06:13:29Z,,2.740636574074074,2.740636574074074,arxiv_meta_enrichment
2408.01050,,,,3.710428240740741,missing
2408.01291,,,,2.399537037037037,missing
2408.01337,,,,2.3513310185185183,missing
2408.01584,,,,3.098773148148148,missing
2408.01708,,,,3.6490046296296295,missing
2408.01800,,,,2.3733680555555554,missing
2408.02085,2024-08-04T16:50:07Z,,1.2985300925925927,1.2985300925925927,arxiv_meta_enrichment
2408.02210,,,,0.8596064814814814,missing
2408.02226,,,,0.825787037037037,missing
2408.02373,,,,0.5459375,missing
2408.02545,2024-08-05T15:16:24Z,,0.3636111111111111,0.3636111111111111,arxiv_meta_enrichment
2408.02555,,,,0.3515625,missing
2408.02600,,,,0.31833333333333336,missing
2408.02622,2024-08-05T16:47:22Z,,0.3004398148148148,0.3004398148148148,arxiv_meta_enrichment
2408.02629,,,,0.29626157407407405,missing
2408.02657,2024-08-05T17:46:53Z,,0.2591087962962963,0.2591087962962963,arxiv_meta_enrichment
2408.02666,2024-08-05T17:57:02Z,,0.2520601851851852,0.2520601851851852,arxiv_meta_enrichment
2408.02718,2024-08-05T17:56:41Z,,1.2523032407407408,1.2523032407407408,arxiv_meta_enrichment
2408.02752,,,,17.28158564814815,missing
2408.02816,,,,3.1444444444444444,missing
2408.02900,,,,0.9100115740740741,missing
2408.03178,2024-08-06T13:22:51Z,,0.4424652777777778,0.4424652777777778,arxiv_meta_enrichment
2408.03209,,,,0.41085648148148146,missing
2408.03256,,,,0.34685185185185186,missing
2408.03281,,,,0.31354166666666666,missing
2408.03284,,,,0.3112847222222222,missing
2408.03314,2024-08-06T17:35:05Z,,0.26730324074074074,0.26730324074074074,arxiv_meta_enrichment
2408.03325,,,,0.25077546296296294,missing
2408.03326,2024-08-06T17:59:44Z,,0.2501851851851852,0.2501851851851852,arxiv_meta_enrichment
2408.03356,,,,1.5416898148148148,missing
2408.03361,,,,2.250451388888889,missing
2408.03541,,,,0.8065046296296297,missing
2408.03588,,,,0.7052199074074074,missing
2408.03615,2024-08-07T08:16:32Z,,0.6551851851851852,0.6551851851851852,arxiv_meta_enrichment
2408.03695,,,,0.527349537037037,missing
2408.03822,,,,0.3773842592592593,missing
2408.03837,2024-08-07T15:22:44Z,,0.35921296296296296,0.35921296296296296,arxiv_meta_enrichment
2408.03900,,,,0.2948148148148148,missing
2408.03906,2024-08-07T17:10:55Z,,0.28408564814814813,0.28408564814814813,arxiv_meta_enrichment
2408.03910,,,,0.28195601851851854,missing
2408.03923,,,,0.27015046296296297,missing
2408.04034,,,,1.2289583333333334,missing
2408.04284,2024-08-08T07:43:17Z,,0.6782754629629629,0.6782754629629629,arxiv_meta_enrichment
2408.04303,2024-08-08T08:37:28Z,,0.6406481481481482,0.6406481481481482,arxiv_meta_enrichment
2408.04520,,,,0.36033564814814817,missing
2408.04567,2024-08-08T16:27:37Z,,0.3141550925925926,0.3141550925925926,arxiv_meta_enrichment
2408.04594,,,,0.28453703703703703,missing
2408.04614,,,,0.26212962962962966,missing
2408.04619,2024-08-08T17:49:07Z,,0.25755787037037037,0.25755787037037037,arxiv_meta_enrichment
2408.04631,,,,0.25025462962962963,missing
2408.04682,2024-08-08T05:45:42Z,,3.7599305555555556,3.7599305555555556,arxiv_meta_enrichment
2408.04708,,,,3.2410763888888887,missing
2408.04785,,,,3.038587962962963,missing
2408.04810,,,,2.929803240740741,missing
2408.04840,,,,2.857152777777778,missing
2408.05086,,,,2.4044444444444446,missing
2408.05101,,,,2.3861574074074072,missing
2408.05147,,,,2.3286805555555556,missing
2408.05205,,,,2.2519444444444443,missing
2408.05211,2024-08-09T17:59:49Z,,2.2501273148148146,2.2501273148148146,arxiv_meta_enrichment
2408.05366,,,,5.062696759259259,missing
2408.05492,,,,3.6293865740740743,missing
2408.05506,,,,2.574895833333333,missing
2408.05928,,,,1.7636458333333334,missing
2408.05939,,,,0.7309143518518518,missing
2408.06019,,,,0.6113657407407408,missing
2408.06070,,,,0.5129861111111111,missing
2408.06072,2024-08-12T11:47:11Z,,0.508900462962963,0.508900462962963,arxiv_meta_enrichment
2408.06142,2024-08-12T13:37:31Z,,0.4322800925925926,0.4322800925925926,arxiv_meta_enrichment
2408.06190,,,,0.3884490740740741,missing
2408.06195,2024-08-12T14:42:13Z,,0.38734953703703706,0.38734953703703706,arxiv_meta_enrichment
2408.06273,,,,1.309074074074074,missing
2408.06281,,,,1.3033680555555556,missing
2408.06292,2024-08-12T16:58:11Z,,0.29292824074074075,0.29292824074074075,arxiv_meta_enrichment
2408.06316,,,,0.26981481481481484,missing
2408.06327,,,,0.26091435185185186,missing
2408.06396,,,,1.6545486111111112,missing
2408.06481,,,,1.146423611111111,missing
2408.06506,,,,1.0939467592592593,missing
2408.06663,,,,0.7300578703703704,missing
2408.06693,,,,0.6833796296296296,missing
2408.06697,,,,0.672488425925926,missing
2408.06793,,,,0.5658217592592593,missing
2408.06941,2024-08-13T14:59:44Z,,0.3751851851851852,0.3751851851851852,arxiv_meta_enrichment
2408.07009,2024-08-13T16:15:50Z,,0.32233796296296297,0.32233796296296297,arxiv_meta_enrichment
2408.07055,,,,0.25958333333333333,missing
2408.07060,,,,0.2566203703703704,missing
2408.07089,,,,5.653935185185185,missing
2408.07116,,,,1.2501041666666666,missing
2408.07246,2024-08-14T01:16:40Z,,0.9467592592592593,0.9467592592592593,arxiv_meta_enrichment
2408.07410,,,,0.6011689814814815,missing
2408.07416,,,,0.5902546296296296,missing
2408.07540,,,,0.44604166666666667,missing
2408.07547,,,,0.4331365740740741,missing
2408.07852,,,,1.0177314814814815,missing
2408.07888,,,,3.9008333333333334,missing
2408.07931,2024-08-15T04:59:12Z,,3.792222222222222,3.792222222222222,arxiv_meta_enrichment
2408.07990,,,,0.6823611111111111,missing
2408.08000,,,,0.668425925925926,missing
2408.08019,,,,0.6430555555555556,missing
2408.08072,2024-08-15T10:44:38Z,,0.552337962962963,0.552337962962963,arxiv_meta_enrichment
2408.08152,2024-08-15T13:40:03Z,,0.43052083333333335,0.43052083333333335,arxiv_meta_enrichment
2408.08172,2024-08-15T14:19:13Z,,0.4033217592592593,0.4033217592592593,arxiv_meta_enrichment
2408.08189,2024-08-15T14:47:44Z,,0.38351851851851854,0.38351851851851854,arxiv_meta_enrichment
2408.08201,2024-08-15T15:08:58Z,,0.36877314814814816,0.36877314814814816,arxiv_meta_enrichment
2408.08274,,,,0.2783333333333333,missing
2408.08291,,,,0.2590972222222222,missing
2408.08313,,,,0.2500347222222222,missing
2408.08332,,,,4.248333333333333,missing
2408.08435,2024-08-15T21:59:23Z,,3.083761574074074,3.083761574074074,arxiv_meta_enrichment
2408.08441,,,,3.064583333333333,missing
2408.08459,2024-08-15T23:57:02Z,,3.002060185185185,3.002060185185185,arxiv_meta_enrichment
2408.08793,,,,5.371203703703704,missing
2408.08872,2024-08-16T17:57:01Z,,2.2520717592592594,2.2520717592592594,arxiv_meta_enrichment
2408.08926,,,,4.275578703703704,missing
2408.08946,,,,3.250821759259259,missing
2408.09085,2024-08-17T03:45:40Z,,2.843287037037037,2.843287037037037,arxiv_meta_enrichment
2408.09174,2024-08-17T11:40:10Z,,3.513773148148148,3.513773148148148,arxiv_meta_enrichment
2408.09574,,,,2.1956944444444444,missing
2408.09702,,,,0.7807291666666667,missing
2408.09739,,,,0.7071412037037037,missing
2408.09787,,,,3.6475578703703704,missing
2408.09858,,,,0.581087962962963,missing
2408.10088,,,,1.354212962962963,missing
2408.10119,,,,0.3277777777777778,missing
2408.10161,,,,0.2822453703703704,missing
2408.10188,2024-08-19T17:48:08Z,2024-08-19 17:48:08+00:00,0.2582407407407407,0.2582407407407407,arxiv_meta_enrichment
2408.10195,,,,0.25474537037037037,missing
2408.10198,2024-08-19T17:55:17Z,,0.25327546296296294,0.25327546296296294,arxiv_meta_enrichment
2408.10446,,,,1.0427083333333333,missing
2408.10487,,,,0.915775462962963,missing
2408.10635,,,,2.6513425925925924,missing
2408.10701,,,,0.5847106481481481,missing
2408.10764,,,,0.4995949074074074,missing
2408.10906,,,,0.3824768518518519,missing
2408.10914,2024-08-20T14:58:13Z,,0.37623842592592593,0.37623842592592593,arxiv_meta_enrichment
2408.10945,,,,5.351076388888889,missing
2408.10998,,,,0.3007638888888889,missing
2408.11001,,,,0.29613425925925924,missing
2408.11039,2024-08-20T17:48:20Z,,0.25810185185185186,0.25810185185185186,arxiv_meta_enrichment
2408.11048,,,,0.2521759259259259,missing
2408.11049,,,,0.251724537037037,missing
2408.11054,,,,0.25070601851851854,missing
2408.11237,,,,1.0208333333333333,missing
2408.11247,,,,1.0038657407407408,missing
2408.11318,,,,0.8357986111111111,missing
2408.11457,,,,0.6087962962962963,missing
2408.11475,,,,0.5957870370370371,missing
2408.11706,,,,0.35376157407407405,missing
2408.11721,,,,0.33905092592592595,missing
2408.11727,,,,5.337453703703703,missing
2408.11745,2024-08-21T16:11:59Z,,0.32501157407407405,0.32501157407407405,arxiv_meta_enrichment
2408.11796,2024-08-21T17:38:48Z,,0.26472222222222225,0.26472222222222225,arxiv_meta_enrichment
2408.11812,,,,0.25149305555555557,missing
2408.11813,,,,1.2513657407407408,missing
2408.11817,,,,0.2503240740740741,missing
2408.11857,2024-08-15T20:17:33Z,,7.1544791666666665,7.1544791666666665,arxiv_meta_enrichment
2408.11878,2024-08-20T16:15:28Z,,2.3225925925925925,2.3225925925925925,arxiv_meta_enrichment
2408.11915,,,,1.2456597222222223,missing
2408.12060,,,,0.9287731481481482,missing
2408.12076,,,,0.893599537037037,missing
2408.12114,,,,0.8334722222222222,missing
2408.12245,2024-08-22T09:27:49Z,,0.6056828703703704,0.6056828703703704,arxiv_meta_enrichment
2408.12282,,,,0.5597106481481482,missing
2408.12369,,,,3.449236111111111,missing
2408.12418,,,,3.408101851851852,missing
2408.12480,,,,0.36399305555555556,missing
2408.12503,2024-08-22T15:53:23Z,,0.33792824074074074,0.33792824074074074,arxiv_meta_enrichment
2408.12528,2024-08-22T16:32:32Z,,0.31074074074074076,0.31074074074074076,arxiv_meta_enrichment
2408.12569,2024-08-22T17:37:27Z,,0.2656597222222222,0.2656597222222222,arxiv_meta_enrichment
2408.12570,,,,0.26459490740740743,missing
2408.12588,2024-08-22T17:54:21Z,,0.2539236111111111,0.2539236111111111,arxiv_meta_enrichment
2408.12590,,,,0.2532175925925926,missing
2408.12599,2024-08-22T17:59:04Z,,0.2506481481481482,0.2506481481481482,arxiv_meta_enrichment
2408.12601,2024-08-22T17:59:44Z,,0.2501851851851852,0.2501851851851852,arxiv_meta_enrichment
2408.12637,2024-08-22T17:47:24Z,,3.25875,3.25875,arxiv_meta_enrichment
2408.12757,2024-08-22T23:00:40Z,,4.041203703703704,4.041203703703704,arxiv_meta_enrichment
2408.12857,,,,2.753553240740741,missing
2408.12885,,,,2.682337962962963,missing
2408.12894,,,,2.6691550925925926,missing
2408.13010,,,,2.502060185185185,missing
2408.13233,2024-08-23T17:16:43Z,,2.28005787037037,2.28005787037037,arxiv_meta_enrichment
2408.13239,,,,2.2735416666666666,missing
2408.13252,2024-08-23T17:50:23Z,,2.2566782407407406,2.2566782407407406,arxiv_meta_enrichment
2408.13257,2024-08-23T17:59:51Z,,2.2501041666666666,2.2501041666666666,arxiv_meta_enrichment
2408.13359,2024-08-23T20:22:20Z,,3.1511574074074074,3.1511574074074074,arxiv_meta_enrichment
2408.13402,2024-08-23T23:00:19Z,,3.041446759259259,3.041446759259259,arxiv_meta_enrichment
2408.13413,,,,2.9769212962962963,missing
2408.13423,2024-08-24T01:33:28Z,,2.935092592592593,2.935092592592593,arxiv_meta_enrichment
2408.13467,2024-08-24T05:03:08Z,,2.7894907407407405,2.7894907407407405,arxiv_meta_enrichment
2408.13629,,,,3.2829166666666665,missing
2408.13674,,,,3.107384259259259,missing
2408.13933,,,,1.1379398148148148,missing
2408.13934,2024-08-25T20:43:34Z,,1.136412037037037,1.136412037037037,arxiv_meta_enrichment
2408.14176,2024-08-26T10:42:53Z,,0.5535532407407407,0.5535532407407407,arxiv_meta_enrichment
2408.14211,,,,0.4924537037037037,missing
2408.14236,,,,1.4649652777777777,missing
2408.14307,,,,1.3900578703703703,missing
2408.14340,,,,0.3658101851851852,missing
2408.14354,2024-08-26T15:30:05Z,,0.35410879629629627,0.35410879629629627,arxiv_meta_enrichment
2408.14468,2024-08-26T17:58:20Z,,0.2511574074074074,0.2511574074074074,arxiv_meta_enrichment
2408.14572,,,,6.220150462962963,missing
2408.14608,,,,3.1628356481481483,missing
2408.14717,2024-08-27T00:50:14Z,,0.9651157407407407,0.9651157407407407,arxiv_meta_enrichment
2408.14765,,,,5.846018518518519,missing
2408.14805,,,,0.7327430555555555,missing
2408.14819,,,,0.7069907407407408,missing
2408.14837,2024-08-27T07:46:07Z,,0.6763078703703703,0.6763078703703703,arxiv_meta_enrichment
2408.14849,,,,0.6658217592592592,missing
2408.14886,,,,5.626724537037037,missing
2408.14906,,,,0.600949074074074,missing
2408.15079,2024-08-27T14:08:23Z,,1.4108449074074074,1.4108449074074074,arxiv_meta_enrichment
2408.15237,,,,0.25265046296296295,missing
2408.15239,2024-08-27T17:57:14Z,,0.2519212962962963,0.2519212962962963,arxiv_meta_enrichment
2408.15300,,,,5.388032407407407,missing
2408.15496,,,,0.8837152777777778,missing
2408.15518,,,,0.8290046296296296,missing
2408.15545,2024-08-28T05:41:52Z,,4.7625925925925925,4.7625925925925925,arxiv_meta_enrichment
2408.15664,,,,0.6033680555555555,missing
2408.15666,,,,1.6005208333333334,missing
2408.15708,,,,0.5323263888888888,missing
2408.15792,2024-08-28T13:35:54Z,,0.4334027777777778,0.4334027777777778,arxiv_meta_enrichment
2408.15827,,,,4.388715277777778,missing
2408.15836,,,,0.3829050925925926,missing
2408.15881,2024-08-28T15:52:23Z,,0.3386226851851852,0.3386226851851852,arxiv_meta_enrichment
2408.15914,2024-08-28T16:27:58Z,,4.313912037037037,4.313912037037037,arxiv_meta_enrichment
2408.15915,2024-08-28T16:28:07Z,,0.3138078703703704,0.3138078703703704,arxiv_meta_enrichment
2408.15980,,,,0.256724537037037,missing
2408.15991,,,,0.2511921296296296,missing
2408.15993,,,,4.250775462962963,missing
2408.15995,,,,0.2506712962962963,missing
2408.15998,,,,0.2503356481481481,missing
2408.16046,,,,1.25,missing
2408.16061,,,,1.2493055555555554,missing
2408.16176,,,,4.004201388888889,missing
2408.16245,,,,3.8356481481481484,missing
2408.16293,2024-08-29T06:49:20Z,,0.7157407407407408,0.7157407407407408,arxiv_meta_enrichment
2408.16357,,,,0.6272222222222222,missing
2408.16444,,,,3.532372685185185,missing
2408.16500,,,,0.4588888888888889,missing
2408.16532,2024-08-29T13:43:36Z,,0.4280555555555556,0.4280555555555556,arxiv_meta_enrichment
2408.16667,,,,3.3229050925925927,missing
2408.16672,,,,3.31875,missing
2408.16725,,,,4.278553240740741,missing
2408.16766,2024-08-29T17:59:30Z,,0.2503472222222222,0.2503472222222222,arxiv_meta_enrichment
2408.16767,2024-08-29T17:59:40Z,,0.2502314814814815,0.2502314814814815,arxiv_meta_enrichment
2408.16768,2024-08-29T17:59:45Z,,0.25017361111111114,0.25017361111111114,arxiv_meta_enrichment
2408.17024,,,,2.762141203703704,missing
2408.17131,,,,2.613958333333333,missing
2408.17253,2024-08-30T12:51:55Z,,3.4639467592592594,3.4639467592592594,arxiv_meta_enrichment
2408.17267,2024-08-30T13:13:35Z,,2.448900462962963,2.448900462962963,arxiv_meta_enrichment
2409.00138,,,,5.250949074074074,missing
2409.00391,,,,3.63162037037037,missing
2409.00447,,,,3.4606712962962964,missing
2409.00492,,,,3.3268518518518517,missing
2409.00509,,,,3.278125,missing
2409.00558,,,,3.036550925925926,missing
2409.00587,,,,2.8864236111111112,missing
2409.00588,2024-09-01T02:47:50Z,,2.883449074074074,2.883449074074074,arxiv_meta_enrichment
2409.00729,,,,2.39125,missing
2409.00844,,,,4.112337962962963,missing
2409.00921,,,,3.854861111111111,missing
2409.01055,,,,1.6465625,missing
2409.01071,2024-09-02T08:52:58Z,,1.6298842592592593,1.6298842592592593,arxiv_meta_enrichment
2409.01083,2024-09-02T09:11:28Z,,2.617037037037037,2.617037037037037,arxiv_meta_enrichment
2409.01199,,,,1.485625,missing
2409.01322,,,,3.359884259259259,missing
2409.01357,,,,1.319988425925926,missing
2409.01392,,,,1.2609953703703705,missing
2409.01437,,,,1.1791782407407407,missing
2409.01704,2024-09-03T08:41:31Z,,0.6378356481481482,0.6378356481481482,arxiv_meta_enrichment
2409.01944,2024-09-03T14:40:31Z,,2.3885300925925925,2.3885300925925925,arxiv_meta_enrichment
2409.02060,,,,0.28587962962962965,missing
2409.02076,,,,5.273680555555556,missing
2409.02078,,,,1.273414351851852,missing
2409.02095,2024-09-03T17:52:03Z,,0.2555208333333333,0.2555208333333333,arxiv_meta_enrichment
2409.02097,2024-09-03T17:54:39Z,,0.2537152777777778,0.2537152777777778,arxiv_meta_enrichment
2409.02245,,,,1.1945833333333333,missing
2409.02326,2024-09-03T22:36:42Z,,1.0578472222222222,1.0578472222222222,arxiv_meta_enrichment
2409.02392,,,,1.8881481481481481,missing
2409.02634,,,,0.5033101851851852,missing
2409.02795,2024-09-04T15:11:55Z,,5.366724537037037,5.366724537037037,arxiv_meta_enrichment
2409.02813,2024-09-04T15:31:26Z,,0.3531712962962963,0.3531712962962963,arxiv_meta_enrichment
2409.02877,2024-09-04T17:01:02Z,,4.290949074074074,4.290949074074074,arxiv_meta_enrichment
2409.02889,,,,0.2740625,missing
2409.02897,2024-09-04T17:41:19Z,,0.26297453703703705,0.26297453703703705,arxiv_meta_enrichment
2409.03420,,,,0.5354166666666667,missing
2409.03512,2024-09-05T13:22:51Z,,0.4424652777777778,0.4424652777777778,arxiv_meta_enrichment
2409.03525,,,,0.43275462962962963,missing
2409.03643,2024-09-05T16:01:21Z,,0.33239583333333333,0.33239583333333333,arxiv_meta_enrichment
2409.03718,2024-09-05T17:21:54Z,,0.2764583333333333,0.2764583333333333,arxiv_meta_enrichment
2409.03752,2024-09-05T17:59:12Z,,0.25055555555555553,0.25055555555555553,arxiv_meta_enrichment
2409.03753,2024-09-05T17:59:15Z,,0.25052083333333336,0.25052083333333336,arxiv_meta_enrichment
2409.03810,,,,3.259375,missing
2409.04005,2024-09-06T03:13:45Z,,2.865451388888889,2.865451388888889,arxiv_meta_enrichment
2409.04057,2024-09-06T06:57:04Z,,5.71037037037037,5.71037037037037,arxiv_meta_enrichment
2409.04109,2024-09-06T08:25:03Z,,6.6492708333333335,6.6492708333333335,arxiv_meta_enrichment
2409.04196,2024-09-06T11:34:24Z,,2.517777777777778,2.517777777777778,arxiv_meta_enrichment
2409.04234,,,,3.472002314814815,missing
2409.04269,,,,3.4407638888888887,missing
2409.04410,,,,2.2813310185185185,missing
2409.04593,2024-09-06T20:04:04Z,,3.1638425925925926,3.1638425925925926,arxiv_meta_enrichment
2409.04828,,,,2.4294328703703703,missing
2409.05152,2024-09-08T16:35:19Z,,1.3088078703703703,1.3088078703703703,arxiv_meta_enrichment
2409.05162,,,,4.271967592592593,missing
2409.05177,,,,1.2330324074074075,missing
2409.05591,2024-09-09T13:20:31Z,,0.44408564814814816,0.44408564814814816,arxiv_meta_enrichment
2409.05806,,,,0.2834375,missing
2409.05840,,,,0.2611111111111111,missing
2409.05862,,,,0.2505439814814815,missing
2409.05865,,,,0.2501157407407407,missing
2409.06029,2024-09-09T19:37:07Z,,1.1825578703703703,1.1825578703703703,arxiv_meta_enrichment
2409.06135,,,,0.9532407407407407,missing
2409.06185,,,,1.8564583333333333,missing
2409.06210,,,,0.8112152777777778,missing
2409.06277,,,,6.6887384259259255,missing
2409.06595,2024-09-10T15:39:32Z,,0.3475462962962963,0.3475462962962963,arxiv_meta_enrichment
2409.06633,,,,0.3022337962962963,missing
2409.06666,2024-09-10T17:34:34Z,,0.26766203703703706,0.26766203703703706,arxiv_meta_enrichment
2409.06703,,,,0.2500810185185185,missing
2409.06744,,,,1.7135069444444444,missing
2409.06762,,,,1.255925925925926,missing
2409.06765,,,,1.2516435185185186,missing
2409.06820,,,,1.207824074074074,missing
2409.06957,,,,5.8884490740740745,missing
2409.07012,,,,5.798796296296296,missing
2409.07129,,,,0.6072106481481482,missing
2409.07146,2024-09-11T09:49:50Z,,0.5903935185185185,0.5903935185185185,arxiv_meta_enrichment
2409.07239,,,,1.463113425925926,missing
2409.07314,2024-09-11T14:44:51Z,,0.3855208333333333,0.3855208333333333,arxiv_meta_enrichment
2409.07429,2024-09-11T17:21:00Z,,0.27708333333333335,0.27708333333333335,arxiv_meta_enrichment
2409.07440,,,,0.2654166666666667,missing
2409.07441,,,,0.26364583333333336,missing
2409.07450,,,,0.25222222222222224,missing
2409.07452,2024-09-11T17:58:57Z,,0.25072916666666667,0.25072916666666667,arxiv_meta_enrichment
2409.07703,2024-09-12T02:08:00Z,,0.9111111111111111,0.9111111111111111,arxiv_meta_enrichment
2409.08199,,,,4.3078819444444445,missing
2409.08239,2024-09-12T17:39:08Z,,0.26449074074074075,0.26449074074074075,arxiv_meta_enrichment
2409.08240,,,,0.2643171296296296,missing
2409.08248,,,,0.2584375,missing
2409.08264,2024-09-12T17:56:43Z,,0.2522800925925926,0.2522800925925926,arxiv_meta_enrichment
2409.08270,,,,0.25123842592592593,missing
2409.08272,,,,3.250648148148148,missing
2409.08278,,,,0.2501273148148148,missing
2409.08353,,,,3.2269328703703706,missing
2409.08425,,,,6.033043981481481,missing
2409.08513,,,,2.858425925925926,missing
2409.08514,,,,2.85724537037037,missing
2409.08554,,,,3.740335648148148,missing
2409.08615,2024-09-13T08:05:20Z,,2.662962962962963,2.662962962962963,arxiv_meta_enrichment
2409.08692,2024-09-13T10:22:08Z,,6.567962962962963,6.567962962962963,arxiv_meta_enrichment
2409.08831,,,,3.4255555555555555,missing
2409.08857,2024-09-13T14:19:27Z,,2.403159722222222,2.403159722222222,arxiv_meta_enrichment
2409.08947,,,,2.3281828703703704,missing
2409.09213,,,,3.084490740740741,missing
2409.09214,,,,3.0789583333333335,missing
2409.09269,,,,2.8961111111111113,missing
2409.09323,,,,3.7544791666666666,missing
2409.09401,,,,4.5669560185185185,missing
2409.09502,2024-09-14T18:26:26Z,,2.2316435185185184,2.2316435185185184,arxiv_meta_enrichment
2409.10038,,,,0.7071643518518519,missing
2409.10173,2024-09-16T11:10:29Z,,0.5343865740740741,0.5343865740740741,arxiv_meta_enrichment
2409.10309,,,,0.40576388888888887,missing
2409.10516,2024-09-16T17:59:52Z,,0.2500925925925926,0.2500925925925926,arxiv_meta_enrichment
2409.10568,,,,3.82125,missing
2409.10594,2024-09-16T17:54:51Z,,0.2535763888888889,0.2535763888888889,arxiv_meta_enrichment
2409.10819,2024-09-17T01:27:28Z,,0.9392592592592592,0.9392592592592592,arxiv_meta_enrichment
2409.10831,,,,0.9245138888888889,missing
2409.10836,,,,0.9151041666666667,missing
2409.10923,,,,0.7202546296296296,missing
2409.11055,2024-09-17T10:31:37Z,,0.5613773148148148,0.5613773148148148,arxiv_meta_enrichment
2409.11074,,,,1.539050925925926,missing
2409.11136,2024-09-17T12:42:55Z,,0.47019675925925924,0.47019675925925924,arxiv_meta_enrichment
2409.11211,,,,0.4136574074074074,missing
2409.11242,,,,0.38364583333333335,missing
2409.11276,,,,5.355266203703704,missing
2409.11315,,,,1.323622685185185,missing
2409.11340,,,,0.30363425925925924,missing
2409.11355,2024-09-17T16:58:52Z,,0.2924537037037037,0.2924537037037037,arxiv_meta_enrichment
2409.11363,,,,1.2824189814814815,missing
2409.11367,,,,0.2801273148148148,missing
2409.11393,,,,5.2539699074074075,missing
2409.11402,2024-09-17T17:59:06Z,,0.250625,0.250625,arxiv_meta_enrichment
2409.11406,2024-09-17T17:59:33Z,,0.2503125,0.2503125,arxiv_meta_enrichment
2409.11564,2024-09-17T21:28:51Z,,1.1049652777777779,1.1049652777777779,arxiv_meta_enrichment
2409.11733,,,,-0.2793171296296296,missing
2409.11901,2024-09-18T11:54:45Z,,0.5036458333333333,0.5036458333333333,arxiv_meta_enrichment
2409.12001,,,,0.4073611111111111,missing
2409.12106,,,,0.31502314814814814,missing
2409.12134,,,,0.294375,missing
2409.12136,2024-09-18T17:00:20Z,,0.2914351851851852,0.2914351851851852,arxiv_meta_enrichment
2409.12139,,,,0.28944444444444445,missing
2409.12181,2024-09-18T17:53:17Z,,0.2546643518518519,0.2546643518518519,arxiv_meta_enrichment
2409.12183,,,,0.2534722222222222,missing
2409.12186,2024-09-18T17:57:57Z,,0.2514236111111111,0.2514236111111111,arxiv_meta_enrichment
2409.12191,,,,0.2503240740740741,missing
2409.12192,,,,6.250196759259259,missing
2409.12193,,,,0.2501851851851852,missing
2409.12431,,,,0.8580787037037036,missing
2409.12532,,,,0.6732175925925926,missing
2409.12568,,,,0.6379513888888889,missing
2409.12576,,,,0.6297916666666666,missing
2409.12822,,,,0.38155092592592593,missing
2409.12892,,,,0.3112962962962963,missing
2409.12903,,,,0.2983101851851852,missing
2409.12917,2024-09-19T17:16:21Z,,0.2803125,0.2803125,arxiv_meta_enrichment
2409.12941,2024-09-19T17:52:07Z,,3.255474537037037,3.255474537037037,arxiv_meta_enrichment
2409.12957,2024-09-19T17:59:06Z,,0.250625,0.250625,arxiv_meta_enrichment
2409.12958,,,,0.25046296296296294,missing
2409.12959,2024-09-19T17:59:45Z,,0.25017361111111114,0.25017361111111114,arxiv_meta_enrichment
2409.12960,,,,0.2501388888888889,missing
2409.12961,2024-09-19T17:59:51Z,,0.2501041666666667,0.2501041666666667,arxiv_meta_enrichment
2409.12962,,,,0.2500925925925926,missing
2409.13156,,,,4.92630787037037,missing
2409.13191,,,,3.841736111111111,missing
2409.13216,2024-09-20T05:06:49Z,,2.78693287037037,2.78693287037037,arxiv_meta_enrichment
2409.13346,,,,2.609849537037037,missing
2409.13449,,,,2.4791319444444446,missing
2409.13591,,,,2.343599537037037,missing
2409.13592,2024-09-20T15:45:29Z,,2.3434143518518518,2.3434143518518518,arxiv_meta_enrichment
2409.13598,2024-09-20T15:53:17Z,,2.337997685185185,2.337997685185185,arxiv_meta_enrichment
2409.13648,,,,2.2955208333333332,missing
2409.13689,,,,2.2506828703703703,missing
2409.13690,,,,2.2502314814814817,missing
2409.13773,,,,4.7096990740740745,missing
2409.13882,,,,4.151064814814815,missing
2409.13910,,,,3.106099537037037,missing
2409.13926,,,,3.064224537037037,missing
2409.14128,2024-09-21T12:46:17Z,,3.467858796296296,3.467858796296296,arxiv_meta_enrichment
2409.14195,,,,5.296724537037037,missing
2409.14254,2024-09-21T22:36:22Z,,5.058078703703703,5.058078703703703,arxiv_meta_enrichment
2409.14340,,,,1.7100347222222223,missing
2409.14393,,,,1.5340393518518518,missing
2409.14674,,,,0.8815625,missing
2409.14677,,,,0.875613425925926,missing
2409.14683,,,,3.8661689814814815,missing
2409.14713,2024-09-23T05:19:06Z,,0.7784027777777778,0.7784027777777778,arxiv_meta_enrichment
2409.14988,,,,0.4514236111111111,missing
2409.15041,,,,2.4096527777777776,missing
2409.15127,2024-09-23T15:33:38Z,,2.3516435185185185,2.3516435185185185,arxiv_meta_enrichment
2409.15268,,,,0.2513078703703704,missing
2409.15272,2024-09-23T17:59:05Z,,1.2506365740740741,1.2506365740740741,arxiv_meta_enrichment
2409.15273,,,,0.250625,missing
2409.15277,,,,0.25019675925925927,missing
2409.15278,2024-09-23T17:59:46Z,,0.25016203703703704,0.25016203703703704,arxiv_meta_enrichment
2409.15360,,,,6.891886574074074,missing
2409.15700,,,,0.8539467592592592,missing
2409.15933,,,,0.5851273148148148,missing
2409.15997,,,,0.5019444444444444,missing
2409.16040,,,,0.470625,missing
2409.16143,2024-09-24T14:50:21Z,,0.3817013888888889,0.3817013888888889,arxiv_meta_enrichment
2409.16160,,,,0.3749189814814815,missing
2409.16191,2024-09-24T15:38:11Z,,0.3484837962962963,0.3484837962962963,arxiv_meta_enrichment
2409.16211,,,,0.3248611111111111,missing
2409.16235,,,,0.2975,missing
2409.16280,,,,0.2562037037037037,missing
2409.16283,,,,0.2517013888888889,missing
2409.16288,,,,1.2500462962962964,missing
2409.16299,,,,16.18363425925926,missing
2409.16493,,,,1.057824074074074,missing
2409.16629,,,,0.7799421296296296,missing
2409.16666,,,,0.7139236111111111,missing
2409.16686,,,,4.693159722222222,missing
2409.16925,,,,0.4350925925925926,missing
2409.17058,,,,0.3226736111111111,missing
2409.17066,2024-09-25T16:25:45Z,,4.315451388888889,4.315451388888889,arxiv_meta_enrichment
2409.17115,2024-09-25T17:28:13Z,,0.27207175925925925,0.27207175925925925,arxiv_meta_enrichment
2409.17143,,,,-0.7494560185185185,missing
2409.17145,,,,0.25017361111111114,missing
2409.17146,2024-09-25T17:59:51Z,,0.2501041666666667,0.2501041666666667,arxiv_meta_enrichment
2409.17280,,,,1.2179861111111112,missing
2409.17422,2024-09-25T23:14:47Z,,1.031400462962963,1.031400462962963,arxiv_meta_enrichment
2409.17433,,,,4.005358796296297,missing
2409.17481,,,,0.8904976851851852,missing
2409.17545,2024-09-26T05:24:14Z,,3.774837962962963,3.774837962962963,arxiv_meta_enrichment
2409.17565,,,,0.7309490740740741,missing
2409.17580,,,,0.7128587962962963,missing
2409.17692,,,,3.5852314814814816,missing
2409.17912,2024-09-26T14:56:38Z,,5.377337962962963,5.377337962962963,arxiv_meta_enrichment
2409.18042,2024-09-26T16:44:02Z,,0.3027546296296296,0.3027546296296296,arxiv_meta_enrichment
2409.18111,,,,6.254814814814814,missing
2409.18121,,,,0.25189814814814815,missing
2409.18124,,,,0.2507523148148148,missing
2409.18125,2024-09-26T17:59:11Z,,0.2505671296296296,0.2505671296296296,arxiv_meta_enrichment
2409.18313,,,,5.09431712962963,missing
2409.18747,,,,3.4315277777777777,missing
2409.18786,2024-09-27T14:34:54Z,,2.3924305555555554,2.3924305555555554,arxiv_meta_enrichment
2409.18839,2024-09-27T15:35:15Z,,2.3505208333333334,2.3505208333333334,arxiv_meta_enrichment
2409.18869,,,,2.329039351851852,missing
2409.18943,2024-09-27T17:44:58Z,,3.2604398148148146,3.2604398148148146,arxiv_meta_enrichment
2409.18957,,,,2.2508101851851854,missing
2409.18964,2024-09-27T17:59:57Z,,2.2500347222222223,2.2500347222222223,arxiv_meta_enrichment
2409.19020,,,,5.705891203703704,missing
2409.19291,,,,5.604965277777778,missing
2409.19339,,,,2.465787037037037,missing
2409.19603,2024-09-29T07:47:15Z,,2.675520833333333,2.675520833333333,arxiv_meta_enrichment
2409.19606,2024-09-29T07:57:07Z,,1.6686689814814815,1.6686689814814815,arxiv_meta_enrichment
2409.19627,,,,1.6021527777777778,missing
2409.19715,,,,1.4066550925925927,missing
2409.19808,,,,1.073587962962963,missing
2409.19946,,,,1.7922222222222222,missing
2409.19951,,,,1.7833217592592592,missing
2409.19952,,,,0.781863425925926,missing
2409.19989,2024-09-30T06:29:50Z,,6.729282407407408,6.729282407407408,arxiv_meta_enrichment
2409.20018,,,,1.690787037037037,missing
2409.20059,,,,2.665462962962963,missing
2409.20325,,,,2.3984722222222223,missing
2409.20537,,,,0.2641087962962963,missing
2409.20551,,,,0.2554976851851852,missing
2409.20563,,,,1.2505208333333333,missing
2409.20566,,,,0.2503009259259259,missing
2410.00086,,,,1.2524652777777778,missing
2410.00231,,,,1.125949074074074,missing
2410.00255,,,,3.0863657407407405,missing
2410.00296,,,,1.9739699074074073,missing
2410.00316,,,,1.9375694444444445,missing
2410.00337,,,,0.89625,missing
2410.00418,,,,0.7540856481481482,missing
2410.00531,,,,0.6118518518518519,missing
2410.00545,,,,0.5982175925925926,missing
2410.00890,,,,0.2710300925925926,missing
2410.00907,,,,5.2545370370370375,missing
2410.01036,,,,1.1707175925925926,missing
2410.01044,2024-10-01T20:05:51Z,,1.1626041666666667,1.1626041666666667,arxiv_meta_enrichment
2410.01171,,,,0.9172800925925926,missing
2410.01215,,,,0.8351736111111111,missing
2410.01257,2024-10-02T06:05:52Z,,0.7459259259259259,0.7459259259259259,arxiv_meta_enrichment
2410.01273,,,,4.725868055555556,missing
2410.01335,,,,1.6297800925925925,missing
2410.01440,,,,0.5119328703703704,missing
2410.01463,2024-10-02T12:14:36Z,,0.48986111111111114,0.48986111111111114,arxiv_meta_enrichment
2410.01481,,,,0.47640046296296296,missing
2410.01518,,,,0.4516087962962963,missing
2410.01647,,,,0.36398148148148146,missing
2410.01679,2024-10-02T15:49:30Z,,1.340625,1.340625,arxiv_meta_enrichment
2410.01680,,,,0.3398726851851852,missing
2410.01691,,,,0.33109953703703704,missing
2410.01699,2024-10-02T16:05:27Z,,4.329548611111111,4.329548611111111,arxiv_meta_enrichment
2410.01723,,,,0.30938657407407405,missing
2410.01731,,,,0.30319444444444443,missing
2410.01744,2024-10-02T16:55:01Z,,0.2951273148148148,0.2951273148148148,arxiv_meta_enrichment
2410.01748,2024-10-02T17:01:10Z,,0.29085648148148147,0.29085648148148147,arxiv_meta_enrichment
2410.01769,,,,0.2738773148148148,missing
2410.01782,,,,1.265763888888889,missing
2410.01804,,,,0.25059027777777776,missing
2410.01912,,,,6.242997685185185,missing
2410.01946,,,,1.2187037037037036,missing
2410.01968,,,,26.19357638888889,missing
2410.01999,,,,4.163865740740741,missing
2410.02052,,,,1.0954282407407407,missing
2410.02056,,,,1.0794444444444444,missing
2410.02073,2024-10-02T22:42:20Z,,1.0539351851851853,1.0539351851851853,arxiv_meta_enrichment
2410.02103,,,,1.007974537037037,missing
2410.02115,,,,0.9734722222222222,missing
2410.02197,,,,-0.18258101851851852,missing
2410.02241,,,,3.731377314814815,missing
2410.02362,2024-10-03T10:23:03Z,,3.567326388888889,3.567326388888889,arxiv_meta_enrichment
2410.02367,2024-10-03T10:25:23Z,,0.5657060185185185,0.5657060185185185,arxiv_meta_enrichment
2410.02416,2024-10-03T12:06:29Z,,0.49549768518518517,0.49549768518518517,arxiv_meta_enrichment
2410.02426,,,,0.4862384259259259,missing
2410.02428,,,,6.485219907407408,missing
2410.02458,,,,0.3815625,missing
2410.02465,,,,6.44769675925926,missing
2410.02503,,,,6.412002314814814,missing
2410.02525,2024-10-03T14:33:34Z,,0.3933564814814815,0.3933564814814815,arxiv_meta_enrichment
2410.02536,,,,0.38710648148148147,missing
2410.02613,2024-10-03T15:51:36Z,,3.339166666666667,3.339166666666667,arxiv_meta_enrichment
2410.02675,2024-10-03T17:02:21Z,,4.290034722222222,4.290034722222222,arxiv_meta_enrichment
2410.02678,2024-10-03T17:04:48Z,,0.28833333333333333,0.28833333333333333,arxiv_meta_enrichment
2410.02703,2024-10-03T17:27:30Z,,3.2725694444444446,3.2725694444444446,arxiv_meta_enrichment
2410.02705,,,,5.272141203703704,missing
2410.02707,,,,4.269780092592592,missing
2410.02712,,,,0.2662847222222222,missing
2410.02713,2024-10-03T17:36:49Z,,0.26609953703703704,0.26609953703703704,arxiv_meta_enrichment
2410.02724,,,,0.26005787037037037,missing
2410.02740,,,,0.2535648148148148,missing
2410.02743,,,,5.25332175925926,missing
2410.02746,2024-10-03T17:56:09Z,,0.2526736111111111,0.2526736111111111,arxiv_meta_enrichment
2410.02749,,,,0.2518287037037037,missing
2410.02757,2024-10-03T17:59:02Z,,0.2506712962962963,0.2506712962962963,arxiv_meta_enrichment
2410.02760,,,,3.250347222222222,missing
2410.02762,,,,0.2500347222222222,missing
2410.02763,,,,0.25002314814814813,missing
2410.02884,,,,4.241331018518519,missing
2410.03017,2024-10-03T21:58:39Z,,3.0842708333333335,3.0842708333333335,arxiv_meta_enrichment
2410.03027,2024-10-03T22:22:43Z,,3.0675578703703703,3.0675578703703703,arxiv_meta_enrichment
2410.03051,,,,2.9903472222222223,missing
2410.03103,,,,2.879259259259259,missing
2410.03160,,,,3.758576388888889,missing
2410.03187,,,,3.709201388888889,missing
2410.03290,,,,4.580127314814815,missing
2410.03399,,,,4.455752314814815,missing
2410.03437,,,,6.422199074074074,missing
2410.03450,,,,6.409270833333333,missing
2410.03535,,,,2.337476851851852,missing
2410.03617,,,,3.2796412037037035,missing
2410.03645,,,,2.2558680555555557,missing
2410.03825,2024-10-04T18:00:07Z,,3.2499189814814815,3.2499189814814815,arxiv_meta_enrichment
2410.03864,,,,4.209618055555556,missing
2410.03959,,,,3.0538194444444446,missing
2410.03960,,,,3.0517824074074076,missing
2410.04081,,,,3.6473032407407406,missing
2410.04199,2024-10-05T15:33:25Z,,3.3517939814814817,3.3517939814814817,arxiv_meta_enrichment
2410.04223,,,,4.3086574074074075,missing
2410.04343,,,,2.8456597222222224,missing
2410.04364,2024-10-06T05:46:17Z,,1.7595254629629629,1.7595254629629629,arxiv_meta_enrichment
2410.04422,,,,2.6046412037037037,missing
2410.04534,2024-10-06T16:04:05Z,,1.330497685185185,1.330497685185185,arxiv_meta_enrichment
2410.04698,,,,0.8957523148148148,missing
2410.04717,2024-10-07T03:15:11Z,,1.8644560185185186,1.8644560185185186,arxiv_meta_enrichment
2410.04734,2024-10-07T04:00:22Z,,0.8330787037037037,0.8330787037037037,arxiv_meta_enrichment
2410.04751,,,,3.7867939814814813,missing
2410.04808,,,,3.6793055555555556,missing
2410.04932,,,,0.5234606481481482,missing
2410.05046,,,,0.4164583333333333,missing
2410.05057,,,,0.40650462962962963,missing
2410.05076,,,,1.3955208333333333,missing
2410.05080,,,,0.39317129629629627,missing
2410.05160,,,,2.3235532407407407,missing
2410.05167,2024-10-07T16:24:18Z,,0.31645833333333334,0.31645833333333334,arxiv_meta_enrichment
2410.05193,,,,1.2980671296296296,missing
2410.05210,,,,3.2803240740740742,missing
2410.05229,2024-10-07T17:36:37Z,,0.26623842592592595,0.26623842592592595,arxiv_meta_enrichment
2410.05243,,,,0.2584490740740741,missing
2410.05248,,,,3.2553125,missing
2410.05254,2024-10-07T17:55:35Z,,2.25306712962963,2.25306712962963,arxiv_meta_enrichment
2410.05255,,,,0.2521643518518519,missing
2410.05258,2024-10-07T17:57:38Z,2024-10-07 17:57:38+00:00,0.2516435185185185,0.2516435185185185,arxiv_meta_enrichment
2410.05262,,,,0.2508449074074074,missing
2410.05265,2024-10-07T17:59:35Z,,3.2502893518518516,3.2502893518518516,arxiv_meta_enrichment
2410.05269,,,,3.250023148148148,missing
2410.05295,,,,6.250682870370371,missing
2410.05355,,,,2.346701388888889,missing
2410.05363,2024-10-07T17:56:04Z,,2.2527314814814816,2.2527314814814816,arxiv_meta_enrichment
2410.05591,,,,1.9541550925925926,missing
2410.05603,,,,2.9382291666666664,missing
2410.05629,,,,2.8988657407407405,missing
2410.05643,,,,1.884375,missing
2410.05651,,,,1.8736805555555556,missing
2410.05664,,,,1.8537152777777777,missing
2410.05677,,,,1.8124305555555555,missing
2410.05791,,,,1.652025462962963,missing
2410.05873,,,,1.583761574074074,missing
2410.05954,2024-10-08T12:10:37Z,,1.4926273148148148,1.4926273148148148,arxiv_meta_enrichment
2410.05993,2024-10-08T12:44:57Z,,1.4687847222222221,1.4687847222222221,arxiv_meta_enrichment
2410.06084,,,,1.388298611111111,missing
2410.06154,,,,2.3363425925925925,missing
2410.06166,,,,1.3260532407407408,missing
2410.06172,,,,1.3221412037037037,missing
2410.06241,,,,1.2523958333333334,missing
2410.06244,2024-10-08T17:59:30Z,,1.2503472222222223,1.2503472222222223,arxiv_meta_enrichment
2410.06264,,,,5.247523148148148,missing
2410.06293,,,,2.2145717592592593,missing
2410.06373,2024-10-08T21:14:23Z,,1.115011574074074,1.115011574074074,arxiv_meta_enrichment
2410.06456,,,,4.94162037037037,missing
2410.06458,,,,0.9408564814814815,missing
2410.06462,,,,0.9330439814814815,missing
2410.06468,,,,0.9292939814814815,missing
2410.06508,,,,1.8610879629629629,missing
2410.06524,,,,0.8378935185185186,missing
2410.06555,,,,0.7794212962962963,missing
2410.06593,,,,6.719918981481482,missing
2410.06634,,,,5.683495370370371,missing
2410.06845,,,,0.4537037037037037,missing
2410.06885,2024-10-09T13:46:34Z,,0.4259953703703704,0.4259953703703704,arxiv_meta_enrichment
2410.06949,,,,0.3848958333333333,missing
2410.06961,,,,0.376724537037037,missing
2410.06985,,,,0.35988425925925926,missing
2410.07002,,,,0.34314814814814815,missing
2410.07035,2024-10-09T16:15:36Z,,4.3225,4.3225,arxiv_meta_enrichment
2410.07041,,,,1.313622685185185,missing
2410.07062,,,,-126.0,missing
2410.07064,,,,0.28684027777777776,missing
2410.07071,,,,0.2809027777777778,missing
2410.07073,,,,0.2803009259259259,missing
2410.07095,,,,0.26774305555555555,missing
2410.07112,,,,0.2593287037037037,missing
2410.07113,,,,0.2591087962962963,missing
2410.07133,2024-10-09T17:52:28Z,,4.255231481481482,4.255231481481482,arxiv_meta_enrichment
2410.07137,,,,1.2547916666666667,missing
2410.07145,,,,0.2538425925925926,missing
2410.07155,,,,0.25274305555555554,missing
2410.07160,,,,16.371701388888887,missing
2410.07167,,,,0.2506481481481482,missing
2410.07170,,,,0.250625,missing
2410.07171,2024-10-09T17:59:13Z,,0.2505439814814815,0.2505439814814815,arxiv_meta_enrichment
2410.07177,2024-10-09T17:59:59Z,,0.2500115740740741,0.2500115740740741,arxiv_meta_enrichment
2410.07303,2024-10-09T17:43:38Z,,1.2613657407407408,1.2613657407407408,arxiv_meta_enrichment
2410.07331,,,,4.24994212962963,missing
2410.07484,2024-10-09T23:37:36Z,,1.0155555555555555,1.0155555555555555,arxiv_meta_enrichment
2410.07536,,,,3.9108449074074074,missing
2410.07656,2024-10-10T06:55:38Z,,3.7113657407407405,3.7113657407407405,arxiv_meta_enrichment
2410.07707,,,,0.6529282407407407,missing
2410.07722,,,,6.637800925925926,missing
2410.07752,,,,4.605138888888889,missing
2410.07869,2024-10-10T12:41:19Z,,0.47130787037037036,0.47130787037037036,arxiv_meta_enrichment
2410.07985,2024-10-10T14:39:33Z,,4.389201388888889,4.389201388888889,arxiv_meta_enrichment
2410.08001,,,,5.376493055555556,missing
2410.08049,,,,0.3445023148148148,missing
2410.08102,2024-10-10T16:45:28Z,,3.301759259259259,3.301759259259259,arxiv_meta_enrichment
2410.08115,,,,0.29159722222222223,missing
2410.08151,,,,0.2664930555555556,missing
2410.08159,2024-10-10T17:41:54Z,,0.26256944444444447,0.26256944444444447,arxiv_meta_enrichment
2410.08164,2024-10-10T17:43:51Z,,0.26121527777777775,0.26121527777777775,arxiv_meta_enrichment
2410.08168,,,,3.2602777777777776,missing
2410.08193,,,,3.2511111111111113,missing
2410.08196,,,,0.25092592592592594,missing
2410.08207,2024-10-10T17:59:48Z,,0.2501388888888889,0.2501388888888889,arxiv_meta_enrichment
2410.08261,2024-10-10T17:59:17Z,,3.2504976851851852,3.2504976851851852,arxiv_meta_enrichment
2410.08391,,,,3.0866782407407407,missing
2410.08565,,,,2.7190856481481482,missing
2410.08584,,,,5.691423611111111,missing
2410.08612,,,,2.6476273148148146,missing
2410.08815,,,,2.421712962962963,missing
2410.08968,,,,5.30693287037037,missing
2410.09008,,,,2.2737037037037036,missing
2410.09009,,,,2.2736111111111112,missing
2410.09019,,,,6.268761574074074,missing
2410.09037,,,,2.2545486111111113,missing
2410.09038,,,,2.2540046296296294,missing
2410.09045,,,,2.2513657407407406,missing
2410.09223,,,,3.168113425925926,missing
2410.09335,,,,2.8829398148148146,missing
2410.09342,,,,3.865462962962963,missing
2410.09347,,,,5.853182870370371,missing
2410.09426,,,,5.659398148148148,missing
2410.09584,2024-10-12T16:30:51Z,,2.311909722222222,2.311909722222222,arxiv_meta_enrichment
2410.09637,,,,2.148599537037037,missing
2410.09704,,,,2.8719675925925925,missing
2410.09724,,,,3.799537037037037,missing
2410.09732,,,,1.7731944444444445,missing
2410.09733,,,,1.7672569444444444,missing
2410.09745,,,,2.719513888888889,missing
2410.09754,,,,2.6938310185185186,missing
2410.09870,,,,3.368877314814815,missing
2410.10139,2024-10-14T04:15:00Z,,0.8229166666666666,0.8229166666666666,arxiv_meta_enrichment
2410.10210,,,,3.7020601851851853,missing
2410.10306,2024-10-14T09:06:55Z,,0.6201967592592592,0.6201967592592592,arxiv_meta_enrichment
2410.10563,,,,0.3873611111111111,missing
2410.10594,2024-10-14T15:04:18Z,,0.37201388888888887,0.37201388888888887,arxiv_meta_enrichment
2410.10626,2024-10-14T15:31:54Z,,1.3528472222222223,1.3528472222222223,arxiv_meta_enrichment
2410.10630,,,,0.347962962962963,missing
2410.10672,2024-10-14T16:15:57Z,,2.3222569444444443,2.3222569444444443,arxiv_meta_enrichment
2410.10774,2024-10-14T17:46:32Z,,0.25935185185185183,0.25935185185185183,arxiv_meta_enrichment
2410.10783,2024-10-14T17:51:23Z,,0.2559837962962963,0.2559837962962963,arxiv_meta_enrichment
2410.10792,2024-10-14T17:56:24Z,,0.2525,0.2525,arxiv_meta_enrichment
2410.10803,,,,0.25069444444444444,missing
2410.10812,2024-10-14T17:59:42Z,,6.250208333333333,6.250208333333333,arxiv_meta_enrichment
2410.10813,,,,0.2501851851851852,missing
2410.10814,2024-10-14T17:59:44Z,,1.2501851851851853,1.2501851851851853,arxiv_meta_enrichment
2410.10816,,,,1.2500462962962964,missing
2410.10818,,,,0.25002314814814813,missing
2410.10819,,,,0.25002314814814813,missing
2410.10934,,,,1.2520601851851851,missing
2410.11081,2024-10-14T20:43:25Z,,2.1365162037037035,2.1365162037037035,arxiv_meta_enrichment
2410.11096,,,,1.1129398148148149,missing
2410.11190,,,,5.909201388888889,missing
2410.11331,,,,5.7085185185185185,missing
2410.11419,,,,0.6170138888888889,missing
2410.11619,,,,0.4190509259259259,missing
2410.11623,2024-10-15T14:08:53Z,,1.4104976851851851,1.4104976851851851,arxiv_meta_enrichment
2410.11710,,,,0.3428587962962963,missing
2410.11711,,,,6.34244212962963,missing
2410.11758,,,,-0.6862152777777778,missing
2410.11779,2024-10-15T16:57:44Z,,0.29324074074074075,0.29324074074074075,arxiv_meta_enrichment
2410.11795,2024-10-15T17:19:46Z,,0.27793981481481483,0.27793981481481483,arxiv_meta_enrichment
2410.11805,,,,0.2682523148148148,missing
2410.11817,,,,1.2593634259259259,missing
2410.11842,,,,2.250185185185185,missing
2410.11843,,,,23.63939814814815,missing
2410.11878,,,,6.381967592592592,missing
2410.11900,,,,2.1811226851851853,missing
2410.12109,,,,1.0302314814814815,missing
2410.12183,,,,1.8737962962962964,missing
2410.12381,2024-10-16T09:04:57Z,,0.6215625,0.6215625,arxiv_meta_enrichment
2410.12391,,,,0.6120486111111111,missing
2410.12405,,,,0.5984606481481481,missing
2410.12409,2024-10-16T09:44:38Z,,0.5940046296296296,0.5940046296296296,arxiv_meta_enrichment
2410.12490,,,,0.490775462962963,missing
2410.12491,,,,0.48998842592592595,missing
2410.12613,2024-10-16T14:29:29Z,,0.39619212962962963,0.39619212962962963,arxiv_meta_enrichment
2410.12628,,,,0.381400462962963,missing
2410.12705,2024-10-16T16:11:49Z,,1.3251273148148148,1.3251273148148148,arxiv_meta_enrichment
2410.12722,,,,0.3115277777777778,missing
2410.12771,,,,1.2579398148148149,missing
2410.12781,,,,1.2540972222222222,missing
2410.12784,,,,1.2511689814814815,missing
2410.12787,2024-10-16T17:59:02Z,,0.2506712962962963,0.2506712962962963,arxiv_meta_enrichment
2410.12788,2024-10-16T17:59:32Z,,5.250324074074074,5.250324074074074,arxiv_meta_enrichment
2410.12791,,,,4.250092592592592,missing
2410.12957,,,,1.2187962962962964,missing
2410.13060,,,,1.0966550925925926,missing
2410.13085,2024-10-16T23:03:27Z,,1.0392708333333334,1.0392708333333334,arxiv_meta_enrichment
2410.13184,,,,4.858449074074074,missing
2410.13198,,,,0.8329976851851851,missing
2410.13218,,,,4.7965625,missing
2410.13232,2024-10-17T05:37:00Z,,3.765972222222222,3.765972222222222,arxiv_meta_enrichment
2410.13268,2024-10-17T06:44:06Z,,0.719375,0.719375,arxiv_meta_enrichment
2410.13276,2024-10-17T07:07:09Z,,3.7033680555555555,3.7033680555555555,arxiv_meta_enrichment
2410.13293,,,,0.6758217592592592,missing
2410.13334,,,,0.6346180555555555,missing
2410.13360,,,,0.6177546296296297,missing
2410.13370,,,,3.6091087962962964,missing
2410.13394,,,,4.59337962962963,missing
2410.13458,,,,6.514652777777778,missing
2410.13618,,,,0.38105324074074076,missing
2410.13639,2024-10-17T15:09:03Z,,0.3687152777777778,0.3687152777777778,arxiv_meta_enrichment
2410.13674,,,,3.351678240740741,missing
2410.13720,,,,0.31752314814814814,missing
2410.13726,,,,3.3106944444444446,missing
2410.13754,2024-10-17T16:52:28Z,,0.29689814814814813,0.29689814814814813,arxiv_meta_enrichment
2410.13757,2024-10-17T16:53:50Z,,0.29594907407407406,0.29594907407407406,arxiv_meta_enrichment
2410.13782,2024-10-17T17:20:24Z,,3.2775,3.2775,arxiv_meta_enrichment
2410.13785,2024-10-17T17:22:05Z,,0.27633101851851855,0.27633101851851855,arxiv_meta_enrichment
2410.13787,,,,3.274884259259259,missing
2410.13804,2024-10-17T17:41:15Z,,0.2630208333333333,0.2630208333333333,arxiv_meta_enrichment
2410.13816,,,,6.2594212962962965,missing
2410.13824,2024-10-17T17:48:54Z,,0.2577083333333333,0.2577083333333333,arxiv_meta_enrichment
2410.13828,,,,3.2555439814814813,missing
2410.13830,,,,0.2548958333333333,missing
2410.13832,,,,0.25458333333333333,missing
2410.13841,,,,0.2521643518518519,missing
2410.13848,2024-10-17T17:58:37Z,,0.25096064814814817,0.25096064814814817,arxiv_meta_enrichment
2410.13852,,,,0.2506597222222222,missing
2410.13854,,,,0.2504166666666667,missing
2410.13859,,,,0.2500810185185185,missing
2410.13861,2024-10-17T17:59:57Z,,4.250034722222222,4.250034722222222,arxiv_meta_enrichment
2410.13863,2024-10-17T17:59:59Z,,0.2500115740740741,0.2500115740740741,arxiv_meta_enrichment
2410.13924,,,,6.385706018518518,missing
2410.13925,2024-10-17T15:51:49Z,,3.3390162037037037,3.3390162037037037,arxiv_meta_enrichment
2410.14059,2024-10-17T22:03:52Z,,3.080648148148148,3.080648148148148,arxiv_meta_enrichment
2410.14086,,,,4.015578703703704,missing
2410.14208,,,,2.715104166666667,missing
2410.14470,,,,2.420300925925926,missing
2410.14596,,,,2.298888888888889,missing
2410.14649,,,,4.259293981481481,missing
2410.14669,,,,2.251145833333333,missing
2410.14672,,,,2.250648148148148,missing
2410.14677,,,,2.2500347222222223,missing
2410.14745,,,,4.291828703703704,missing
2410.14940,,,,2.911423611111111,missing
2410.15002,,,,2.7303935185185186,missing
2410.15017,,,,2.698449074074074,missing
2410.15316,,,,1.7056828703703704,missing
2410.15460,,,,1.2372337962962963,missing
2410.15522,,,,3.076574074074074,missing
2410.15580,,,,3.9185648148148147,missing
2410.15633,,,,0.811886574074074,missing
2410.15735,2024-10-21T07:53:32Z,,0.6711574074074074,0.6711574074074074,arxiv_meta_enrichment
2410.15748,,,,0.6636458333333334,missing
2410.15926,2024-10-21T11:54:53Z,,1.5035532407407408,1.5035532407407408,arxiv_meta_enrichment
2410.15999,2024-10-21T13:30:47Z,,3.4369560185185186,3.4369560185185186,arxiv_meta_enrichment
2410.16048,2024-10-21T14:23:46Z,,6.400162037037037,6.400162037037037,arxiv_meta_enrichment
2410.16090,,,,6.366076388888889,missing
2410.16153,2024-10-21T16:19:41Z,,0.3196643518518518,0.3196643518518518,arxiv_meta_enrichment
2410.16184,2024-10-21T16:48:26Z,,0.2996990740740741,0.2996990740740741,arxiv_meta_enrichment
2410.16198,2024-10-21T17:00:06Z,,1.2915972222222223,1.2915972222222223,arxiv_meta_enrichment
2410.16215,2024-10-21T17:16:13Z,,0.2804050925925926,0.2804050925925926,arxiv_meta_enrichment
2410.16251,2024-10-21T17:55:54Z,,3.252847222222222,3.252847222222222,arxiv_meta_enrichment
2410.16256,2024-10-21T17:56:51Z,,0.2521875,0.2521875,arxiv_meta_enrichment
2410.16259,,,,0.2515046296296296,missing
2410.16266,,,,1.2505902777777778,missing
2410.16267,2024-10-21T17:59:11Z,,1.2505671296296297,1.2505671296296297,arxiv_meta_enrichment
2410.16268,,,,0.25047453703703704,missing
2410.16270,,,,6.250115740740741,missing
2410.16271,2024-10-21T17:59:53Z,,0.2500810185185185,0.2500810185185185,arxiv_meta_enrichment
2410.16392,,,,1.2455439814814815,missing
2410.16429,,,,3.2156481481481483,missing
2410.16930,,,,0.4993287037037037,missing
2410.17131,2024-10-22T16:04:03Z,,0.3305208333333333,0.3305208333333333,arxiv_meta_enrichment
2410.17215,,,,0.26351851851851854,missing
2410.17241,,,,0.25194444444444447,missing
2410.17242,,,,1.251064814814815,missing
2410.17243,2024-10-22T17:59:30Z,,2.250347222222222,2.250347222222222,arxiv_meta_enrichment
2410.17247,2024-10-22T17:59:53Z,,0.2500810185185185,0.2500810185185185,arxiv_meta_enrichment
2410.17249,2024-10-22T17:59:56Z,,0.2500462962962963,0.2500462962962963,arxiv_meta_enrichment
2410.17250,,,,0.2500462962962963,missing
2410.17434,2024-10-22T21:21:37Z,,1.1099884259259258,1.1099884259259258,arxiv_meta_enrichment
2410.17637,2024-10-23T07:56:48Z,,0.6688888888888889,0.6688888888888889,arxiv_meta_enrichment
2410.17655,,,,4.65386574074074,missing
2410.17779,,,,1.5200694444444445,missing
2410.17856,,,,4.4395949074074075,missing
2410.17883,,,,0.41875,missing
2410.17891,2024-10-23T14:04:22Z,,0.4136342592592593,0.4136342592592593,arxiv_meta_enrichment
2410.17897,,,,1.4061689814814815,missing
2410.18013,,,,0.3035185185185185,missing
2410.18057,2024-10-23T17:30:50Z,,6.27025462962963,6.27025462962963,arxiv_meta_enrichment
2410.18071,,,,0.2536689814814815,missing
2410.18072,2024-10-23T17:56:11Z,,0.25265046296296295,0.25265046296296295,arxiv_meta_enrichment
2410.18076,,,,4.250868055555555,missing
2410.18084,,,,0.25002314814814813,missing
2410.18194,,,,1.2492361111111112,missing
2410.18234,,,,1.1884953703703705,missing
2410.18252,,,,1.1667824074074074,missing
2410.18362,,,,0.9237384259259259,missing
2410.18441,,,,0.7712962962962963,missing
2410.18451,2024-10-24T06:06:26Z,,0.7455324074074074,0.7455324074074074,arxiv_meta_enrichment
2410.18481,,,,4.701180555555555,missing
2410.18505,,,,0.6735300925925926,missing
2410.18533,2024-10-24T08:27:26Z,,0.6476157407407407,0.6476157407407407,arxiv_meta_enrichment
2410.18538,,,,0.6400462962962963,missing
2410.18558,2024-10-24T09:03:48Z,,3.622361111111111,3.622361111111111,arxiv_meta_enrichment
2410.18565,2024-10-24T09:16:09Z,,4.613784722222222,4.613784722222222,arxiv_meta_enrichment
2410.18572,2024-10-24T09:25:37Z,,0.6072106481481482,0.6072106481481482,arxiv_meta_enrichment
2410.18603,2024-10-24T09:58:40Z,,4.58425925925926,4.58425925925926,arxiv_meta_enrichment
2410.18647,,,,0.528125,missing
2410.18666,2024-10-24T11:57:20Z,,4.5018518518518515,4.5018518518518515,arxiv_meta_enrichment
2410.18693,,,,0.47078703703703706,missing
2410.18745,,,,0.42233796296296294,missing
2410.18775,,,,0.39685185185185184,missing
2410.18785,,,,0.39111111111111113,missing
2410.18798,2024-10-24T14:50:42Z,,0.38145833333333334,0.38145833333333334,arxiv_meta_enrichment
2410.18860,,,,0.3440625,missing
2410.18889,,,,3.3145486111111113,missing
2410.18912,,,,3.289675925925926,missing
2410.18958,,,,0.25287037037037036,missing
2410.18975,2024-10-24T17:59:31Z,,0.2503356481481481,0.2503356481481481,arxiv_meta_enrichment
2410.18976,,,,0.25025462962962963,missing
2410.18977,,,,0.25017361111111114,missing
2410.18978,2024-10-24T17:59:51Z,,0.2501041666666667,0.2501041666666667,arxiv_meta_enrichment
2410.19008,2024-10-21T20:26:41Z,,6.148136574074074,6.148136574074074,arxiv_meta_enrichment
2410.19100,,,,4.206238425925926,missing
2410.19123,,,,3.1744097222222223,missing
2410.19133,,,,3.163715277777778,missing
2410.19168,,,,3.1109953703703703,missing
2410.19290,,,,2.841076388888889,missing
2410.19313,2024-10-25T05:59:30Z,,3.750347222222222,3.750347222222222,arxiv_meta_enrichment
2410.19355,,,,2.691226851851852,missing
2410.19482,,,,4.515925925925926,missing
2410.19609,2024-10-25T15:01:27Z,,4.373993055555555,4.373993055555555,arxiv_meta_enrichment
2410.19730,,,,2.2525,missing
2410.20011,2024-10-25T23:52:28Z,,3.0052314814814816,3.0052314814814816,arxiv_meta_enrichment
2410.20050,,,,4.87962962962963,missing
2410.20088,,,,3.7594907407407407,missing
2410.20220,,,,2.3148032407407406,missing
2410.20280,,,,2.116296296296296,missing
2410.20290,,,,2.027222222222222,missing
2410.20305,,,,2.9123032407407408,missing
2410.20424,2024-10-27T12:44:25Z,,2.4691550925925925,2.4691550925925925,arxiv_meta_enrichment
2410.20474,,,,1.3536458333333334,missing
2410.20636,,,,1.007789351851852,missing
2410.20650,,,,3.9497685185185185,missing
2410.20672,,,,0.9057291666666667,missing
2410.20779,,,,2.7221875,missing
2410.21157,,,,6.334247685185185,missing
2410.21169,2024-10-28T16:11:35Z,,0.32528935185185187,0.32528935185185187,arxiv_meta_enrichment
2410.21220,,,,0.28868055555555555,missing
2410.21242,,,,1.263425925925926,missing
2410.21252,2024-10-28T17:50:42Z,,0.25645833333333334,0.25645833333333334,arxiv_meta_enrichment
2410.21264,,,,0.25200231481481483,missing
2410.21271,,,,0.2506597222222222,missing
2410.21276,2024-10-25T17:43:01Z,,3.2617939814814814,3.2617939814814814,arxiv_meta_enrichment
2410.21333,,,,2.22869212962963,missing
2410.21411,2024-10-28T18:10:26Z,,1.2427546296296297,1.2427546296296297,arxiv_meta_enrichment
2410.21465,,,,1.2026388888888888,missing
2410.21647,2024-10-29T01:21:05Z,,0.9436921296296297,0.9436921296296297,arxiv_meta_enrichment
2410.21666,,,,2.9033912037037037,missing
2410.21845,,,,0.6581018518518519,missing
2410.21969,,,,2.504652777777778,missing
2410.22304,2024-10-29T17:50:31Z,,0.25658564814814816,0.25658564814814816,arxiv_meta_enrichment
2410.22325,,,,0.25123842592592593,missing
2410.22330,,,,0.25017361111111114,missing
2410.22366,2024-10-28T19:01:18Z,,3.2074305555555553,3.2074305555555553,arxiv_meta_enrichment
2410.22370,,,,6.034652777777778,missing
2410.22391,2024-10-29T17:55:47Z,,1.2529282407407407,1.2529282407407407,arxiv_meta_enrichment
2410.22394,,,,2.251053240740741,missing
2410.22476,2024-10-29T19:10:12Z,,2.20125,2.20125,arxiv_meta_enrichment
2410.22587,,,,1.0416087962962963,missing
2410.22884,,,,0.5655671296296296,missing
2410.22901,,,,4.5410763888888885,missing
2410.23054,2024-10-30T14:21:33Z,,6.401701388888889,6.401701388888889,arxiv_meta_enrichment
2410.23090,,,,0.37046296296296294,missing
2410.23123,2024-10-30T15:31:54Z,,0.3528472222222222,0.3528472222222222,arxiv_meta_enrichment
2410.23168,2024-10-30T16:19:00Z,,0.32013888888888886,0.32013888888888886,arxiv_meta_enrichment
2410.23218,2024-10-30T17:10:19Z,,4.284502314814815,4.284502314814815,arxiv_meta_enrichment
2410.23266,2024-10-30T17:50:23Z,,4.256678240740741,4.256678240740741,arxiv_meta_enrichment
2410.23277,,,,0.25287037037037036,missing
2410.23287,2024-10-30T17:59:26Z,,0.25039351851851854,0.25039351851851854,arxiv_meta_enrichment
2410.23331,,,,0.25068287037037035,missing
2410.23743,2024-10-31T08:58:06Z,,0.6263194444444444,0.6263194444444444,arxiv_meta_enrichment
2410.23775,,,,3.59375,missing
2410.23825,,,,0.5318055555555555,missing
2410.23918,2024-10-31T13:26:11Z,,0.44015046296296295,0.44015046296296295,arxiv_meta_enrichment
2410.23933,2024-10-31T13:47:10Z,,0.4255787037037037,0.4255787037037037,arxiv_meta_enrichment
2410.24024,2024-10-31T15:25:20Z,,4.357407407407408,4.357407407407408,arxiv_meta_enrichment
2410.24032,,,,0.3535300925925926,missing
2410.24159,,,,3.2790393518518517,missing
2410.24175,2024-10-31T17:42:26Z,,0.26219907407407406,0.26219907407407406,arxiv_meta_enrichment
2410.24198,2024-10-31T17:55:13Z,,0.25332175925925926,0.25332175925925926,arxiv_meta_enrichment
2410.24211,,,,0.25068287037037035,missing
2410.24213,,,,0.2503472222222222,missing
2410.24218,,,,0.2500925925925926,missing
2411.00027,,,,5.832511574074074,missing
2411.00030,,,,5.6664814814814815,missing
2411.00225,,,,3.0885069444444446,missing
2411.00233,,,,3.0746875,missing
2411.00322,,,,2.8861574074074072,missing
2411.00359,,,,3.797638888888889,missing
2411.00369,,,,2.781909722222222,missing
2411.00412,,,,1.695474537037037,missing
2411.00492,,,,3.578564814814815,missing
2411.00660,,,,2.3567708333333335,missing
2411.00680,,,,2.347002314814815,missing
2411.00743,,,,3.285023148148148,missing
2411.00762,,,,2.260173611111111,missing
2411.00771,,,,2.2503356481481482,missing
2411.00776,2024-11-01T17:59:58Z,,2.250023148148148,2.250023148148148,arxiv_meta_enrichment
2411.00785,,,,18.429675925925928,missing
2411.00836,,,,5.271307870370371,missing
2411.00860,,,,5.307060185185185,missing
2411.00871,2024-10-31T03:56:05Z,,5.836053240740741,5.836053240740741,arxiv_meta_enrichment
2411.00918,,,,2.413472222222222,missing
2411.01106,,,,2.9104050925925926,missing
2411.01192,,,,2.597349537037037,missing
2411.01493,,,,2.612175925925926,missing
2411.01602,,,,2.364571759259259,missing
2411.01747,,,,0.9104282407407407,missing
2411.01798,,,,0.7960300925925926,missing
2411.02265,2024-11-04T16:56:26Z,,0.2941435185185185,0.2941435185185185,arxiv_meta_enrichment
2411.02319,2024-11-04T17:45:44Z,,0.2599074074074074,0.2599074074074074,arxiv_meta_enrichment
2411.02327,,,,0.2565277777777778,missing
2411.02335,,,,0.2506481481481482,missing
2411.02336,,,,0.25024305555555554,missing
2411.02337,2024-11-04T17:59:58Z,,0.25002314814814813,0.25002314814814813,arxiv_meta_enrichment
2411.02355,,,,0.2347337962962963,missing
2411.02359,,,,1.2318518518518518,missing
2411.02385,2024-11-04T18:53:05Z,,0.21313657407407408,0.21313657407407408,arxiv_meta_enrichment
2411.02393,,,,1.209710648148148,missing
2411.02394,,,,0.2089699074074074,missing
2411.02395,2024-11-04T18:59:05Z,,0.2089699074074074,0.2089699074074074,arxiv_meta_enrichment
2411.02397,,,,0.20851851851851852,missing
2411.02462,,,,6.622708333333334,missing
2411.02657,,,,1.0514814814814815,missing
2411.02844,,,,0.7261689814814815,missing
2411.02959,,,,0.5843055555555555,missing
2411.03047,,,,0.47908564814814814,missing
2411.03312,,,,0.21225694444444446,missing
2411.03562,,,,1.0032060185185185,missing
2411.03590,,,,0.9518865740740741,missing
2411.03823,2024-11-06T10:44:15Z,,0.5526041666666667,0.5526041666666667,arxiv_meta_enrichment
2411.03884,2024-11-06T13:00:34Z,,0.4579398148148148,0.4579398148148148,arxiv_meta_enrichment
2411.04075,,,,1.2555439814814815,missing
2411.04097,,,,4.232638888888889,missing
2411.04109,2024-11-06T18:36:22Z,,0.22474537037037037,0.22474537037037037,arxiv_meta_enrichment
2411.04282,,,,4.081597222222222,missing
2411.04335,,,,0.9842824074074074,missing
2411.04425,,,,3.8066087962962962,missing
2411.04496,2024-11-07T07:46:06Z,,0.6763194444444445,0.6763194444444445,arxiv_meta_enrichment
2411.04709,2024-11-05T18:52:43Z,,1.2133912037037038,1.2133912037037038,arxiv_meta_enrichment
2411.04752,,,,0.38818287037037036,missing
2411.04905,2024-11-07T17:47:25Z,,0.25873842592592594,0.25873842592592594,arxiv_meta_enrichment
2411.04923,2024-11-07T17:59:27Z,,0.25038194444444445,0.25038194444444445,arxiv_meta_enrichment
2411.04928,2024-11-07T18:07:31Z,,0.2447800925925926,0.2447800925925926,arxiv_meta_enrichment
2411.04952,2024-11-07T18:29:38Z,,0.2294212962962963,0.2294212962962963,arxiv_meta_enrichment
2411.04954,,,,3.2283796296296297,missing
2411.04965,,,,0.22094907407407408,missing
2411.04983,,,,87.21207175925926,missing
2411.04986,,,,3.211701388888889,missing
2411.04989,,,,0.2109837962962963,missing
2411.04996,2024-11-07T18:59:06Z,,0.20895833333333333,0.20895833333333333,arxiv_meta_enrichment
2411.04997,2024-11-07T18:59:16Z,,3.2088425925925925,3.2088425925925925,arxiv_meta_enrichment
2411.04999,2024-11-07T18:59:27Z,,0.2087152777777778,0.2087152777777778,arxiv_meta_enrichment
2411.05000,,,,0.2087152777777778,missing
2411.05001,2024-11-07T18:59:28Z,,0.2087037037037037,0.2087037037037037,arxiv_meta_enrichment
2411.05003,,,,-0.7914930555555556,missing
2411.05005,,,,0.20841435185185186,missing
2411.05007,2024-11-07T18:59:58Z,,0.20835648148148148,0.20835648148148148,arxiv_meta_enrichment
2411.05197,,,,5.094398148148148,missing
2411.05288,2024-11-08T02:45:30Z,,2.8850694444444445,2.8850694444444445,arxiv_meta_enrichment
2411.05457,,,,2.5746180555555553,missing
2411.05738,,,,1.2539583333333333,missing
2411.05830,,,,6.017986111111111,missing
2411.05902,2024-11-08T17:15:12Z,,3.281111111111111,3.281111111111111,arxiv_meta_enrichment
2411.05945,,,,3.15875,missing
2411.05966,,,,3.1304861111111113,missing
2411.05990,,,,3.0816898148148146,missing
2411.06176,2024-11-09T13:30:38Z,,2.437060185185185,2.437060185185185,arxiv_meta_enrichment
2411.06208,2024-11-09T15:12:43Z,,2.3661689814814815,2.3661689814814815,arxiv_meta_enrichment
2411.06272,,,,1.1602893518518518,missing
2411.06307,,,,3.030659722222222,missing
2411.06424,,,,1.536412037037037,missing
2411.06469,2024-11-10T14:07:43Z,,4.41130787037037,4.41130787037037,arxiv_meta_enrichment
2411.06481,,,,1.3877546296296297,missing
2411.06490,,,,4.366527777777778,missing
2411.06558,2024-11-10T18:45:41Z,,7.218275462962963,7.218275462962963,arxiv_meta_enrichment
2411.06559,,,,10.2146875,missing
2411.07126,2024-11-11T16:58:31Z,,0.29269675925925925,0.29269675925925925,arxiv_meta_enrichment
2411.07133,,,,1.2869444444444444,missing
2411.07140,,,,0.2840740740740741,missing
2411.07180,,,,0.2517361111111111,missing
2411.07184,2024-11-11T17:59:10Z,,1.2505787037037037,1.2505787037037037,arxiv_meta_enrichment
2411.07199,2024-11-11T18:21:43Z,,0.2349189814814815,0.2349189814814815,arxiv_meta_enrichment
2411.07231,2024-11-11T18:49:58Z,,0.21530092592592592,0.21530092592592592,arxiv_meta_enrichment
2411.07232,2024-11-11T18:50:09Z,,0.2151736111111111,0.2151736111111111,arxiv_meta_enrichment
2411.07461,2024-11-12T00:52:52Z,,0.963287037037037,0.963287037037037,arxiv_meta_enrichment
2411.07618,,,,1.6706828703703704,missing
2411.07641,2024-11-12T08:46:43Z,,6.634224537037037,6.634224537037037,arxiv_meta_enrichment
2411.07975,2024-11-12T17:55:10Z,,0.2533564814814815,0.2533564814814815,arxiv_meta_enrichment
2411.08017,,,,0.21590277777777778,missing
2411.08033,2024-11-12T18:59:32Z,,4.208657407407407,4.208657407407407,arxiv_meta_enrichment
2411.08034,,,,0.20862268518518517,missing
2411.08147,2024-11-12T19:53:00Z,,1.1715277777777777,1.1715277777777777,arxiv_meta_enrichment
2411.08307,,,,0.8651620370370371,missing
2411.08328,,,,0.8189236111111111,missing
2411.08380,,,,0.7043981481481482,missing
2411.08768,,,,1.2961921296296297,missing
2411.08790,,,,0.28,missing
2411.08868,,,,0.21556712962962962,missing
2411.08954,,,,1.2083101851851852,missing
2411.09009,2024-11-13T20:30:15Z,,1.1456597222222222,1.1456597222222222,arxiv_meta_enrichment
2411.09213,,,,4.736597222222223,missing
2411.09595,2024-11-14T17:08:23Z,,0.2858449074074074,0.2858449074074074,arxiv_meta_enrichment
2411.09661,,,,4.228020833333333,missing
2411.09703,,,,0.20836805555555554,missing
2411.09944,,,,3.8023842592592594,missing
2411.10083,,,,2.582037037037037,missing
2411.10161,,,,4.453217592592592,missing
2411.10168,,,,3.4470949074074073,missing
2411.10323,2024-11-15T16:23:52Z,,2.316759259259259,2.316759259259259,arxiv_meta_enrichment
2411.10332,,,,2.3107175925925927,missing
2411.10438,,,,2.2099652777777776,missing
2411.10440,,,,-246.0,missing
2411.10442,,,,6.208715277777777,missing
2411.10499,,,,3.540011574074074,missing
2411.10510,,,,3.3166435185185184,missing
2411.10640,,,,2.9896875,missing
2411.10669,,,,2.9095601851851853,missing
2411.10818,2024-11-16T14:53:03Z,,3.379826388888889,3.379826388888889,arxiv_meta_enrichment
2411.10836,2024-11-16T16:36:49Z,,2.3077662037037037,2.3077662037037037,arxiv_meta_enrichment
2411.10867,,,,4.192222222222222,missing
2411.10913,,,,4.010949074074074,missing
2411.10958,,,,3.808460648148148,missing
2411.11024,,,,1.5815277777777779,missing
2411.11045,,,,1.5083217592592593,missing
2411.11171,,,,1.1357175925925926,missing
2411.11504,2024-11-18T12:04:52Z,,0.4966203703703704,0.4966203703703704,arxiv_meta_enrichment
2411.11767,2024-11-18T17:46:32Z,,0.25935185185185183,0.25935185185185183,arxiv_meta_enrichment
2411.11844,2024-11-18T18:59:31Z,,0.20866898148148147,0.20866898148148147,arxiv_meta_enrichment
2411.11909,2024-11-17T08:29:14Z,,2.6463657407407406,2.6463657407407406,arxiv_meta_enrichment
2411.11922,2024-11-18T05:59:03Z,,2.750659722222222,2.750659722222222,arxiv_meta_enrichment
2411.11925,,,,1.6116319444444445,missing
2411.12044,,,,1.1446990740740741,missing
2411.12240,,,,0.765775462962963,missing
2411.12275,,,,0.7111458333333334,missing
2411.12364,2024-11-19T09:24:34Z,,2.6079398148148147,2.6079398148148147,arxiv_meta_enrichment
2411.12372,2024-11-19T09:35:28Z,,0.6003703703703703,0.6003703703703703,arxiv_meta_enrichment
2411.12734,,,,0.20994212962962963,missing
2411.12811,,,,1.2051967592592592,missing
2411.12814,,,,6.203831018518518,missing
2411.12925,,,,1.0255092592592592,missing
2411.12946,2024-11-20T00:31:23Z,,4.978206018518518,4.978206018518518,arxiv_meta_enrichment
2411.13025,,,,0.8238078703703704,missing
2411.13082,,,,1.693888888888889,missing
2411.13127,,,,4.640520833333333,missing
2411.13281,,,,0.46627314814814813,missing
2411.13476,,,,0.2760300925925926,missing
2411.13503,2024-11-20T17:54:41Z,,0.2536921296296296,0.2536921296296296,arxiv_meta_enrichment
2411.13543,2024-11-20T18:54:32Z,,4.212129629629629,4.212129629629629,arxiv_meta_enrichment
2411.13550,,,,5.209016203703704,missing
2411.13676,,,,1.1726273148148147,missing
2411.13807,,,,0.865625,missing
2411.14199,2024-11-21T15:07:42Z,,0.3696527777777778,0.3696527777777778,arxiv_meta_enrichment
2411.14208,,,,3.3633333333333333,missing
2411.14251,,,,-0.6646064814814815,missing
2411.14257,,,,0.3291898148148148,missing
2411.14343,,,,0.26310185185185186,missing
2411.14347,2024-11-21T17:42:20Z,,0.2622685185185185,0.2622685185185185,arxiv_meta_enrichment
2411.14384,,,,0.2351388888888889,missing
2411.14402,,,,0.22818287037037038,missing
2411.14405,2024-11-21T18:37:33Z,,0.22392361111111111,0.22392361111111111,arxiv_meta_enrichment
2411.14430,,,,0.2084375,missing
2411.14432,2024-11-21T18:59:55Z,,0.2083912037037037,0.2083912037037037,arxiv_meta_enrichment
2411.14486,,,,4.824664351851852,missing
2411.14521,2024-11-21T18:54:13Z,,3.212349537037037,3.212349537037037,arxiv_meta_enrichment
2411.14522,2024-11-21T18:59:36Z,,4.208611111111111,4.208611111111111,arxiv_meta_enrichment
2411.14525,2024-11-21T19:00:01Z,,4.20832175925926,4.20832175925926,arxiv_meta_enrichment
2411.14721,,,,4.813240740740741,missing
2411.14740,,,,3.776261574074074,missing
2411.14762,,,,2.7147685185185186,missing
2411.14793,2024-11-22T08:29:25Z,,1.646238425925926,1.646238425925926,arxiv_meta_enrichment
2411.14794,,,,2.6433333333333335,missing
2411.14951,,,,5.4097685185185185,missing
2411.14974,,,,5.3946875,missing
2411.14982,2024-11-22T14:41:36Z,,2.387777777777778,2.387777777777778,arxiv_meta_enrichment
2411.15033,,,,2.3292361111111113,missing
2411.15098,2024-11-22T17:55:15Z,,2.253298611111111,2.253298611111111,arxiv_meta_enrichment
2411.15115,,,,2.2279282407407406,missing
2411.15124,2024-11-22T18:44:04Z,,2.219398148148148,2.219398148148148,arxiv_meta_enrichment
2411.15131,,,,2.210462962962963,missing
2411.15138,2024-11-22T18:59:39Z,,2.208576388888889,2.208576388888889,arxiv_meta_enrichment
2411.15139,,,,5.208483796296297,missing
2411.15221,2024-11-20T23:08:01Z,,5.036099537037037,5.036099537037037,arxiv_meta_enrichment
2411.15241,,,,4.915208333333333,missing
2411.15296,,,,4.208402777777778,missing
2411.15411,,,,3.9024074074074075,missing
2411.15466,,,,1.7376967592592591,missing
2411.15611,,,,2.2730324074074075,missing
2411.15640,,,,5.1784490740740745,missing
2411.15671,,,,2.024513888888889,missing
2411.15862,,,,1.3895949074074074,missing
2411.15872,,,,3.3615856481481483,missing
2411.16034,2024-11-25T01:45:42Z,,0.9265972222222222,0.9265972222222222,arxiv_meta_enrichment
2411.16035,,,,0.9248958333333334,missing
2411.16085,2024-11-25T04:36:01Z,,0.8083217592592593,0.8083217592592593,arxiv_meta_enrichment
2411.16173,,,,1.6633449074074074,missing
2411.16205,2024-11-25T09:05:36Z,,0.6211111111111111,0.6211111111111111,arxiv_meta_enrichment
2411.16318,2024-11-25T12:11:05Z,,0.4923032407407407,0.4923032407407407,arxiv_meta_enrichment
2411.16341,,,,0.47422453703703704,missing
2411.16443,,,,0.38452546296296297,missing
2411.16489,2024-11-25T15:31:27Z,,0.35315972222222225,0.35315972222222225,arxiv_meta_enrichment
2411.16508,,,,0.3439583333333333,missing
2411.16594,,,,0.271712962962963,missing
2411.16657,2024-11-25T18:41:56Z,,0.22087962962962962,0.22087962962962962,arxiv_meta_enrichment
2411.16665,,,,0.21309027777777778,missing
2411.16681,2024-11-25T18:59:53Z,,0.20841435185185186,0.20841435185185186,arxiv_meta_enrichment
2411.16754,,,,2.747349537037037,missing
2411.16781,,,,2.6621527777777776,missing
2411.16801,,,,1.4741550925925926,missing
2411.16819,2024-11-25T16:41:45Z,,1.3043402777777777,1.3043402777777777,arxiv_meta_enrichment
2411.16832,,,,2.2089930555555557,missing
2411.16856,,,,1.208275462962963,missing
2411.17041,,,,2.906400462962963,missing
2411.17116,,,,-0.21532407407407408,missing
2411.17176,2024-11-26T07:31:12Z,,2.6866666666666665,2.6866666666666665,arxiv_meta_enrichment
2411.17188,2024-11-26T07:55:57Z,,0.6694791666666666,0.6694791666666666,arxiv_meta_enrichment
2411.17190,,,,2.6653935185185187,missing
2411.17223,,,,-0.36443287037037037,missing
2411.17383,,,,0.4706828703703704,missing
2411.17440,,,,0.4177777777777778,missing
2411.17451,,,,0.4107175925925926,missing
2411.17459,,,,6.400081018518518,missing
2411.17465,2024-11-26T14:29:47Z,,0.3959837962962963,0.3959837962962963,arxiv_meta_enrichment
2411.17467,,,,1.2083680555555556,missing
2411.17673,2024-11-26T18:32:06Z,,0.22770833333333335,0.22770833333333335,arxiv_meta_enrichment
2411.17686,2024-11-26T18:53:51Z,,0.21260416666666668,0.21260416666666668,arxiv_meta_enrichment
2411.17691,,,,0.20974537037037036,missing
2411.17698,,,,1.2083564814814816,missing
2411.17769,,,,1.6505092592592592,missing
2411.17786,,,,1.3727546296296296,missing
2411.17787,,,,1.3657986111111111,missing
2411.17863,,,,2.1480671296296294,missing
2411.17945,2024-11-26T23:39:43Z,,0.014085648148148147,0.014085648148148147,arxiv_meta_enrichment
2411.17949,,,,-0.007256944444444444,missing
2411.17991,,,,0.9058564814814815,missing
2411.18092,,,,4.705555555555556,missing
2411.18104,,,,0.6854629629629629,missing
2411.18197,,,,0.5707638888888888,missing
2411.18203,2024-11-27T10:28:57Z,,1.5632291666666667,1.5632291666666667,arxiv_meta_enrichment
2411.18279,2024-11-27T12:13:39Z,,0.49052083333333335,0.49052083333333335,arxiv_meta_enrichment
2411.18350,,,,1.4214236111111112,missing
2411.18363,,,,0.40891203703703705,missing
2411.18412,,,,0.3762962962962963,missing
2411.18462,,,,0.3379976851851852,missing
2411.18478,2024-11-27T16:19:00Z,,4.320138888888889,4.320138888888889,arxiv_meta_enrichment
2411.18499,2024-11-27T16:39:04Z,,5.306203703703703,5.306203703703703,arxiv_meta_enrichment
2411.18552,2024-11-27T17:51:44Z,,4.255740740740741,4.255740740740741,arxiv_meta_enrichment
2411.18613,2024-11-27T18:57:16Z,,0.2102314814814815,0.2102314814814815,arxiv_meta_enrichment
2411.18616,,,,0.20912037037037037,missing
2411.18664,2024-11-27T15:59:48Z,,4.333472222222222,4.333472222222222,arxiv_meta_enrichment
2411.18665,,,,4.329074074074074,missing
2411.18671,,,,5.265717592592592,missing
2411.18673,,,,4.215821759259259,missing
2411.18676,,,,75.21011574074075,missing
2411.18915,,,,3.783136574074074,missing
2411.18933,,,,4.755439814814815,missing
2411.19067,,,,5.522268518518518,missing
2411.19103,2024-11-28T12:38:42Z,,6.473125,6.473125,arxiv_meta_enrichment
2411.19108,2024-11-28T12:50:05Z,,3.4652199074074073,3.4652199074074073,arxiv_meta_enrichment
2411.19146,2024-11-28T13:45:42Z,,3.426597222222222,3.426597222222222,arxiv_meta_enrichment
2411.19189,,,,3.381782407407407,missing
2411.19309,2024-11-28T18:30:10Z,,3.229050925925926,3.229050925925926,arxiv_meta_enrichment
2411.19324,,,,3.2084375,missing
2411.19415,,,,4.009895833333333,missing
2411.19458,,,,58.83181712962963,missing
2411.19460,,,,2.824849537037037,missing
2411.19477,,,,3.770983796296296,missing
2411.19527,,,,2.670185185185185,missing
2411.19542,,,,4.639305555555556,missing
2411.19574,,,,6.595393518518518,missing
2411.19638,,,,2.5118287037037037,missing
2411.19655,2024-11-29T12:21:15Z,,4.485243055555555,4.485243055555555,arxiv_meta_enrichment
2411.19799,,,,3.331087962962963,missing
2411.19842,,,,2.2930324074074075,missing
2411.19865,2024-11-29T17:27:05Z,,2.2728587962962963,2.2728587962962963,arxiv_meta_enrichment
2411.19870,,,,2.2695949074074075,missing
2411.19930,,,,2.2205092592592592,missing
2411.19939,,,,3.2106828703703703,missing
2411.19943,2024-11-29T18:58:22Z,,4.209467592592593,4.209467592592593,arxiv_meta_enrichment
2411.19950,,,,2.208425925925926,missing
2412.00100,,,,5.205092592592592,missing
2412.00131,,,,4.411284722222222,missing
2412.00154,2024-11-29T07:19:56Z,,3.694490740740741,3.694490740740741,arxiv_meta_enrichment
2412.00174,2024-11-29T18:53:40Z,,3.2127314814814816,3.2127314814814816,arxiv_meta_enrichment
2412.00176,,,,3.2090162037037038,missing
2412.00177,,,,5.208900462962963,missing
2412.00239,,,,4.156990740740741,missing
2412.00319,,,,2.903865740740741,missing
2412.00493,,,,4.396608796296296,missing
2412.00568,2024-11-30T19:42:14Z,,2.1790046296296297,2.1790046296296297,arxiv_meta_enrichment
2412.00869,,,,1.3227546296296295,missing
2412.00927,2024-12-01T18:27:28Z,,1.230925925925926,1.230925925925926,arxiv_meta_enrichment
2412.00947,,,,1.1761342592592592,missing
2412.01064,2024-12-02T02:50:07Z,,0.8818634259259259,0.8818634259259259,arxiv_meta_enrichment
2412.01106,2024-12-02T04:27:41Z,,2.8141087962962965,2.8141087962962965,arxiv_meta_enrichment
2412.01169,,,,3.7409606481481483,missing
2412.01199,,,,0.7044097222222222,missing
2412.01250,,,,0.6551157407407407,missing
2412.01253,2024-12-02T08:22:56Z,,-0.34925925925925927,-0.34925925925925927,arxiv_meta_enrichment
2412.01292,,,,1.6194791666666666,missing
2412.01316,,,,0.6023611111111111,missing
2412.01339,,,,3.5785069444444444,missing
2412.01408,,,,0.5060300925925926,missing
2412.01506,2024-12-02T13:58:38Z,,3.417615740740741,3.417615740740741,arxiv_meta_enrichment
2412.01558,,,,1.3848032407407407,missing
2412.01718,,,,0.2861226851851852,missing
2412.01800,,,,0.21707175925925926,missing
2412.01819,2024-12-02T18:57:41Z,,0.20994212962962963,0.20994212962962963,arxiv_meta_enrichment
2412.01820,,,,3.209675925925926,missing
2412.01821,,,,0.20945601851851853,missing
2412.01822,,,,0.20943287037037037,missing
2412.01824,2024-12-02T18:59:26Z,,0.20872685185185186,0.20872685185185186,arxiv_meta_enrichment
2412.01928,2024-12-02T19:30:36Z,,1.1870833333333333,1.1870833333333333,arxiv_meta_enrichment
2412.01981,2024-12-02T21:20:02Z,,1.1110879629629629,1.1110879629629629,arxiv_meta_enrichment
2412.02030,,,,2.027372685185185,missing
2412.02114,,,,0.8678356481481482,missing
2412.02142,,,,2.8339930555555557,missing
2412.02186,,,,1.7536689814814814,missing
2412.02259,2024-12-03T08:33:50Z,,0.6431712962962963,0.6431712962962963,arxiv_meta_enrichment
2412.02592,2024-12-03T17:23:47Z,,0.27515046296296297,0.27515046296296297,arxiv_meta_enrichment
2412.02611,2024-12-03T17:41:23Z,,0.2629282407407407,0.2629282407407407,arxiv_meta_enrichment
2412.02632,,,,0.24878472222222223,missing
2412.02687,2024-12-03T18:56:32Z,,1.2107407407407407,1.2107407407407407,arxiv_meta_enrichment
2412.02700,,,,0.20837962962962964,missing
2412.02980,,,,0.8835069444444444,missing
2412.03069,2024-12-04T06:46:55Z,,0.7174189814814815,0.7174189814814815,arxiv_meta_enrichment
2412.03085,,,,0.6897685185185185,missing
2412.03123,,,,5.636666666666667,missing
2412.03187,,,,0.5727777777777778,missing
2412.03205,2024-12-04T10:44:50Z,,0.5521990740740741,0.5521990740740741,arxiv_meta_enrichment
2412.03248,2024-12-04T11:47:57Z,,-0.49163194444444447,-0.49163194444444447,arxiv_meta_enrichment
2412.03304,2024-12-04T13:27:09Z,,1.4394791666666666,1.4394791666666666,arxiv_meta_enrichment
2412.03428,,,,4.3209837962962965,missing
2412.03439,,,,0.3131481481481482,missing
2412.03515,2024-12-04T17:57:25Z,,0.25179398148148147,0.25179398148148147,arxiv_meta_enrichment
2412.03517,2024-12-04T17:58:03Z,,0.25135416666666666,0.25135416666666666,arxiv_meta_enrichment
2412.03548,,,,6.218344907407407,missing
2412.03552,2024-12-04T18:50:08Z,,0.21518518518518517,0.21518518518518517,arxiv_meta_enrichment
2412.03555,2024-12-04T18:50:42Z,,0.21479166666666666,0.21479166666666666,arxiv_meta_enrichment
2412.03558,,,,0.21342592592592594,missing
2412.03565,,,,0.20960648148148148,missing
2412.03632,2024-12-04T18:48:20Z,,1.2164351851851851,1.2164351851851851,arxiv_meta_enrichment
2412.03679,2024-12-04T19:20:32Z,,1.194074074074074,1.194074074074074,arxiv_meta_enrichment
2412.03704,,,,1.1422800925925927,missing
2412.03895,2024-12-05T06:09:56Z,,0.7431018518518518,0.7431018518518518,arxiv_meta_enrichment
2412.04003,,,,0.6062731481481481,missing
2412.04062,,,,0.5436574074074074,missing
2412.04106,,,,1.3094675925925925,missing
2412.04139,,,,0.45413194444444444,missing
2412.04144,,,,4.449409722222223,missing
2412.04146,,,,0.44667824074074075,missing
2412.04262,,,,0.345150462962963,missing
2412.04280,,,,0.33265046296296297,missing
2412.04301,2024-12-05T16:23:11Z,,3.3172337962962963,3.3172337962962963,arxiv_meta_enrichment
2412.04315,2024-12-05T16:31:13Z,,0.3116550925925926,0.3116550925925926,arxiv_meta_enrichment
2412.04363,,,,0.2763425925925926,missing
2412.04378,,,,0.25385416666666666,missing
2412.04403,,,,0.23484953703703704,missing
2412.04424,2024-12-05T18:50:39Z,,0.2148263888888889,0.2148263888888889,arxiv_meta_enrichment
2412.04431,,,,0.2131712962962963,missing
2412.04432,,,,4.213148148148148,missing
2412.04440,,,,3.211053240740741,missing
2412.04445,2024-12-05T18:57:04Z,,3.2103703703703705,3.2103703703703705,arxiv_meta_enrichment
2412.04448,,,,0.21011574074074074,missing
2412.04449,,,,0.2096875,missing
2412.04454,,,,0.2094212962962963,missing
2412.04455,,,,0.20940972222222223,missing
2412.04462,,,,0.20855324074074075,missing
2412.04467,2024-12-05T18:59:53Z,,0.20841435185185186,0.20841435185185186,arxiv_meta_enrichment
2412.04468,2024-12-05T18:59:55Z,,0.2083912037037037,0.2083912037037037,arxiv_meta_enrichment
2412.04470,,,,4.208379629629629,missing
2412.04626,,,,3.096296296296296,missing
2412.04653,2024-12-05T22:50:42Z,,5.048125,5.048125,arxiv_meta_enrichment
2412.04814,2024-12-06T07:16:14Z,,2.697060185185185,2.697060185185185,arxiv_meta_enrichment
2412.04827,,,,2.678611111111111,missing
2412.04835,,,,4.663865740740741,missing
2412.04862,,,,2.629328703703704,missing
2412.04887,,,,2.6033333333333335,missing
2412.04905,,,,2.582199074074074,missing
2412.05148,,,,4.329907407407408,missing
2412.05210,,,,4.2634490740740745,missing
2412.05237,2024-12-06T18:14:24Z,,2.24,2.24,arxiv_meta_enrichment
2412.05243,,,,2.2341782407407407,missing
2412.05263,,,,2.2136574074074074,missing
2412.05270,,,,2.211412037037037,missing
2412.05271,2024-12-06T18:57:08Z,,2.210324074074074,2.210324074074074,arxiv_meta_enrichment
2412.05355,,,,3.2088310185185187,missing
2412.05467,2024-12-06T23:43:59Z,,5.011122685185185,5.011122685185185,arxiv_meta_enrichment
2412.05552,,,,5.741053240740741,missing
2412.05600,,,,2.590428240740741,missing
2412.05718,,,,1.2282870370370371,missing
2412.05939,,,,1.426574074074074,missing
2412.05983,,,,2.325902777777778,missing
2412.05994,2024-12-08T16:58:29Z,,4.292719907407408,4.292719907407408,arxiv_meta_enrichment
2412.06016,2024-12-08T18:21:00Z,,3.2354166666666666,3.2354166666666666,arxiv_meta_enrichment
2412.06071,,,,3.106689814814815,missing
2412.06089,,,,2.062546296296296,missing
2412.06234,2024-12-09T06:20:51Z,,2.735520833333333,2.735520833333333,arxiv_meta_enrichment
2412.06329,,,,3.605486111111111,missing
2412.06464,,,,0.452037037037037,missing
2412.06531,2024-12-09T14:34:31Z,,0.39269675925925923,0.39269675925925923,arxiv_meta_enrichment
2412.06559,,,,0.36689814814814814,missing
2412.06578,2024-12-09T15:30:09Z,,1.3540625,1.3540625,arxiv_meta_enrichment
2412.06673,,,,1.283449074074074,missing
2412.06674,,,,1.2830787037037037,missing
2412.06676,,,,2.2824074074074074,missing
2412.06699,,,,0.26046296296296295,missing
2412.06745,,,,3.2241435185185185,missing
2412.06767,,,,0.21153935185185185,missing
2412.06769,,,,0.2111574074074074,missing
2412.06781,,,,0.2089814814814815,missing
2412.06782,,,,0.20881944444444445,missing
2412.06845,,,,2.915439814814815,missing
2412.07112,2024-12-10T01:57:17Z,,-0.08144675925925926,-0.08144675925925926,arxiv_meta_enrichment
2412.07147,,,,1.866261574074074,missing
2412.07187,,,,0.7960416666666666,missing
2412.07282,,,,0.6580787037037037,missing
2412.07334,,,,0.6071875,missing
2412.07338,,,,0.6042592592592593,missing
2412.07517,,,,5.419143518518519,missing
2412.07583,2024-12-10T15:19:10Z,,0.3616898148148148,0.3616898148148148,arxiv_meta_enrichment
2412.07589,2024-12-10T15:24:12Z,,0.3581944444444444,0.3581944444444444,arxiv_meta_enrichment
2412.07626,2024-12-10T16:05:56Z,,0.329212962962963,0.329212962962963,arxiv_meta_enrichment
2412.07674,2024-12-10T17:02:58Z,,0.2896064814814815,0.2896064814814815,arxiv_meta_enrichment
2412.07720,,,,0.24074074074074073,missing
2412.07721,,,,0.23993055555555556,missing
2412.07724,,,,0.2381712962962963,missing
2412.07730,,,,0.23118055555555556,missing
2412.07744,2024-12-10T18:44:08Z,,1.2193518518518518,1.2193518518518518,arxiv_meta_enrichment
2412.07759,2024-12-10T18:55:13Z,,0.2116550925925926,-205.0,arxiv_meta_enrichment
2412.07760,,,,1.2116087962962963,missing
2412.07769,2024-12-10T18:59:35Z,,5.208622685185185,5.208622685185185,arxiv_meta_enrichment
2412.07774,2024-12-10T18:59:55Z,,0.2083912037037037,0.2083912037037037,arxiv_meta_enrichment
2412.07776,,,,0.20835648148148148,missing
2412.07797,,,,6.645335648148148,missing
2412.07825,,,,1.2115393518518518,missing
2412.08347,,,,4.471111111111111,missing
2412.08443,,,,0.3691550925925926,missing
2412.08467,,,,0.3525,missing
2412.08486,2024-12-11T15:51:14Z,,0.3394212962962963,0.3394212962962963,arxiv_meta_enrichment
2412.08503,,,,0.32403935185185184,missing
2412.08580,,,,0.2519675925925926,missing
2412.08629,,,,0.21494212962962964,missing
2412.08635,2024-12-11T18:57:32Z,,1.2100462962962963,1.2100462962962963,arxiv_meta_enrichment
2412.08645,,,,4.208414351851852,missing
2412.08646,2024-12-11T18:59:54Z,,0.20840277777777777,0.20840277777777777,arxiv_meta_enrichment
2412.08687,,,,1.2084953703703705,missing
2412.08737,,,,1.199849537037037,missing
2412.08905,2024-12-12T03:37:41Z,,0.8488310185185185,0.8488310185185185,arxiv_meta_enrichment
2412.08972,,,,0.743912037037037,missing
2412.09013,,,,0.6915162037037037,missing
2412.09025,,,,0.6799189814814814,missing
2412.09283,2024-12-12T13:48:40Z,,3.424537037037037,3.424537037037037,arxiv_meta_enrichment
2412.09349,,,,0.36390046296296297,missing
2412.09370,,,,0.3482175925925926,missing
2412.09405,,,,0.3264236111111111,missing
2412.09428,,,,3.3101736111111113,missing
2412.09460,,,,0.28377314814814814,missing
2412.09501,2024-12-12T17:50:39Z,,0.25649305555555557,0.25649305555555557,arxiv_meta_enrichment
2412.09551,,,,-0.7787037037037037,missing
2412.09569,2024-12-12T18:51:13Z,,0.21443287037037037,0.21443287037037037,arxiv_meta_enrichment
2412.09573,,,,0.21327546296296296,missing
2412.09585,,,,0.21159722222222221,missing
2412.09586,,,,0.21145833333333333,missing
2412.09593,,,,0.20961805555555554,missing
2412.09596,,,,0.209375,missing
2412.09604,,,,3.2087268518518517,missing
2412.09605,2024-12-12T18:59:27Z,,0.2087152777777778,0.2087152777777778,arxiv_meta_enrichment
2412.09611,,,,3.2085648148148147,missing
2412.09618,2024-12-12T18:59:48Z,,0.20847222222222223,0.20847222222222223,arxiv_meta_enrichment
2412.09619,,,,0.20841435185185186,missing
2412.09622,,,,0.2083912037037037,missing
2412.09624,,,,3.2083680555555554,missing
2412.09626,,,,3.2083449074074073,missing
2412.09645,2024-12-10T18:52:39Z,,6.2134375,6.2134375,arxiv_meta_enrichment
2412.09722,,,,3.1251967592592593,missing
2412.09856,,,,2.795023148148148,missing
2412.09858,,,,3.793113425925926,missing
2412.09871,,,,3.7683796296296297,missing
2412.09910,,,,2.7109722222222223,missing
2412.09982,,,,3.618587962962963,missing
2412.10047,2024-12-13T11:19:56Z,,2.5278240740740743,2.5278240740740743,arxiv_meta_enrichment
2412.10208,2024-12-13T15:31:17Z,,2.353275462962963,2.353275462962963,arxiv_meta_enrichment
2412.10316,2024-12-13T17:58:06Z,,3.2513194444444444,3.2513194444444444,arxiv_meta_enrichment
2412.10319,,,,2.2500925925925928,missing
2412.10345,,,,2.2216319444444443,missing
2412.10360,,,,2.2129166666666666,missing
2412.10447,,,,5.21224537037037,missing
2412.10533,,,,4.165381944444444,missing
2412.10704,,,,3.7326967592592593,missing
2412.11100,,,,1.6788657407407408,missing
2412.11231,2024-12-15T16:07:48Z,,1.3279166666666666,1.3279166666666666,arxiv_meta_enrichment
2412.11258,,,,1.2609953703703705,missing
2412.11279,,,,1.2093518518518518,missing
2412.11314,,,,1.1091898148148147,missing
2412.11423,,,,0.8425347222222223,missing
2412.11449,,,,0.7890277777777778,missing
2412.11457,,,,0.7751736111111112,missing
2412.11525,,,,6.666087962962963,missing
2412.11586,,,,0.6127777777777778,missing
2412.11605,,,,0.5918634259259259,missing
2412.11634,,,,2.5659375,missing
2412.11689,,,,0.4984722222222222,missing
2412.11713,,,,1.4753587962962964,missing
2412.11768,2024-12-16T13:41:37Z,,2.4294328703703703,2.4294328703703703,arxiv_meta_enrichment
2412.11815,2024-12-16T14:32:49Z,,0.3938773148148148,0.3938773148148148,arxiv_meta_enrichment
2412.11834,,,,0.3774537037037037,missing
2412.11863,,,,0.3610763888888889,missing
2412.11919,2024-12-16T16:03:25Z,,0.33096064814814813,0.33096064814814813,arxiv_meta_enrichment
2412.11974,,,,0.2927314814814815,missing
2412.12004,,,,0.2693171296296296,missing
2412.12083,,,,0.21324074074074073,missing
2412.12091,,,,0.20952546296296296,missing
2412.12094,,,,0.2090625,missing
2412.12095,2024-12-16T18:59:29Z,,0.20869212962962963,0.20869212962962963,arxiv_meta_enrichment
2412.12098,,,,0.20841435185185186,missing
2412.12276,,,,1.208125,missing
2412.12527,,,,0.8068518518518518,missing
2412.12571,,,,1.7478587962962964,missing
2412.12606,2024-12-17T07:06:10Z,,0.7040509259259259,0.7040509259259259,arxiv_meta_enrichment
2412.12877,,,,0.45828703703703705,missing
2412.12953,,,,1.3924652777777777,missing
2412.13018,2024-12-17T15:38:42Z,,0.348125,0.348125,arxiv_meta_enrichment
2412.13061,,,,1.3144560185185186,missing
2412.13147,2024-12-17T18:12:47Z,,0.24112268518518518,0.24112268518518518,arxiv_meta_enrichment
2412.13171,2024-12-17T18:50:33Z,,0.21489583333333334,0.21489583333333334,arxiv_meta_enrichment
2412.13180,,,,0.21053240740740742,missing
2412.13185,,,,2.2096412037037036,missing
2412.13194,,,,0.20844907407407406,missing
2412.13303,2024-12-17T20:09:55Z,,1.1597800925925925,1.1597800925925925,arxiv_meta_enrichment
2412.13377,,,,2.023761574074074,missing
2412.13389,,,,-0.004641203703703704,missing
2412.13501,2024-12-18T04:48:28Z,,0.799675925925926,0.799675925925926,arxiv_meta_enrichment
2412.13649,2024-12-18T09:27:33Z,,4.605868055555556,4.605868055555556,arxiv_meta_enrichment
2412.13663,2024-12-18T09:39:44Z,,0.5974074074074074,0.5974074074074074,arxiv_meta_enrichment
2412.13670,,,,0.5880555555555556,missing
2412.13746,,,,0.5221643518518518,missing
2412.13795,2024-12-18T12:39:53Z,,0.47230324074074076,0.47230324074074076,arxiv_meta_enrichment
2412.13871,2024-12-18T14:07:46Z,2024-12-18 14:07:46+00:00,0.41127314814814814,0.41127314814814814,arxiv_meta_enrichment
2412.14015,,,,0.3109722222222222,missing
2412.14042,,,,0.29465277777777776,missing
2412.14093,,,,0.2629166666666667,missing
2412.14123,,,,0.2417476851851852,missing
2412.14161,2024-12-18T18:55:40Z,,0.21134259259259258,0.21134259259259258,arxiv_meta_enrichment
2412.14168,2024-12-18T18:59:50Z,,0.20844907407407406,0.20844907407407406,arxiv_meta_enrichment
2412.14169,,,,0.20841435185185186,missing
2412.14171,2024-12-18T18:59:54Z,,0.20840277777777777,0.20840277777777777,arxiv_meta_enrichment
2412.14172,,,,0.20837962962962964,missing
2412.14173,2024-12-18T18:59:59Z,,0.2083449074074074,0.2083449074074074,arxiv_meta_enrichment
2412.14233,,,,1.2182523148148148,missing
2412.14283,,,,1.1914930555555556,missing
2412.14294,,,,4.1774305555555555,missing
2412.14462,,,,0.9005439814814815,missing
2412.14470,,,,4.8921875,missing
2412.14475,2024-12-19T02:49:55Z,,0.8820023148148148,0.8820023148148148,arxiv_meta_enrichment
2412.14590,,,,3.6977430555555557,missing
2412.14642,,,,0.6310648148148148,missing
2412.14689,,,,0.5946875,missing
2412.14711,,,,5.568518518518519,missing
2412.14835,2024-12-19T13:25:39Z,,0.4405208333333333,0.4405208333333333,arxiv_meta_enrichment
2412.14922,2024-12-19T15:00:18Z,,4.374791666666667,4.374791666666667,arxiv_meta_enrichment
2412.14963,,,,3.3450810185185187,missing
2412.15035,,,,3.300763888888889,missing
2412.15084,,,,0.2710185185185185,missing
2412.15115,2024-12-19T17:56:09Z,,0.2526736111111111,0.2526736111111111,arxiv_meta_enrichment
2412.15118,2024-12-19T17:59:42Z,,4.250208333333333,4.250208333333333,arxiv_meta_enrichment
2412.15119,,,,3.2500694444444442,missing
2412.15191,,,,0.2101736111111111,missing
2412.15200,,,,0.20918981481481483,missing
2412.15204,2024-12-19T18:59:17Z,,0.2088310185185185,0.2088310185185185,arxiv_meta_enrichment
2412.15213,2024-12-19T18:59:56Z,,0.20837962962962964,0.20837962962962964,arxiv_meta_enrichment
2412.15214,,,,0.20837962962962964,missing
2412.15216,,,,0.20835648148148148,missing
2412.15322,2024-12-19T18:59:55Z,,3.208391203703704,3.208391203703704,arxiv_meta_enrichment
2412.15443,,,,5.047268518518519,missing
2412.15450,,,,3.037488425925926,missing
2412.15484,,,,2.9323842592592593,missing
2412.15487,,,,2.919837962962963,missing
2412.15797,2024-12-20T11:14:29Z,,4.531608796296296,4.531608796296296,arxiv_meta_enrichment
2412.16112,2024-12-20T17:57:09Z,,2.2519791666666666,2.2519791666666666,arxiv_meta_enrichment
2412.16145,,,,2.215451388888889,missing
2412.16153,,,,4.2103472222222225,missing
2412.16429,,,,2.934664351851852,missing
2412.16686,,,,2.3157870370370373,missing
2412.16720,,,,2.246863425925926,missing
2412.16849,,,,1.8184027777777778,missing
2412.16926,2024-12-22T08:55:19Z,,1.628252314814815,1.628252314814815,arxiv_meta_enrichment
2412.17153,2024-12-22T20:21:54Z,,1.1514583333333333,1.1514583333333333,arxiv_meta_enrichment
2412.17256,2024-12-23T03:58:34Z,,0.8343287037037037,0.8343287037037037,arxiv_meta_enrichment
2412.17295,,,,0.7688888888888888,missing
2412.17451,,,,0.5703587962962963,missing
2412.17483,2024-12-23T11:24:04Z,,3.5249537037037038,3.5249537037037038,arxiv_meta_enrichment
2412.17498,2024-12-23T11:55:33Z,,0.5030902777777778,0.5030902777777778,arxiv_meta_enrichment
2412.17589,,,,0.4151388888888889,missing
2412.17606,,,,6.398923611111111,missing
2412.17726,,,,2.2798842592592594,missing
2412.17739,2024-12-23T17:44:01Z,,1.261099537037037,1.261099537037037,arxiv_meta_enrichment
2412.17743,2024-12-23T17:47:53Z,,3.258414351851852,3.258414351851852,arxiv_meta_enrichment
2412.17747,2024-12-23T18:02:25Z,,0.24832175925925926,0.24832175925925926,arxiv_meta_enrichment
2412.17758,2024-12-23T18:14:36Z,,1.239861111111111,1.239861111111111,arxiv_meta_enrichment
2412.17762,,,,6.237418981481482,missing
2412.17767,,,,0.2313310185185185,missing
2412.17780,,,,2.2230439814814815,missing
2412.17805,2024-12-23T18:58:24Z,,0.20944444444444443,0.20944444444444443,arxiv_meta_enrichment
2412.17847,,,,5.937280092592593,missing
2412.17998,,,,2.095474537037037,missing
2412.18072,2024-12-24T00:59:16Z,,2.9588425925925925,2.9588425925925925,arxiv_meta_enrichment
2412.18153,,,,0.8217824074074074,missing
2412.18176,,,,2.7755439814814813,missing
2412.18319,2024-12-24T10:07:51Z,,1.5778819444444445,1.5778819444444445,arxiv_meta_enrichment
2412.18450,,,,0.40141203703703704,missing
2412.18495,,,,1.3565856481481482,missing
2412.18525,2024-12-24T16:08:25Z,,6.327488425925926,6.327488425925926,arxiv_meta_enrichment
2412.18547,2024-12-24T16:55:45Z,,1.2946180555555555,1.2946180555555555,arxiv_meta_enrichment
2412.18597,2024-12-24T18:51:19Z,,0.21436342592592592,0.21436342592592592,arxiv_meta_enrichment
2412.18605,2024-12-24T18:58:43Z,,5.209224537037037,5.209224537037037,arxiv_meta_enrichment
2412.18608,2024-12-24T18:59:43Z,,0.2085300925925926,0.2085300925925926,arxiv_meta_enrichment
2412.18609,2024-12-24T18:59:56Z,,1.2083796296296296,1.2083796296296296,arxiv_meta_enrichment
2412.18619,2024-12-16T05:02:25Z,,13.789988425925927,13.789988425925927,arxiv_meta_enrichment
2412.18653,,,,5.208310185185185,missing
2412.18702,,,,5.026342592592592,missing
2412.18925,,,,4.3662731481481485,missing
2412.19326,2024-12-26T18:56:05Z,,3.211053240740741,3.211053240740741,arxiv_meta_enrichment
2412.19412,,,,19.88900462962963,missing
2412.19512,,,,2.6643287037037036,missing
2412.19638,2024-12-27T13:32:10Z,,5.43599537037037,5.43599537037037,arxiv_meta_enrichment
2412.19645,,,,2.4240162037037036,missing
2412.19712,,,,2.324212962962963,missing
2412.19723,,,,5.318078703703704,missing
2412.20005,2024-12-28T04:01:30Z,,2.832291666666667,2.832291666666667,arxiv_meta_enrichment
2412.20070,,,,2.673611111111111,missing
2412.20422,2024-12-29T10:12:01Z,,1.574988425925926,1.574988425925926,arxiv_meta_enrichment
2412.20631,,,,0.9718171296296296,missing
2412.20735,,,,2.7371180555555554,missing
2412.20750,,,,2.7191550925925925,missing
2412.20800,,,,2.6337384259259258,missing
2412.20993,2024-12-30T14:57:53Z,,0.37646990740740743,0.37646990740740743,arxiv_meta_enrichment
2412.21015,,,,3.351863425925926,missing
2412.21037,2024-12-30T16:02:44Z,,0.33143518518518517,0.33143518518518517,arxiv_meta_enrichment
2412.21059,2024-12-30T16:24:09Z,,6.3165625,6.3165625,arxiv_meta_enrichment
2412.21079,2024-12-30T16:56:44Z,,0.2939351851851852,0.2939351851851852,arxiv_meta_enrichment
2412.21139,2024-12-30T18:15:39Z,,0.23913194444444444,0.23913194444444444,arxiv_meta_enrichment
2412.21140,,,,0.2390625,missing
2412.21187,2024-12-30T18:55:12Z,,0.21166666666666667,0.21166666666666667,arxiv_meta_enrichment
2412.21199,,,,0.20905092592592592,missing
2412.21206,2024-12-30T18:59:58Z,,0.20835648148148148,0.20835648148148148,arxiv_meta_enrichment
2501.00103,2024-12-30T19:00:25Z,,3.2080439814814814,3.2080439814814814,arxiv_meta_enrichment
2501.00192,2024-12-31T00:06:04Z,,2.995787037037037,2.995787037037037,arxiv_meta_enrichment
2501.00316,,,,2.694074074074074,missing
2501.00599,2024-12-31T18:56:46Z,,2.2105787037037037,2.2105787037037037,arxiv_meta_enrichment
2501.00658,,,,2.078715277777778,missing
2501.00712,,,,1.8590277777777777,missing
2501.00874,,,,4.34505787037037,missing
2501.00910,,,,1.254363425925926,missing
2501.00912,,,,5.243379629629629,missing
2501.00958,,,,1.1044328703703703,missing
2501.01054,,,,0.8100578703703704,missing
2501.01073,2025-01-02T05:44:11Z,,3.7609837962962964,3.7609837962962964,arxiv_meta_enrichment
2501.01149,2025-01-02T09:03:56Z,,0.6222685185185185,0.6222685185185185,arxiv_meta_enrichment
2501.01245,,,,0.4498611111111111,missing
2501.01257,2025-01-02T13:49:00Z,,0.42430555555555555,0.42430555555555555,arxiv_meta_enrichment
2501.01264,2025-01-02T13:59:20Z,,0.41712962962962963,0.41712962962962963,arxiv_meta_enrichment
2501.01320,,,,0.31958333333333333,missing
2501.01407,,,,0.21376157407407406,missing
2501.01423,2025-01-02T18:59:40Z,,0.20856481481481481,0.20856481481481481,arxiv_meta_enrichment
2501.01426,2025-01-02T18:59:45Z,,0.20850694444444445,0.20850694444444445,arxiv_meta_enrichment
2501.01427,,,,0.20840277777777777,missing
2501.01540,,,,3.1139236111111113,missing
2501.01790,,,,3.4684953703703703,missing
2501.01821,2025-01-03T14:09:46Z,,2.4098842592592593,2.4098842592592593,arxiv_meta_enrichment
2501.01830,,,,3.3956712962962965,missing
2501.01895,2025-01-03T17:00:33Z,,2.291284722222222,2.291284722222222,arxiv_meta_enrichment
2501.01904,,,,2.281759259259259,missing
2501.01957,,,,2.208425925925926,missing
2501.02045,,,,3.2189467592592593,missing
2501.02157,2025-01-04T01:46:49Z,,2.9258217592592595,2.9258217592592595,arxiv_meta_enrichment
2501.02260,,,,3.5216550925925927,missing
2501.02376,,,,3.1424421296296297,missing
2501.02393,,,,3.0622569444444445,missing
2501.02423,2025-01-05T02:30:41Z,,1.8953587962962963,1.8953587962962963,arxiv_meta_enrichment
2501.02497,2025-01-05T10:24:20Z,,1.5664351851851852,1.5664351851851852,arxiv_meta_enrichment
2501.02506,,,,1.536863425925926,missing
2501.02576,,,,1.3621296296296297,missing
2501.02690,,,,1.0030902777777777,missing
2501.02772,2025-01-06T05:29:00Z,,2.7715277777777776,2.7715277777777776,arxiv_meta_enrichment
2501.02790,,,,1.7375462962962962,missing
2501.02832,,,,0.6554861111111111,missing
2501.02955,2025-01-06T11:57:38Z,,1.5016435185185186,1.5016435185185186,arxiv_meta_enrichment
2501.02976,2025-01-06T12:36:21Z,,0.47475694444444444,0.47475694444444444,arxiv_meta_enrichment
2501.03006,2025-01-06T13:32:16Z,,0.43592592592592594,0.43592592592592594,arxiv_meta_enrichment
2501.03059,2025-01-06T14:49:26Z,,0.38233796296296296,0.38233796296296296,arxiv_meta_enrichment
2501.03124,,,,0.3112847222222222,missing
2501.03218,2025-01-06T18:55:10Z,,0.2116898148148148,0.2116898148148148,arxiv_meta_enrichment
2501.03220,,,,0.2112037037037037,missing
2501.03225,,,,0.21005787037037038,missing
2501.03226,2025-01-06T18:59:13Z,,0.2088773148148148,0.2088773148148148,arxiv_meta_enrichment
2501.03262,2025-01-04T02:08:06Z,,3.9110416666666667,3.9110416666666667,arxiv_meta_enrichment
2501.03271,,,,3.9938425925925927,missing
2501.03489,,,,2.862650462962963,missing
2501.03575,2025-01-07T06:55:50Z,,0.7112268518518519,0.7112268518518519,arxiv_meta_enrichment
2501.03714,,,,0.5116550925925926,missing
2501.03841,2025-01-07T14:50:33Z,,5.3815625,5.3815625,arxiv_meta_enrichment
2501.03847,,,,0.37363425925925925,missing
2501.03895,2025-01-07T16:03:14Z,,0.33108796296296295,0.33108796296296295,arxiv_meta_enrichment
2501.03916,,,,0.31168981481481484,missing
2501.03931,,,,0.29964120370370373,missing
2501.03936,2025-01-07T16:53:01Z,,0.2965162037037037,0.2965162037037037,arxiv_meta_enrichment
2501.04001,2025-01-07T18:58:54Z,,0.2090972222222222,0.2090972222222222,arxiv_meta_enrichment
2501.04003,2025-01-07T18:59:55Z,,2.208391203703704,2.208391203703704,arxiv_meta_enrichment
2501.04144,2025-01-07T21:14:11Z,,1.115150462962963,1.115150462962963,arxiv_meta_enrichment
2501.04227,,,,0.9175694444444444,missing
2501.04306,2025-01-08T06:44:02Z,,0.7194212962962963,0.7194212962962963,arxiv_meta_enrichment
2501.04377,,,,1.6012152777777777,missing
2501.04519,2025-01-08T14:12:57Z,,0.4076736111111111,0.4076736111111111,arxiv_meta_enrichment
2501.04561,,,,-0.6376041666666666,missing
2501.04575,2025-01-08T15:45:21Z,,0.34350694444444446,0.34350694444444446,arxiv_meta_enrichment
2501.04652,,,,0.24618055555555557,missing
2501.04682,,,,0.22027777777777777,missing
2501.04686,,,,0.2154976851851852,missing
2501.04689,,,,0.21385416666666668,missing
2501.04693,,,,7.210034722222222,missing
2501.04694,,,,0.20954861111111112,missing
2501.04698,,,,4.209016203703704,missing
2501.04828,,,,1.1465277777777778,missing
2501.04961,,,,3.8151041666666665,missing
2501.05032,2025-01-09T07:44:06Z,,0.6777083333333334,0.6777083333333334,arxiv_meta_enrichment
2501.05040,,,,0.6705555555555556,missing
2501.05122,2025-01-09T10:26:14Z,,0.5651157407407408,0.5651157407407408,arxiv_meta_enrichment
2501.05131,,,,5.559722222222222,missing
2501.05366,2025-01-09T16:48:17Z,,-0.7001967592592593,-0.7001967592592593,arxiv_meta_enrichment
2501.05441,,,,0.213125,missing
2501.05452,,,,3.2083564814814816,missing
2501.05453,2025-01-09T18:59:58Z,,0.20835648148148148,0.20835648148148148,arxiv_meta_enrichment
2501.05510,,,,3.208321759259259,missing
2501.05542,,,,3.189247685185185,missing
2501.05707,2025-01-10T04:35:46Z,,2.8084953703703706,2.8084953703703706,arxiv_meta_enrichment
2501.05727,2025-01-10T05:51:52Z,,2.7556481481481483,2.7556481481481483,arxiv_meta_enrichment
2501.05767,2025-01-10T07:56:23Z,,2.6691782407407407,2.6691782407407407,arxiv_meta_enrichment
2501.05874,2025-01-10T11:17:15Z,,2.5296875,2.5296875,arxiv_meta_enrichment
2501.06173,2025-01-10T18:52:11Z,,3.213761574074074,3.213761574074074,arxiv_meta_enrichment
2501.06186,2025-01-10T18:59:51Z,,2.2084375,2.2084375,arxiv_meta_enrichment
2501.06187,,,,2.2084027777777777,missing
2501.06250,,,,4.126631944444444,missing
2501.06252,2025-01-09T01:19:21Z,,4.944895833333334,4.944895833333334,arxiv_meta_enrichment
2501.06282,2025-01-10T15:55:27Z,,3.3364930555555556,3.3364930555555556,arxiv_meta_enrichment
2501.06425,2025-01-11T03:37:10Z,,2.8491898148148147,2.8491898148148147,arxiv_meta_enrichment
2501.06458,2025-01-11T07:10:23Z,,2.7011226851851853,2.7011226851851853,arxiv_meta_enrichment
2501.06590,,,,2.284375,missing
2501.06708,,,,1.813726851851852,missing
2501.06751,,,,2.641226851851852,missing
2501.06842,,,,1.360162037037037,missing
2501.07171,2025-01-13T09:58:03Z,,0.5846875,0.5846875,arxiv_meta_enrichment
2501.07301,2025-01-13T13:10:16Z,,0.4512037037037037,0.4512037037037037,arxiv_meta_enrichment
2501.07556,,,,1.2238888888888888,missing
2501.07572,2025-01-13T18:58:07Z,,0.2096412037037037,0.2096412037037037,arxiv_meta_enrichment
2501.07574,,,,0.20879629629629629,missing
2501.07730,,,,1.0574421296296297,missing
2501.07783,,,,1.918275462962963,missing
2501.07888,,,,0.7120486111111111,missing
2501.08120,,,,0.4217476851851852,missing
2501.08167,,,,0.3824768518518519,missing
2501.08187,2025-01-14T15:12:19Z,,0.36644675925925924,0.36644675925925924,arxiv_meta_enrichment
2501.08197,,,,0.35917824074074073,missing
2501.08225,2025-01-14T16:09:16Z,,0.32689814814814816,0.32689814814814816,arxiv_meta_enrichment
2501.08284,,,,0.24991898148148148,missing
2501.08292,,,,0.24087962962962964,missing
2501.08313,2025-01-14T18:50:05Z,,0.2152199074074074,0.2152199074074074,arxiv_meta_enrichment
2501.08316,,,,0.2140277777777778,missing
2501.08319,,,,-134.0,missing
2501.08325,2025-01-14T18:57:21Z,,6.210173611111111,6.210173611111111,arxiv_meta_enrichment
2501.08326,2025-01-14T18:58:04Z,,0.20967592592592593,0.20967592592592593,arxiv_meta_enrichment
2501.08328,2025-01-14T18:59:03Z,,0.20899305555555556,0.20899305555555556,arxiv_meta_enrichment
2501.08331,2025-01-14T18:59:10Z,,7.208912037037037,7.208912037037037,arxiv_meta_enrichment
2501.08332,2025-01-14T18:59:55Z,2025-01-14 18:59:55+00:00,0.2083912037037037,0.2083912037037037,arxiv_meta_enrichment
2501.08365,2025-01-14T17:18:05Z,,1.2791087962962964,1.2791087962962964,arxiv_meta_enrichment
2501.08617,,,,1.7269097222222223,missing
2501.08809,,,,0.41060185185185183,missing
2501.08828,2025-01-15T14:30:13Z,,0.39568287037037037,0.39568287037037037,arxiv_meta_enrichment
2501.08970,,,,0.2716087962962963,missing
2501.08983,2025-01-15T17:59:56Z,,0.2500462962962963,0.2500462962962963,arxiv_meta_enrichment
2501.08994,,,,0.23568287037037036,missing
2501.09012,,,,0.21085648148148148,missing
2501.09019,,,,0.20885416666666667,missing
2501.09038,2025-01-14T20:59:37Z,,2.1252662037037036,2.1252662037037036,arxiv_meta_enrichment
2501.09284,,,,4.82087962962963,missing
2501.09433,2025-01-16T10:03:15Z,,0.5810763888888889,0.5810763888888889,arxiv_meta_enrichment
2501.09484,2025-01-16T11:41:14Z,,0.5130324074074074,0.5130324074074074,arxiv_meta_enrichment
2501.09503,,,,0.48010416666666667,missing
2501.09653,,,,0.29952546296296295,missing
2501.09686,2025-01-16T17:37:58Z,,0.2653009259259259,-6.0,arxiv_meta_enrichment
2501.09732,2025-01-16T18:30:37Z,,0.22873842592592591,0.22873842592592591,arxiv_meta_enrichment
2501.09747,2025-01-16T18:57:04Z,,0.21037037037037037,0.21037037037037037,arxiv_meta_enrichment
2501.09751,2025-01-16T18:58:06Z,,0.20965277777777777,0.20965277777777777,arxiv_meta_enrichment
2501.09755,2025-01-16T18:59:04Z,,0.2089814814814815,0.2089814814814815,arxiv_meta_enrichment
2501.09756,2025-01-16T18:59:48Z,,0.20847222222222223,0.20847222222222223,arxiv_meta_enrichment
2501.09775,2025-01-16T10:27:51Z,,3.5639930555555557,3.5639930555555557,arxiv_meta_enrichment
2501.09781,2025-01-16T18:59:10Z,,4.208912037037037,4.208912037037037,arxiv_meta_enrichment
2501.09825,,,,3.149351851851852,missing
2501.09891,2025-01-17T00:41:44Z,,2.9710185185185187,2.9710185185185187,arxiv_meta_enrichment
2501.09978,,,,2.7219907407407407,missing
2501.10018,,,,6.664560185185185,missing
2501.10020,,,,2.660347222222222,missing
2501.10021,,,,2.6591087962962963,missing
2501.10045,,,,2.6217824074074074,missing
2501.10057,,,,4.60931712962963,missing
2501.10120,,,,2.5330092592592592,missing
2501.10132,2025-01-17T11:41:53Z,,2.5125810185185187,2.5125810185185187,arxiv_meta_enrichment
2501.10283,,,,6.315,missing
2501.10573,,,,4.081747685185185,missing
2501.10687,,,,3.6725810185185184,missing
2501.10799,,,,5.348576388888889,missing
2501.10893,2025-01-18T22:34:41Z,,3.059247685185185,3.059247685185185,arxiv_meta_enrichment
2501.10979,,,,4.662430555555556,missing
2501.11067,,,,3.375983796296296,missing
2501.11223,,,,1.905335648148148,missing
2501.11325,,,,6.66,missing
2501.11425,,,,1.509675925925926,missing
2501.11733,2025-01-20T20:35:46Z,,1.1418287037037036,1.1418287037037036,arxiv_meta_enrichment
2501.11858,,,,2.8596064814814817,missing
2501.11873,2025-01-21T04:04:39Z,,0.8301041666666666,0.8301041666666666,arxiv_meta_enrichment
2501.11900,,,,0.7706018518518518,missing
2501.12202,2025-01-21T15:16:54Z,,0.3632638888888889,0.3632638888888889,arxiv_meta_enrichment
2501.12206,,,,0.3593634259259259,missing
2501.12224,2025-01-21T15:49:29Z,,0.34063657407407405,0.34063657407407405,arxiv_meta_enrichment
2501.12273,,,,0.3026388888888889,missing
2501.12326,2025-01-21T17:48:10Z,,0.2582175925925926,0.2582175925925926,arxiv_meta_enrichment
2501.12368,2025-01-21T18:47:32Z,,0.21699074074074073,0.21699074074074073,arxiv_meta_enrichment
2501.12370,,,,6.214409722222222,missing
2501.12375,2025-01-21T18:53:30Z,,0.21284722222222222,0.21284722222222222,arxiv_meta_enrichment
2501.12380,,,,0.21090277777777777,missing
2501.12387,,,,19.208761574074074,missing
2501.12389,,,,0.20866898148148147,missing
2501.12390,,,,0.20849537037037036,missing
2501.12570,,,,0.9339004629629629,missing
2501.12599,2025-01-22T02:48:14Z,,0.8831712962962963,0.8831712962962963,arxiv_meta_enrichment
2501.12895,2025-01-22T14:15:46Z,,0.4057175925925926,0.4057175925925926,arxiv_meta_enrichment
2501.12909,2025-01-22T14:36:30Z,,0.39131944444444444,0.39131944444444444,arxiv_meta_enrichment
2501.12948,2025-01-22T15:19:35Z,,0.36140046296296297,0.36140046296296297,arxiv_meta_enrichment
2501.13007,2025-01-22T16:49:37Z,,0.29887731481481483,0.29887731481481483,arxiv_meta_enrichment
2501.13074,2025-01-22T18:37:08Z,,0.22421296296296298,0.22421296296296298,arxiv_meta_enrichment
2501.13075,,,,1.223136574074074,missing
2501.13106,2025-01-22T18:59:46Z,,0.20849537037037036,0.20849537037037036,arxiv_meta_enrichment
2501.13124,,,,2.766516203703704,missing
2501.13200,,,,1.1604976851851851,missing
2501.13452,,,,0.6623726851851852,missing
2501.13554,,,,0.5434953703703703,missing
2501.13629,2025-01-23T12:58:14Z,,0.4595601851851852,0.4595601851851852,arxiv_meta_enrichment
2501.13687,,,,3.4069907407407407,missing
2501.13824,,,,0.30149305555555556,missing
2501.13826,2025-01-23T16:51:47Z,,0.29737268518518517,0.29737268518518517,arxiv_meta_enrichment
2501.13918,2025-01-23T18:55:41Z,,0.21133101851851852,0.21133101851851852,arxiv_meta_enrichment
2501.13919,2025-01-23T18:58:03Z,,0.2096875,0.2096875,arxiv_meta_enrichment
2501.13920,,,,0.20934027777777778,missing
2501.13925,,,,3.2086805555555555,missing
2501.13926,2025-01-23T18:59:43Z,,0.2085300925925926,0.2085300925925926,arxiv_meta_enrichment
2501.13928,,,,-0.7916087962962963,missing
2501.13953,2025-01-20T08:09:42Z,,6.6599305555555555,6.6599305555555555,arxiv_meta_enrichment
2501.14176,2025-01-24T01:55:20Z,,2.9199074074074076,2.9199074074074076,arxiv_meta_enrichment
2501.14249,2025-01-24T05:27:46Z,,2.772384259259259,2.772384259259259,arxiv_meta_enrichment
2501.14334,2025-01-24T08:58:49Z,,5.625821759259259,5.625821759259259,arxiv_meta_enrichment
2501.14342,,,,2.616064814814815,missing
2501.14417,,,,4.517905092592593,missing
2501.14492,2025-01-24T13:48:10Z,,2.4248842592592594,2.4248842592592594,arxiv_meta_enrichment
2501.14677,2025-01-24T17:56:24Z,,9.2525,9.2525,arxiv_meta_enrichment
2501.14723,,,,3.2092592592592593,missing
2501.14726,,,,2.208854166666667,missing
2501.14912,,,,3.1391435185185186,missing
2501.15368,2025-01-26T02:19:03Z,,1.9034375,1.9034375,arxiv_meta_enrichment
2501.15369,,,,1.8923842592592592,missing
2501.15383,2025-01-26T03:47:25Z,,1.8420717592592593,1.8420717592592593,arxiv_meta_enrichment
2501.15420,,,,1.7166087962962964,missing
2501.15427,,,,1.7034606481481482,missing
2501.15570,,,,1.335462962962963,missing
2501.15654,,,,3.1864120370370372,missing
2501.15747,,,,1.8617708333333334,missing
2501.15891,,,,2.6018171296296297,missing
2501.15907,,,,0.5837962962962963,missing
2501.16142,2025-01-27T15:36:37Z,,0.34957175925925926,0.34957175925925926,arxiv_meta_enrichment
2501.16273,,,,0.24541666666666667,missing
2501.16295,,,,0.2256365740740741,missing
2501.16372,,,,5.906851851851852,missing
2501.16411,2025-01-27T18:59:58Z,,3.2083564814814816,3.2083564814814816,arxiv_meta_enrichment
2501.16496,2025-01-27T20:57:18Z,,1.126875,1.126875,arxiv_meta_enrichment
2501.16609,,,,2.960497685185185,missing
2501.16764,2025-01-28T07:38:59Z,,0.6812615740740741,0.6812615740740741,arxiv_meta_enrichment
2501.16937,,,,0.43659722222222225,missing
2501.16975,2025-01-28T14:15:42Z,,0.40576388888888887,0.40576388888888887,arxiv_meta_enrichment
2501.17116,2025-01-28T18:04:50Z,,0.2466435185185185,0.2466435185185185,arxiv_meta_enrichment
2501.17117,,,,0.24479166666666666,missing
2501.17161,2025-01-28T18:59:44Z,,0.20851851851851852,0.20851851851851852,arxiv_meta_enrichment
2501.17195,2025-01-27T15:09:08Z,,2.3686574074074076,2.3686574074074076,arxiv_meta_enrichment
2501.17433,,,,0.732662037037037,missing
2501.17703,2025-01-29T15:20:30Z,,0.3607638888888889,0.3607638888888889,arxiv_meta_enrichment
2501.17749,,,,0.3077199074074074,missing
2501.18009,,,,1.089386574074074,missing
2501.18052,,,,4.020983796296297,missing
2501.18055,,,,5.0151157407407405,missing
2501.18119,2025-01-30T03:40:20Z,,3.8469907407407407,3.8469907407407407,arxiv_meta_enrichment
2501.18128,,,,3.819259259259259,missing
2501.18362,2025-01-30T14:07:56Z,,0.4111574074074074,0.4111574074074074,arxiv_meta_enrichment
2501.18427,2025-01-30T15:31:48Z,,0.35291666666666666,0.35291666666666666,arxiv_meta_enrichment
2501.18438,2025-01-30T15:45:56Z,,0.3431018518518518,0.3431018518518518,arxiv_meta_enrichment
2501.18492,2025-01-30T17:06:06Z,,0.2874305555555556,0.2874305555555556,arxiv_meta_enrichment
2501.18511,2025-01-30T17:21:44Z,,0.2765740740740741,0.2765740740740741,arxiv_meta_enrichment
2501.18512,2025-01-30T17:23:50Z,,0.27511574074074074,0.27511574074074074,arxiv_meta_enrichment
2501.18585,2025-01-30T18:58:18Z,,0.2095138888888889,0.2095138888888889,arxiv_meta_enrichment
2501.18636,2025-01-28T17:01:31Z,,6.290613425925926,6.290613425925926,arxiv_meta_enrichment
2501.18753,,,,3.119976851851852,missing
2501.18804,,,,3.011736111111111,missing
2501.18837,,,,2.951712962962963,missing
2501.18841,,,,2.943935185185185,missing
2501.18965,,,,2.627824074074074,missing
2501.19054,,,,4.522037037037037,missing
2501.19066,,,,4.505011574074074,missing
2501.19085,,,,6.4837037037037035,missing
2501.19324,2025-01-31T17:19:57Z,,2.2778125,2.2778125,arxiv_meta_enrichment
2501.19339,2025-01-31T17:39:21Z,,2.264340277777778,2.264340277777778,arxiv_meta_enrichment
2501.19389,,,,4.219039351851852,missing
2501.19393,2025-01-31T18:48:08Z,,2.216574074074074,2.216574074074074,arxiv_meta_enrichment
2501.19399,2025-01-31T18:55:35Z,,2.211400462962963,2.211400462962963,arxiv_meta_enrichment
2502.00094,2025-01-31T18:58:20Z,,3.209490740740741,3.209490740740741,arxiv_meta_enrichment
2502.00226,,,,5.009004629629629,missing
2502.00299,,,,1.8404282407407409,missing
2502.00306,,,,4.832430555555556,missing
2502.00314,,,,2.8156481481481483,missing
2502.00473,,,,5.333240740740741,missing
2502.00674,,,,2.7753587962962962,missing
2502.00698,2025-02-02T07:12:03Z,,1.6999652777777778,1.6999652777777778,arxiv_meta_enrichment
2502.00840,,,,2.3154166666666667,missing
2502.00963,,,,9.99744212962963,missing
2502.00987,,,,0.9168402777777778,missing
2502.00988,,,,3.9163310185185187,missing
2502.00989,,,,3.916076388888889,missing
2502.01061,2025-02-03T05:17:32Z,,0.7794907407407408,0.7794907407407408,arxiv_meta_enrichment
2502.01068,2025-02-03T05:25:09Z,,0.7742013888888889,0.7742013888888889,arxiv_meta_enrichment
2502.01081,,,,0.7589814814814815,missing
2502.01100,,,,0.7188773148148148,missing
2502.01105,,,,2.7153009259259258,missing
2502.01126,,,,0.6781597222222222,missing
2502.01142,2025-02-03T08:22:45Z,,0.6508680555555556,0.6508680555555556,arxiv_meta_enrichment
2502.01154,,,,2.6358333333333333,missing
2502.01208,,,,0.5836574074074075,missing
2502.01237,2025-02-03T10:54:14Z,,0.5456712962962963,0.5456712962962963,arxiv_meta_enrichment
2502.01341,2025-02-03T13:34:51Z,,0.4341319444444444,0.4341319444444444,arxiv_meta_enrichment
2502.01362,2025-02-03T13:56:03Z,,1.4194097222222222,1.4194097222222222,arxiv_meta_enrichment
2502.01441,,,,0.3569675925925926,missing
2502.01456,2025-02-03T15:43:48Z,,0.34458333333333335,0.34458333333333335,arxiv_meta_enrichment
2502.01506,2025-02-03T16:39:48Z,,2.3056944444444443,2.3056944444444443,arxiv_meta_enrichment
2502.01534,2025-02-03T17:13:03Z,,0.28260416666666666,0.28260416666666666,arxiv_meta_enrichment
2502.01572,,,,0.253125,missing
2502.01584,,,,0.24261574074074074,missing
2502.01591,,,,0.23244212962962962,missing
2502.01618,,,,2.214699074074074,missing
2502.01619,,,,0.21408564814814815,missing
2502.01636,,,,0.20886574074074074,missing
2502.01637,2025-02-03T18:59:32Z,,0.2086574074074074,0.2086574074074074,arxiv_meta_enrichment
2502.01639,2025-02-03T18:59:55Z,,0.2083912037037037,0.2083912037037037,arxiv_meta_enrichment
2502.01718,2025-02-03T18:46:04Z,,1.2180092592592593,1.2180092592592593,arxiv_meta_enrichment
2502.01720,,,,1.2085532407407407,missing
2502.01839,,,,1.1033912037037037,missing
2502.01941,,,,0.900625,missing
2502.02095,,,,-0.3508912037037037,missing
2502.02339,2025-02-04T14:18:29Z,,1.4038310185185185,1.4038310185185185,arxiv_meta_enrichment
2502.02358,2025-02-04T14:43:26Z,,2.3865046296296297,2.3865046296296297,arxiv_meta_enrichment
2502.02421,,,,1.345798611111111,missing
2502.02492,2025-02-04T17:07:10Z,,0.2866898148148148,0.2866898148148148,arxiv_meta_enrichment
2502.02508,2025-02-04T17:26:58Z,,0.27293981481481483,0.27293981481481483,arxiv_meta_enrichment
2502.02584,,,,0.20936342592592594,missing
2502.02589,,,,0.20849537037037036,missing
2502.02671,2025-02-04T19:26:28Z,,1.1899537037037038,1.1899537037037038,arxiv_meta_enrichment
2502.02692,,,,5.156967592592593,missing
2502.02737,2025-02-04T21:43:16Z,2025-02-04 21:43:16+00:00,1.0949537037037036,1.0949537037037036,arxiv_meta_enrichment
2502.02909,,,,4.741724537037037,missing
2502.02928,,,,0.7196759259259259,missing
2502.03032,2025-02-05T09:39:34Z,,1.5975231481481482,1.5975231481481482,arxiv_meta_enrichment
2502.03275,2025-02-05T15:33:00Z,,0.35208333333333336,0.35208333333333336,arxiv_meta_enrichment
2502.03373,,,,0.28226851851851853,missing
2502.03387,2025-02-05T17:23:45Z,,0.2751736111111111,0.2751736111111111,arxiv_meta_enrichment
2502.03492,,,,6.90363425925926,missing
2502.03512,,,,4.217824074074074,missing
2502.03544,2025-02-05T19:02:03Z,,1.2069097222222223,1.2069097222222223,arxiv_meta_enrichment
2502.03621,2025-02-05T21:14:55Z,,1.1146412037037037,1.1146412037037037,arxiv_meta_enrichment
2502.03628,,,,5.101365740740741,missing
2502.03639,,,,1.0909027777777778,missing
2502.03738,,,,3.8738657407407406,missing
2502.03771,,,,3.8219907407407407,missing
2502.03860,,,,0.6527893518518518,missing
2502.03997,,,,5.501921296296296,missing
2502.04128,2025-02-06T15:04:00Z,,0.37222222222222223,0.37222222222222223,arxiv_meta_enrichment
2502.04153,2025-02-06T15:39:16Z,,0.3477314814814815,0.3477314814814815,arxiv_meta_enrichment
2502.04223,,,,5.286550925925926,missing
2502.04235,2025-02-06T17:19:55Z,,0.27783564814814815,0.27783564814814815,arxiv_meta_enrichment
2502.04270,,,,0.24375,missing
2502.04295,,,,0.22449074074074074,missing
2502.04296,,,,0.2233101851851852,missing
2502.04299,2025-02-06T18:41:04Z,,0.22148148148148147,0.22148148148148147,arxiv_meta_enrichment
2502.04306,2025-02-06T18:47:49Z,,0.2167939814814815,0.2167939814814815,arxiv_meta_enrichment
2502.04313,,,,0.21109953703703704,missing
2502.04320,,,,0.20902777777777778,missing
2502.04322,,,,0.20900462962962962,missing
2502.04327,,,,3.208483796296296,missing
2502.04328,2025-02-06T18:59:55Z,,0.2083912037037037,0.2083912037037037,arxiv_meta_enrichment
2502.04350,,,,5.337511574074074,missing
2502.04363,,,,4.762164351851852,missing
2502.04370,,,,5.5394907407407405,missing
2502.04376,,,,4.315474537037037,missing
2502.04403,,,,3.6423958333333335,missing
2502.04404,2025-02-06T08:52:43Z,,3.6300578703703703,3.6300578703703703,arxiv_meta_enrichment
2502.04411,,,,6.523263888888889,missing
2502.04416,,,,3.412847222222222,missing
2502.04465,,,,5.191087962962963,missing
2502.04507,2025-02-06T21:17:09Z,,3.113090277777778,3.113090277777778,arxiv_meta_enrichment
2502.04520,,,,3.094097222222222,missing
2502.04689,,,,2.728784722222222,missing
2502.04728,2025-02-07T07:52:25Z,,2.6719328703703704,2.6719328703703704,arxiv_meta_enrichment
2502.04896,,,,2.455613425925926,missing
2502.04959,,,,2.4007407407407406,missing
2502.05003,2025-02-07T15:23:34Z,,2.3586342592592593,2.3586342592592593,arxiv_meta_enrichment
2502.05092,,,,2.283761574074074,missing
2502.05163,2025-02-07T18:45:03Z,,2.2187152777777777,2.2187152777777777,arxiv_meta_enrichment
2502.05167,,,,5.215439814814815,missing
2502.05171,2025-02-07T18:55:02Z,,2.2117824074074073,2.2117824074074073,arxiv_meta_enrichment
2502.05173,2025-02-07T18:56:04Z,2025-02-07 18:56:04+00:00,2.2110648148148146,2.2110648148148146,arxiv_meta_enrichment
2502.05176,2025-02-07T18:59:55Z,,2.208391203703704,2.208391203703704,arxiv_meta_enrichment
2502.05178,,,,2.2083680555555554,missing
2502.05179,2025-02-07T18:59:59Z,,2.2083449074074073,2.2083449074074073,arxiv_meta_enrichment
2502.05282,,,,5.1844675925925925,missing
2502.05364,,,,4.061365740740741,missing
2502.05415,2025-02-08T02:52:25Z,,2.880266203703704,2.880266203703704,arxiv_meta_enrichment
2502.05431,,,,2.8463425925925927,missing
2502.05609,2025-02-08T15:32:53Z,,2.352164351851852,2.352164351851852,arxiv_meta_enrichment
2502.05664,,,,2.2194560185185184,missing
2502.05761,,,,4.848680555555555,missing
2502.05795,2025-02-09T07:03:36Z,,1.7058333333333333,1.7058333333333333,arxiv_meta_enrichment
2502.05878,2025-02-09T12:26:05Z,,2.481886574074074,2.481886574074074,arxiv_meta_enrichment
2502.05932,,,,2.3592824074074072,missing
2502.05957,,,,1.2958796296296295,missing
2502.05979,,,,4.241377314814815,missing
2502.06023,,,,1.1425578703703703,missing
2502.06049,2025-02-09T22:11:42Z,,1.0752083333333333,1.0752083333333333,arxiv_meta_enrichment
2502.06060,,,,1.0522569444444445,missing
2502.06145,2025-02-10T04:20:11Z,,2.8193171296296295,2.8193171296296295,arxiv_meta_enrichment
2502.06155,,,,0.7910185185185186,missing
2502.06282,,,,0.6082638888888889,missing
2502.06329,2025-02-10T10:29:28Z,,1.5628703703703704,1.5628703703703704,arxiv_meta_enrichment
2502.06394,2025-02-10T12:30:25Z,,0.4788773148148148,0.4788773148148148,arxiv_meta_enrichment
2502.06428,,,,1.4561921296296296,missing
2502.06527,,,,0.38157407407407407,missing
2502.06533,2025-02-10T14:56:25Z,,2.377488425925926,2.377488425925926,arxiv_meta_enrichment
2502.06589,2025-02-10T15:54:34Z,,1.3371064814814815,1.3371064814814815,arxiv_meta_enrichment
2502.06608,,,,3.327847222222222,missing
2502.06635,,,,0.3113773148148148,missing
2502.06703,2025-02-10T17:30:23Z,,0.27056712962962964,0.27056712962962964,arxiv_meta_enrichment
2502.06755,,,,1.2273032407407407,missing
2502.06764,,,,0.21915509259259258,missing
2502.06772,2025-02-10T18:51:47Z,,0.21403935185185186,0.21403935185185186,arxiv_meta_enrichment
2502.06776,,,,0.21244212962962963,missing
2502.06781,2025-02-10T18:57:29Z,,0.21008101851851851,0.21008101851851851,arxiv_meta_enrichment
2502.06782,,,,0.2095949074074074,missing
2502.06786,2025-02-10T18:59:10Z,,0.20891203703703703,0.20891203703703703,arxiv_meta_enrichment
2502.06788,,,,0.20835648148148148,missing
2502.06807,,,,8.041493055555556,missing
2502.06857,2025-02-07T18:09:38Z,,4.2433101851851855,4.2433101851851855,arxiv_meta_enrichment
2502.06867,,,,2.814201388888889,missing
2502.06872,,,,4.714733796296296,missing
2502.06884,,,,3.10369212962963,missing
2502.07316,2025-02-11T07:26:50Z,,0.689699074074074,0.689699074074074,arxiv_meta_enrichment
2502.07346,2025-02-11T08:17:19Z,,1.6546412037037037,1.6546412037037037,arxiv_meta_enrichment
2502.07374,2025-02-11T08:48:48Z,,0.6327777777777778,0.6327777777777778,arxiv_meta_enrichment
2502.07445,,,,0.5530555555555555,missing
2502.07490,,,,0.5076041666666666,missing
2502.07508,2025-02-11T12:22:35Z,,0.48431712962962964,0.48431712962962964,arxiv_meta_enrichment
2502.07527,2025-02-11T13:08:03Z,,0.45274305555555555,0.45274305555555555,arxiv_meta_enrichment
2502.07531,,,,0.45001157407407405,missing
2502.07563,2025-02-11T14:01:39Z,,1.4155208333333333,1.4155208333333333,arxiv_meta_enrichment
2502.07586,,,,5.392997685185185,missing
2502.07599,,,,1.3821296296296297,missing
2502.07617,2025-02-11T15:05:33Z,,0.37114583333333334,0.37114583333333334,arxiv_meta_enrichment
2502.07640,,,,0.35584490740740743,missing
2502.07701,,,,0.29288194444444443,missing
2502.07737,,,,1.2514699074074074,missing
2502.07776,,,,0.20967592592592593,missing
2502.07780,,,,5.208622685185185,missing
2502.07785,,,,0.2083449074074074,missing
2502.07856,,,,5.376701388888889,missing
2502.07864,,,,1.2359027777777778,missing
2502.07870,,,,1.2088078703703704,missing
2502.07985,,,,1.0788773148148147,missing
2502.08047,2025-02-12T01:06:10Z,2025-02-12 01:06:10+00:00,0.9540509259259259,0.9540509259259259,arxiv_meta_enrichment
2502.08127,2025-02-12T05:13:04Z,,0.7825925925925926,0.7825925925925926,arxiv_meta_enrichment
2502.08130,,,,4.774756944444444,missing
2502.08168,,,,0.6947222222222222,missing
2502.08213,,,,0.6326967592592593,missing
2502.08235,2025-02-12T09:23:26Z,,4.608726851851852,4.608726851851852,arxiv_meta_enrichment
2502.08441,,,,5.394247685185185,missing
2502.08468,,,,1.3725347222222222,missing
2502.08524,2025-02-12T16:00:11Z,,0.3332060185185185,0.3332060185185185,arxiv_meta_enrichment
2502.08590,,,,0.2747800925925926,missing
2502.08606,2025-02-12T17:52:47Z,,0.2550115740740741,0.2550115740740741,arxiv_meta_enrichment
2502.08639,2025-02-12T18:55:36Z,,0.21138888888888888,0.21138888888888888,arxiv_meta_enrichment
2502.08680,,,,1.5880787037037036,missing
2502.08690,,,,1.3726157407407407,missing
2502.08745,2025-02-12T19:35:28Z,,5.183703703703704,5.183703703703704,arxiv_meta_enrichment
2502.08769,,,,4.15474537037037,missing
2502.08820,,,,5.070439814814815,missing
2502.08826,,,,5.059942129629629,missing
2502.08869,,,,5.970706018518518,missing
2502.08910,,,,0.8805439814814815,missing
2502.08946,2025-02-13T04:00:03Z,,0.8332986111111111,0.8332986111111111,arxiv_meta_enrichment
2502.09042,,,,0.6695138888888889,missing
2502.09056,2025-02-13T08:10:45Z,,0.6592013888888889,0.6592013888888889,arxiv_meta_enrichment
2502.09061,2025-02-13T08:23:42Z,,4.6502083333333335,4.6502083333333335,arxiv_meta_enrichment
2502.09082,2025-02-13T08:55:24Z,,0.6281944444444445,0.6281944444444445,arxiv_meta_enrichment
2502.09083,,,,4.627488425925926,missing
2502.09100,,,,0.6116435185185185,missing
2502.09245,2025-02-13T12:00:50Z,,5.499421296296297,5.499421296296297,arxiv_meta_enrichment
2502.09390,,,,0.3699074074074074,missing
2502.09411,2025-02-13T15:36:12Z,,3.349861111111111,3.349861111111111,arxiv_meta_enrichment
2502.09509,,,,4.276493055555555,missing
2502.09560,,,,0.2419675925925926,missing
2502.09601,,,,0.21347222222222223,missing
2502.09604,2025-02-13T18:55:13Z,,0.2116550925925926,0.2116550925925926,arxiv_meta_enrichment
2502.09613,,,,0.2089236111111111,missing
2502.09614,,,,0.2088773148148148,missing
2502.09619,2025-02-13T18:59:44Z,,0.20851851851851852,0.20851851851851852,arxiv_meta_enrichment
2502.09620,,,,0.20850694444444445,missing
2502.09621,2025-02-13T18:59:46Z,,0.20849537037037036,0.20849537037037036,arxiv_meta_enrichment
2502.09638,,,,7.132453703703704,missing
2502.09696,2025-02-13T18:59:11Z,,3.208900462962963,3.208900462962963,arxiv_meta_enrichment
2502.09741,,,,3.170150462962963,missing
2502.09838,,,,4.970416666666667,missing
2502.09935,,,,2.7420949074074072,missing
2502.09955,,,,2.692766203703704,missing
2502.09969,,,,3.6695949074074075,missing
2502.09980,,,,2.6627199074074075,missing
2502.09992,2025-02-14T08:23:51Z,2025-02-14 08:23:51+00:00,2.6501041666666665,2.6501041666666665,arxiv_meta_enrichment
2502.10140,,,,2.4509375,missing
2502.10173,,,,2.4111805555555557,missing
2502.10177,,,,2.4082291666666666,missing
2502.10235,,,,2.342835648148148,missing
2502.10248,,,,2.3346064814814813,missing
2502.10362,,,,2.2205439814814816,missing
2502.10389,2025-02-14T18:59:36Z,,2.2086111111111113,2.2086111111111113,arxiv_meta_enrichment
2502.10391,2025-02-14T18:59:51Z,,2.2084375,2.2084375,arxiv_meta_enrichment
2502.10392,,,,2.2083449074074073,missing
2502.10454,,,,5.915856481481481,missing
2502.10458,,,,5.770740740740741,missing
2502.10550,,,,3.134502314814815,missing
2502.10708,,,,3.677974537037037,missing
2502.10852,,,,3.296412037037037,missing
2502.10990,,,,2.816759259259259,missing
2502.11079,2025-02-16T11:02:50Z,,2.539699074074074,2.539699074074074,arxiv_meta_enrichment
2502.11085,,,,1.5094560185185186,missing
2502.11089,2025-02-16T11:53:44Z,,1.504351851851852,1.504351851851852,arxiv_meta_enrichment
2502.11098,,,,1.4812731481481483,missing
2502.11157,,,,1.3671412037037036,missing
2502.11167,,,,1.3483912037037038,missing
2502.11177,,,,1.3347800925925926,missing
2502.11190,,,,1.3118055555555554,missing
2502.11196,,,,1.2946412037037036,missing
2502.11262,,,,4.14306712962963,missing
2502.11271,2025-02-16T21:18:47Z,,2.1119560185185184,2.1119560185185184,arxiv_meta_enrichment
2502.11275,,,,1.1025462962962962,missing
2502.11330,,,,0.9545023148148148,missing
2502.11336,,,,0.9478356481481481,missing
2502.11357,,,,0.9070833333333334,missing
2502.11433,2025-02-17T04:45:53Z,2025-02-17 04:45:53+00:00,1.8014699074074074,1.8014699074074074,arxiv_meta_enrichment
2502.11438,,,,0.7969444444444445,missing
2502.11564,2025-02-17T08:54:29Z,,1.6288310185185184,1.6288310185185184,arxiv_meta_enrichment
2502.11573,,,,2.6197685185185184,missing
2502.11574,,,,0.6197685185185186,missing
2502.11578,,,,0.6180787037037037,missing
2502.11663,2025-02-17T10:53:56Z,,6.5458796296296295,6.5458796296296295,arxiv_meta_enrichment
2502.11748,,,,0.4703935185185185,missing
2502.11775,,,,0.4530092592592593,missing
2502.11831,2025-02-17T14:27:14Z,,0.39775462962962965,0.39775462962962965,arxiv_meta_enrichment
2502.11901,,,,0.3582060185185185,missing
2502.11995,,,,2.308854166666667,missing
2502.12018,2025-02-17T16:52:42Z,,1.296736111111111,1.296736111111111,arxiv_meta_enrichment
2502.12054,,,,0.274837962962963,missing
2502.12084,2025-02-17T17:57:50Z,,6.25150462962963,6.25150462962963,arxiv_meta_enrichment
2502.12115,2025-02-17T18:41:16Z,,0.2213425925925926,0.2213425925925926,arxiv_meta_enrichment
2502.12130,,,,1.2156828703703704,missing
2502.12135,,,,0.21288194444444444,missing
2502.12143,2025-02-17T18:56:15Z,,2.2109375,2.2109375,arxiv_meta_enrichment
2502.12146,,,,0.21011574074074074,missing
2502.12148,,,,0.20982638888888888,missing
2502.12152,2025-02-17T18:59:06Z,,0.20895833333333333,0.20895833333333333,arxiv_meta_enrichment
2502.12154,,,,0.20844907407407406,missing
2502.12170,,,,5.564965277777778,missing
2502.12215,,,,1.6936226851851852,missing
2502.12464,2025-02-18T02:51:17Z,,0.8810532407407408,0.8810532407407408,arxiv_meta_enrichment
2502.12501,,,,0.8534027777777777,missing
2502.12513,,,,0.8342824074074074,missing
2502.12524,,,,0.8192824074074074,missing
2502.12574,,,,0.7318865740740741,missing
2502.12638,,,,1.638738425925926,missing
2502.12659,,,,0.6207523148148149,missing
2502.12669,,,,0.6115277777777778,missing
2502.12752,,,,1.5325694444444444,missing
2502.12769,,,,2.518946759259259,missing
2502.12852,,,,1.4304976851851852,missing
2502.12853,2025-02-18T13:40:22Z,,2.430300925925926,2.430300925925926,arxiv_meta_enrichment
2502.12859,,,,0.4258449074074074,missing
2502.12894,2025-02-18T14:29:52Z,,85.39592592592592,85.39592592592592,arxiv_meta_enrichment
2502.12900,,,,0.39121527777777776,missing
2502.12929,,,,0.3668287037037037,missing
2502.12982,2025-02-18T16:04:57Z,,-0.6701041666666666,-0.6701041666666666,arxiv_meta_enrichment
2502.12996,,,,0.3220601851851852,missing
2502.13063,2025-02-18T17:08:45Z,,0.2855902777777778,0.2855902777777778,arxiv_meta_enrichment
2502.13074,,,,6.276574074074074,missing
2502.13092,,,,0.2501388888888889,missing
2502.13128,2025-02-18T18:52:21Z,,1.2136458333333333,1.2136458333333333,arxiv_meta_enrichment
2502.13130,,,,0.2115625,missing
2502.13131,,,,0.21150462962962963,missing
2502.13138,,,,1.2101736111111112,missing
2502.13142,,,,0.2090162037037037,missing
2502.13143,,,,0.20900462962962962,missing
2502.13144,2025-02-18T18:59:21Z,,1.2087847222222223,1.2087847222222223,arxiv_meta_enrichment
2502.13145,,,,0.20836805555555554,missing
2502.13173,,,,2.169201388888889,missing
2502.13189,,,,5.412442129629629,missing
2502.13233,,,,1.199826388888889,missing
2502.13270,,,,1.1465162037037038,missing
2502.13347,2025-02-19T00:31:43Z,,0.9779745370370371,0.9779745370370371,arxiv_meta_enrichment
2502.13369,,,,0.9109606481481481,missing
2502.13407,,,,4.851458333333333,missing
2502.13449,2025-02-19T05:49:10Z,,4.757523148148148,4.757523148148148,arxiv_meta_enrichment
2502.13502,,,,4.678055555555556,missing
2502.13533,,,,0.6394097222222223,missing
2502.13573,,,,0.6062152777777777,missing
2502.13581,,,,0.5934143518518519,missing
2502.13595,,,,0.5738078703703704,missing
2502.13622,,,,0.5423032407407408,missing
2502.13685,2025-02-19T12:53:55Z,,0.4625578703703704,0.4625578703703704,arxiv_meta_enrichment
2502.13759,,,,1.4017939814814815,missing
2502.13766,,,,0.3974537037037037,missing
2502.13791,,,,0.3763425925925926,missing
2502.13908,,,,0.26351851851851854,missing
2502.13917,,,,0.25658564814814816,missing
2502.13922,2025-02-19T17:59:03Z,,0.2506597222222222,0.2506597222222222,arxiv_meta_enrichment
2502.13923,2025-02-19T18:00:14Z,,0.24983796296296296,0.24983796296296296,arxiv_meta_enrichment
2502.13928,,,,1.2460416666666667,missing
2502.13943,,,,0.22505787037037037,missing
2502.13946,,,,0.2203125,missing
2502.13962,2025-02-19T18:58:31Z,,0.20936342592592594,0.20936342592592594,arxiv_meta_enrichment
2502.13965,2025-02-19T18:59:30Z,,0.20868055555555556,0.20868055555555556,arxiv_meta_enrichment
2502.13991,,,,4.857071759259259,missing
2502.13995,,,,4.714965277777778,missing
2502.14044,,,,1.2043402777777779,missing
2502.14122,,,,4.089571759259259,missing
2502.14127,,,,0.07509259259259259,missing
2502.14132,,,,5.064826388888889,missing
2502.14191,,,,0.924849537037037,missing
2502.14247,,,,4.817708333333333,missing
2502.14258,2025-02-20T04:52:05Z,,0.7971643518518519,0.7971643518518519,arxiv_meta_enrichment
2502.14282,2025-02-20T05:41:55Z,,0.7625578703703704,0.7625578703703704,arxiv_meta_enrichment
2502.14296,2025-02-20T06:20:36Z,,-0.26430555555555557,-0.26430555555555557,arxiv_meta_enrichment
2502.14302,,,,3.7268171296296297,missing
2502.14372,2025-02-20T09:05:34Z,,0.6211342592592592,0.6211342592592592,arxiv_meta_enrichment
2502.14377,,,,0.6179976851851852,missing
2502.14382,2025-02-20T09:18:53Z,,0.6118865740740741,0.6118865740740741,arxiv_meta_enrichment
2502.14397,2025-02-20T09:35:38Z,,3.60025462962963,3.60025462962963,arxiv_meta_enrichment
2502.14409,,,,0.5849305555555555,missing
2502.14429,,,,4.5644328703703705,missing
2502.14494,,,,3.484513888888889,missing
2502.14499,2025-02-20T12:28:23Z,,0.48028935185185184,0.48028935185185184,arxiv_meta_enrichment
2502.14502,2025-02-20T12:31:03Z,,0.4784375,0.4784375,arxiv_meta_enrichment
2502.14541,,,,0.444224537037037,missing
2502.14637,,,,3.36068287037037,missing
2502.14638,,,,0.3600115740740741,missing
2502.14669,,,,0.3296527777777778,missing
2502.14678,2025-02-20T16:09:55Z,,0.32644675925925926,0.32644675925925926,arxiv_meta_enrichment
2502.14739,,,,0.28752314814814817,missing
2502.14767,,,,3.2613425925925927,missing
2502.14768,2025-02-20T17:49:26Z,,0.25733796296296296,0.25733796296296296,arxiv_meta_enrichment
2502.14776,2025-02-20T17:59:45Z,,3.2501736111111112,3.2501736111111112,arxiv_meta_enrichment
2502.14786,2025-02-20T18:08:29Z,,0.2441087962962963,0.2441087962962963,arxiv_meta_enrichment
2502.14802,,,,0.2319212962962963,missing
2502.14834,,,,0.21694444444444444,missing
2502.14842,,,,0.21340277777777777,missing
2502.14844,,,,0.21274305555555556,missing
2502.14846,,,,0.21145833333333333,missing
2502.14854,,,,0.2096875,missing
2502.14855,,,,5.209641203703704,missing
2502.14856,,,,12.209606481481481,missing
2502.14866,,,,0.20842592592592593,missing
2502.14892,,,,6.8005555555555555,missing
2502.14905,,,,5.3021412037037035,missing
2502.14922,,,,4.26474537037037,missing
2502.14949,,,,3.221261574074074,missing
2502.14975,,,,3.2016203703703705,missing
2502.15007,2025-02-20T19:59:35Z,,3.1669560185185186,3.1669560185185186,arxiv_meta_enrichment
2502.15011,,,,3.162847222222222,missing
2502.15027,,,,3.147847222222222,missing
2502.15069,,,,3.0813425925925926,missing
2502.15082,,,,3.0478009259259258,missing
2502.15086,,,,3.042546296296296,missing
2502.15122,,,,3.962037037037037,missing
2502.15167,,,,3.8710069444444444,missing
2502.15168,,,,2.866886574074074,missing
2502.15422,,,,2.4675925925925926,missing
2502.15425,,,,3.4637037037037035,missing
2502.15499,,,,4.38224537037037,missing
2502.15589,2025-02-21T16:57:22Z,,2.2934953703703704,2.2934953703703704,arxiv_meta_enrichment
2502.15612,,,,4.26806712962963,missing
2502.15631,,,,2.2505439814814814,missing
2502.15657,,,,2.230138888888889,missing
2502.15681,,,,2.2087962962962964,missing
2502.15799,,,,6.144386574074074,missing
2502.15814,,,,5.276909722222222,missing
2502.15823,,,,4.841666666666667,missing
2502.15872,,,,3.209525462962963,missing
2502.15885,,,,5.204155092592592,missing
2502.15894,2025-02-21T19:28:05Z,,3.1888310185185187,3.1888310185185187,arxiv_meta_enrichment
2502.15919,,,,3.1465046296296295,missing
2502.15920,,,,3.1461111111111113,missing
2502.15987,,,,3.0470023148148146,missing
2502.16033,2025-02-22T01:52:37Z,,2.9217939814814815,2.9217939814814815,arxiv_meta_enrichment
2502.16069,,,,3.8345023148148147,missing
2502.16111,,,,5.734768518518519,missing
2502.16284,,,,4.309351851851852,missing
2502.16457,,,,0.7386226851851851,missing
2502.16584,2025-02-23T14:24:15Z,,1.3998263888888889,1.3998263888888889,arxiv_meta_enrichment
2502.16614,2025-02-23T15:36:43Z,,1.3495023148148149,1.3495023148148149,arxiv_meta_enrichment
2502.16622,,,,1.3397916666666667,missing
2502.16645,,,,4.301180555555556,missing
2502.16701,,,,1.1623611111111112,missing
2502.16707,,,,1.137326388888889,missing
2502.16750,,,,4.0171875,missing
2502.16776,,,,2.908425925925926,missing
2502.16779,,,,7.906724537037037,missing
2502.16794,,,,1.8703125,missing
2502.16810,,,,0.8493402777777778,missing
2502.16825,,,,1.8173958333333333,missing
2502.16894,,,,0.7165162037037037,missing
2502.16922,,,,0.6889583333333333,missing
2502.16944,,,,3.6586458333333334,missing
2502.17055,2025-02-24T11:09:15Z,,0.5352430555555555,0.5352430555555555,arxiv_meta_enrichment
2502.17092,,,,1.4895023148148148,missing
2502.17110,,,,0.4643171296296296,missing
2502.17125,,,,6.450150462962963,missing
2502.17129,2025-02-24T13:19:33Z,,0.44475694444444447,0.44475694444444447,arxiv_meta_enrichment
2502.17157,,,,0.4228472222222222,missing
2502.17237,,,,0.36464120370370373,missing
2502.17258,,,,0.3477546296296296,missing
2502.17262,2025-02-24T15:44:57Z,,1.3437847222222221,1.3437847222222221,arxiv_meta_enrichment
2502.17355,,,,3.2685416666666667,missing
2502.17363,,,,1.2637847222222223,missing
2502.17407,2025-02-24T18:36:15Z,,0.2248263888888889,0.2248263888888889,arxiv_meta_enrichment
2502.17414,,,,0.2167361111111111,missing
2502.17422,,,,1.212037037037037,missing
2502.17425,,,,1.2109722222222221,missing
2502.17435,2025-02-24T18:59:54Z,,0.20840277777777777,0.20840277777777777,arxiv_meta_enrichment
2502.17535,,,,1.3475115740740742,missing
2502.17540,,,,2.2252430555555556,missing
2502.17814,,,,0.8468055555555556,missing
2502.17910,,,,0.6954976851851852,missing
2502.17941,,,,5.664537037037037,missing
2502.17955,2025-02-25T08:27:18Z,,1.6477083333333333,1.6477083333333333,arxiv_meta_enrichment
2502.18017,,,,5.606805555555556,missing
2502.18137,2025-02-25T12:02:17Z,,0.49841435185185184,0.49841435185185184,arxiv_meta_enrichment
2502.18197,,,,2.4318981481481483,missing
2502.18302,,,,0.34543981481481484,missing
2502.18316,,,,0.3266435185185185,missing
2502.18356,,,,0.3019907407407407,missing
2502.18364,2025-02-25T16:57:04Z,,0.2937037037037037,0.2937037037037037,arxiv_meta_enrichment
2502.18411,2025-02-25T18:05:14Z,,0.24636574074074075,0.24636574074074075,arxiv_meta_enrichment
2502.18417,2025-02-25T18:13:55Z,,1.2403356481481482,1.2403356481481482,arxiv_meta_enrichment
2502.18418,2025-02-25T18:14:06Z,,1.2402083333333334,1.2402083333333334,arxiv_meta_enrichment
2502.18449,2025-02-25T18:45:04Z,,0.2187037037037037,0.2187037037037037,arxiv_meta_enrichment
2502.18461,,,,0.2088888888888889,missing
2502.18600,,,,5.183263888888889,missing
2502.18772,2025-02-26T03:04:01Z,,0.8722106481481482,0.8722106481481482,arxiv_meta_enrichment
2502.18779,,,,0.859212962962963,missing
2502.18860,,,,7.746192129629629,missing
2502.18864,,,,0.7380439814814815,missing
2502.18890,,,,5.701296296296296,missing
2502.18906,,,,0.6721990740740741,missing
2502.18924,,,,35.65138888888889,missing
2502.18934,2025-02-26T08:36:20Z,,0.6414351851851852,0.6414351851851852,arxiv_meta_enrichment
2502.18965,2025-02-26T09:25:10Z,,5.6075231481481485,5.6075231481481485,arxiv_meta_enrichment
2502.18968,,,,11.606319444444445,missing
2502.19187,,,,0.38136574074074076,missing
2502.19204,,,,0.36799768518518516,missing
2502.19261,,,,0.32875,missing
2502.19279,,,,0.30994212962962964,missing
2502.19312,,,,0.2855787037037037,missing
2502.19328,2025-02-26T17:19:12Z,,0.2783333333333333,0.2783333333333333,arxiv_meta_enrichment
2502.19361,2025-02-26T17:59:27Z,,0.25038194444444445,0.25038194444444445,arxiv_meta_enrichment
2502.19400,,,,0.2151736111111111,missing
2502.19402,,,,5.214444444444444,missing
2502.19413,,,,0.21050925925925926,missing
2502.19414,2025-02-26T18:58:13Z,,0.20957175925925925,0.20957175925925925,arxiv_meta_enrichment
2502.19459,,,,1.5656018518518517,missing
2502.19577,,,,4.096875,missing
2502.19587,2025-02-26T22:00:22Z,,1.0830787037037037,1.0830787037037037,arxiv_meta_enrichment
2502.19613,2025-02-26T23:01:16Z,,1.0407870370370371,1.0407870370370371,arxiv_meta_enrichment
2502.19634,2025-02-26T23:57:34Z,,1.0016898148148148,-19.0,arxiv_meta_enrichment
2502.19731,,,,3.839988425925926,missing
2502.19735,,,,0.8354166666666667,missing
2502.19870,,,,-0.34824074074074074,missing
2502.20082,2025-02-27T13:41:07Z,,0.4297800925925926,0.4297800925925926,arxiv_meta_enrichment
2502.20126,2025-02-27T14:16:56Z,,0.4049074074074074,0.4049074074074074,arxiv_meta_enrichment
2502.20127,,,,0.4029513888888889,missing
2502.20172,2025-02-27T15:08:39Z,,0.36899305555555556,0.36899305555555556,arxiv_meta_enrichment
2502.20238,,,,0.31707175925925923,missing
2502.20258,2025-02-27T16:46:23Z,,7.301122685185185,7.301122685185185,arxiv_meta_enrichment
2502.20307,2025-02-27T17:33:51Z,,0.26815972222222223,0.26815972222222223,arxiv_meta_enrichment
2502.20311,,,,-0.7333217592592592,missing
2502.20317,,,,6.261898148148148,missing
2502.20321,2025-02-27T17:47:01Z,,0.2590162037037037,0.2590162037037037,arxiv_meta_enrichment
2502.20378,,,,0.213125,missing
2502.20380,,,,3.2117476851851854,missing
2502.20383,,,,4.210810185185185,missing
2502.20388,,,,0.2089351851851852,missing
2502.20395,2025-02-27T18:59:32Z,,0.2086574074074074,0.2086574074074074,arxiv_meta_enrichment
2502.20396,,,,3.208425925925926,missing
2502.20475,,,,11.1921875,missing
2502.20490,,,,3.1706481481481483,missing
2502.20545,,,,3.0960300925925925,missing
2502.20583,,,,3.0469791666666666,missing
2502.20730,,,,2.7755787037037036,missing
2502.20811,,,,2.6710648148148146,missing
2502.20900,,,,2.585185185185185,missing
2502.20969,,,,2.5191898148148146,missing
2502.21263,2025-02-28T17:40:24Z,,9.26361111111111,9.26361111111111,arxiv_meta_enrichment
2502.21291,,,,2.235324074074074,missing
2502.21318,2025-02-28T18:59:42Z,,2.2085416666666666,2.2085416666666666,arxiv_meta_enrichment
2503.00031,,,,6.98525462962963,missing
2503.00069,,,,5.440196759259259,missing
2503.00200,,,,4.098414351851852,missing
2503.00307,,,,4.890381944444444,missing
2503.00329,2025-03-01T03:29:02Z,,4.8548379629629625,4.8548379629629625,arxiv_meta_enrichment
2503.00455,,,,2.517164351851852,missing
2503.00501,,,,2.40625,missing
2503.00502,,,,4.405648148148148,missing
2503.00714,,,,1.8440856481481482,missing
2503.00729,,,,1.7979282407407406,missing
2503.00735,2025-03-02T05:16:43Z,,2.78005787037037,2.78005787037037,arxiv_meta_enrichment
2503.00784,,,,1.647361111111111,missing
2503.00808,,,,0.6100925925925926,missing
2503.00865,2025-03-02T11:53:55Z,,3.504224537037037,3.504224537037037,arxiv_meta_enrichment
2503.00876,,,,2.4780787037037038,missing
2503.00955,2025-03-02T16:22:46Z,,2.317523148148148,2.317523148148148,arxiv_meta_enrichment
2503.01063,,,,1.0000925925925925,missing
2503.01103,,,,0.9122453703703703,missing
2503.01183,2025-03-03T05:15:34Z,,0.7808564814814815,0.7808564814814815,arxiv_meta_enrichment
2503.01295,,,,0.6449537037037038,missing
2503.01307,,,,0.6344675925925926,missing
2503.01328,,,,1.6172916666666666,missing
2503.01342,,,,1.6059722222222221,missing
2503.01370,,,,0.5782523148148148,missing
2503.01372,,,,2.576041666666667,missing
2503.01375,,,,3.5708796296296295,missing
2503.01378,,,,2.5683333333333334,missing
2503.01449,,,,2.5027777777777778,missing
2503.01496,2025-03-03T13:08:00Z,,0.4527777777777778,0.4527777777777778,arxiv_meta_enrichment
2503.01506,,,,0.4429282407407407,missing
2503.01688,,,,0.3307175925925926,missing
2503.01713,,,,6.315300925925926,missing
2503.01714,,,,0.3112847222222222,missing
2503.01729,,,,2.2991319444444445,missing
2503.01739,,,,0.29125,missing
2503.01743,2025-03-03T17:05:52Z,,0.28759259259259257,0.28759259259259257,arxiv_meta_enrichment
2503.01763,,,,2.265787037037037,missing
2503.01774,2025-03-03T17:58:33Z,,0.25100694444444444,0.25100694444444444,arxiv_meta_enrichment
2503.01785,,,,0.23851851851851852,missing
2503.01807,,,,0.22400462962962964,missing
2503.01820,,,,0.2176736111111111,missing
2503.01836,,,,2.2106018518518518,missing
2503.01840,,,,6.208981481481482,missing
2503.01842,,,,1.208761574074074,missing
2503.01901,,,,6.705335648148148,missing
2503.01917,,,,5.19474537037037,missing
2503.01933,,,,2.795891203703704,missing
2503.01935,2025-03-03T05:18:50Z,,1.778587962962963,1.778587962962963,arxiv_meta_enrichment
2503.02003,2025-03-03T19:26:04Z,,2.1902314814814816,2.1902314814814816,arxiv_meta_enrichment
2503.02130,,,,6.017094907407407,missing
2503.02152,,,,0.9776041666666667,missing
2503.02191,,,,2.9155439814814814,missing
2503.02197,,,,0.9063078703703704,missing
2503.02199,,,,6.902002314814815,missing
2503.02268,,,,0.8096180555555555,missing
2503.02304,,,,0.7461458333333333,missing
2503.02357,,,,0.6883680555555556,missing
2503.02368,,,,0.6741898148148148,missing
2503.02379,,,,-0.3436458333333333,missing
2503.02495,,,,2.5406828703703703,missing
2503.02537,,,,0.4976157407407407,missing
2503.02682,,,,0.37864583333333335,missing
2503.02783,,,,0.2940509259259259,missing
2503.02812,,,,0.2654050925925926,missing
2503.02819,,,,6.259131944444444,missing
2503.02823,,,,0.2577777777777778,missing
2503.02846,2025-03-04T18:20:24Z,,0.23583333333333334,0.23583333333333334,arxiv_meta_enrichment
2503.02876,,,,0.21027777777777779,missing
2503.02878,,,,0.2095949074074074,missing
2503.02879,,,,0.20957175925925925,missing
2503.02924,,,,1.2090277777777778,missing
2503.02951,2025-03-04T19:17:36Z,,1.1961111111111111,1.1961111111111111,arxiv_meta_enrichment
2503.02954,,,,1.1943171296296295,missing
2503.02972,2025-03-04T19:57:47Z,,2.1682060185185184,2.1682060185185184,arxiv_meta_enrichment
2503.03044,,,,1.0484143518518518,missing
2503.03278,,,,0.6232291666666666,missing
2503.03499,,,,5.427291666666667,missing
2503.03511,,,,5.41832175925926,missing
2503.03601,2025-03-05T15:33:52Z,,5.351481481481481,5.351481481481481,arxiv_meta_enrichment
2503.03651,,,,-0.6853935185185185,missing
2503.03746,2025-03-05T18:58:44Z,,0.20921296296296296,0.20921296296296296,arxiv_meta_enrichment
2503.03751,2025-03-05T18:59:50Z,,0.20844907407407406,0.20844907407407406,arxiv_meta_enrichment
2503.03803,2025-03-05T18:54:16Z,,1.2123148148148148,1.2123148148148148,arxiv_meta_enrichment
2503.03962,,,,1.0222453703703704,missing
2503.03983,,,,0.9927546296296297,missing
2503.04094,,,,0.7871875,missing
2503.04130,,,,0.7377546296296297,missing
2503.04222,,,,0.6225,missing
2503.04359,,,,3.498252314814815,missing
2503.04369,,,,0.48975694444444445,missing
2503.04378,,,,0.47888888888888886,missing
2503.04504,,,,3.380162037037037,missing
2503.04548,,,,3.351076388888889,missing
2503.04598,2025-03-06T16:40:48Z,,0.305,0.305,arxiv_meta_enrichment
2503.04606,,,,0.29636574074074074,missing
2503.04625,2025-03-06T17:11:51Z,,0.2834375,0.2834375,arxiv_meta_enrichment
2503.04629,2025-03-06T17:15:48Z,,4.280694444444444,4.280694444444444,arxiv_meta_enrichment
2503.04644,2025-03-06T17:32:22Z,,0.2691898148148148,0.2691898148148148,arxiv_meta_enrichment
2503.04724,2025-03-06T18:59:38Z,,0.20858796296296298,0.20858796296296298,arxiv_meta_enrichment
2503.04725,2025-03-06T18:59:48Z,,0.20847222222222223,0.20847222222222223,arxiv_meta_enrichment
2503.04808,2025-03-04T02:53:39Z,,5.879409722222222,5.879409722222222,arxiv_meta_enrichment
2503.04812,,,,6.568090277777777,missing
2503.04824,,,,4.7979976851851855,missing
2503.04872,,,,3.3153587962962963,missing
2503.04919,,,,19.18454861111111,missing
2503.04957,2025-03-06T20:43:14Z,,3.1366435185185186,3.1366435185185186,arxiv_meta_enrichment
2503.04973,2025-03-06T21:07:41Z,,4.119664351851852,4.119664351851852,arxiv_meta_enrichment
2503.05085,2025-03-07T02:07:00Z,,2.9118055555555555,2.9118055555555555,arxiv_meta_enrichment
2503.05132,,,,2.8182060185185187,missing
2503.05179,2025-03-07T06:57:17Z,,2.7102199074074074,2.7102199074074074,arxiv_meta_enrichment
2503.05236,2025-03-07T08:36:05Z,,2.641608796296296,2.641608796296296,arxiv_meta_enrichment
2503.05244,2025-03-07T08:56:20Z,,3.627546296296296,3.627546296296296,arxiv_meta_enrichment
2503.05265,,,,3.6039814814814815,missing
2503.05283,,,,3.588935185185185,missing
2503.05315,,,,2.548090277777778,missing
2503.05379,2025-03-07T12:46:42Z,,2.4675694444444445,2.4675694444444445,arxiv_meta_enrichment
2503.05447,,,,2.4043402777777776,missing
2503.05500,,,,2.365300925925926,missing
2503.05578,,,,3.29119212962963,missing
2503.05592,2025-03-07T17:14:44Z,,2.281435185185185,2.281435185185185,arxiv_meta_enrichment
2503.05638,2025-03-07T17:57:53Z,,2.2514699074074076,2.2514699074074076,arxiv_meta_enrichment
2503.05639,2025-03-07T17:59:46Z,,2.250162037037037,2.250162037037037,arxiv_meta_enrichment
2503.05641,,,,3.2477662037037036,missing
2503.05652,,,,2.239340277777778,missing
2503.05689,,,,9.213796296296296,missing
2503.05856,,,,3.3842708333333333,missing
2503.06053,2025-03-08T04:37:38Z,,9.807199074074074,9.807199074074074,arxiv_meta_enrichment
2503.06121,,,,2.6449305555555553,missing
2503.06141,,,,2.5908564814814814,missing
2503.06269,,,,9.31267361111111,missing
2503.06273,,,,2.3054050925925926,missing
2503.06362,,,,1.9984953703703703,missing
2503.06520,,,,1.6327430555555555,missing
2503.06542,,,,7.572465277777778,missing
2503.06553,,,,7.544548611111111,missing
2503.06580,,,,1.486261574074074,missing
2503.06626,,,,1.4137847222222222,missing
2503.06674,,,,7.337627314814815,missing
2503.06680,,,,1.3250347222222223,missing
2503.06698,,,,1.2715162037037038,missing
2503.06749,,,,1.1619791666666666,missing
2503.06885,,,,0.8546527777777778,missing
2503.06960,,,,0.7371412037037037,missing
2503.07002,,,,0.6854976851851852,missing
2503.07027,2025-03-10T08:07:17Z,,0.6616087962962963,0.6616087962962963,arxiv_meta_enrichment
2503.07067,,,,0.6308796296296296,missing
2503.07197,,,,0.5227777777777778,missing
2503.07216,2025-03-10T11:55:50Z,,0.5028935185185185,0.5028935185185185,arxiv_meta_enrichment
2503.07265,,,,0.46674768518518517,missing
2503.07274,,,,0.46171296296296294,missing
2503.07314,2025-03-10T13:33:27Z,,0.4351041666666667,0.4351041666666667,arxiv_meta_enrichment
2503.07334,,,,0.42398148148148146,missing
2503.07365,2025-03-10T14:23:12Z,,0.40055555555555555,0.40055555555555555,arxiv_meta_enrichment
2503.07389,,,,0.3903587962962963,missing
2503.07413,,,,0.3755324074074074,missing
2503.07426,,,,0.3672800925925926,missing
2503.07459,,,,0.34810185185185183,missing
2503.07465,2025-03-10T15:42:59Z,,0.345150462962963,0.345150462962963,arxiv_meta_enrichment
2503.07507,,,,0.3130787037037037,missing
2503.07595,,,,0.2524884259259259,missing
2503.07597,,,,0.2520486111111111,missing
2503.07598,2025-03-10T17:57:04Z,,0.25203703703703706,0.25203703703703706,arxiv_meta_enrichment
2503.07602,,,,0.25135416666666666,missing
2503.07603,,,,0.2511689814814815,missing
2503.07605,2025-03-10T17:59:03Z,,0.2506597222222222,0.2506597222222222,arxiv_meta_enrichment
2503.07608,,,,0.2502083333333333,missing
2503.07677,,,,6.692141203703704,missing
2503.07906,,,,10.04587962962963,missing
2503.08111,,,,5.692233796296296,missing
2503.08153,,,,6.6596875,missing
2503.08683,,,,7.250902777777778,missing
2503.08893,,,,7.1161111111111115,missing
2503.09279,,,,4.524259259259259,missing
2503.09330,,,,4.483275462962963,missing
2503.09443,,,,6.3880787037037035,missing
2503.09949,,,,7.921909722222222,missing
2503.10284,,,,5.505289351851852,missing
2503.10410,,,,5.393263888888889,missing
2503.10522,2025-03-13T16:30:59Z,,5.311817129629629,5.311817129629629,arxiv_meta_enrichment
2503.10546,,,,5.292164351851852,missing
2503.10620,,,,3.251712962962963,missing
2503.10624,,,,3.2505324074074076,missing
2503.10625,,,,7.250451388888889,missing
2503.10632,,,,3.2500925925925928,missing
2503.10684,,,,5.21412037037037,missing
2503.10696,,,,4.755243055555556,missing
2503.10704,,,,5.352268518518518,missing
2503.10719,,,,4.667789351851852,missing
2503.10772,2025-03-13T18:06:13Z,,3.2456828703703704,3.2456828703703704,arxiv_meta_enrichment
2503.10781,,,,3.235335648148148,missing
2503.10905,,,,5.097476851851852,missing
2503.10970,,,,2.9803819444444444,missing
2503.10997,,,,12.92664351851852,missing
2503.11069,2025-03-14T04:26:21Z,,2.8150347222222223,2.8150347222222223,arxiv_meta_enrichment
2503.11207,,,,2.630266203703704,missing
2503.11224,2025-03-14T09:20:31Z,,2.610752314814815,2.610752314814815,arxiv_meta_enrichment
2503.11227,2025-03-14T09:23:22Z,,5.608773148148148,5.608773148148148,arxiv_meta_enrichment
2503.11412,,,,3.4207175925925926,missing
2503.11495,,,,3.3599074074074076,missing
2503.11509,,,,6.354189814814815,missing
2503.11514,2025-03-13T08:08:44Z,,3.660601851851852,3.660601851851852,arxiv_meta_enrichment
2503.11557,2025-03-14T16:26:11Z,,5.315150462962963,5.315150462962963,arxiv_meta_enrichment
2503.11572,,,,9.305532407407407,missing
2503.11576,2025-03-14T16:44:14Z,,2.3026157407407406,2.3026157407407406,arxiv_meta_enrichment
2503.11579,,,,2.3018171296296295,missing
2503.11629,,,,2.258263888888889,missing
2503.11646,2025-03-14T17:59:07Z,,2.250613425925926,2.250613425925926,arxiv_meta_enrichment
2503.11647,,,,2.2503356481481482,missing
2503.11651,2025-03-14T17:59:47Z,,2.250150462962963,2.250150462962963,arxiv_meta_enrichment
2503.11751,2025-03-14T17:59:41Z,,3.2502199074074074,3.2502199074074074,arxiv_meta_enrichment
2503.11849,,,,11.155,missing
2503.11958,,,,1.9130787037037038,missing
2503.12127,,,,3.445787037037037,missing
2503.12271,,,,3.0845833333333332,missing
2503.12303,,,,2.982488425925926,missing
2503.12329,2025-03-16T02:56:09Z,,2.877673611111111,2.877673611111111,arxiv_meta_enrichment
2503.12349,2025-03-16T04:10:53Z,,1.825775462962963,1.825775462962963,arxiv_meta_enrichment
2503.12355,,,,2.7970717592592593,missing
2503.12505,,,,2.4231712962962964,missing
2503.12528,,,,1.3849189814814815,missing
2503.12530,,,,1.3813194444444445,missing
2503.12532,2025-03-16T14:53:43Z,,3.3793634259259258,3.3793634259259258,arxiv_meta_enrichment
2503.12533,2025-03-16T14:53:53Z,,1.3792476851851851,1.3792476851851851,arxiv_meta_enrichment
2503.12545,,,,2.356712962962963,missing
2503.12590,,,,1.2560648148148148,missing
2503.12605,2025-03-16T18:39:13Z,,1.2227662037037037,1.2227662037037037,arxiv_meta_enrichment
2503.12689,,,,4.031145833333333,missing
2503.12720,,,,0.9448148148148148,missing
2503.12769,,,,2.8711689814814814,missing
2503.12797,,,,1.8287731481481482,missing
2503.12821,,,,6.790868055555555,missing
2503.12885,,,,0.6873148148148148,missing
2503.12937,2025-03-17T08:51:44Z,,0.6307407407407407,0.6307407407407407,arxiv_meta_enrichment
2503.12963,,,,2.6121412037037035,missing
2503.12964,,,,0.6116666666666667,missing
2503.13070,,,,0.5265856481481481,missing
2503.13074,,,,7.52375,missing
2503.13082,,,,0.5130092592592592,missing
2503.13111,,,,1.4761342592592592,missing
2503.13265,,,,1.3620601851851852,missing
2503.13288,2025-03-17T15:38:33Z,,2.3482291666666666,2.3482291666666666,arxiv_meta_enrichment
2503.13327,2025-03-17T16:04:44Z,,0.3300462962962963,0.3300462962962963,arxiv_meta_enrichment
2503.13356,,,,3.303773148148148,missing
2503.13358,,,,3.3026851851851853,missing
2503.13360,,,,2.3019444444444446,missing
2503.13369,,,,0.2966898148148148,missing
2503.13399,2025-03-17T17:33:10Z,,0.26863425925925927,0.26863425925925927,arxiv_meta_enrichment
2503.13424,2025-03-17T17:53:56Z,,1.254212962962963,1.254212962962963,arxiv_meta_enrichment
2503.13434,2025-03-17T17:58:05Z,,0.2513310185185185,0.2513310185185185,arxiv_meta_enrichment
2503.13435,2025-03-17T17:58:18Z,,0.2511805555555556,0.2511805555555556,arxiv_meta_enrichment
2503.13444,2025-03-17T17:59:33Z,,0.2503125,0.2503125,arxiv_meta_enrichment
2503.13517,,,,5.254826388888889,missing
2503.13553,,,,3.1554050925925927,missing
2503.13657,2025-03-17T19:04:38Z,,3.205115740740741,3.205115740740741,arxiv_meta_enrichment
2503.13661,,,,1.2019560185185185,missing
2503.13834,,,,2.904386574074074,missing
2503.13891,,,,2.809224537037037,missing
2503.13964,2025-03-18T06:57:21Z,,7.710173611111111,7.710173611111111,arxiv_meta_enrichment
2503.14002,,,,0.6601388888888889,missing
2503.14125,,,,0.5570601851851852,missing
2503.14151,,,,0.5294907407407408,missing
2503.14201,,,,2.481875,missing
2503.14237,,,,2.4472453703703705,missing
2503.14378,2025-03-18T16:10:24Z,,0.32611111111111113,0.32611111111111113,arxiv_meta_enrichment
2503.14428,,,,6.290115740740741,missing
2503.14434,,,,1.28375,missing
2503.14456,2025-03-18T17:31:05Z,,0.2700810185185185,0.2700810185185185,arxiv_meta_enrichment
2503.14476,,,,0.25756944444444446,missing
2503.14478,2025-03-18T17:51:34Z,,0.2558564814814815,0.2558564814814815,arxiv_meta_enrichment
2503.14487,2025-03-18T17:57:07Z,,2.2520023148148147,2.2520023148148147,arxiv_meta_enrichment
2503.14492,2025-03-18T17:57:54Z,,0.25145833333333334,0.25145833333333334,arxiv_meta_enrichment
2503.14495,,,,0.2510648148148148,missing
2503.14499,,,,0.2503356481481481,missing
2503.14504,2025-03-18T17:59:56Z,,0.2500462962962963,0.2500462962962963,arxiv_meta_enrichment
2503.14505,,,,1.250023148148148,missing
2503.14607,,,,5.246087962962963,missing
2503.14774,,,,6.040717592592593,missing
2503.14830,,,,0.9086689814814815,missing
2503.14868,2025-03-19T03:45:37Z,,0.8433217592592592,0.8433217592592592,arxiv_meta_enrichment
2503.14891,2025-03-19T04:36:35Z,,0.8079282407407408,0.8079282407407408,arxiv_meta_enrichment
2503.14905,2025-03-19T05:14:44Z,,6.7814351851851855,6.7814351851851855,arxiv_meta_enrichment
2503.14941,,,,12.69744212962963,missing
2503.15055,,,,0.5924305555555556,missing
2503.15242,,,,1.4028125,missing
2503.15264,2025-03-19T14:37:21Z,,0.3907291666666667,0.3907291666666667,arxiv_meta_enrichment
2503.15265,2025-03-19T14:39:30Z,,0.3892361111111111,0.3892361111111111,arxiv_meta_enrichment
2503.15299,2025-03-19T15:21:48Z,,1.3598611111111112,1.3598611111111112,arxiv_meta_enrichment
2503.15354,2025-03-19T15:56:21Z,2025-03-19 15:56:21+00:00,0.33586805555555554,0.33586805555555554,arxiv_meta_enrichment
2503.15417,2025-03-19T16:59:32Z,,0.2919907407407407,0.2919907407407407,arxiv_meta_enrichment
2503.15450,,,,0.2699652777777778,missing
2503.15451,2025-03-19T17:32:24Z,,1.2691666666666668,1.2691666666666668,arxiv_meta_enrichment
2503.15475,2025-03-19T17:52:17Z,,0.2553587962962963,0.2553587962962963,arxiv_meta_enrichment
2503.15478,,,,0.2533796296296296,missing
2503.15485,2025-03-19T17:58:57Z,,0.25072916666666667,0.25072916666666667,arxiv_meta_enrichment
2503.15558,,,,2.0784953703703706,missing
2503.15567,,,,1.6276273148148148,missing
2503.15667,,,,6.175648148148148,missing
2503.15672,,,,1.1663541666666666,missing
2503.15851,,,,0.7862731481481482,missing
2503.15855,,,,0.7735069444444445,missing
2503.15879,,,,4.747083333333333,missing
2503.15893,,,,6.718900462962963,missing
2503.16025,,,,3.552037037037037,missing
2503.16031,,,,0.5430324074074074,missing
2503.16055,,,,0.5120254629629629,missing
2503.16057,,,,0.5103240740740741,missing
2503.16081,2025-03-20T12:22:18Z,,10.48451388888889,10.48451388888889,arxiv_meta_enrichment
2503.16091,,,,0.47737268518518516,missing
2503.16188,,,,0.39045138888888886,missing
2503.16194,,,,0.38785879629629627,missing
2503.16212,2025-03-20T15:00:41Z,,0.37452546296296296,0.37452546296296296,arxiv_meta_enrichment
2503.16219,,,,0.3657060185185185,missing
2503.16252,,,,0.34284722222222225,missing
2503.16257,2025-03-20T15:52:43Z,,0.3383912037037037,0.3383912037037037,arxiv_meta_enrichment
2503.16278,,,,0.3284259259259259,missing
2503.16282,,,,3.3260069444444444,missing
2503.16302,2025-03-20T16:23:44Z,,0.31685185185185183,0.31685185185185183,arxiv_meta_enrichment
2503.16322,,,,0.3022800925925926,missing
2503.16356,,,,0.2815509259259259,missing
2503.16365,2025-03-20T17:21:58Z,,0.27641203703703704,0.27641203703703704,arxiv_meta_enrichment
2503.16375,,,,0.26547453703703705,missing
2503.16397,,,,0.2541435185185185,missing
2503.16408,,,,3.250949074074074,missing
2503.16413,,,,0.25055555555555553,missing
2503.16416,,,,0.2504282407407407,missing
2503.16418,,,,0.2503009259259259,missing
2503.16419,2025-03-20T17:59:38Z,,0.25025462962962963,0.25025462962962963,arxiv_meta_enrichment
2503.16420,,,,0.2502314814814815,missing
2503.16421,,,,0.2502083333333333,missing
2503.16422,,,,0.2501851851851852,missing
2503.16423,,,,3.250150462962963,missing
2503.16425,,,,0.2501041666666667,missing
2503.16426,,,,4.250069444444445,missing
2503.16428,,,,0.25002314814814813,missing
2503.16429,,,,0.2500115740740741,missing
2503.16430,,,,3.2500115740740743,missing
2503.16549,,,,4.509502314814815,missing
2503.16660,,,,3.196435185185185,missing
2503.16709,,,,4.122800925925926,missing
2503.16776,,,,4.950451388888889,missing
2503.16867,,,,2.754976851851852,missing
2503.16870,,,,5.751180555555556,missing
2503.16874,2025-03-21T06:19:55Z,,2.7361689814814816,2.7361689814814816,arxiv_meta_enrichment
2503.16905,,,,2.6987847222222223,missing
2503.16921,,,,2.6849074074074073,missing
2503.16924,,,,3.679340277777778,missing
2503.16965,,,,4.607372685185185,missing
2503.16983,,,,2.591666666666667,missing
2503.17032,2025-03-21T10:40:37Z,,2.555127314814815,2.555127314814815,arxiv_meta_enrichment
2503.17069,,,,2.506875,missing
2503.17095,,,,2.482662037037037,missing
2503.17126,2025-03-21T13:21:45Z,,2.443229166666667,2.443229166666667,arxiv_meta_enrichment
2503.17237,,,,4.347013888888889,missing
2503.17287,,,,2.3086689814814814,missing
2503.17352,2025-03-21T17:52:43Z,,2.2550578703703703,2.2550578703703703,arxiv_meta_enrichment
2503.17358,,,,5.250740740740741,missing
2503.17359,2025-03-21T17:59:22Z,,3.250439814814815,3.250439814814815,arxiv_meta_enrichment
2503.17361,,,,4.250196759259259,missing
2503.17407,2025-03-20T17:06:28Z,,3.287175925925926,3.287175925925926,arxiv_meta_enrichment
2503.17422,,,,3.6247800925925926,missing
2503.17439,,,,3.2505787037037037,missing
2503.17489,2025-03-21T18:59:20Z,,3.2087962962962964,3.2087962962962964,arxiv_meta_enrichment
2503.17500,,,,3.1922685185185187,missing
2503.17735,,,,2.5219328703703705,missing
2503.17760,,,,2.4590277777777776,missing
2503.17811,,,,2.3174421296296295,missing
2503.17827,,,,8.252858796296296,missing
2503.17970,,,,3.682361111111111,missing
2503.17973,,,,2.6740856481481483,missing
2503.17982,,,,2.649224537037037,missing
2503.18013,2025-03-23T10:21:14Z,,1.5685879629629629,1.5685879629629629,arxiv_meta_enrichment
2503.18018,,,,1.5585763888888888,missing
2503.18033,2025-03-23T11:26:48Z,,1.5230555555555556,1.5230555555555556,arxiv_meta_enrichment
2503.18071,,,,1.4300462962962963,missing
2503.18102,2025-03-23T15:16:42Z,,1.3634027777777777,1.3634027777777777,arxiv_meta_enrichment
2503.18225,,,,8.082685185185186,missing
2503.18352,,,,0.7742245370370371,missing
2503.18406,,,,0.690462962962963,missing
2503.18446,,,,1.6317708333333334,missing
2503.18470,,,,0.6124884259259259,missing
2503.18476,,,,0.6102662037037037,missing
2503.18494,,,,0.5909837962962963,missing
2503.18559,,,,0.5322569444444445,missing
2503.18673,,,,1.4261458333333332,missing
2503.18674,,,,0.4260763888888889,missing
2503.18712,,,,1.3998032407407408,missing
2503.18769,,,,0.3632986111111111,missing
2503.18783,,,,1.3527083333333334,missing
2503.18809,,,,7.340046296296296,missing
2503.18813,2025-03-24T15:54:10Z,,0.33738425925925924,0.33738425925925924,arxiv_meta_enrichment
2503.18817,,,,9.333090277777778,missing
2503.18866,,,,0.3045949074074074,missing
2503.18878,2025-03-24T16:54:26Z,,0.2955324074074074,0.2955324074074074,arxiv_meta_enrichment
2503.18886,,,,0.2917013888888889,missing
2503.18892,2025-03-24T17:06:10Z,,0.28738425925925926,0.28738425925925926,arxiv_meta_enrichment
2503.18893,,,,1.2870717592592593,missing
2503.18908,2025-03-24T17:20:35Z,,0.2773726851851852,0.2773726851851852,arxiv_meta_enrichment
2503.18923,,,,0.25961805555555556,missing
2503.18929,,,,2.255798611111111,missing
2503.18931,,,,1.2550115740740742,missing
2503.18940,,,,0.2506712962962963,missing
2503.18942,2025-03-24T17:59:04Z,,0.2506481481481482,0.2506481481481482,arxiv_meta_enrichment
2503.18945,2025-03-24T17:59:51Z,,0.2501041666666667,0.2501041666666667,arxiv_meta_enrichment
2503.18948,,,,0.2500347222222222,missing
2503.18950,,,,9.250011574074074,missing
2503.18968,,,,9.413680555555555,missing
2503.19041,,,,1.241875,missing
2503.19065,,,,1.2139467592592592,missing
2503.19108,2025-03-24T19:56:02Z,,6.169421296296297,6.169421296296297,arxiv_meta_enrichment
2503.19123,,,,1.153113425925926,missing
2503.19207,,,,1.0272337962962963,missing
2503.19325,2025-03-25T03:38:06Z,,0.8485416666666666,0.8485416666666666,arxiv_meta_enrichment
2503.19355,,,,0.7860416666666666,missing
2503.19356,,,,0.7825,missing
2503.19385,2025-03-25T06:30:45Z,,0.7286458333333333,0.7286458333333333,arxiv_meta_enrichment
2503.19462,,,,1.630474537037037,missing
2503.19470,,,,0.6243287037037037,missing
2503.19480,,,,1.6141898148148148,missing
2503.19622,,,,0.44980324074074074,missing
2503.19693,2025-03-25T14:18:21Z,,5.403923611111111,5.403923611111111,arxiv_meta_enrichment
2503.19757,2025-03-25T15:19:56Z,,1.3611574074074073,1.3611574074074073,arxiv_meta_enrichment
2503.19777,,,,0.34221064814814817,missing
2503.19786,2025-03-25T15:52:34Z,,1.3384953703703704,1.3384953703703704,arxiv_meta_enrichment
2503.19794,,,,6.331516203703703,missing
2503.19846,,,,1.283576388888889,missing
2503.19855,2025-03-25T17:19:38Z,,0.2780324074074074,0.2780324074074074,arxiv_meta_enrichment
2503.19881,,,,0.2591435185185185,missing
2503.19901,2025-03-25T17:57:46Z,,6.251550925925926,6.251550925925926,arxiv_meta_enrichment
2503.19903,,,,0.25096064814814817,missing
2503.19904,,,,2.2508333333333335,missing
2503.19906,,,,6.250659722222222,missing
2503.19907,,,,0.250625,missing
2503.19910,,,,0.2501157407407407,missing
2503.19950,,,,1.3161458333333333,missing
2503.19953,,,,1.250787037037037,missing
2503.19990,,,,1.2353356481481481,missing
2503.20020,,,,1.2062962962962962,missing
2503.20110,,,,0.024502314814814814,missing
2503.20198,,,,0.8441550925925926,missing
2503.20201,2025-03-26T03:51:32Z,,0.839212962962963,0.839212962962963,arxiv_meta_enrichment
2503.20215,2025-03-26T04:17:55Z,,0.8208912037037037,0.8208912037037037,arxiv_meta_enrichment
2503.20220,,,,0.8167476851851851,missing
2503.20240,,,,0.783587962962963,missing
2503.20271,,,,0.7232523148148148,missing
2503.20286,,,,5.687233796296296,missing
2503.20308,,,,4.653506944444445,missing
2503.20314,2025-03-26T08:25:43Z,,0.6488078703703704,0.6488078703703704,arxiv_meta_enrichment
2503.20533,,,,13.438229166666666,missing
2503.20578,,,,1.3992939814814815,missing
2503.20641,,,,0.35096064814814815,missing
2503.20672,,,,0.32989583333333333,missing
2503.20731,,,,0.2831018518518518,missing
2503.20756,,,,0.2600810185185185,missing
2503.20757,,,,0.25962962962962965,missing
2503.20776,,,,1.2525925925925927,missing
2503.20783,2025-03-26T17:59:14Z,2025-03-26 17:59:14+00:00,7.250532407407407,7.250532407407407,arxiv_meta_enrichment
2503.20785,2025-03-26T17:59:44Z,,4.2501851851851855,4.2501851851851855,arxiv_meta_enrichment
2503.20822,,,,1.9686689814814815,missing
2503.20853,,,,1.2501041666666666,missing
2503.20990,,,,1.119548611111111,missing
2503.21088,,,,0.9142939814814814,missing
2503.21144,2025-03-27T04:18:53Z,,0.8202199074074074,0.8202199074074074,arxiv_meta_enrichment
2503.21248,2025-03-27T08:09:15Z,,0.6602430555555555,0.6602430555555555,arxiv_meta_enrichment
2503.21332,,,,3.5752199074074076,missing
2503.21380,,,,0.5275810185185185,missing
2503.21460,,,,0.4650810185185185,missing
2503.21541,,,,0.39424768518518516,missing
2503.21544,,,,3.3927314814814813,missing
2503.21614,2025-03-27T15:36:30Z,,3.3496527777777776,3.3496527777777776,arxiv_meta_enrichment
2503.21620,,,,0.34756944444444443,missing
2503.21694,,,,4.2921875,missing
2503.21696,2025-03-27T17:00:51Z,,0.29107638888888887,0.29107638888888887,arxiv_meta_enrichment
2503.21729,,,,0.26090277777777776,missing
2503.21732,,,,3.259236111111111,missing
2503.21749,2025-03-27T17:56:15Z,,0.2526041666666667,0.2526041666666667,arxiv_meta_enrichment
2503.21751,,,,3.2525,missing
2503.21755,2025-03-27T17:57:01Z,,0.25207175925925923,0.25207175925925923,arxiv_meta_enrichment
2503.21758,2025-03-27T17:57:07Z,,0.25200231481481483,0.25200231481481483,arxiv_meta_enrichment
2503.21765,,,,0.25100694444444444,missing
2503.21774,,,,0.25016203703703704,missing
2503.21776,,,,0.2501041666666667,missing
2503.21779,,,,3.2500347222222223,missing
2503.21780,,,,0.25002314814814813,missing
2503.21821,2025-03-26T06:21:56Z,,4.734768518518519,4.734768518518519,arxiv_meta_enrichment
2503.21851,,,,3.289375,missing
2503.21860,,,,5.256597222222222,missing
2503.22165,2025-03-28T06:09:51Z,,4.743159722222222,4.743159722222222,arxiv_meta_enrichment
2503.22194,2025-03-28T07:23:12Z,,2.692222222222222,2.692222222222222,arxiv_meta_enrichment
2503.22230,,,,2.648136574074074,missing
2503.22236,,,,2.6393518518518517,missing
2503.22268,2025-03-28T09:34:11Z,,2.601261574074074,2.601261574074074,arxiv_meta_enrichment
2503.22329,,,,2.5357175925925928,missing
2503.22444,,,,6.416354166666666,missing
2503.22622,2025-03-28T17:14:48Z,,2.281388888888889,2.281388888888889,arxiv_meta_enrichment
2503.22625,,,,2.2792013888888887,missing
2503.22655,2025-03-28T17:43:00Z,,3.2618055555555556,3.2618055555555556,arxiv_meta_enrichment
2503.22668,,,,3.2528703703703705,missing
2503.22673,,,,3.2510069444444443,missing
2503.22675,2025-03-28T17:59:03Z,,2.250659722222222,2.250659722222222,arxiv_meta_enrichment
2503.22677,,,,3.2500810185185185,missing
2503.22738,,,,11.250925925925927,missing
2503.22879,,,,5.117604166666666,missing
2503.22952,,,,3.884050925925926,missing
2503.23022,,,,2.609837962962963,missing
2503.23077,2025-03-29T13:27:46Z,,2.439050925925926,2.439050925925926,arxiv_meta_enrichment
2503.23135,,,,4.332708333333334,missing
2503.23145,2025-03-29T16:50:39Z,,3.298159722222222,3.298159722222222,arxiv_meta_enrichment
2503.23157,,,,3.2711805555555555,missing
2503.23162,,,,5.2660532407407405,missing
2503.23284,,,,1.8860069444444445,missing
2503.23307,,,,1.817951388888889,missing
2503.23361,,,,2.643101851851852,missing
2503.23368,2025-03-30T09:03:09Z,,3.6228125,3.6228125,arxiv_meta_enrichment
2503.23377,2025-03-30T09:40:42Z,,4.596736111111111,4.596736111111111,arxiv_meta_enrichment
2503.23434,2025-03-30T13:26:00Z,,2.4402777777777778,2.4402777777777778,arxiv_meta_enrichment
2503.23461,,,,1.3910300925925927,missing
2503.23542,,,,4.247314814814815,missing
2503.23573,,,,3.1769791666666665,missing
2503.23730,,,,0.788599537037037,missing
2503.23733,,,,1.7826157407407408,missing
2503.23798,,,,2.693773148148148,missing
2503.23829,2025-03-31T08:22:49Z,,0.6508217592592592,0.6508217592592592,arxiv_meta_enrichment
2503.23913,,,,0.5801504629629629,missing
2503.24067,,,,6.44,missing
2503.24115,,,,0.41230324074074076,missing
2503.24210,,,,1.3561689814814815,missing
2503.24219,,,,1.349525462962963,missing
2503.24235,2025-03-31T15:46:15Z,,0.3428819444444444,0.3428819444444444,arxiv_meta_enrichment
2503.24290,,,,0.308275462962963,missing
2503.24310,,,,6.2938425925925925,missing
2503.24364,,,,0.2613888888888889,missing
2503.24370,,,,0.25679398148148147,missing
2503.24376,,,,1.2532060185185185,missing
2503.24377,2025-03-31T17:58:07Z,,1.2513078703703704,1.2513078703703704,arxiv_meta_enrichment
2503.24379,2025-03-31T17:59:01Z,,1.2506828703703703,1.2506828703703703,arxiv_meta_enrichment
2503.24388,2025-03-31T17:59:52Z,,0.2500925925925926,0.2500925925925926,arxiv_meta_enrichment
2503.24391,,,,0.25002314814814813,missing
2504.00043,,,,9.164166666666667,missing
2504.00050,,,,1.9035763888888888,missing
2504.00072,,,,1.2628587962962963,missing
2504.00294,,,,1.0135648148148149,missing
2504.00396,,,,5.848958333333333,missing
2504.00406,,,,1.8298263888888888,missing
2504.00502,2025-04-01T07:47:55Z,,2.6750578703703702,2.6750578703703702,arxiv_meta_enrichment
2504.00509,,,,0.6680787037037037,missing
2504.00557,,,,0.6176851851851852,missing
2504.00595,,,,0.5875,missing
2504.00698,2025-04-01T12:08:07Z,,0.4943634259259259,0.4943634259259259,arxiv_meta_enrichment
2504.00810,,,,0.4153935185185185,missing
2504.00824,2025-04-01T14:12:14Z,,1.4081712962962962,1.4081712962962962,arxiv_meta_enrichment
2504.00869,,,,0.37658564814814816,missing
2504.00883,2025-04-01T15:11:11Z,,1.3672337962962964,1.3672337962962964,arxiv_meta_enrichment
2504.00891,,,,2.360358796296296,missing
2504.00906,2025-04-01T15:40:27Z,,0.3469097222222222,0.3469097222222222,arxiv_meta_enrichment
2504.00927,2025-04-01T15:59:32Z,,0.3336574074074074,0.3336574074074074,arxiv_meta_enrichment
2504.00939,,,,2.3178819444444443,missing
2504.00999,,,,1.264363425925926,missing
2504.01005,,,,0.26253472222222224,missing
2504.01014,,,,1.251875,missing
2504.01016,2025-04-01T17:58:03Z,,0.25135416666666666,0.25135416666666666,arxiv_meta_enrichment
2504.01017,,,,0.25052083333333336,missing
2504.01019,2025-04-01T17:59:44Z,,0.2501851851851852,0.2501851851851852,arxiv_meta_enrichment
2504.01201,,,,1.1013773148148147,missing
2504.01204,,,,1.0986458333333333,missing
2504.01308,,,,0.8921412037037038,missing
2504.01328,,,,4.857662037037037,missing
2504.01724,2025-04-02T13:30:32Z,,0.43712962962962965,0.43712962962962965,arxiv_meta_enrichment
2504.01786,,,,11.380729166666667,missing
2504.01833,,,,-0.6530555555555555,missing
2504.01848,,,,0.33652777777777776,missing
2504.01871,,,,1.3164004629629629,missing
2504.01883,,,,11.305057870370371,missing
2504.01934,2025-04-02T17:45:00Z,,0.2604166666666667,0.2604166666666667,arxiv_meta_enrichment
2504.01943,2025-04-02T17:50:31Z,,1.256585648148148,1.256585648148148,arxiv_meta_enrichment
2504.01955,,,,1.2508564814814815,missing
2504.01956,2025-04-02T17:59:21Z,,0.2504513888888889,0.2504513888888889,arxiv_meta_enrichment
2504.01990,,,,3.2496643518518518,missing
2504.02012,,,,1.756724537037037,missing
2504.02119,,,,1.1434375,missing
2504.02154,2025-04-02T22:03:11Z,2025-04-02 22:03:11+00:00,1.0811226851851852,1.0811226851851852,arxiv_meta_enrichment
2504.02160,,,,6.069201388888889,missing
2504.02398,2025-04-03T08:46:56Z,,0.6340740740740741,0.6340740740740741,arxiv_meta_enrichment
2504.02402,,,,3.6310532407407408,missing
2504.02436,2025-04-03T09:50:50Z,,0.5896990740740741,0.5896990740740741,arxiv_meta_enrichment
2504.02495,2025-04-03T11:19:49Z,,0.5279050925925926,0.5279050925925926,arxiv_meta_enrichment
2504.02507,2025-04-03T11:41:55Z,,0.5125578703703704,0.5125578703703704,arxiv_meta_enrichment
2504.02534,,,,3.4742592592592594,missing
2504.02542,,,,0.4689699074074074,missing
2504.02587,2025-04-03T13:53:28Z,,0.4212037037037037,0.4212037037037037,arxiv_meta_enrichment
2504.02605,2025-04-03T14:06:17Z,,3.4123032407407408,3.4123032407407408,arxiv_meta_enrichment
2504.02782,,,,0.27550925925925923,missing
2504.02792,,,,5.264594907407408,missing
2504.02807,2025-04-03T17:52:07Z,,3.255474537037037,3.255474537037037,arxiv_meta_enrichment
2504.02810,,,,5.253958333333333,missing
2504.02812,,,,4.253252314814815,missing
2504.02821,,,,0.2509837962962963,missing
2504.02826,2025-04-03T17:59:56Z,,0.2500462962962963,0.2500462962962963,arxiv_meta_enrichment
2504.02828,,,,4.2500231481481485,missing
2504.02882,,,,5.758703703703704,missing
2504.02949,2025-04-03T18:06:28Z,,3.245509259259259,3.245509259259259,arxiv_meta_enrichment
2504.03011,,,,3.1591435185185186,missing
2504.03151,,,,3.8299074074074073,missing
2504.03193,,,,3.7605902777777778,missing
2504.03536,,,,2.350532407407407,missing
2504.03553,2025-04-04T16:03:38Z,,2.330810185185185,2.330810185185185,arxiv_meta_enrichment
2504.03561,2025-04-04T16:10:57Z,,2.3257291666666666,2.3257291666666666,arxiv_meta_enrichment
2504.03597,,,,2.2875462962962962,missing
2504.03600,,,,2.282210648148148,missing
2504.03601,2025-04-04T17:13:57Z,,2.2819791666666664,2.2819791666666664,arxiv_meta_enrichment
2504.03641,,,,2.2500578703703704,missing
2504.03755,,,,6.740810185185185,missing
2504.03767,,,,12.093032407407408,missing
2504.03770,,,,4.791342592592593,missing
2504.03790,,,,3.971064814814815,missing
2504.03875,,,,3.208553240740741,missing
2504.03886,,,,5.194675925925926,missing
2504.03947,,,,3.1056944444444445,missing
2504.03964,,,,3.073472222222222,missing
2504.04010,,,,4.944606481481482,missing
2504.04022,,,,2.8999189814814814,missing
2504.04152,,,,2.4924189814814817,missing
2504.04155,,,,2.4784953703703705,missing
2504.04715,,,,0.8349421296296297,missing
2504.04718,2025-04-07T04:01:17Z,,0.8324421296296296,0.8324421296296296,arxiv_meta_enrichment
2504.04823,,,,0.6508680555555556,missing
2504.04842,2025-04-07T08:56:01Z,,2.6277662037037035,2.6277662037037035,arxiv_meta_enrichment
2504.04974,2025-04-07T12:01:59Z,,3.498622685185185,3.498622685185185,arxiv_meta_enrichment
2504.05118,2025-04-07T14:21:11Z,,0.40195601851851853,0.40195601851851853,arxiv_meta_enrichment
2504.05262,,,,6.293634259259259,missing
2504.05287,,,,2.2650578703703705,missing
2504.05288,,,,0.264224537037037,missing
2504.05298,2025-04-07T17:56:31Z,,0.2524189814814815,0.2524189814814815,arxiv_meta_enrichment
2504.05299,2025-04-07T17:58:57Z,,0.25072916666666667,0.25072916666666667,arxiv_meta_enrichment
2504.05303,,,,6.2503125,missing
2504.05304,,,,0.2502083333333333,missing
2504.05305,2025-04-07T17:59:44Z,,0.2501851851851852,0.2501851851851852,arxiv_meta_enrichment
2504.05410,,,,2.2289583333333334,missing
2504.05506,2025-04-07T21:05:06Z,,10.121458333333333,10.121458333333333,arxiv_meta_enrichment
2504.05520,,,,1.1031134259259259,missing
2504.05523,,,,2.089212962962963,missing
2504.05535,2025-04-07T22:15:51Z,,1.072326388888889,1.072326388888889,arxiv_meta_enrichment
2504.05541,,,,2.058611111111111,missing
2504.05579,,,,2.9800694444444447,missing
2504.05594,,,,0.9563657407407408,missing
2504.05599,,,,0.9449074074074074,missing
2504.05741,2025-04-08T07:17:45Z,,1.6960069444444446,1.6960069444444446,arxiv_meta_enrichment
2504.05782,,,,6.6618865740740745,missing
2504.05897,,,,0.5502662037037037,missing
2504.05979,2025-04-08T12:34:36Z,,0.47597222222222224,0.47597222222222224,arxiv_meta_enrichment
2504.06122,,,,0.3642824074074074,missing
2504.06148,,,,0.3451273148148148,missing
2504.06232,,,,0.27037037037037037,missing
2504.06261,,,,0.2502199074074074,missing
2504.06263,2025-04-08T17:59:49Z,,0.2501273148148148,0.2501273148148148,arxiv_meta_enrichment
2504.06514,2025-04-09T01:25:27Z,,0.9406597222222223,0.9406597222222223,arxiv_meta_enrichment
2504.06719,,,,0.6112384259259259,missing
2504.06752,,,,1.5727430555555555,missing
2504.06801,,,,1.5084722222222222,missing
2504.06908,,,,4.409131944444445,missing
2504.06947,,,,0.37916666666666665,missing
2504.06949,,,,6.3764467592592595,missing
2504.06958,,,,0.3684375,missing
2504.07046,2025-04-09T17:04:14Z,,0.2887268518518519,0.2887268518518519,arxiv_meta_enrichment
2504.07079,,,,-0.7443287037037037,missing
2504.07081,2025-04-09T17:54:22Z,,0.253912037037037,0.253912037037037,arxiv_meta_enrichment
2504.07083,2025-04-09T17:56:01Z,,0.25276620370370373,0.25276620370370373,arxiv_meta_enrichment
2504.07086,,,,0.2511921296296296,missing
2504.07089,,,,0.2507175925925926,missing
2504.07092,,,,0.2506365740740741,missing
2504.07096,2025-04-09T17:59:35Z,,0.25028935185185186,0.25028935185185186,arxiv_meta_enrichment
2504.07128,,,,8.974907407407407,missing
2504.07405,,,,3.8761342592592594,missing
2504.07491,,,,0.7163657407407408,missing
2504.07615,,,,3.5796875,missing
2504.07830,,,,0.3702083333333333,missing
2504.07866,,,,3.3459375,missing
2504.07891,,,,3.3296412037037038,missing
2504.07934,,,,0.2575810185185185,missing
2504.07943,2025-04-10T17:53:31Z,,0.25450231481481483,0.25450231481481483,arxiv_meta_enrichment
2504.07951,2025-04-10T17:57:28Z,,0.25175925925925924,0.25175925925925924,arxiv_meta_enrichment
2504.07956,2025-04-10T17:59:03Z,,0.2506597222222222,0.2506597222222222,arxiv_meta_enrichment
2504.07957,2025-04-10T17:59:12Z,,0.25055555555555553,0.25055555555555553,arxiv_meta_enrichment
2504.07959,,,,7.250335648148148,missing
2504.07960,,,,0.2502083333333333,missing
2504.07961,,,,0.25005787037037036,missing
2504.07963,2025-04-10T17:59:56Z,,3.250046296296296,3.250046296296296,arxiv_meta_enrichment
2504.07964,2025-04-10T17:59:56Z,,0.2500462962962963,0.2500462962962963,arxiv_meta_enrichment
2504.08003,2025-04-09T16:10:15Z,,5.326215277777778,5.326215277777778,arxiv_meta_enrichment
2504.08066,2025-04-10T18:44:41Z,,4.218969907407407,4.218969907407407,arxiv_meta_enrichment
2504.08120,,,,4.139375,missing
2504.08192,,,,2.9416319444444445,missing
2504.08366,,,,2.624201388888889,missing
2504.08388,,,,2.5964814814814816,missing
2504.08591,2025-04-11T14:49:52Z,,2.382037037037037,2.382037037037037,arxiv_meta_enrichment
2504.08600,,,,2.3739583333333334,missing
2504.08635,,,,2.348773148148148,missing
2504.08641,,,,2.3460300925925925,missing
2504.08672,2025-04-11T16:26:23Z,,4.315011574074074,4.315011574074074,arxiv_meta_enrichment
2504.08685,2025-04-11T16:46:20Z,,2.3011574074074073,2.3011574074074073,arxiv_meta_enrichment
2504.08716,,,,2.271122685185185,missing
2504.08727,,,,2.252951388888889,missing
2504.08736,2025-04-11T17:59:58Z,,2.250023148148148,2.250023148148148,arxiv_meta_enrichment
2504.08791,,,,7.426145833333333,missing
2504.08837,2025-04-10T17:41:56Z,,4.262546296296296,4.262546296296296,arxiv_meta_enrichment
2504.08846,,,,4.93988425925926,missing
2504.08902,,,,10.241655092592593,missing
2504.08942,2025-04-11T19:49:22Z,,3.174050925925926,3.174050925925926,arxiv_meta_enrichment
2504.09048,,,,4.91255787037037,missing
2504.09081,,,,4.801527777777777,missing
2504.09130,,,,2.640625,missing
2504.09228,,,,5.411921296296296,missing
2504.09346,,,,4.103217592592593,missing
2504.09454,,,,2.7267592592592593,missing
2504.09513,,,,1.5587384259259258,missing
2504.09518,,,,1.5341782407407407,missing
2504.09522,,,,1.5242592592592592,missing
2504.09566,,,,3.4335532407407405,missing
2504.09621,,,,7.346238425925926,missing
2504.09641,,,,1.3105439814814814,missing
2504.09643,2025-04-13T16:34:17Z,,1.309525462962963,1.309525462962963,arxiv_meta_enrichment
2504.09689,,,,1.2171064814814814,missing
2504.09702,2025-04-13T19:35:43Z,,3.1835300925925925,3.1835300925925925,arxiv_meta_enrichment
2504.09710,,,,1.1594097222222222,missing
2504.09763,,,,0.9952777777777778,missing
2504.09858,,,,0.8275925925925925,missing
2504.09925,2025-04-14T06:33:29Z,,0.7267476851851852,0.7267476851851852,arxiv_meta_enrichment
2504.10049,,,,1.5867939814814815,missing
2504.10068,2025-04-14T10:14:44Z,,0.5731018518518518,0.5731018518518518,arxiv_meta_enrichment
2504.10127,2025-04-14T11:35:02Z,,0.517337962962963,0.517337962962963,arxiv_meta_enrichment
2504.10157,2025-04-14T12:12:52Z,,0.4910648148148148,0.4910648148148148,arxiv_meta_enrichment
2504.10188,,,,1.4699421296296296,missing
2504.10277,,,,1.3856365740740741,missing
2504.10326,2025-04-14T15:34:26Z,,2.351087962962963,2.351087962962963,arxiv_meta_enrichment
2504.10337,,,,1.342673611111111,missing
2504.10342,,,,1.3398263888888888,missing
2504.10368,2025-04-14T16:13:23Z,,0.32403935185185184,0.32403935185185184,arxiv_meta_enrichment
2504.10415,,,,0.2915162037037037,missing
2504.10419,,,,9.286817129629629,missing
2504.10430,,,,0.27738425925925925,missing
2504.10443,,,,1.267986111111111,missing
2504.10449,,,,0.2649884259259259,missing
2504.10462,,,,1.256712962962963,missing
2504.10465,2025-04-14T17:52:22Z,,1.255300925925926,1.255300925925926,arxiv_meta_enrichment
2504.10471,2025-04-14T17:54:28Z,,0.2538425925925926,0.2538425925925926,arxiv_meta_enrichment
2504.10479,2025-04-14T17:59:25Z,,0.2504050925925926,0.2504050925925926,arxiv_meta_enrichment
2504.10481,2025-04-14T17:59:36Z,,1.2502777777777778,1.2502777777777778,arxiv_meta_enrichment
2504.10483,2025-04-14T17:59:53Z,,2.2500810185185185,2.2500810185185185,arxiv_meta_enrichment
2504.10514,2025-04-10T16:36:26Z,,6.308032407407407,6.308032407407407,arxiv_meta_enrichment
2504.10559,,,,1.379212962962963,missing
2504.10642,,,,7.214155092592593,missing
2504.10766,2025-04-14T23:53:47Z,,1.0043171296296296,1.0043171296296296,arxiv_meta_enrichment
2504.10823,,,,5.878981481481482,missing
2504.10903,2025-04-15T06:28:00Z,,0.7305555555555555,0.7305555555555555,arxiv_meta_enrichment
2504.11001,,,,0.6122569444444445,missing
2504.11042,,,,0.5780902777777778,missing
2504.11080,,,,0.5241898148148149,missing
2504.11092,,,,1.5151157407407407,missing
2504.11326,,,,0.33140046296296294,missing
2504.11343,,,,0.3228935185185185,missing
2504.11346,,,,0.32005787037037037,missing
2504.11393,,,,0.29010416666666666,missing
2504.11409,,,,0.27327546296296296,missing
2504.11427,,,,0.2645023148148148,missing
2504.11442,2025-04-15T17:55:20Z,,0.25324074074074077,0.25324074074074077,arxiv_meta_enrichment
2504.11447,,,,0.2519328703703704,missing
2504.11455,,,,0.25016203703703704,missing
2504.11456,,,,0.2501041666666667,missing
2504.11457,,,,0.25006944444444446,missing
2504.11468,2025-04-10T16:54:05Z,,6.295775462962963,6.295775462962963,arxiv_meta_enrichment
2504.11536,2025-04-15T18:10:22Z,,1.2428009259259258,1.2428009259259258,arxiv_meta_enrichment
2504.11544,2025-04-15T18:24:00Z,,5.233333333333333,5.233333333333333,arxiv_meta_enrichment
2504.11651,,,,2.0565046296296297,missing
2504.11703,,,,6.917592592592593,missing
2504.11833,,,,4.676967592592592,missing
2504.11919,,,,7.586412037037037,missing
2504.11952,,,,0.5628472222222223,missing
2504.12080,,,,11.429178240740741,missing
2504.12083,,,,4.427824074074074,missing
2504.12157,,,,1.3720601851851852,missing
2504.12186,,,,5.347048611111111,missing
2504.12240,,,,0.3018634259259259,missing
2504.12264,,,,0.27644675925925927,missing
2504.12285,,,,0.2557523148148148,missing
2504.12322,2025-04-11T06:13:43Z,,6.740474537037037,6.740474537037037,arxiv_meta_enrichment
2504.12364,,,,1.3682291666666666,missing
2504.12369,2025-04-16T17:59:30Z,,1.2503472222222223,1.2503472222222223,arxiv_meta_enrichment
2504.12395,,,,1.2486226851851852,missing
2504.12563,,,,0.9407986111111111,missing
2504.12626,2025-04-17T04:02:31Z,,0.8315856481481482,0.8315856481481482,arxiv_meta_enrichment
2504.12782,,,,0.6045138888888889,missing
2504.13055,2025-04-17T16:10:13Z,,0.32623842592592595,0.32623842592592595,arxiv_meta_enrichment
2504.13072,,,,3.3099652777777777,missing
2504.13079,,,,0.30126157407407406,missing
2504.13099,,,,4.285983796296296,missing
2504.13122,2025-04-17T17:39:41Z,2025-04-17 17:39:41+00:00,0.2641087962962963,0.2641087962962963,arxiv_meta_enrichment
2504.13128,,,,-0.7389583333333334,missing
2504.13143,,,,0.25556712962962963,missing
2504.13145,,,,0.2542361111111111,missing
2504.13146,2025-04-17T17:54:14Z,,0.2540046296296296,0.2540046296296296,arxiv_meta_enrichment
2504.13157,2025-04-17T17:57:05Z,,3.252025462962963,3.252025462962963,arxiv_meta_enrichment
2504.13161,,,,0.25123842592592593,missing
2504.13162,2025-04-17T17:58:26Z,,5.251087962962963,5.251087962962963,arxiv_meta_enrichment
2504.13169,2025-04-17T17:59:22Z,,0.2504398148148148,0.2504398148148148,arxiv_meta_enrichment
2504.13171,,,,0.2504050925925926,missing
2504.13173,,,,3.2503125,missing
2504.13180,,,,0.2500462962962963,missing
2504.13181,2025-04-17T17:59:57Z,,0.2500347222222222,0.2500347222222222,arxiv_meta_enrichment
2504.13203,2025-04-15T16:11:28Z,,6.32537037037037,6.32537037037037,arxiv_meta_enrichment
2504.13263,,,,6.246076388888889,missing
2504.13359,,,,3.084386574074074,missing
2504.13367,2025-04-17T22:16:30Z,,4.071875,4.071875,arxiv_meta_enrichment
2504.13519,,,,2.697604166666667,missing
2504.13626,,,,2.536585648148148,missing
2504.13677,,,,2.4488194444444447,missing
2504.13805,,,,3.2822453703703705,missing
2504.13816,2025-04-18T17:44:12Z,,2.260972222222222,2.260972222222222,arxiv_meta_enrichment
2504.13820,,,,4.256446759259259,missing
2504.13828,2025-04-18T17:55:58Z,,2.252800925925926,2.252800925925926,arxiv_meta_enrichment
2504.13835,2025-04-18T17:59:46Z,,2.250162037037037,2.250162037037037,arxiv_meta_enrichment
2504.13837,,,,2.250046296296296,missing
2504.13941,,,,6.099155092592593,missing
2504.13958,,,,5.09337962962963,missing
2504.14032,,,,3.217962962962963,missing
2504.14239,,,,2.6070023148148147,missing
2504.14396,2025-04-19T19:59:11Z,,2.1672337962962964,2.1672337962962964,arxiv_meta_enrichment
2504.14509,,,,3.7131944444444445,missing
2504.14538,2025-04-20T08:56:27Z,,2.6274652777777776,2.6274652777777776,arxiv_meta_enrichment
2504.14603,2025-04-20T13:04:43Z,,1.4550578703703703,1.4550578703703703,arxiv_meta_enrichment
2504.14655,2025-04-20T15:28:16Z,,1.3553703703703703,1.3553703703703703,arxiv_meta_enrichment
2504.14717,,,,1.2015856481481482,missing
2504.14735,,,,2.129884259259259,missing
2504.14738,,,,1.1219560185185184,missing
2504.14870,,,,0.7638310185185185,missing
2504.14899,2025-04-21T07:10:41Z,,0.7009143518518518,0.7009143518518518,arxiv_meta_enrichment
2504.14945,2025-04-21T08:09:13Z,,0.6602662037037037,0.6602662037037037,arxiv_meta_enrichment
2504.14977,,,,1.6185069444444444,missing
2504.14992,2025-04-21T09:41:26Z,,1.5962268518518519,1.5962268518518519,arxiv_meta_enrichment
2504.15047,,,,0.4965625,missing
2504.15120,,,,1.4045717592592593,missing
2504.15133,2025-04-21T14:33:55Z,,0.3931134259259259,0.3931134259259259,arxiv_meta_enrichment
2504.15217,,,,0.30439814814814814,missing
2504.15254,,,,2.2683680555555554,missing
2504.15257,,,,0.266875,missing
2504.15266,,,,0.25849537037037035,missing
2504.15270,,,,0.2518402777777778,missing
2504.15271,,,,0.25175925925925924,missing
2504.15279,2025-04-21T17:59:53Z,,2.2500810185185185,2.2500810185185185,arxiv_meta_enrichment
2504.15280,,,,0.2500810185185185,missing
2504.15281,,,,0.25005787037037036,missing
2504.15376,2025-04-21T18:34:57Z,,6.2257291666666665,6.2257291666666665,arxiv_meta_enrichment
2504.15415,2025-04-21T19:53:44Z,,1.1710185185185185,1.1710185185185185,arxiv_meta_enrichment
2504.15431,,,,2.1286574074074074,missing
2504.15466,2025-04-21T22:29:02Z,,1.0631712962962963,1.0631712962962963,arxiv_meta_enrichment
2504.15485,,,,1.0147800925925925,missing
2504.15521,2025-04-22T01:47:37Z,,0.9252662037037037,0.9252662037037037,arxiv_meta_enrichment
2504.15524,,,,0.9161921296296296,missing
2504.15585,,,,1.7897106481481482,missing
2504.15681,,,,0.6633680555555556,missing
2504.15707,,,,1.6333449074074073,missing
2504.15716,,,,5.624259259259259,missing
2504.15777,,,,1.5569444444444445,missing
2504.15780,,,,6.5518171296296295,missing
2504.15785,,,,0.5427430555555556,missing
2504.15843,,,,1.4725694444444444,missing
2504.15921,,,,2.412488425925926,missing
2504.16030,,,,0.29711805555555554,missing
2504.16046,,,,7.27994212962963,missing
2504.16064,,,,2.2627083333333333,missing
2504.16072,2025-04-22T17:51:41Z,,0.25577546296296294,0.25577546296296294,arxiv_meta_enrichment
2504.16074,2025-04-22T17:53:29Z,,1.254525462962963,1.254525462962963,arxiv_meta_enrichment
2504.16078,2025-04-22T17:57:14Z,,0.2519212962962963,0.2519212962962963,arxiv_meta_enrichment
2504.16080,,,,0.2513078703703704,missing
2504.16082,,,,0.2502199074074074,missing
2504.16083,,,,6.250104166666667,missing
2504.16084,2025-04-22T17:59:56Z,,0.2500462962962963,0.2500462962962963,arxiv_meta_enrichment
2504.16145,,,,1.4665277777777779,missing
2504.16272,,,,7.118368055555556,missing
2504.16427,2025-04-23T05:25:13Z,,4.774155092592593,4.774155092592593,arxiv_meta_enrichment
2504.16511,2025-04-23T08:36:50Z,,1.6410879629629629,1.6410879629629629,arxiv_meta_enrichment
2504.16656,2025-04-23T12:24:10Z,,4.483217592592593,4.483217592592593,arxiv_meta_enrichment
2504.16801,,,,0.3604976851851852,missing
2504.16828,2025-04-23T15:44:54Z,,1.3438194444444445,1.3438194444444445,arxiv_meta_enrichment
2504.16891,2025-04-23T17:13:04Z,2025-04-23 17:13:04+00:00,0.2825925925925926,0.2825925925925926,arxiv_meta_enrichment
2504.16915,2025-04-23T17:41:44Z,,0.2626851851851852,0.2626851851851852,arxiv_meta_enrichment
2504.16921,,,,1.2580439814814814,missing
2504.16929,2025-04-23T17:59:01Z,,0.25068287037037035,0.25068287037037035,arxiv_meta_enrichment
2504.17025,2025-04-23T18:12:27Z,,4.2413541666666665,4.2413541666666665,arxiv_meta_enrichment
2504.17040,,,,1.2234027777777778,missing
2504.17069,,,,1.1847453703703703,missing
2504.17192,2025-04-24T01:57:01Z,,0.9187384259259259,0.9187384259259259,arxiv_meta_enrichment
2504.17207,2025-04-24T02:41:34Z,,0.887800925925926,0.887800925925926,arxiv_meta_enrichment
2504.17258,,,,4.7709375,missing
2504.17343,,,,0.6668287037037037,missing
2504.17414,2025-04-24T10:12:40Z,,0.5745370370370371,0.5745370370370371,arxiv_meta_enrichment
2504.17432,2025-04-24T10:51:52Z,,0.5473148148148148,0.5473148148148148,arxiv_meta_enrichment
2504.17502,2025-04-24T12:44:51Z,,0.4688541666666667,0.4688541666666667,arxiv_meta_enrichment
2504.17601,,,,0.398125,missing
2504.17670,,,,0.3476851851851852,missing
2504.17761,2025-04-24T17:25:12Z,,0.27416666666666667,0.27416666666666667,arxiv_meta_enrichment
2504.17768,,,,3.2642939814814813,missing
2504.17788,,,,0.2500462962962963,missing
2504.17789,,,,0.2500462962962963,missing
2504.17816,,,,4.71630787037037,missing
2504.17821,2025-04-23T13:47:30Z,,4.425347222222222,4.425347222222222,arxiv_meta_enrichment
2504.17838,,,,5.252766203703704,missing
2504.18087,,,,4.771979166666667,missing
2504.18225,,,,2.5714814814814817,missing
2504.18373,,,,11.40431712962963,missing
2504.18415,2025-04-25T15:17:52Z,,2.3625925925925926,2.3625925925925926,arxiv_meta_enrichment
2504.18425,2025-04-25T15:31:46Z,,2.352939814814815,2.352939814814815,arxiv_meta_enrichment
2504.18589,,,,4.738449074074074,missing
2504.18715,,,,6.084074074074074,missing
2504.18738,,,,4.022615740740741,missing
2504.18904,,,,4.478425925925926,missing
2504.18919,2025-04-26T13:32:49Z,,2.4355439814814814,2.4355439814814814,arxiv_meta_enrichment
2504.18942,,,,3.3736689814814813,missing
2504.18983,,,,5.252129629629629,missing
2504.19043,,,,4.058356481481481,missing
2504.19056,2025-04-27T00:09:31Z,,3.9933912037037036,3.9933912037037036,arxiv_meta_enrichment
2504.19062,,,,1.9582638888888888,missing
2504.19093,2025-04-27T03:41:17Z,,1.8463310185185184,1.8463310185185184,arxiv_meta_enrichment
2504.19144,,,,1.6688773148148148,missing
2504.19162,2025-04-27T08:45:06Z,,1.6353472222222223,1.6353472222222223,arxiv_meta_enrichment
2504.19314,,,,11.26894675925926,missing
2504.19394,,,,4.000243055555556,missing
2504.19395,,,,0.9961921296296297,missing
2504.19413,,,,0.9259837962962963,missing
2504.19720,,,,2.4902546296296295,missing
2504.19724,2025-04-28T12:19:53Z,,0.48619212962962965,0.48619212962962965,arxiv_meta_enrichment
2504.19838,2025-04-28T14:39:25Z,,0.3892939814814815,0.3892939814814815,arxiv_meta_enrichment
2504.19854,,,,0.38363425925925926,missing
2504.20073,,,,5.251990740740741,missing
2504.20114,,,,1.9190856481481482,missing
2504.20157,,,,1.2482060185185184,missing
2504.20406,,,,2.8308217592592593,missing
2504.20438,2025-04-29T05:28:36Z,,5.771805555555556,5.771805555555556,arxiv_meta_enrichment
2504.20571,,,,0.6079861111111111,missing
2504.20595,,,,0.5906481481481481,missing
2504.20605,,,,2.5725925925925925,missing
2504.20630,,,,0.5439351851851851,missing
2504.20690,,,,0.4897337962962963,missing
2504.20708,2025-04-29T12:39:07Z,,1.4728356481481482,1.4728356481481482,arxiv_meta_enrichment
2504.20734,2025-04-29T13:18:58Z,,0.44516203703703705,0.44516203703703705,arxiv_meta_enrichment
2504.20752,,,,6.4350810185185185,missing
2504.20769,,,,0.42355324074074074,missing
2504.20859,,,,5.351851851851852,missing
2504.20879,2025-04-29T15:48:49Z,,0.34109953703703705,0.34109953703703705,arxiv_meta_enrichment
2504.20966,2025-04-29T17:36:18Z,,1.2664583333333332,1.2664583333333332,arxiv_meta_enrichment
2504.20995,,,,0.2503472222222222,missing
2504.20996,,,,0.25017361111111114,missing
2504.20998,,,,0.2500347222222222,missing
2504.21039,2025-04-28T08:41:12Z,,2.6380555555555554,2.6380555555555554,arxiv_meta_enrichment
2504.21117,2025-04-29T18:56:12Z,,5.210972222222222,5.210972222222222,arxiv_meta_enrichment
2504.21233,2025-04-30T00:04:35Z,,0.9968171296296297,0.9968171296296297,arxiv_meta_enrichment
2504.21318,2025-04-30T05:05:09Z,,0.7880902777777777,0.7880902777777777,arxiv_meta_enrichment
2504.21336,,,,0.7556944444444444,missing
2504.21467,,,,11.595393518518518,missing
2504.21475,,,,13.585694444444444,missing
2504.21635,2025-04-30T13:37:24Z,,0.4323611111111111,0.4323611111111111,arxiv_meta_enrichment
2504.21650,,,,6.419814814814814,missing
2504.21659,,,,1.4154513888888889,missing
2504.21776,2025-04-30T16:25:25Z,,0.31568287037037035,0.31568287037037035,arxiv_meta_enrichment
2504.21798,,,,6.294375,missing
2504.21850,,,,0.2518287037037037,missing
2504.21853,2025-04-30T17:59:02Z,,1.2506712962962963,1.2506712962962963,arxiv_meta_enrichment
2504.21855,,,,0.2500462962962963,missing
2505.00023,,,,9.888333333333334,missing
2505.00174,,,,4.135625,missing
2505.00212,,,,6.034907407407408,missing
2505.00234,2025-05-01T00:48:12Z,,0.9665277777777778,0.9665277777777778,arxiv_meta_enrichment
2505.00358,2025-05-01T07:08:19Z,,6.70255787037037,6.70255787037037,arxiv_meta_enrichment
2505.00497,2025-05-01T12:56:17Z,,0.46091435185185187,0.46091435185185187,arxiv_meta_enrichment
2505.00534,,,,0.4163773148148148,missing
2505.00551,2025-05-01T14:28:35Z,,-0.6031828703703703,-0.6031828703703703,arxiv_meta_enrichment
2505.00562,,,,3.3888078703703703,missing
2505.00612,,,,11.344548611111112,missing
2505.00662,2025-05-01T17:03:17Z,,0.2893865740740741,0.2893865740740741,arxiv_meta_enrichment
2505.00703,2025-05-01T17:59:46Z,,0.25016203703703704,0.25016203703703704,arxiv_meta_enrichment
2505.00949,2025-05-02T01:35:35Z,,2.933622685185185,2.933622685185185,arxiv_meta_enrichment
2505.01043,,,,3.7267939814814817,missing
2505.01079,2025-05-02T07:36:49Z,,2.6827662037037037,2.6827662037037037,arxiv_meta_enrichment
2505.01441,2025-04-28T10:42:49Z,,7.553599537037037,7.553599537037037,arxiv_meta_enrichment
2505.01449,,,,7.912199074074074,missing
2505.01456,,,,4.920833333333333,missing
2505.01490,,,,2.250625,missing
2505.01548,,,,3.1944675925925927,missing
2505.01583,,,,3.1248032407407407,missing
2505.01658,2025-05-03T02:47:43Z,,2.8835300925925926,2.8835300925925926,arxiv_meta_enrichment
2505.02005,,,,1.7324768518518519,missing
2505.02094,2025-05-04T13:00:29Z,,1.4579976851851852,1.4579976851851852,arxiv_meta_enrichment
2505.02130,,,,1.3885300925925925,missing
2505.02156,2025-05-04T15:39:58Z,,1.3472453703703704,1.3472453703703704,arxiv_meta_enrichment
2505.02214,2025-05-04T18:43:44Z,,2.2196296296296296,2.2196296296296296,arxiv_meta_enrichment
2505.02222,2025-05-04T19:14:43Z,,1.1981134259259258,1.1981134259259258,arxiv_meta_enrichment
2505.02311,,,,1.926435185185185,missing
2505.02363,,,,3.795324074074074,missing
2505.02370,,,,0.7780092592592592,missing
2505.02387,,,,0.7422222222222222,missing
2505.02391,2025-05-05T06:26:00Z,,0.7319444444444444,0.7319444444444444,arxiv_meta_enrichment
2505.02393,,,,2.7268518518518516,missing
2505.02410,,,,6.705775462962963,missing
2505.02471,,,,0.6276388888888889,missing
2505.02550,,,,6.555659722222222,missing
2505.02567,2025-05-05T11:18:03Z,,2.5291319444444444,2.5291319444444444,arxiv_meta_enrichment
2505.02625,2025-05-05T12:53:09Z,,0.4630902777777778,0.4630902777777778,arxiv_meta_enrichment
2505.02686,,,,6.393182870370371,missing
2505.02707,2025-05-05T15:05:01Z,,0.3715162037037037,0.3715162037037037,arxiv_meta_enrichment
2505.02735,,,,0.34930555555555554,missing
2505.02819,2025-05-05T17:47:42Z,,0.25854166666666667,-289.0,arxiv_meta_enrichment
2505.02820,,,,2.258460648148148,missing
2505.02823,,,,0.25666666666666665,missing
2505.02835,2025-05-05T17:59:50Z,,0.2501157407407407,0.2501157407407407,arxiv_meta_enrichment
2505.02836,,,,1.250023148148148,missing
2505.02847,2025-05-01T19:06:10Z,,7.204050925925926,7.204050925925926,arxiv_meta_enrichment
2505.02872,,,,2.4418055555555553,missing
2505.02922,2025-05-05T18:01:17Z,,1.2491087962962963,1.2491087962962963,arxiv_meta_enrichment
2505.03005,2025-05-05T20:03:28Z,,1.1642592592592593,1.1642592592592593,arxiv_meta_enrichment
2505.03052,,,,1.0665972222222222,missing
2505.03105,,,,1.9237962962962962,missing
2505.03164,,,,0.8203472222222222,missing
2505.03318,2025-05-06T08:46:41Z,,0.6342476851851852,0.6342476851851852,arxiv_meta_enrichment
2505.03332,,,,13.620625,missing
2505.03335,2025-05-06T09:08:00Z,,0.6194444444444445,0.6194444444444445,arxiv_meta_enrichment
2505.03368,,,,0.5971527777777778,missing
2505.03418,,,,1.5458564814814815,missing
2505.03422,,,,2.5420949074074075,missing
2505.03538,,,,1.422951388888889,missing
2505.03570,,,,1.3959837962962962,missing
2505.03730,,,,0.25136574074074075,missing
2505.03733,,,,6.250520833333334,missing
2505.03735,2025-05-06T17:59:31Z,,0.2503356481481481,0.2503356481481481,arxiv_meta_enrichment
2505.03739,,,,0.2500810185185185,missing
2505.03821,2025-05-03T00:10:41Z,,4.992581018518519,4.992581018518519,arxiv_meta_enrichment
2505.03912,,,,1.225613425925926,missing
2505.03981,,,,2.1191319444444443,missing
2505.04066,,,,5.910462962962963,missing
2505.04110,,,,-0.16418981481481482,missing
2505.04364,2025-05-07T12:32:01Z,,0.4777662037037037,0.4777662037037037,arxiv_meta_enrichment
2505.04388,2025-05-07T13:13:14Z,,13.449143518518518,13.449143518518518,arxiv_meta_enrichment
2505.04410,,,,7.42599537037037,missing
2505.04512,2025-05-07T15:33:18Z,,0.351875,0.351875,arxiv_meta_enrichment
2505.04528,,,,0.3317824074074074,missing
2505.04588,2025-05-07T17:30:22Z,,0.2705787037037037,0.2705787037037037,arxiv_meta_enrichment
2505.04601,2025-05-07T17:48:35Z,,0.2579282407407407,0.2579282407407407,arxiv_meta_enrichment
2505.04606,,,,0.25613425925925926,missing
2505.04620,,,,1.250324074074074,missing
2505.04622,2025-05-07T17:59:46Z,,0.25016203703703704,0.25016203703703704,arxiv_meta_enrichment
2505.04769,,,,1.1758912037037037,missing
2505.04793,,,,7.138125,missing
2505.04842,,,,1.0545601851851851,missing
2505.04918,,,,4.857002314814815,missing
2505.04921,2025-05-08T03:35:23Z,,0.8504282407407407,0.8504282407407407,arxiv_meta_enrichment
2505.04955,,,,0.7690277777777778,missing
2505.05026,2025-05-08T08:00:32Z,,3.6662962962962964,3.6662962962962964,arxiv_meta_enrichment
2505.05064,,,,0.6272453703703704,missing
2505.05071,2025-05-08T09:06:53Z,,0.6202199074074074,0.6202199074074074,arxiv_meta_enrichment
2505.05288,,,,0.39640046296296294,missing
2505.05315,2025-05-08T15:01:06Z,,0.3742361111111111,0.3742361111111111,arxiv_meta_enrichment
2505.05327,,,,0.3627662037037037,missing
2505.05408,,,,0.29854166666666665,missing
2505.05464,,,,5.252511574074074,missing
2505.05467,,,,0.2516203703703704,missing
2505.05469,,,,0.2511805555555556,missing
2505.05470,,,,0.2508680555555556,missing
2505.05474,2025-05-08T17:59:54Z,,0.25006944444444446,0.25006944444444446,arxiv_meta_enrichment
2505.05587,,,,6.221087962962963,missing
2505.05621,,,,3.166539351851852,missing
2505.05678,,,,10.061539351851852,missing
2505.06027,2025-05-09T13:19:09Z,,6.445034722222222,6.445034722222222,arxiv_meta_enrichment
2505.06046,,,,2.4284837962962964,missing
2505.06111,2025-05-09T15:11:13Z,,2.367210648148148,2.367210648148148,arxiv_meta_enrichment
2505.06176,,,,3.3066319444444443,missing
2505.06324,,,,3.8054282407407407,missing
2505.06356,,,,5.248726851851852,missing
2505.06548,2025-05-10T07:23:19Z,,2.6921412037037036,2.6921412037037036,arxiv_meta_enrichment
2505.06914,,,,9.607581018518518,missing
2505.07062,2025-05-11T17:28:30Z,,1.271875,1.271875,arxiv_meta_enrichment
2505.07086,,,,1.237685185185185,missing
2505.07096,,,,4.205555555555556,missing
2505.07215,,,,1.8326041666666666,missing
2505.07233,,,,0.7784606481481482,missing
2505.07260,,,,0.7349074074074075,missing
2505.07263,2025-05-12T06:23:08Z,,0.7339351851851852,0.7339351851851852,arxiv_meta_enrichment
2505.07291,,,,0.6912847222222223,missing
2505.07293,2025-05-12T07:25:51Z,,0.6903819444444445,0.6903819444444445,arxiv_meta_enrichment
2505.07416,,,,1.5753703703703703,missing
2505.07447,,,,0.5307986111111112,missing
2505.07591,,,,1.4049189814814815,missing
2505.07596,,,,0.40142361111111113,missing
2505.07608,,,,0.3957060185185185,missing
2505.07675,,,,6.347326388888889,missing
2505.07704,2025-05-12T16:12:11Z,,7.324872685185185,7.324872685185185,arxiv_meta_enrichment
2505.07747,2025-05-12T16:56:30Z,,0.29409722222222223,0.29409722222222223,arxiv_meta_enrichment
2505.07782,2025-05-12T17:35:43Z,,3.266863425925926,3.266863425925926,arxiv_meta_enrichment
2505.07787,2025-05-12T17:39:56Z,,0.26393518518518516,0.26393518518518516,arxiv_meta_enrichment
2505.07793,,,,0.26035879629629627,missing
2505.07796,2025-05-12T17:47:32Z,,0.2586574074074074,0.2586574074074074,arxiv_meta_enrichment
2505.07812,,,,0.25122685185185184,missing
2505.07818,2025-05-12T17:59:34Z,,0.2503009259259259,0.2503009259259259,arxiv_meta_enrichment
2505.07819,,,,0.25019675925925927,missing
2505.07849,,,,7.1776736111111115,missing
2505.07916,2025-05-12T14:25:20Z,,1.3990740740740741,1.3990740740740741,arxiv_meta_enrichment
2505.08084,,,,2.0992361111111113,missing
2505.08175,2025-05-13T02:25:47Z,,0.8987615740740741,0.8987615740740741,arxiv_meta_enrichment
2505.08311,2025-05-13T07:41:15Z,,0.6796875,0.6796875,arxiv_meta_enrichment
2505.08445,,,,0.5323263888888888,missing
2505.08455,,,,1.516689814814815,missing
2505.08581,,,,2.419328703703704,missing
2505.08617,,,,2.391770833333333,missing
2505.08638,,,,0.37811342592592595,missing
2505.08665,,,,0.35597222222222225,missing
2505.08712,,,,0.3191203703703704,missing
2505.08727,,,,0.30701388888888886,missing
2505.08751,,,,0.2890277777777778,missing
2505.08787,,,,1.2504398148148148,missing
2505.08910,,,,1.2075,missing
2505.09027,,,,0.008888888888888889,missing
2505.09263,,,,1.5659027777777779,missing
2505.09264,,,,1.565810185185185,missing
2505.09265,,,,1.5656712962962962,missing
2505.09343,2025-05-14T12:39:03Z,,0.4728819444444444,0.4728819444444444,arxiv_meta_enrichment
2505.09358,2025-05-14T13:07:03Z,,0.4534375,0.4534375,arxiv_meta_enrichment
2505.09388,2025-05-14T13:41:34Z,,4.429467592592593,4.429467592592593,arxiv_meta_enrichment
2505.09439,,,,0.38384259259259257,missing
2505.09558,,,,0.2956597222222222,missing
2505.09568,,,,0.2839467592592593,missing
2505.09569,,,,6.283761574074074,missing
2505.09601,,,,1.256539351851852,missing
2505.09608,2025-05-14T17:57:27Z,,0.25177083333333333,0.25177083333333333,arxiv_meta_enrichment
2505.09666,,,,1.3012152777777777,missing
2505.09694,,,,1.2497800925925926,missing
2505.09723,2025-05-14T18:30:53Z,,1.2285532407407407,1.2285532407407407,arxiv_meta_enrichment
2505.09738,,,,1.2080208333333333,missing
2505.09924,,,,3.86625,missing
2505.09926,,,,0.8580092592592593,missing
2505.09990,,,,0.7467361111111112,missing
2505.10046,,,,0.6782060185185185,missing
2505.10167,,,,0.5475231481481482,missing
2505.10176,,,,5.535532407407407,missing
2505.10185,2025-05-15T11:31:02Z,,0.5201157407407407,0.5201157407407407,arxiv_meta_enrichment
2505.10238,,,,4.464942129629629,missing
2505.10251,,,,55.45494212962963,missing
2505.10320,,,,0.41302083333333334,missing
2505.10420,,,,4.348715277777778,missing
2505.10468,,,,0.31836805555555553,missing
2505.10475,2025-05-15T16:24:45Z,,0.31614583333333335,0.31614583333333335,arxiv_meta_enrichment
2505.10496,,,,3.2921643518518517,missing
2505.10518,,,,3.2742708333333335,missing
2505.10527,2025-05-15T17:38:37Z,,0.26484953703703706,0.26484953703703706,arxiv_meta_enrichment
2505.10554,2025-05-15T17:58:33Z,,0.25100694444444444,0.25100694444444444,arxiv_meta_enrichment
2505.10557,2025-05-15T17:59:21Z,,-0.7495486111111112,-0.7495486111111112,arxiv_meta_enrichment
2505.10558,,,,0.2504513888888889,missing
2505.10562,,,,0.25024305555555554,missing
2505.10565,,,,0.2501157407407407,missing
2505.10566,,,,0.2501041666666667,missing
2505.10588,,,,6.301261574074074,missing
2505.10610,,,,3.2549305555555557,missing
2505.10769,,,,2.9611574074074074,missing
2505.10831,,,,3.832974537037037,missing
2505.10852,,,,2.8034143518518517,missing
2505.10887,,,,10.761493055555556,missing
2505.10962,,,,2.6694097222222224,missing
2505.11011,,,,2.624201388888889,missing
2505.11049,2025-05-16T09:46:10Z,,2.5929398148148146,2.5929398148148146,arxiv_meta_enrichment
2505.11080,,,,5.575196759259259,missing
2505.11107,,,,2.555150462962963,missing
2505.11140,,,,2.514201388888889,missing
2505.11152,,,,2.503877314814815,missing
2505.11196,,,,5.462453703703703,missing
2505.11254,,,,3.4246180555555554,missing
2505.11277,,,,11.40869212962963,missing
2505.11315,,,,2.3885300925925925,missing
2505.11365,,,,4.35337962962963,missing
2505.11409,,,,2.321273148148148,missing
2505.11427,,,,2.3032060185185186,missing
2505.11454,,,,5.284907407407408,missing
2505.11475,,,,3.2699189814814815,missing
2505.11480,,,,2.2633680555555555,missing
2505.11484,,,,3.258449074074074,missing
2505.11493,,,,2.252847222222222,missing
2505.11497,,,,3.2502314814814817,missing
2505.11594,2025-05-16T18:01:54Z,,4.248680555555556,4.248680555555556,arxiv_meta_enrichment
2505.11711,,,,6.095509259259259,missing
2505.11730,,,,4.066111111111111,missing
2505.11733,,,,3.0593055555555555,missing
2505.11754,,,,4.020983796296297,missing
2505.11820,,,,2.8290277777777777,missing
2505.11821,,,,11.826550925925925,missing
2505.11855,,,,2.7602314814814815,missing
2505.11881,,,,8.697094907407408,missing
2505.11896,2025-05-17T08:27:00Z,,2.6479166666666667,2.6479166666666667,arxiv_meta_enrichment
2505.11932,2025-05-17T09:36:03Z,,2.5999652777777778,2.5999652777777778,arxiv_meta_enrichment
2505.11966,,,,3.5126851851851852,missing
2505.11988,,,,2.4679398148148146,missing
2505.12058,,,,2.3471875,missing
2505.12081,2025-05-17T16:51:47Z,,2.2973726851851852,2.2973726851851852,arxiv_meta_enrichment
2505.12082,2025-05-17T16:53:14Z,,2.296365740740741,2.296365740740741,arxiv_meta_enrichment
2505.12120,,,,2.2086574074074075,missing
2505.12154,,,,3.0805902777777776,missing
2505.12182,,,,2.9671180555555554,missing
2505.12257,,,,1.7269907407407408,missing
2505.12306,,,,2.639525462962963,missing
2505.12346,2025-05-18T10:20:59Z,,1.5687615740740741,1.5687615740740741,arxiv_meta_enrichment
2505.12448,,,,2.3887037037037038,missing
2505.12504,2025-05-18T17:44:53Z,,1.2604976851851852,1.2604976851851852,arxiv_meta_enrichment
2505.12650,,,,2.8716435185185185,missing
2505.12667,,,,9.853113425925926,missing
2505.12781,,,,0.7009027777777778,missing
2505.12805,2025-05-19T07:32:56Z,,0.6854629629629629,0.6854629629629629,arxiv_meta_enrichment
2505.12849,,,,0.6418518518518519,missing
2505.12872,,,,0.6267361111111112,missing
2505.12891,,,,6.609699074074074,missing
2505.12973,,,,0.5338888888888889,missing
2505.12992,,,,0.5203587962962963,missing
2505.12996,,,,0.5175115740740741,missing
2505.13010,,,,1.5037152777777778,missing
2505.13103,,,,1.4355208333333334,missing
2505.13136,2025-05-19T14:07:20Z,,7.411574074074074,7.411574074074074,arxiv_meta_enrichment
2505.13138,2025-05-19T14:07:47Z,,1.4112615740740742,1.4112615740740742,arxiv_meta_enrichment
2505.13157,,,,13.403981481481482,missing
2505.13180,,,,0.39010416666666664,missing
2505.13181,,,,0.38959490740740743,missing
2505.13215,,,,0.37502314814814813,missing
2505.13227,2025-05-19T15:09:23Z,,0.3684837962962963,0.3684837962962963,arxiv_meta_enrichment
2505.13237,,,,3.3607407407407406,missing
2505.13308,2025-05-19T16:26:02Z,,0.31525462962962963,0.31525462962962963,arxiv_meta_enrichment
2505.13344,,,,3.2983101851851853,missing
2505.13379,2025-05-19T17:24:16Z,,0.2748148148148148,0.2748148148148148,arxiv_meta_enrichment
2505.13380,,,,1.274699074074074,missing
2505.13388,,,,0.27149305555555553,missing
2505.13389,2025-05-19T17:30:13Z,,0.27068287037037037,0.27068287037037037,arxiv_meta_enrichment
2505.13417,2025-05-19T17:50:52Z,,0.25634259259259257,0.25634259259259257,arxiv_meta_enrichment
2505.13426,,,,7.253715277777777,missing
2505.13427,2025-05-19T17:55:08Z,,0.2533796296296296,0.2533796296296296,arxiv_meta_enrichment
2505.13430,,,,1.253298611111111,missing
2505.13437,,,,0.25126157407407407,missing
2505.13438,2025-05-19T17:58:44Z,,1.2508796296296296,1.2508796296296296,arxiv_meta_enrichment
2505.13444,,,,0.25038194444444445,missing
2505.13508,,,,9.426064814814815,missing
2505.13511,,,,3.0541203703703705,missing
2505.13529,,,,3.689189814814815,missing
2505.13547,,,,1.8459027777777777,missing
2505.13559,,,,1.612337962962963,missing
2505.13718,,,,1.1463541666666666,missing
2505.13731,,,,1.121689814814815,missing
2505.13778,,,,1.0143171296296296,missing
2505.13840,,,,-0.10217592592592592,missing
2505.13866,,,,0.8598148148148148,missing
2505.13909,2025-05-20T04:20:18Z,,1.819236111111111,1.819236111111111,arxiv_meta_enrichment
2505.13934,,,,1.7896643518518518,missing
2505.13946,,,,0.7743865740740741,missing
2505.13988,,,,0.7244791666666667,missing
2505.14064,2025-05-20T08:10:57Z,,7.6590625,7.6590625,arxiv_meta_enrichment
2505.14101,,,,1.622511574074074,missing
2505.14135,,,,0.5973611111111111,missing
2505.14146,2025-05-20T09:53:56Z,,5.5875462962962965,5.5875462962962965,arxiv_meta_enrichment
2505.14157,,,,1.5797337962962963,missing
2505.14178,,,,0.5607638888888888,missing
2505.14231,2025-05-20T11:40:43Z,,1.5133912037037036,1.5133912037037036,arxiv_meta_enrichment
2505.14246,2025-05-20T11:59:25Z,,0.5004050925925926,0.5004050925925926,arxiv_meta_enrichment
2505.14256,,,,5.493553240740741,missing
2505.14302,2025-05-20T12:54:43Z,,1.462002314814815,1.462002314814815,arxiv_meta_enrichment
2505.14321,,,,9.452835648148149,missing
2505.14336,,,,1.4438078703703703,missing
2505.14352,,,,0.4329050925925926,missing
2505.14357,2025-05-20T13:41:45Z,,1.4293402777777777,1.4293402777777777,arxiv_meta_enrichment
2505.14395,,,,2.4069444444444446,missing
2505.14460,,,,0.37719907407407405,missing
2505.14462,,,,2.376898148148148,missing
2505.14464,,,,0.37440972222222224,missing
2505.14467,,,,0.3736574074074074,missing
2505.14489,,,,0.36180555555555555,missing
2505.14513,2025-05-20T15:41:05Z,,0.3464699074074074,0.3464699074074074,arxiv_meta_enrichment
2505.14534,,,,0.33697916666666666,missing
2505.14556,,,,0.32318287037037036,missing
2505.14604,2025-05-20T16:53:40Z,,2.2960648148148146,2.2960648148148146,arxiv_meta_enrichment
2505.14625,,,,2.2800462962962964,missing
2505.14631,2025-05-20T17:23:25Z,,0.2754050925925926,0.2754050925925926,arxiv_meta_enrichment
2505.14633,,,,0.27489583333333334,missing
2505.14640,,,,0.27324074074074073,missing
2505.14648,,,,0.2661921296296296,missing
2505.14652,,,,0.2628125,missing
2505.14669,2025-05-20T17:55:50Z,,5.252893518518518,5.252893518518518,arxiv_meta_enrichment
2505.14673,,,,0.25136574074074075,missing
2505.14674,2025-05-20T17:58:03Z,,0.25135416666666666,0.25135416666666666,arxiv_meta_enrichment
2505.14677,,,,0.2509837962962963,missing
2505.14680,,,,0.2505439814814815,missing
2505.14681,,,,0.25050925925925926,missing
2505.14683,2025-05-20T17:59:30Z,,0.2503472222222222,0.2503472222222222,arxiv_meta_enrichment
2505.14684,2025-05-20T17:59:31Z,,2.2503356481481482,2.2503356481481482,arxiv_meta_enrichment
2505.14752,,,,12.433587962962964,missing
2505.14766,2025-05-20T17:48:13Z,,1.2581828703703704,1.2581828703703704,arxiv_meta_enrichment
2505.14810,,,,2.237488425925926,missing
2505.14818,,,,1.2274537037037037,missing
2505.14827,,,,1.2209953703703704,missing
2505.14887,,,,1.1523495370370371,missing
2505.14990,,,,0.9783217592592592,missing
2505.15034,,,,0.8866319444444445,missing
2505.15045,2025-05-21T02:59:14Z,,0.8755324074074075,0.8755324074074075,arxiv_meta_enrichment
2505.15047,,,,0.8682986111111111,missing
2505.15134,,,,0.7644560185185185,missing
2505.15141,,,,0.7524189814814815,missing
2505.15146,2025-05-21T06:02:55Z,,0.7479745370370371,0.7479745370370371,arxiv_meta_enrichment
2505.15182,,,,4.709965277777778,missing
2505.15210,,,,0.6814236111111112,missing
2505.15263,,,,1.6374421296296295,missing
2505.15270,,,,1.6326041666666666,missing
2505.15277,2025-05-21T08:56:55Z,,0.6271412037037037,0.6271412037037037,arxiv_meta_enrichment
2505.15389,,,,4.523148148148148,missing
2505.15400,,,,0.5127430555555555,missing
2505.15404,,,,0.5100810185185185,missing
2505.15406,,,,0.5084837962962963,missing
2505.15517,,,,1.428564814814815,missing
2505.15524,,,,0.42334490740740743,missing
2505.15612,2025-05-21T15:03:26Z,,0.3726157407407407,0.3726157407407407,arxiv_meta_enrichment
2505.15656,,,,0.35261574074074076,missing
2505.15692,,,,4.329050925925926,missing
2505.15765,,,,0.2841782407407407,missing
2505.15776,,,,0.27243055555555556,missing
2505.15778,2025-05-21T17:29:15Z,,0.2713541666666667,0.2713541666666667,arxiv_meta_enrichment
2505.15779,,,,0.26957175925925925,missing
2505.15781,,,,0.2693287037037037,missing
2505.15791,,,,0.26068287037037036,missing
2505.15801,2025-05-21T17:54:43Z,,0.2536689814814815,0.2536689814814815,arxiv_meta_enrichment
2505.15804,,,,5.251643518518518,missing
2505.15805,,,,4.251261574074074,missing
2505.15809,,,,0.2506365740740741,missing
2505.15813,,,,7.250219907407407,missing
2505.15816,,,,0.2500925925925926,missing
2505.15817,,,,0.25006944444444446,missing
2505.15865,,,,1.5460532407407408,missing
2505.15879,,,,1.253599537037037,missing
2505.15929,2025-05-21T18:33:50Z,,4.22650462962963,4.22650462962963,arxiv_meta_enrichment
2505.15952,2025-05-21T19:08:38Z,,1.202337962962963,1.202337962962963,arxiv_meta_enrichment
2505.15960,,,,1.1918402777777777,missing
2505.15963,,,,1.1901736111111112,missing
2505.15966,2025-05-21T19:35:08Z,,1.1839351851851851,1.1839351851851851,arxiv_meta_enrichment
2505.16022,,,,4.116261574074074,missing
2505.16048,,,,1.0831018518518518,missing
2505.16056,,,,4.074201388888889,missing
2505.16088,,,,0.9954976851851852,missing
2505.16122,,,,11.919108796296296,missing
2505.16134,,,,3.9006944444444445,missing
2505.16151,,,,0.8811111111111111,missing
2505.16170,,,,0.8638888888888889,missing
2505.16175,,,,0.8563657407407408,missing
2505.16181,2025-05-22T03:35:15Z,,0.8505208333333333,0.8505208333333333,arxiv_meta_enrichment
2505.16186,,,,0.8430208333333333,missing
2505.16192,,,,0.8401273148148148,missing
2505.16211,,,,3.814050925925926,missing
2505.16265,,,,0.752650462962963,missing
2505.16270,,,,3.7494791666666667,missing
2505.16293,,,,3.7186921296296296,missing
2505.16348,,,,4.666550925925926,missing
2505.16400,,,,0.6314004629629629,missing
2505.16409,,,,3.6249074074074072,missing
2505.16410,,,,0.6247800925925926,missing
2505.16421,2025-05-22T09:07:43Z,,0.6196412037037037,0.6196412037037037,arxiv_meta_enrichment
2505.16459,2025-05-22T09:41:55Z,,5.595891203703704,5.595891203703704,arxiv_meta_enrichment
2505.16479,,,,3.578761574074074,missing
2505.16483,,,,3.5763078703703703,missing
2505.16612,,,,0.46717592592592594,missing
2505.16707,2025-05-22T14:08:59Z,,0.41042824074074075,0.41042824074074075,arxiv_meta_enrichment
2505.16770,,,,3.366701388888889,missing
2505.16839,,,,0.3283333333333333,missing
2505.16854,,,,0.3239699074074074,missing
2505.16864,2025-05-22T16:21:32Z,,0.3183796296296296,0.3183796296296296,arxiv_meta_enrichment
2505.16886,,,,4.304432870370371,missing
2505.16901,2025-05-22T17:00:55Z,,5.291030092592592,5.291030092592592,arxiv_meta_enrichment
2505.16916,2025-05-22T17:11:58Z,,0.28335648148148146,0.28335648148148146,arxiv_meta_enrichment
2505.16925,2025-05-22T17:18:07Z,,0.2790856481481481,0.2790856481481481,arxiv_meta_enrichment
2505.16933,2025-05-22T17:23:26Z,,0.2753935185185185,0.2753935185185185,arxiv_meta_enrichment
2505.16938,2025-05-22T17:27:43Z,,0.27241898148148147,0.27241898148148147,arxiv_meta_enrichment
2505.16944,,,,0.27002314814814815,missing
2505.16967,2025-05-22T17:47:57Z,,0.25836805555555553,0.25836805555555553,arxiv_meta_enrichment
2505.16968,2025-05-22T17:48:53Z,,13.257719907407408,13.257719907407408,arxiv_meta_enrichment
2505.16972,,,,4.256192129629629,missing
2505.16990,,,,0.25342592592592594,missing
2505.16994,,,,12.252974537037037,missing
2505.17012,,,,0.2506597222222222,missing
2505.17015,,,,0.25024305555555554,missing
2505.17016,,,,3.2501736111111112,missing
2505.17018,,,,0.2500810185185185,missing
2505.17019,,,,0.2500810185185185,missing
2505.17022,2025-05-22T17:59:58Z,,0.25002314814814813,0.25002314814814813,arxiv_meta_enrichment
2505.17063,,,,7.767210648148148,missing
2505.17091,,,,5.069259259259259,missing
2505.17225,2025-05-22T19:00:01Z,,3.208321759259259,3.208321759259259,arxiv_meta_enrichment
2505.17295,,,,3.1091435185185183,missing
2505.17330,,,,6.045856481481482,missing
2505.17332,,,,5.043773148148148,missing
2505.17373,,,,2.9547800925925927,missing
2505.17399,,,,2.905428240740741,missing
2505.17412,2025-05-23T02:58:01Z,,2.876377314814815,2.876377314814815,arxiv_meta_enrichment
2505.17417,,,,2.8709837962962963,missing
2505.17508,,,,2.7490625,missing
2505.17540,,,,2.7191435185185187,missing
2505.17552,,,,2.710474537037037,missing
2505.17558,,,,2.7047569444444446,missing
2505.17561,,,,2.7019675925925926,missing
2505.17612,2025-05-23T08:20:15Z,,2.652604166666667,2.652604166666667,arxiv_meta_enrichment
2505.17613,,,,4.65175925925926,missing
2505.17618,2025-05-23T08:25:46Z,,2.6487731481481482,2.6487731481481482,arxiv_meta_enrichment
2505.17652,,,,3.6142824074074076,missing
2505.17663,,,,5.605787037037037,missing
2505.17667,2025-05-23T09:31:55Z,,2.6028356481481483,2.6028356481481483,arxiv_meta_enrichment
2505.17813,,,,4.479791666666666,missing
2505.17818,,,,6.475833333333333,missing
2505.17826,,,,2.471423611111111,missing
2505.17870,,,,5.444178240740741,missing
2505.17873,2025-05-23T13:24:50Z,,2.441087962962963,2.441087962962963,arxiv_meta_enrichment
2505.17894,2025-05-23T13:42:21Z,,3.428923611111111,3.428923611111111,arxiv_meta_enrichment
2505.17941,2025-05-23T14:17:56Z,,2.404212962962963,2.404212962962963,arxiv_meta_enrichment
2505.17952,2025-05-23T14:27:37Z,,4.397488425925926,4.397488425925926,arxiv_meta_enrichment
2505.17955,2025-05-23T14:29:52Z,,2.395925925925926,2.395925925925926,arxiv_meta_enrichment
2505.18078,,,,2.307476851851852,missing
2505.18079,,,,11.307222222222222,missing
2505.18087,,,,6.302534722222222,missing
2505.18092,2025-05-23T16:47:00Z,,2.3006944444444444,2.3006944444444444,arxiv_meta_enrichment
2505.18125,2025-05-23T17:34:28Z,,2.2677314814814813,2.2677314814814813,arxiv_meta_enrichment
2505.18128,,,,10.264733796296296,missing
2505.18129,2025-05-23T17:41:14Z,,2.2630324074074073,2.2630324074074073,arxiv_meta_enrichment
2505.18134,,,,4.2614930555555555,missing
2505.18227,,,,5.520486111111111,missing
2505.18366,2025-05-23T20:51:20Z,,5.131018518518519,5.131018518518519,arxiv_meta_enrichment
2505.18383,,,,2.112037037037037,missing
2505.18384,,,,3.1118171296296295,missing
2505.18445,2025-05-24T01:00:20Z,,3.958101851851852,3.958101851851852,arxiv_meta_enrichment
2505.18454,,,,2.9400925925925927,missing
2505.18536,2025-05-24T06:01:48Z,,2.74875,2.74875,arxiv_meta_enrichment
2505.18545,2025-05-24T06:23:52Z,,2.733425925925926,2.733425925925926,arxiv_meta_enrichment
2505.18600,,,,4.631851851851851,missing
2505.18601,2025-05-24T08:50:53Z,,2.6313310185185186,2.6313310185185186,arxiv_meta_enrichment
2505.18675,2025-05-24T12:33:52Z,,2.4764814814814815,2.4764814814814815,arxiv_meta_enrichment
2505.18700,,,,4.424340277777778,missing
2505.18759,,,,2.3372800925925925,missing
2505.18773,,,,2.3168634259259258,missing
2505.18822,,,,2.2174768518518517,missing
2505.18842,,,,8.186956018518519,missing
2505.18875,,,,3.1038310185185187,missing
2505.18882,,,,4.099189814814815,missing
2505.18926,2025-05-25T01:27:18Z,,1.939375,1.939375,arxiv_meta_enrichment
2505.18943,2025-05-25T02:32:57Z,,2.893784722222222,2.893784722222222,arxiv_meta_enrichment
2505.18962,,,,4.850127314814815,missing
2505.19000,,,,2.721203703703704,missing
2505.19051,,,,3.6194444444444445,missing
2505.19056,,,,1.6122222222222222,missing
2505.19075,2025-05-25T10:19:10Z,,3.5700231481481484,3.5700231481481484,arxiv_meta_enrichment
2505.19084,2025-05-25T10:40:52Z,,1.5549537037037038,1.5549537037037038,arxiv_meta_enrichment
2505.19099,,,,2.5218287037037035,missing
2505.19103,,,,1.510324074074074,missing
2505.19147,,,,1.4227199074074075,missing
2505.19187,,,,3.362534722222222,missing
2505.19209,2025-05-25T16:13:46Z,,1.323773148148148,1.323773148148148,arxiv_meta_enrichment
2505.19223,,,,1.308101851851852,missing
2505.19250,,,,1.2508101851851852,missing
2505.19253,2025-05-25T18:16:13Z,,3.2387384259259258,3.2387384259259258,arxiv_meta_enrichment
2505.19297,2025-05-25T20:08:20Z,,1.1608796296296295,1.1608796296296295,arxiv_meta_enrichment
2505.19386,,,,0.9555324074074074,missing
2505.19427,,,,0.8906018518518518,missing
2505.19439,2025-05-26T02:56:22Z,,0.8775231481481481,0.8775231481481481,arxiv_meta_enrichment
2505.19443,,,,0.8747569444444444,missing
2505.19457,2025-05-26T03:23:02Z,,0.8590046296296296,0.8590046296296296,arxiv_meta_enrichment
2505.19590,,,,0.7075694444444445,missing
2505.19602,,,,0.7002083333333333,missing
2505.19621,,,,7.679618055555555,missing
2505.19630,,,,0.674837962962963,missing
2505.19640,,,,0.6678587962962963,missing
2505.19641,,,,1.6669444444444443,missing
2505.19650,,,,1.6599074074074074,missing
2505.19731,,,,0.612824074074074,missing
2505.19752,,,,0.6026388888888888,missing
2505.19788,,,,0.5701736111111111,missing
2505.19815,2025-05-26T10:52:17Z,,0.547025462962963,0.547025462962963,arxiv_meta_enrichment
2505.19897,2025-05-26T12:27:27Z,,1.4809375,1.4809375,arxiv_meta_enrichment
2505.19914,2025-05-26T12:40:31Z,,0.47186342592592595,0.47186342592592595,arxiv_meta_enrichment
2505.19949,,,,0.44761574074074073,missing
2505.19955,,,,0.4454050925925926,missing
2505.20046,2025-05-26T14:31:48Z,,0.39458333333333334,0.39458333333333334,arxiv_meta_enrichment
2505.20047,,,,6.39300925925926,missing
2505.20088,2025-05-26T15:01:56Z,,3.3736574074074075,3.3736574074074075,arxiv_meta_enrichment
2505.20139,2025-05-26T15:40:42Z,,0.34673611111111113,0.34673611111111113,arxiv_meta_enrichment
2505.20152,,,,0.3364814814814815,missing
2505.20256,2025-05-26T17:34:06Z,,0.2679861111111111,0.2679861111111111,arxiv_meta_enrichment
2505.20258,2025-05-26T17:38:50Z,,0.26469907407407406,0.26469907407407406,arxiv_meta_enrichment
2505.20259,2025-05-26T17:40:40Z,,0.26342592592592595,0.26342592592592595,arxiv_meta_enrichment
2505.20275,,,,1.2544791666666666,missing
2505.20278,,,,0.2532986111111111,missing
2505.20279,,,,1.2524305555555555,missing
2505.20282,,,,3.2510416666666666,missing
2505.20285,,,,7.250810185185185,missing
2505.20286,,,,1.250775462962963,missing
2505.20287,2025-05-26T17:59:03Z,,1.2506597222222222,1.2506597222222222,arxiv_meta_enrichment
2505.20289,,,,1.2504976851851852,missing
2505.20292,,,,1.250162037037037,missing
2505.20298,,,,2.2500115740740743,missing
2505.20322,,,,4.250486111111111,missing
2505.20325,2025-05-23T18:19:09Z,,4.236701388888889,4.236701388888889,arxiv_meta_enrichment
2505.20355,2025-05-26T06:48:20Z,,1.7164351851851851,1.7164351851851851,arxiv_meta_enrichment
2505.20411,,,,2.2493055555555554,missing
2505.20426,,,,1.2358564814814814,missing
2505.20444,,,,2.2238425925925926,missing
2505.20561,,,,1.0479166666666666,missing
2505.20589,,,,2.006527777777778,missing
2505.20650,,,,0.8778587962962963,missing
2505.20698,,,,12.828206018518518,missing
2505.20755,,,,2.752951388888889,missing
2505.20779,,,,1.7249537037037037,missing
2505.20793,,,,0.7111111111111111,missing
2505.20873,,,,5.650740740740741,missing
2505.20914,,,,9.621203703703705,missing
2505.20977,,,,5.577789351851852,missing
2505.21060,,,,1.5088541666666666,missing
2505.21070,,,,0.5032175925925926,missing
2505.21097,,,,0.4841898148148148,missing
2505.21114,,,,2.476585648148148,missing
2505.21115,,,,12.475543981481481,missing
2505.21136,2025-05-27T12:50:36Z,,1.4648611111111112,1.4648611111111112,arxiv_meta_enrichment
2505.21178,,,,0.4376041666666667,missing
2505.21179,,,,6.436967592592593,missing
2505.21189,2025-05-27T13:39:24Z,,0.4309722222222222,0.4309722222222222,arxiv_meta_enrichment
2505.21190,,,,2.4305555555555554,missing
2505.21191,,,,1.4302314814814814,missing
2505.21297,,,,0.3743402777777778,missing
2505.21327,2025-05-27T15:23:23Z,,0.35876157407407405,0.35876157407407405,arxiv_meta_enrichment
2505.21333,2025-05-27T15:27:46Z,,0.3557175925925926,0.3557175925925926,arxiv_meta_enrichment
2505.21334,2025-05-27T15:28:45Z,,0.3550347222222222,0.3550347222222222,arxiv_meta_enrichment
2505.21374,,,,0.329849537037037,missing
2505.21411,2025-05-27T16:40:21Z,,33.3053125,33.3053125,arxiv_meta_enrichment
2505.21437,2025-05-27T17:11:50Z,,5.283449074074074,5.283449074074074,arxiv_meta_enrichment
2505.21457,,,,0.2711689814814815,missing
2505.21471,,,,0.26037037037037036,missing
2505.21473,,,,0.2601736111111111,missing
2505.21491,,,,0.2526967592592593,missing
2505.21493,2025-05-27T17:56:27Z,,0.2524652777777778,0.2524652777777778,arxiv_meta_enrichment
2505.21494,,,,0.25211805555555555,missing
2505.21496,,,,0.25131944444444443,missing
2505.21497,2025-05-27T17:58:49Z,,0.25082175925925926,0.25082175925925926,arxiv_meta_enrichment
2505.21500,,,,0.25039351851851854,missing
2505.21505,2025-05-27T17:59:52Z,,0.2500925925925926,0.2500925925925926,arxiv_meta_enrichment
2505.21523,,,,9.785648148148148,missing
2505.21541,,,,11.327731481481482,missing
2505.21582,,,,1.5784143518518519,missing
2505.21600,,,,1.2935185185185185,missing
2505.21649,,,,1.234212962962963,missing
2505.21724,,,,6.157800925925926,missing
2505.21749,,,,5.14005787037037,missing
2505.21784,,,,2.100925925925926,missing
2505.21864,,,,4.940659722222223,missing
2505.21876,,,,0.9267824074074074,missing
2505.21887,,,,0.914224537037037,missing
2505.21925,,,,0.8605787037037037,missing
2505.21960,,,,0.8171064814814815,missing
2505.22019,,,,0.7285763888888889,missing
2505.22126,,,,1.6312384259259258,missing
2505.22129,,,,0.6291203703703704,missing
2505.22172,,,,-0.40586805555555555,missing
2505.22202,2025-05-28T10:28:35Z,,0.5634837962962963,0.5634837962962963,arxiv_meta_enrichment
2505.22203,,,,0.5634143518518518,missing
2505.22232,2025-05-28T11:06:54Z,,0.536875,0.536875,arxiv_meta_enrichment
2505.22255,2025-05-28T11:41:11Z,,1.5130671296296296,1.5130671296296296,arxiv_meta_enrichment
2505.22312,2025-05-28T12:56:04Z,,0.4610648148148148,0.4610648148148148,arxiv_meta_enrichment
2505.22334,,,,0.44331018518518517,missing
2505.22338,,,,0.44179398148148147,missing
2505.22421,,,,1.3841319444444444,missing
2505.22453,2025-05-28T15:11:16Z,,0.3671759259259259,0.3671759259259259,arxiv_meta_enrichment
2505.22457,,,,0.3655787037037037,missing
2505.22523,,,,0.3267013888888889,missing
2505.22525,,,,0.32447916666666665,missing
2505.22613,,,,0.27113425925925927,missing
2505.22617,2025-05-28T17:38:45Z,,0.2647569444444444,0.2647569444444444,arxiv_meta_enrichment
2505.22618,2025-05-28T17:39:15Z,,1.2644097222222221,1.2644097222222221,arxiv_meta_enrichment
2505.22642,,,,0.2531712962962963,missing
2505.22648,2025-05-28T17:57:07Z,,0.25200231481481483,0.25200231481481483,arxiv_meta_enrichment
2505.22651,2025-05-28T17:58:03Z,,0.25135416666666666,0.25135416666666666,arxiv_meta_enrichment
2505.22653,2025-05-28T17:59:03Z,,1.2506597222222222,1.2506597222222222,arxiv_meta_enrichment
2505.22664,,,,0.2500115740740741,missing
2505.22704,,,,6.251539351851852,missing
2505.22759,2025-05-28T18:19:34Z,,1.236412037037037,1.236412037037037,arxiv_meta_enrichment
2505.22765,,,,1.2271296296296297,missing
2505.22810,,,,1.1808449074074074,missing
2505.22854,,,,1.1379166666666667,missing
2505.22888,,,,1.0943055555555556,missing
2505.22914,2025-05-28T22:32:31Z,,1.0607523148148148,1.0607523148148148,arxiv_meta_enrichment
2505.22918,,,,1.056111111111111,missing
2505.22944,,,,1.0074305555555556,missing
2505.22954,,,,4.981770833333333,missing
2505.22960,,,,-0.04369212962962963,missing
2505.22961,,,,0.955775462962963,missing
2505.22988,,,,0.9215277777777777,missing
2505.23009,,,,3.891388888888889,missing
2505.23059,,,,4.830266203703704,missing
2505.23061,,,,5.829930555555555,missing
2505.23115,,,,7.7678009259259255,missing
2505.23253,,,,0.6259143518518518,missing
2505.23359,2025-05-29T11:33:43Z,,0.5182523148148148,0.5182523148148148,arxiv_meta_enrichment
2505.23380,,,,0.49982638888888886,missing
2505.23387,,,,0.48994212962962963,missing
2505.23416,,,,0.4543171296296296,missing
2505.23419,2025-05-29T13:09:44Z,,0.45157407407407407,0.45157407407407407,arxiv_meta_enrichment
2505.23473,,,,11.398078703703703,missing
2505.23504,,,,4.383217592592593,missing
2505.23559,,,,0.35002314814814817,missing
2505.23564,,,,6.348391203703704,missing
2505.23585,,,,0.33467592592592593,missing
2505.23590,,,,4.33238425925926,missing
2505.23604,2025-05-29T16:15:36Z,,0.3225,0.3225,arxiv_meta_enrichment
2505.23606,,,,0.3223611111111111,missing
2505.23621,2025-05-29T16:28:50Z,,0.31331018518518516,0.31331018518518516,arxiv_meta_enrichment
2505.23625,,,,0.3112847222222222,missing
2505.23646,2025-05-29T16:53:41Z,,0.29605324074074074,0.29605324074074074,arxiv_meta_enrichment
2505.23656,2025-05-29T17:06:44Z,,7.286990740740741,7.286990740740741,arxiv_meta_enrichment
2505.23660,,,,0.2851273148148148,missing
2505.23693,2025-05-29T17:31:13Z,,0.2699884259259259,0.2699884259259259,arxiv_meta_enrichment
2505.23716,,,,0.25699074074074074,missing
2505.23727,,,,-0.7470949074074074,missing
2505.23735,2025-05-29T17:57:16Z,,0.25189814814814815,0.25189814814814815,arxiv_meta_enrichment
2505.23742,,,,0.2512152777777778,missing
2505.23745,,,,0.25068287037037035,missing
2505.23747,,,,0.2506481481481482,missing
2505.23751,,,,0.2503472222222222,missing
2505.23754,,,,0.25024305555555554,missing
2505.23758,2025-05-29T17:59:46Z,,0.25016203703703704,0.25016203703703704,arxiv_meta_enrichment
2505.23759,,,,0.25015046296296295,missing
2505.23760,,,,11.25013888888889,missing
2505.23762,2025-05-29T17:59:51Z,,0.2501041666666667,0.2501041666666667,arxiv_meta_enrichment
2505.23807,,,,8.684027777777779,missing
2505.23832,,,,4.623136574074074,missing
2505.23844,,,,4.316087962962963,missing
2505.23856,,,,3.7739930555555556,missing
2505.23907,,,,4.249351851851852,missing
2505.23923,,,,3.239375,missing
2505.23926,,,,3.2348726851851852,missing
2505.23941,2025-05-29T18:47:58Z,,3.216689814814815,3.216689814814815,arxiv_meta_enrichment
2505.23977,,,,4.160694444444444,missing
2505.24025,2025-05-29T21:58:06Z,,3.084652777777778,3.084652777777778,arxiv_meta_enrichment
2505.24086,,,,3.9905555555555554,missing
2505.24098,2025-05-30T01:00:34Z,,2.957939814814815,2.957939814814815,arxiv_meta_enrichment
2505.24119,,,,2.935601851851852,missing
2505.24120,,,,4.934432870370371,missing
2505.24183,,,,3.839513888888889,missing
2505.24189,,,,2.833622685185185,missing
2505.24196,,,,2.8228472222222223,missing
2505.24273,,,,4.715972222222222,missing
2505.24293,,,,2.7023958333333336,missing
2505.24298,2025-05-30T07:18:25Z,,3.6955439814814817,3.6955439814814817,arxiv_meta_enrichment
2505.24362,,,,4.6288425925925925,missing
2505.24417,,,,2.5863541666666667,missing
2505.24452,,,,3.556909722222222,missing
2505.24500,,,,5.499236111111111,missing
2505.24517,,,,2.4794212962962963,missing
2505.24521,,,,2.4777893518518517,missing
2505.24523,,,,3.4767361111111112,missing
2505.24581,,,,2.438159722222222,missing
2505.24615,,,,2.4109606481481483,missing
2505.24625,,,,3.4050810185185183,missing
2505.24672,,,,2.3733680555555554,missing
2505.24714,,,,4.349780092592592,missing
2505.24726,2025-05-30T15:49:42Z,,4.340486111111111,4.340486111111111,arxiv_meta_enrichment
2505.24760,,,,3.319236111111111,missing
2505.24782,,,,2.303148148148148,missing
2505.24785,2025-05-30T16:46:29Z,,2.3010532407407407,2.3010532407407407,arxiv_meta_enrichment
2505.24842,,,,3.2625231481481483,missing
2505.24846,,,,3.260787037037037,missing
2505.24850,,,,2.2588310185185185,missing
2505.24858,,,,2.254074074074074,missing
2505.24862,2025-05-30T17:58:21Z,,2.251145833333333,2.251145833333333,arxiv_meta_enrichment
2505.24863,,,,2.2509722222222224,missing
2505.24864,,,,2.2506828703703703,missing
2505.24867,2025-05-30T17:59:12Z,,2.2505555555555556,2.2505555555555556,arxiv_meta_enrichment
2505.24869,,,,2.250474537037037,missing
2505.24871,2025-05-30T17:59:38Z,,2.2502546296296297,2.2502546296296297,arxiv_meta_enrichment
2505.24875,,,,2.250138888888889,missing
2505.24878,,,,2.2500578703703704,missing
2506.00070,,,,5.304722222222222,missing
2506.00073,,,,3.2627430555555557,missing
2506.00123,2025-05-30T18:00:34Z,,4.249606481481481,4.249606481481481,arxiv_meta_enrichment
2506.00189,,,,4.166851851851852,missing
2506.00227,,,,4.121782407407407,missing
2506.00258,,,,10.092037037037038,missing
2506.00338,,,,2.9272685185185185,missing
2506.00391,,,,3.7977777777777777,missing
2506.00411,2025-05-31T06:01:03Z,,2.7492708333333336,2.7492708333333336,arxiv_meta_enrichment
2506.00413,,,,3.742939814814815,missing
2506.00469,,,,2.640775462962963,missing
2506.00482,,,,4.607962962962963,missing
2506.00512,,,,2.5333912037037036,missing
2506.00523,,,,2.5006712962962965,missing
2506.00539,2025-05-31T12:54:49Z,,2.4619328703703705,2.4619328703703705,arxiv_meta_enrichment
2506.00577,,,,2.400925925925926,missing
2506.00643,,,,2.281701388888889,missing
2506.00649,,,,8.266458333333333,missing
2506.00723,,,,2.090775462962963,missing
2506.00789,,,,1.8870833333333332,missing
2506.00830,,,,4.8144328703703705,missing
2506.00910,,,,2.628738425925926,missing
2506.00979,,,,1.4858564814814814,missing
2506.00981,,,,4.482488425925926,missing
2506.00996,2025-06-01T12:57:43Z,,1.4599189814814815,1.4599189814814815,arxiv_meta_enrichment
2506.01004,,,,2.4388425925925925,missing
2506.01011,,,,4.427546296296296,missing
2506.01049,2025-06-01T15:30:37Z,,1.353738425925926,1.353738425925926,arxiv_meta_enrichment
2506.01062,,,,1.330162037037037,missing
2506.01074,,,,1.3165162037037037,missing
2506.01084,,,,1.2895601851851852,missing
2506.01111,2025-06-01T18:29:17Z,,7.229664351851852,7.229664351851852,arxiv_meta_enrichment
2506.01144,,,,2.1697569444444444,missing
2506.01241,,,,7.931226851851852,missing
2506.01265,,,,1.8920833333333333,missing
2506.01274,,,,1.869363425925926,missing
2506.01320,,,,2.7898958333333335,missing
2506.01344,,,,2.748136574074074,missing
2506.01413,,,,0.6585185185185185,missing
2506.01484,,,,0.5936921296296296,missing
2506.01565,,,,1.511273148148148,missing
2506.01667,2025-06-02T13:36:05Z,,0.433275462962963,0.433275462962963,arxiv_meta_enrichment
2506.01674,2025-06-02T13:44:56Z,,1.4271296296296296,1.4271296296296296,arxiv_meta_enrichment
2506.01713,2025-06-02T14:21:44Z,,0.4015740740740741,0.4015740740740741,arxiv_meta_enrichment
2506.01716,,,,1.4003125,missing
2506.01789,,,,1.3528703703703704,missing
2506.01844,2025-06-02T16:30:19Z,,0.3122800925925926,0.3122800925925926,arxiv_meta_enrichment
2506.01853,2025-06-02T16:40:50Z,,0.30497685185185186,0.30497685185185186,arxiv_meta_enrichment
2506.01863,2025-06-02T16:52:51Z,,0.29663194444444446,0.29663194444444446,arxiv_meta_enrichment
2506.01872,2025-06-02T17:01:40Z,,6.2905092592592595,6.2905092592592595,arxiv_meta_enrichment
2506.01881,,,,0.28391203703703705,missing
2506.01920,,,,0.2640046296296296,missing
2506.01928,,,,0.25871527777777775,missing
2506.01939,2025-06-02T17:54:39Z,,0.2537152777777778,0.2537152777777778,arxiv_meta_enrichment
2506.01943,2025-06-02T17:57:06Z,,0.25201388888888887,0.25201388888888887,arxiv_meta_enrichment
2506.01952,,,,0.25017361111111114,missing
2506.02096,,,,1.2602314814814815,missing
2506.02138,,,,1.2445023148148149,missing
2506.02153,2025-06-02T18:35:16Z,2025-06-02 18:35:16+00:00,2.225509259259259,2.225509259259259,arxiv_meta_enrichment
2506.02281,,,,1.0967824074074075,missing
2506.02294,,,,2.0722337962962962,missing
2506.02295,,,,1.0686805555555556,missing
2506.02327,2025-06-02T23:50:40Z,,6.006481481481481,6.006481481481481,arxiv_meta_enrichment
2506.02338,,,,0.9796875,missing
2506.02387,,,,0.8766435185185185,missing
2506.02397,,,,0.853125,missing
2506.02444,,,,2.788553240740741,missing
2506.02454,,,,0.7789467592592593,missing
2506.02497,,,,0.7326388888888888,missing
2506.02510,,,,0.7214236111111111,missing
2506.02515,,,,1.7189583333333334,missing
2506.02528,,,,0.703761574074074,missing
2506.02587,,,,2.6615972222222224,missing
2506.02592,,,,1.6577893518518518,missing
2506.02620,,,,2.6416319444444443,missing
2506.02678,,,,0.6085532407407407,missing
2506.02680,,,,1.6043171296296297,missing
2506.02751,,,,2.5320833333333335,missing
2506.02863,,,,1.4382523148148147,missing
2506.02865,,,,2.438159722222222,missing
2506.02921,2025-06-03T14:23:06Z,,1.400625,1.400625,arxiv_meta_enrichment
2506.02945,,,,1.3858449074074075,missing
2506.03065,2025-06-03T16:42:37Z,,0.3037384259259259,0.3037384259259259,arxiv_meta_enrichment
2506.03077,2025-06-03T16:54:15Z,,2.295659722222222,2.295659722222222,arxiv_meta_enrichment
2506.03079,,,,0.2912962962962963,missing
2506.03096,,,,0.2727777777777778,missing
2506.03099,2025-06-03T17:29:28Z,,1.2712037037037036,1.2712037037037036,arxiv_meta_enrichment
2506.03106,,,,1.264560185185185,missing
2506.03107,,,,0.26403935185185184,missing
2506.03119,,,,0.25688657407407406,missing
2506.03123,,,,0.25342592592592594,missing
2506.03126,2025-06-03T17:55:18Z,,0.2532638888888889,0.2532638888888889,arxiv_meta_enrichment
2506.03131,,,,0.2517013888888889,missing
2506.03135,2025-06-03T17:58:29Z,,0.25105324074074076,0.25105324074074076,arxiv_meta_enrichment
2506.03136,2025-06-03T17:58:42Z,,0.25090277777777775,0.25090277777777775,arxiv_meta_enrichment
2506.03139,2025-06-03T17:58:57Z,,1.2507291666666667,1.2507291666666667,arxiv_meta_enrichment
2506.03143,,,,0.25060185185185185,missing
2506.03144,,,,0.2505324074074074,missing
2506.03147,,,,0.2503125,missing
2506.03150,,,,1.2500925925925925,missing
2506.03231,,,,6.4136342592592595,missing
2506.03238,,,,2.251689814814815,missing
2506.03295,2025-06-03T18:35:52Z,,1.2250925925925926,1.2250925925925926,arxiv_meta_enrichment
2506.03355,,,,1.1686458333333334,missing
2506.03448,,,,1.0275,missing
2506.03517,,,,0.8707407407407407,missing
2506.03525,,,,0.8624884259259259,missing
2506.03538,,,,0.8468402777777778,missing
2506.03566,,,,0.8121527777777777,missing
2506.03569,,,,0.8104861111111111,missing
2506.03610,,,,0.7218402777777778,missing
2506.03614,,,,0.7179861111111111,missing
2506.03621,2025-06-04T06:59:25Z,,-0.29126157407407405,-0.29126157407407405,arxiv_meta_enrichment
2506.03643,,,,1.6801736111111112,missing
2506.03690,,,,5.653043981481481,missing
2506.03817,,,,0.5544328703703704,missing
2506.03822,,,,0.5465856481481481,missing
2506.03828,2025-06-04T10:57:35Z,,4.543344907407407,4.543344907407407,arxiv_meta_enrichment
2506.03837,,,,0.5319444444444444,missing
2506.03857,,,,11.512071759259259,missing
2506.03930,,,,0.4411574074074074,missing
2506.03939,,,,13.4365625,missing
2506.03951,,,,0.43008101851851854,missing
2506.03956,,,,0.4260069444444444,missing
2506.03968,,,,12.416122685185185,missing
2506.04020,,,,6.3815740740740745,missing
2506.04034,,,,0.37711805555555555,missing
2506.04089,,,,0.34228009259259257,missing
2506.04108,,,,0.33208333333333334,missing
2506.04120,,,,4.323252314814815,missing
2506.04133,,,,0.31515046296296295,missing
2506.04141,2025-06-04T16:33:41Z,,0.30994212962962964,0.30994212962962964,arxiv_meta_enrichment
2506.04142,2025-06-04T16:33:44Z,,0.3099074074074074,0.3099074074074074,arxiv_meta_enrichment
2506.04158,,,,0.29347222222222225,missing
2506.04178,2025-06-04T17:25:39Z,,0.2738541666666667,0.2738541666666667,arxiv_meta_enrichment
2506.04180,,,,0.27243055555555556,missing
2506.04207,2025-06-04T17:51:08Z,,0.2561574074074074,0.2561574074074074,arxiv_meta_enrichment
2506.04209,,,,1.255601851851852,missing
2506.04214,,,,0.2517824074074074,missing
2506.04225,2025-06-04T17:59:04Z,,0.2506481481481482,0.2506481481481482,arxiv_meta_enrichment
2506.04228,,,,0.25002314814814813,missing
2506.04245,,,,7.106701388888889,missing
2506.04255,,,,7.268564814814815,missing
2506.04308,,,,1.2503819444444444,missing
2506.04405,,,,1.1813078703703703,missing
2506.04462,,,,1.1047800925925926,missing
2506.04559,,,,0.8971412037037036,missing
2506.04598,,,,0.8500115740740741,missing
2506.04614,2025-06-05T04:12:36Z,,5.824583333333333,5.824583333333333,arxiv_meta_enrichment
2506.04633,2025-06-05T05:09:46Z,,0.7848842592592593,0.7848842592592593,arxiv_meta_enrichment
2506.04651,,,,4.760138888888889,missing
2506.04688,,,,5.700277777777778,missing
2506.04734,2025-06-05T08:09:11Z,,0.6602893518518519,0.6602893518518519,arxiv_meta_enrichment
2506.04755,,,,3.638611111111111,missing
2506.04807,,,,4.602013888888889,missing
2506.04956,,,,0.47844907407407405,missing
2506.04996,,,,0.45459490740740743,missing
2506.05010,,,,0.44386574074074076,missing
2506.05046,,,,0.4203703703703704,missing
2506.05062,,,,4.411909722222222,missing
2506.05167,,,,5.344571759259259,missing
2506.05176,2025-06-05T15:49:48Z,,0.34041666666666665,0.34041666666666665,arxiv_meta_enrichment
2506.05209,2025-06-05T16:21:30Z,,0.31840277777777776,0.31840277777777776,arxiv_meta_enrichment
2506.05229,2025-06-05T16:43:48Z,,0.30291666666666667,0.30291666666666667,arxiv_meta_enrichment
2506.05240,,,,0.2917476851851852,missing
2506.05278,,,,0.26872685185185186,missing
2506.05282,,,,0.26663194444444444,missing
2506.05284,2025-06-05T17:42:34Z,,0.26210648148148147,0.26210648148148147,arxiv_meta_enrichment
2506.05287,,,,0.2609722222222222,missing
2506.05301,2025-06-05T17:51:05Z,,0.2561921296296296,0.2561921296296296,arxiv_meta_enrichment
2506.05309,,,,6.254351851851852,missing
2506.05313,,,,0.25328703703703703,missing
2506.05327,,,,0.2511226851851852,missing
2506.05328,2025-06-05T17:58:33Z,,0.25100694444444444,0.25100694444444444,arxiv_meta_enrichment
2506.05331,,,,0.2506712962962963,missing
2506.05332,,,,-0.7493518518518518,missing
2506.05333,,,,0.2504166666666667,missing
2506.05334,2025-06-05T17:59:26Z,,0.25039351851851854,0.25039351851851854,arxiv_meta_enrichment
2506.05336,,,,12.250358796296297,missing
2506.05344,2025-06-05T17:59:55Z,,0.25005787037037036,0.25005787037037036,arxiv_meta_enrichment
2506.05345,2025-06-05T17:59:55Z,2025-06-05 17:59:55+00:00,0.25005787037037036,0.25005787037037036,arxiv_meta_enrichment
2506.05348,,,,0.2500347222222222,missing
2506.05349,2025-06-05T17:59:58Z,,0.25002314814814813,0.25002314814814813,arxiv_meta_enrichment
2506.05412,,,,7.250405092592593,missing
2506.05426,,,,12.729699074074073,missing
2506.05433,,,,3.6155439814814816,missing
2506.05446,2025-06-05T14:07:15Z,,3.4116319444444443,3.4116319444444443,arxiv_meta_enrichment
2506.05523,,,,3.199479166666667,missing
2506.05551,,,,3.1713078703703705,missing
2506.05573,2025-06-05T20:30:28Z,,3.145509259259259,3.145509259259259,arxiv_meta_enrichment
2506.05579,,,,3.1331481481481482,missing
2506.05598,,,,4.108842592592593,missing
2506.05629,,,,3.0323842592592594,missing
2506.05673,,,,2.923287037037037,missing
2506.05700,,,,4.873009259259259,missing
2506.05817,,,,2.6881828703703703,missing
2506.05904,,,,3.6086921296296297,missing
2506.05928,,,,4.587280092592593,missing
2506.05982,,,,6.540266203703704,missing
2506.05984,,,,2.537638888888889,missing
2506.06006,,,,3.506736111111111,missing
2506.06020,,,,5.493356481481482,missing
2506.06091,,,,2.421851851851852,missing
2506.06199,,,,2.332974537037037,missing
2506.06205,2025-06-06T16:08:47Z,,3.327233796296296,3.327233796296296,arxiv_meta_enrichment
2506.06253,,,,2.27375,missing
2506.06266,,,,3.2580671296296297,missing
2506.06276,2025-06-06T17:58:39Z,,2.2509375,2.2509375,arxiv_meta_enrichment
2506.06279,,,,12.250625,missing
2506.06366,,,,12.657962962962962,missing
2506.06395,2025-06-05T19:55:15Z,,6.169965277777778,6.169965277777778,arxiv_meta_enrichment
2506.06444,2025-06-06T18:05:45Z,,3.2460069444444444,3.2460069444444444,arxiv_meta_enrichment
2506.06454,,,,10.233194444444445,missing
2506.06485,,,,3.1941782407407406,missing
2506.06561,,,,6.072037037037037,missing
2506.06607,,,,2.9642708333333334,missing
2506.06658,,,,2.8092939814814817,missing
2506.06694,,,,5.695011574074074,missing
2506.06751,,,,3.551886574074074,missing
2506.06905,,,,2.1823842592592593,missing
2506.06941,2025-06-07T22:42:29Z,,2.0538310185185185,2.0538310185185185,arxiv_meta_enrichment
2506.06950,,,,5.028159722222222,missing
2506.06952,,,,4.989212962962963,missing
2506.06962,2025-06-08T01:33:05Z,,8.935358796296295,8.935358796296295,arxiv_meta_enrichment
2506.07044,2025-06-08T08:47:30Z,,1.6336805555555556,1.6336805555555556,arxiv_meta_enrichment
2506.07045,,,,2.6335185185185184,missing
2506.07047,,,,2.6220601851851852,missing
2506.07160,,,,1.4039930555555555,missing
2506.07177,2025-06-08T14:54:41Z,,2.3786921296296297,2.3786921296296297,arxiv_meta_enrichment
2506.07240,,,,1.2537847222222223,missing
2506.07298,2025-06-08T21:49:38Z,,1.0905324074074074,1.0905324074074074,arxiv_meta_enrichment
2506.07309,,,,1.0473842592592593,missing
2506.07434,,,,0.7768287037037037,missing
2506.07463,,,,0.7400578703703704,missing
2506.07464,,,,6.738958333333334,missing
2506.07491,2025-06-09T07:10:58Z,,0.7007175925925926,0.7007175925925926,arxiv_meta_enrichment
2506.07527,,,,0.6587962962962963,missing
2506.07530,,,,0.6561226851851852,missing
2506.07553,,,,0.633912037037037,missing
2506.07564,,,,0.6217939814814815,missing
2506.07645,,,,0.5349652777777778,missing
2506.07712,,,,0.4606365740740741,missing
2506.07795,,,,3.4017939814814815,missing
2506.07803,2025-06-09T14:32:18Z,,0.3942361111111111,0.3942361111111111,arxiv_meta_enrichment
2506.07833,,,,0.3784722222222222,missing
2506.07848,,,,0.36725694444444446,missing
2506.07900,,,,0.3216435185185185,missing
2506.07927,2025-06-09T16:43:38Z,,1.3030324074074073,1.3030324074074073,arxiv_meta_enrichment
2506.07932,,,,1.2971064814814814,missing
2506.07961,,,,7.266273148148148,missing
2506.07971,,,,0.2602083333333333,missing
2506.07976,,,,1.2569212962962963,missing
2506.07977,2025-06-09T17:50:21Z,,0.2567013888888889,0.2567013888888889,arxiv_meta_enrichment
2506.07982,,,,0.2553472222222222,missing
2506.07986,2025-06-09T17:54:04Z,,0.2541203703703704,0.2541203703703704,arxiv_meta_enrichment
2506.08001,,,,2.250300925925926,missing
2506.08002,2025-06-09T17:59:37Z,2025-06-09 17:59:37+00:00,1.2502662037037038,1.2502662037037038,arxiv_meta_enrichment
2506.08004,,,,0.25015046296296295,missing
2506.08006,,,,0.2500925925925926,missing
2506.08007,2025-06-09T17:59:53Z,,0.2500810185185185,0.2500810185185185,arxiv_meta_enrichment
2506.08008,,,,2.2500694444444442,missing
2506.08009,2025-06-09T17:59:55Z,,1.2500578703703704,1.2500578703703704,arxiv_meta_enrichment
2506.08010,,,,0.2500347222222222,missing
2506.08011,,,,0.2500347222222222,missing
2506.08012,,,,0.2500347222222222,missing
2506.08060,,,,3.6407523148148146,missing
2506.08234,,,,3.1220601851851852,missing
2506.08279,2025-06-09T22:56:02Z,,1.0444212962962962,1.0444212962962962,arxiv_meta_enrichment
2506.08300,,,,0.9920138888888889,missing
2506.08343,,,,6.920787037037037,missing
2506.08373,,,,2.890439814814815,missing
2506.08477,,,,5.7425347222222225,missing
2506.08500,,,,0.7132291666666667,missing
2506.08570,,,,1.640451388888889,missing
2506.08592,2025-06-10T09:00:33Z,,5.624618055555556,5.624618055555556,arxiv_meta_enrichment
2506.08672,2025-06-10T10:31:21Z,,0.5615625,0.5615625,arxiv_meta_enrichment
2506.08862,,,,2.380138888888889,missing
2506.08887,,,,0.36342592592592593,missing
2506.08889,,,,1.3628935185185185,missing
2506.08900,,,,1.357002314814815,missing
2506.08915,,,,5.346273148148148,missing
2506.08989,,,,5.290277777777778,missing
2506.09003,,,,1.2753125,missing
2506.09007,,,,1.2709722222222222,missing
2506.09033,,,,7.2522569444444445,missing
2506.09038,,,,5.251736111111111,missing
2506.09040,,,,0.2515046296296296,missing
2506.09049,,,,12.250185185185185,missing
2506.09050,,,,6.250046296296296,missing
2506.09113,,,,1.252650462962963,missing
2506.09229,,,,1.142511574074074,missing
2506.09250,,,,2.113275462962963,missing
2506.09278,,,,1.0609606481481482,missing
2506.09344,2025-06-11T02:50:49Z,,1.8813773148148147,1.8813773148148147,arxiv_meta_enrichment
2506.09350,,,,0.8719560185185186,missing
2506.09366,,,,4.858032407407407,missing
2506.09420,,,,0.7442939814814815,missing
2506.09427,,,,4.735185185185185,missing
2506.09482,2025-06-11T07:50:31Z,,5.673252314814815,5.673252314814815,arxiv_meta_enrichment
2506.09501,2025-06-11T08:23:53Z,,0.6500810185185185,0.6500810185185185,arxiv_meta_enrichment
2506.09513,2025-06-11T08:36:55Z,,1.6410300925925927,1.6410300925925927,arxiv_meta_enrichment
2506.09600,,,,4.54181712962963,missing
2506.09669,,,,0.4723611111111111,missing
2506.09736,,,,0.43071759259259257,missing
2506.09790,,,,0.3921875,missing
2506.09820,,,,0.3756712962962963,missing
2506.09827,2025-06-11T15:06:59Z,,8.370150462962963,8.370150462962963,arxiv_meta_enrichment
2506.09930,,,,11.29701388888889,missing
2506.09937,,,,0.2922106481481481,missing
2506.09942,,,,1.2843055555555556,missing
2506.09952,,,,1.275451388888889,missing
2506.09958,,,,0.26969907407407406,missing
2506.09967,2025-06-11T17:44:01Z,,1.261099537037037,1.261099537037037,arxiv_meta_enrichment
2506.09968,,,,5.260381944444444,missing
2506.09980,,,,0.2534375,missing
2506.09984,,,,0.25197916666666664,missing
2506.09985,,,,6.251979166666667,missing
2506.09991,2025-06-11T17:59:23Z,,0.2504282407407407,0.2504282407407407,arxiv_meta_enrichment
2506.09993,2025-06-11T17:59:46Z,,1.250162037037037,1.250162037037037,arxiv_meta_enrichment
2506.09995,2025-06-11T17:59:53Z,,0.2500810185185185,0.2500810185185185,arxiv_meta_enrichment
2506.10036,,,,2.1071064814814813,missing
2506.10038,,,,7.0571875,missing
2506.10055,,,,5.251226851851852,missing
2506.10056,,,,4.251145833333333,missing
2506.10082,,,,4.247280092592592,missing
2506.10100,,,,6.2257291666666665,missing
2506.10128,2025-06-11T19:16:54Z,,4.1965972222222225,4.1965972222222225,arxiv_meta_enrichment
2506.10178,,,,1.1177546296296297,missing
2506.10209,,,,0.0810300925925926,missing
2506.10274,,,,0.9335300925925926,missing
2506.10341,,,,4.80900462962963,missing
2506.10357,,,,0.7710648148148148,missing
2506.10378,,,,0.7446527777777778,missing
2506.10387,,,,3.735196759259259,missing
2506.10521,2025-06-12T09:29:16Z,,4.604675925925926,4.604675925925926,arxiv_meta_enrichment
2506.10540,,,,0.5789236111111111,missing
2506.10568,,,,0.5427893518518518,missing
2506.10597,,,,11.512037037037038,missing
2506.10600,,,,0.5112268518518519,missing
2506.10674,,,,0.45534722222222224,missing
2506.10728,,,,0.40434027777777776,missing
2506.10737,,,,0.39828703703703705,missing
2506.10741,2025-06-12T14:28:12Z,,0.39708333333333334,0.39708333333333334,arxiv_meta_enrichment
2506.10821,2025-06-12T15:39:10Z,,0.34780092592592593,0.34780092592592593,arxiv_meta_enrichment
2506.10857,2025-06-12T16:17:17Z,,0.32133101851851853,0.32133101851851853,arxiv_meta_enrichment
2506.10890,,,,0.29538194444444443,missing
2506.10892,,,,3.2947337962962964,missing
2506.10910,,,,0.27596064814814814,missing
2506.10911,,,,0.27542824074074074,missing
2506.10920,,,,0.26841435185185186,missing
2506.10952,,,,0.25427083333333333,missing
2506.10953,2025-06-12T17:53:58Z,,0.25418981481481484,0.25418981481481484,arxiv_meta_enrichment
2506.10954,,,,0.2539699074074074,missing
2506.10960,,,,0.25202546296296297,missing
2506.10974,2025-06-12T17:59:32Z,,0.2503240740740741,0.2503240740740741,arxiv_meta_enrichment
2506.10978,2025-06-12T17:59:51Z,,0.2501041666666667,0.2501041666666667,arxiv_meta_enrichment
2506.11110,,,,10.410856481481481,missing
2506.11115,,,,7.792210648148148,missing
2506.11116,,,,6.724131944444444,missing
2506.11130,,,,5.270462962962963,missing
2506.11136,,,,5.129722222222222,missing
2506.11274,,,,3.1465972222222223,missing
2506.11305,,,,3.1172916666666666,missing
2506.11474,2025-06-13T05:36:30Z,,2.7663194444444446,2.7663194444444446,arxiv_meta_enrichment
2506.11702,,,,2.4877546296296296,missing
2506.11763,2025-06-13T13:17:32Z,,3.4461574074074073,3.4461574074074073,arxiv_meta_enrichment
2506.11886,,,,2.3500694444444443,missing
2506.11924,2025-06-13T16:19:00Z,,2.3201388888888888,2.3201388888888888,arxiv_meta_enrichment
2506.11928,2025-06-13T16:29:09Z,,2.313090277777778,2.313090277777778,arxiv_meta_enrichment
2506.11930,,,,2.311215277777778,missing
2506.11991,2025-06-13T17:47:43Z,,3.2585300925925926,3.2585300925925926,arxiv_meta_enrichment
2506.11997,,,,2.255821759259259,missing
2506.12015,,,,4.2500231481481485,missing
2506.12148,,,,3.244224537037037,missing
2506.12189,,,,3.1862037037037036,missing
2506.12229,,,,3.1153125,missing
2506.12258,,,,3.069513888888889,missing
2506.12278,,,,4.002581018518518,missing
2506.12285,,,,3.986990740740741,missing
2506.12299,,,,2.9417824074074073,missing
2506.12450,,,,2.534837962962963,missing
2506.12552,,,,2.3407407407407406,missing
2506.12571,2025-06-14T16:56:00Z,,2.2944444444444443,2.2944444444444443,arxiv_meta_enrichment
2506.12623,,,,2.139212962962963,missing
2506.12860,,,,2.401759259259259,missing
2506.12880,,,,2.36068287037037,missing
2506.12915,2025-06-15T17:19:19Z,,1.2782523148148148,1.2782523148148148,arxiv_meta_enrichment
2506.12928,2025-06-15T17:59:47Z,,2.250150462962963,2.250150462962963,arxiv_meta_enrichment
2506.12953,,,,1.1784953703703704,missing
2506.13001,,,,0.9972106481481482,missing
2506.13172,,,,0.6843634259259259,missing
2506.13277,,,,0.6134259259259259,missing
2506.13284,2025-06-16T09:27:48Z,,0.6056944444444444,0.6056944444444444,arxiv_meta_enrichment
2506.13363,2025-06-16T11:10:25Z,,1.5344328703703705,1.5344328703703705,arxiv_meta_enrichment
2506.13387,,,,1.5069444444444444,missing
2506.13404,,,,0.4873726851851852,missing
2506.13414,,,,2.480150462962963,missing
2506.13430,,,,0.46693287037037035,missing
2506.13502,,,,0.4174305555555556,missing
2506.13585,2025-06-16T15:08:02Z,,0.3694212962962963,0.3694212962962963,arxiv_meta_enrichment
2506.13599,,,,1.358252314814815,missing
2506.13642,2025-06-16T16:06:45Z,,1.3286458333333333,1.3286458333333333,arxiv_meta_enrichment
2506.13651,,,,1.3220601851851852,missing
2506.13654,2025-06-16T16:17:08Z,,0.3214351851851852,0.3214351851851852,arxiv_meta_enrichment
2506.13750,,,,0.25252314814814814,missing
2506.13752,,,,0.25202546296296297,missing
2506.13759,2025-06-16T17:59:08Z,,0.25060185185185185,0.25060185185185185,arxiv_meta_enrichment
2506.13901,,,,1.234398148148148,missing
2506.13905,,,,7.226793981481482,missing
2506.13922,,,,1.2077083333333334,missing
2506.13977,,,,6.250486111111111,missing
2506.14002,,,,1.1263310185185185,missing
2506.14012,,,,8.111493055555556,missing
2506.14028,2025-06-16T22:01:49Z,,1.0820717592592592,1.0820717592592592,arxiv_meta_enrichment
2506.14111,2025-06-17T02:03:36Z,,-0.08583333333333333,-0.08583333333333333,arxiv_meta_enrichment
2506.14202,,,,-0.2390972222222222,missing
2506.14205,,,,0.7591203703703704,missing
2506.14234,2025-06-17T06:47:19Z,,0.7171412037037037,0.7171412037037037,arxiv_meta_enrichment
2506.14245,2025-06-17T07:06:56Z,,0.7035185185185185,0.7035185185185185,arxiv_meta_enrichment
2506.14315,,,,1.631886574074074,missing
2506.14429,2025-06-17T11:45:37Z,,0.509988425925926,0.509988425925926,arxiv_meta_enrichment
2506.14435,,,,1.5042939814814815,missing
2506.14603,2025-06-17T15:06:07Z,,0.3707523148148148,0.3707523148148148,arxiv_meta_enrichment
2506.14606,,,,0.3702083333333333,missing
2506.14629,,,,0.3579861111111111,missing
2506.14702,,,,0.30506944444444445,missing
2506.14731,,,,0.28293981481481484,missing
2506.14755,,,,0.25675925925925924,missing
2506.14758,2025-06-17T17:54:03Z,,0.2541319444444444,0.2541319444444444,arxiv_meta_enrichment
2506.14761,,,,0.2533449074074074,missing
2506.14770,,,,1.2503125,missing
2506.14824,,,,6.2563657407407405,missing
2506.14837,,,,4.409537037037037,missing
2506.14842,,,,2.6270486111111113,missing
2506.14866,,,,1.2503356481481482,missing
2506.14965,2025-06-17T20:24:00Z,,2.15,2.15,arxiv_meta_enrichment
2506.15050,,,,0.9433101851851852,missing
2506.15068,,,,0.9049421296296296,missing
2506.15154,,,,1.7558333333333334,missing
2506.15196,,,,8.69443287037037,missing
2506.15211,,,,0.6776736111111111,missing
2506.15442,2025-06-18T13:14:46Z,,4.448078703703704,4.448078703703704,arxiv_meta_enrichment
2506.15455,,,,1.4334837962962963,missing
2506.15461,2025-06-18T13:48:33Z,,0.42461805555555554,0.42461805555555554,arxiv_meta_enrichment
2506.15564,2025-06-18T15:39:15Z,,1.3477430555555556,1.3477430555555556,arxiv_meta_enrichment
2506.15569,,,,0.344837962962963,missing
2506.15645,,,,5.281863425925926,missing
2506.15672,,,,0.25353009259259257,missing
2506.15675,2025-06-18T17:57:06Z,,0.25201388888888887,0.25201388888888887,arxiv_meta_enrichment
2506.15677,,,,0.2511921296296296,missing
2506.15681,2025-06-18T17:59:49Z,,0.2501273148148148,0.2501273148148148,arxiv_meta_enrichment
2506.15682,,,,0.2501157407407407,missing
2506.15741,2025-06-17T17:59:02Z,,6.2506712962962965,6.2506712962962965,arxiv_meta_enrichment
2506.15745,,,,4.901226851851852,missing
2506.15882,,,,11.113900462962963,missing
2506.15925,,,,3.99880787037037,missing
2506.16012,2025-06-19T04:13:36Z,,6.823888888888889,6.823888888888889,arxiv_meta_enrichment
2506.16035,2025-06-19T05:11:43Z,,3.7835300925925925,3.7835300925925925,arxiv_meta_enrichment
2506.16054,2025-06-19T06:25:02Z,,3.7326157407407408,3.7326157407407408,arxiv_meta_enrichment
2506.16095,,,,5.686770833333333,missing
2506.16123,,,,4.653530092592592,missing
2506.16141,2025-06-19T08:49:13Z,,5.632488425925926,5.632488425925926,arxiv_meta_enrichment
2506.16310,,,,3.4339699074074073,missing
2506.16349,,,,3.398715277777778,missing
2506.16406,2025-06-19T15:38:21Z,,3.3483680555555555,3.3483680555555555,arxiv_meta_enrichment
2506.16500,,,,11.254467592592592,missing
2506.16504,,,,3.2516203703703703,missing
2506.16507,,,,4.250150462962963,missing
2506.16655,2025-06-19T23:57:41Z,,7.0016087962962965,7.0016087962962965,arxiv_meta_enrichment
2506.16929,,,,3.5105555555555554,missing
2506.16962,,,,3.4643634259259257,missing
2506.17080,,,,10.354097222222222,missing
2506.17090,,,,2.3376041666666665,missing
2506.17113,,,,2.3234606481481483,missing
2506.17201,2025-06-20T17:50:37Z,,2.2565162037037036,2.2565162037037036,arxiv_meta_enrichment
2506.17202,,,,2.255196759259259,missing
2506.17206,2025-06-20T17:55:06Z,,2.2534027777777776,2.2534027777777776,arxiv_meta_enrichment
2506.17213,,,,2.250451388888889,missing
2506.17218,2025-06-20T17:59:31Z,,2.2503356481481482,2.2503356481481482,arxiv_meta_enrichment
2506.17323,,,,5.173831018518518,missing
2506.17417,,,,10.233472222222222,missing
2506.17450,,,,9.181550925925926,missing
2506.17533,,,,5.95068287037037,missing
2506.17538,,,,2.9358564814814816,missing
2506.17612,2025-06-21T06:36:00Z,,3.725,3.725,arxiv_meta_enrichment
2506.17671,,,,2.579085648148148,missing
2506.17673,,,,2.5705439814814817,missing
2506.17818,,,,2.1134375,missing
2506.17859,,,,8.007546296296296,missing
2506.17871,,,,1.916238425925926,missing
2506.17930,,,,8.67144675925926,missing
2506.17939,,,,1.6597453703703704,missing
2506.18088,2025-06-22T16:26:53Z,,3.3146643518518517,3.3146643518518517,arxiv_meta_enrichment
2506.18095,2025-06-22T16:51:09Z,,3.2978125,3.2978125,arxiv_meta_enrichment
2506.18254,2025-06-23T02:56:36Z,,0.8773611111111111,0.8773611111111111,arxiv_meta_enrichment
2506.18309,,,,0.7556481481481482,missing
2506.18315,,,,2.7491666666666665,missing
2506.18330,,,,6.733414351851851,missing
2506.18349,,,,0.6972337962962963,missing
2506.18369,,,,0.669537037037037,missing
2506.18403,,,,2.6383680555555555,missing
2506.18463,2025-06-23T10:01:14Z,,0.5824768518518518,0.5824768518518518,arxiv_meta_enrichment
2506.18527,,,,0.5217939814814815,missing
2506.18631,,,,0.4330555555555556,missing
2506.18674,,,,2.403634259259259,missing
2506.18701,2025-06-23T14:40:49Z,,1.3883217592592592,1.3883217592592592,arxiv_meta_enrichment
2506.18729,,,,3.369409722222222,missing
2506.18787,,,,0.3353009259259259,missing
2506.18792,2025-06-23T16:01:15Z,,0.3324652777777778,0.3324652777777778,arxiv_meta_enrichment
2506.18839,,,,5.01042824074074,missing
2506.18841,2025-06-23T16:59:02Z,,0.29233796296296294,0.29233796296296294,arxiv_meta_enrichment
2506.18843,,,,1.2902777777777779,missing
2506.18851,2025-06-23T17:11:56Z,,0.28337962962962965,0.28337962962962965,arxiv_meta_enrichment
2506.18871,2025-06-23T17:38:54Z,,0.2646527777777778,0.2646527777777778,arxiv_meta_enrichment
2506.18879,,,,0.2568171296296296,missing
2506.18882,2025-06-23T17:53:11Z,,0.2547337962962963,0.2547337962962963,arxiv_meta_enrichment
2506.18887,,,,0.2523842592592593,missing
2506.18890,,,,0.25153935185185183,missing
2506.18896,2025-06-23T17:59:02Z,,0.2506712962962963,0.2506712962962963,arxiv_meta_enrichment
2506.18898,2025-06-23T17:59:14Z,,0.2505324074074074,0.2505324074074074,arxiv_meta_enrichment
2506.18899,,,,2.250509259259259,missing
2506.18900,,,,0.2503587962962963,missing
2506.18901,,,,0.2500810185185185,missing
2506.18903,2025-06-23T17:59:56Z,,0.2500462962962963,0.2500462962962963,arxiv_meta_enrichment
2506.18904,,,,0.25002314814814813,missing
2506.18945,2025-06-23T02:15:43Z,,1.9057523148148148,1.9057523148148148,arxiv_meta_enrichment
2506.18951,2025-06-23T09:41:37Z,,1.596099537037037,1.596099537037037,arxiv_meta_enrichment
2506.19028,,,,0.22821759259259258,missing
2506.19103,,,,2.1425578703703705,missing
2506.19143,,,,2.1050347222222223,missing
2506.19290,,,,0.8377777777777777,missing
2506.19433,,,,0.6245023148148148,missing
2506.19467,2025-06-24T09:49:26Z,,0.5906712962962963,0.5906712962962963,arxiv_meta_enrichment
2506.19502,,,,1.5552893518518518,missing
2506.19592,,,,5.456875,missing
2506.19697,2025-06-24T15:03:57Z,,1.3722569444444443,1.3722569444444443,arxiv_meta_enrichment
2506.19713,,,,0.36131944444444447,missing
2506.19741,,,,5.3340856481481485,missing
2506.19767,,,,0.3113773148148148,missing
2506.19794,,,,0.2886226851851852,missing
2506.19807,,,,0.27966435185185184,missing
2506.19830,,,,0.2582175925925926,missing
2506.19838,,,,0.2517824074074074,missing
2506.19839,,,,0.25136574074074075,missing
2506.19847,,,,0.2501273148148148,missing
2506.19848,2025-06-24T17:59:55Z,,0.25005787037037036,0.25005787037037036,arxiv_meta_enrichment
2506.19850,,,,0.2500347222222222,missing
2506.19851,2025-06-24T17:59:58Z,,0.25002314814814813,0.25002314814814813,arxiv_meta_enrichment
2506.19852,2025-06-24T17:59:59Z,,7.250011574074074,7.250011574074074,arxiv_meta_enrichment
2506.20279,2025-06-25T09:40:50Z,,4.596643518518518,4.596643518518518,arxiv_meta_enrichment
2506.20331,,,,0.5205439814814815,missing
2506.20430,,,,1.4288657407407408,missing
2506.20452,2025-06-25T13:58:37Z,,0.4176273148148148,0.4176273148148148,arxiv_meta_enrichment
2506.20480,,,,0.3993171296296296,missing
2506.20495,,,,0.3880439814814815,missing
2506.20512,2025-06-25T14:58:13Z,,0.37623842592592593,0.37623842592592593,arxiv_meta_enrichment
2506.20544,,,,0.34869212962962964,missing
2506.20639,2025-06-25T17:35:47Z,,6.266817129629629,6.266817129629629,arxiv_meta_enrichment
2506.20670,,,,1.2502083333333334,missing
2506.20703,,,,1.2500578703703704,missing
2506.20911,2025-06-26T00:33:43Z,,0.9765856481481482,0.9765856481481482,arxiv_meta_enrichment
2506.20920,,,,-0.04290509259259259,missing
2506.20936,,,,0.9179513888888889,missing
2506.21103,2025-06-26T09:01:19Z,,0.6240856481481482,0.6240856481481482,arxiv_meta_enrichment
2506.21263,,,,0.42703703703703705,missing
2506.21272,,,,0.4178703703703704,missing
2506.21277,,,,5.4159375,missing
2506.21355,,,,3.3692361111111113,missing
2506.21356,,,,3.3685069444444444,missing
2506.21416,2025-06-26T16:04:16Z,,3.33037037037037,3.33037037037037,arxiv_meta_enrichment
2506.21448,,,,4.311041666666667,missing
2506.21458,,,,3.306724537037037,missing
2506.21476,,,,3.288125,missing
2506.21506,,,,0.26886574074074077,missing
2506.21520,,,,0.2631134259259259,missing
2506.21539,2025-06-26T17:55:40Z,,0.25300925925925927,0.25300925925925927,arxiv_meta_enrichment
2506.21545,,,,5.250613425925926,missing
2506.21546,,,,7.250555555555556,missing
2506.21547,2025-06-26T17:59:14Z,,0.2505324074074074,0.2505324074074074,arxiv_meta_enrichment
2506.21551,2025-06-26T17:59:58Z,,0.25002314814814813,0.25002314814814813,arxiv_meta_enrichment
2506.21552,,,,0.2500115740740741,missing
2506.21594,,,,11.594201388888889,missing
2506.21628,,,,5.150243055555555,missing
2506.21656,,,,3.25,missing
2506.21718,,,,3.201296296296296,missing
2506.21862,2025-06-27T02:29:58Z,,2.8958564814814816,2.8958564814814816,arxiv_meta_enrichment
2506.21876,2025-06-27T03:24:29Z,,2.857997685185185,2.857997685185185,arxiv_meta_enrichment
2506.21884,,,,10.845266203703703,missing
2506.22049,,,,2.5935763888888888,missing
2506.22149,,,,2.504236111111111,missing
2506.22419,,,,2.260740740740741,missing
2506.22432,,,,2.2506828703703703,missing
2506.22434,,,,2.2503819444444444,missing
2506.22598,,,,3.179386574074074,missing
2506.22694,,,,2.9814814814814814,missing
2506.22753,,,,2.7995717592592593,missing
2506.22760,,,,1.7604513888888889,missing
2506.22813,,,,5.64662037037037,missing
2506.22832,,,,2.587997685185185,missing
2506.22868,,,,4.474780092592592,missing
2506.22960,,,,3.267962962962963,missing
2506.22973,,,,3.2420138888888888,missing
2506.22992,,,,2.1774074074074075,missing
2506.23009,,,,3.1341782407407406,missing
2506.23044,2025-06-29T00:40:17Z,,1.972025462962963,1.972025462962963,arxiv_meta_enrichment
2506.23115,2025-06-29T06:41:00Z,,2.7215277777777778,2.7215277777777778,arxiv_meta_enrichment
2506.23121,,,,4.704548611111111,missing
2506.23135,,,,1.652951388888889,missing
2506.23151,2025-06-29T09:01:42Z,,1.6238194444444445,1.6238194444444445,arxiv_meta_enrichment
2506.23219,,,,1.4552430555555556,missing
2506.23329,,,,2.2896180555555556,missing
2506.23394,,,,1.1337152777777777,missing
2506.23542,,,,0.7295833333333334,missing
2506.23552,,,,2.7141203703703702,missing
2506.23858,2025-06-30T13:52:31Z,,0.4218634259259259,0.4218634259259259,arxiv_meta_enrichment
2506.23918,2025-06-30T14:48:35Z,,3.382928240740741,3.382928240740741,arxiv_meta_enrichment
2506.24019,,,,1.3174652777777778,missing
2506.24044,,,,9.298587962962962,missing
2506.24119,2025-06-30T17:58:13Z,,0.25123842592592593,0.25123842592592593,arxiv_meta_enrichment
2506.24123,,,,0.250625,missing
2507.00162,,,,1.2421180555555555,missing
2507.00316,,,,2.0313773148148146,missing
2507.00339,,,,0.9743518518518518,missing
2507.00432,,,,0.775636574074074,missing
2507.00472,,,,1.723449074074074,missing
2507.00476,,,,0.716087962962963,missing
2507.00606,,,,0.5978703703703704,missing
2507.00769,,,,5.409305555555555,missing
2507.00951,2025-07-01T16:52:25Z,,0.29693287037037036,0.29693287037037036,arxiv_meta_enrichment
2507.00994,2025-07-01T17:45:48Z,,6.259861111111111,6.259861111111111,arxiv_meta_enrichment
2507.01001,2025-07-01T17:51:59Z,,0.25556712962962963,0.25556712962962963,arxiv_meta_enrichment
2507.01004,,,,2.253553240740741,missing
2507.01006,2025-07-01T17:55:04Z,,0.25342592592592594,0.25342592592592594,arxiv_meta_enrichment
2507.01352,2025-07-02T04:40:29Z,,1.8052199074074073,1.8052199074074073,arxiv_meta_enrichment
2507.01544,,,,0.5858333333333333,missing
2507.01634,2025-07-02T12:05:57Z,,0.4958680555555556,0.4958680555555556,arxiv_meta_enrichment
2507.01663,,,,1.4683564814814816,missing
2507.01702,,,,7.435763888888889,missing
2507.01853,,,,4.327847222222222,missing
2507.01925,2025-07-02T17:34:52Z,,0.2674537037037037,0.2674537037037037,arxiv_meta_enrichment
2507.01945,2025-07-02T17:55:50Z,,0.25289351851851855,0.25289351851851855,arxiv_meta_enrichment
2507.01949,2025-07-02T17:57:28Z,,0.25175925925925924,0.25175925925925924,arxiv_meta_enrichment
2507.01951,,,,11.251377314814814,missing
2507.01953,2025-07-02T17:58:20Z,,0.2511574074074074,0.2511574074074074,arxiv_meta_enrichment
2507.01955,2025-07-02T17:59:07Z,,4.250613425925926,4.250613425925926,arxiv_meta_enrichment
2507.01957,2025-07-02T17:59:23Z,,0.2504282407407407,0.2504282407407407,arxiv_meta_enrichment
2507.02025,2025-07-02T16:09:47Z,,1.3265393518518518,1.3265393518518518,arxiv_meta_enrichment
2507.02029,2025-07-02T17:05:33Z,,5.2878125,5.2878125,arxiv_meta_enrichment
2507.02092,,,,1.1961921296296296,missing
2507.02321,2025-07-03T05:25:53Z,,0.7736921296296296,0.7736921296296296,arxiv_meta_enrichment
2507.02592,2025-07-03T12:59:07Z,,0.45894675925925926,0.45894675925925926,arxiv_meta_enrichment
2507.02608,2025-07-03T13:32:50Z,,3.4355324074074076,3.4355324074074076,arxiv_meta_enrichment
2507.02652,2025-07-03T14:18:08Z,,0.4040740740740741,0.4040740740740741,arxiv_meta_enrichment
2507.02659,2025-07-03T14:20:41Z,,4.402303240740741,4.402303240740741,arxiv_meta_enrichment
2507.02694,2025-07-03T15:04:38Z,,0.3717824074074074,0.3717824074074074,arxiv_meta_enrichment
2507.02726,,,,0.34608796296296296,missing
2507.02754,2025-07-03T16:16:34Z,,0.3218287037037037,0.3218287037037037,arxiv_meta_enrichment
2507.02778,,,,0.30451388888888886,missing
2507.02813,2025-07-03T17:21:23Z,,0.2768171296296296,0.2768171296296296,arxiv_meta_enrichment
2507.02856,,,,-0.7493287037037037,missing
2507.02857,,,,13.250671296296296,missing
2507.03033,,,,4.922349537037037,missing
2507.03112,2025-07-03T18:33:18Z,,5.226875,5.226875,arxiv_meta_enrichment
2507.03253,2025-07-04T02:19:58Z,,3.9028009259259258,3.9028009259259258,arxiv_meta_enrichment
2507.03336,,,,3.715949074074074,missing
2507.03483,2025-07-04T11:20:09Z,,3.527673611111111,3.527673611111111,arxiv_meta_enrichment
2507.03607,,,,3.397060185185185,missing
2507.03683,,,,3.3308912037037035,missing
2507.03698,,,,4.312060185185185,missing
2507.03724,2025-07-04T17:21:46Z,,3.276550925925926,3.276550925925926,arxiv_meta_enrichment
2507.03728,,,,4.269664351851852,missing
2507.03745,2025-07-04T18:00:01Z,,3.2499884259259257,3.2499884259259257,arxiv_meta_enrichment
2507.04009,2025-07-05T11:38:59Z,,2.514594907407407,2.514594907407407,arxiv_meta_enrichment
2507.04036,,,,2.4414930555555556,missing
2507.04103,2025-07-05T17:12:33Z,,3.282951388888889,3.282951388888889,arxiv_meta_enrichment
2507.04127,,,,10.217199074074074,missing
2507.04218,,,,8.8703125,missing
2507.04285,,,,1.667638888888889,missing
2507.04376,,,,1.4673958333333332,missing
2507.04404,2025-07-06T14:35:43Z,,8.391863425925926,8.391863425925926,arxiv_meta_enrichment
2507.04447,2025-07-06T16:14:29Z,,1.323275462962963,1.323275462962963,arxiv_meta_enrichment
2507.04517,,,,7.173773148148148,missing
2507.04562,,,,1.0645949074074075,missing
2507.04569,2025-07-06T22:53:41Z,,2.046053240740741,2.046053240740741,arxiv_meta_enrichment
2507.04590,,,,0.9639236111111111,missing
2507.04610,,,,1.9168171296296297,missing
2507.04642,,,,0.8395949074074074,missing
2507.04723,,,,1.685138888888889,missing
2507.04886,,,,3.5294907407407408,missing
2507.04952,,,,0.46319444444444446,missing
2507.04984,,,,10.440601851851852,missing
2507.05065,2025-07-07T14:49:18Z,,9.382430555555555,9.382430555555555,arxiv_meta_enrichment
2507.05101,,,,1.3603587962962962,missing
2507.05108,,,,0.3567476851851852,missing
2507.05163,,,,0.3204282407407407,missing
2507.05169,2025-07-07T16:23:46Z,,1.3168287037037036,1.3168287037037036,arxiv_meta_enrichment
2507.05197,,,,0.29408564814814814,missing
2507.05201,,,,1.290462962962963,missing
2507.05240,,,,1.2571643518518518,missing
2507.05241,,,,3.2563425925925924,missing
2507.05255,2025-07-07T17:59:03Z,,6.250659722222222,6.250659722222222,arxiv_meta_enrichment
2507.05257,,,,0.25006944444444446,missing
2507.05259,,,,0.2500462962962963,missing
2507.05397,2025-07-07T18:31:50Z,,6.227893518518519,6.227893518518519,arxiv_meta_enrichment
2507.05411,,,,1.2146064814814814,missing
2507.05455,,,,2.156041666666667,missing
2507.05566,2025-07-08T01:11:30Z,,0.9503472222222222,0.9503472222222222,arxiv_meta_enrichment
2507.05578,,,,0.9369675925925925,missing
2507.05675,2025-07-08T04:58:36Z,2025-07-08 04:58:36+00:00,0.7926388888888889,0.7926388888888889,arxiv_meta_enrichment
2507.05687,,,,1.765,missing
2507.05791,2025-07-08T08:52:18Z,,0.6303472222222222,0.6303472222222222,arxiv_meta_enrichment
2507.05920,,,,0.49646990740740743,missing
2507.05963,,,,0.45023148148148145,missing
2507.05964,2025-07-08T13:14:10Z,,2.4484953703703702,2.4484953703703702,arxiv_meta_enrichment
2507.05980,,,,1.432349537037037,missing
2507.06137,,,,0.31961805555555556,missing
2507.06138,,,,0.31894675925925925,missing
2507.06165,2025-07-08T16:46:15Z,,0.3012152777777778,0.3012152777777778,arxiv_meta_enrichment
2507.06167,2025-07-08T16:47:16Z,,1.3005092592592593,1.3005092592592593,arxiv_meta_enrichment
2507.06181,2025-07-08T17:03:39Z,,0.28913194444444446,0.28913194444444446,arxiv_meta_enrichment
2507.06203,,,,0.27144675925925926,missing
2507.06204,2025-07-08T17:30:14Z,,0.27067129629629627,0.27067129629629627,arxiv_meta_enrichment
2507.06219,2025-07-08T17:52:44Z,,0.25504629629629627,0.25504629629629627,arxiv_meta_enrichment
2507.06223,,,,0.2524537037037037,missing
2507.06229,2025-07-08T17:59:22Z,,0.2504398148148148,0.2504398148148148,arxiv_meta_enrichment
2507.06230,,,,0.2501157407407407,missing
2507.06260,,,,2.435011574074074,missing
2507.06261,2025-07-07T17:36:04Z,,6.2666203703703705,6.2666203703703705,arxiv_meta_enrichment
2507.06415,,,,1.0980902777777777,missing
2507.06448,2025-07-08T23:22:34Z,,1.0259953703703704,1.0259953703703704,arxiv_meta_enrichment
2507.06457,2025-07-08T23:54:11Z,,1.0040393518518518,1.0040393518518518,arxiv_meta_enrichment
2507.06485,,,,0.912349537037037,missing
2507.06543,2025-07-09T04:57:29Z,,1.793414351851852,1.793414351851852,arxiv_meta_enrichment
2507.06607,,,,0.6895833333333333,missing
2507.06804,,,,2.056377314814815,missing
2507.06853,,,,0.4185185185185185,missing
2507.06920,,,,0.3758449074074074,missing
2507.06952,,,,4.349826388888889,missing
2507.07015,,,,7.301759259259259,missing
2507.07017,2025-07-09T16:45:48Z,,0.3015277777777778,0.3015277777777778,arxiv_meta_enrichment
2507.07024,,,,0.2955902777777778,missing
2507.07095,2025-07-09T17:52:04Z,,0.25550925925925927,0.25550925925925927,arxiv_meta_enrichment
2507.07102,,,,-0.7493402777777778,missing
2507.07104,2025-07-09T17:59:04Z,,6.250648148148148,6.250648148148148,arxiv_meta_enrichment
2507.07105,,,,0.25047453703703704,missing
2507.07106,,,,0.25015046296296295,missing
2507.07129,,,,2.165798611111111,missing
2507.07136,2025-07-09T00:19:58Z,,1.9861342592592592,1.9861342592592592,arxiv_meta_enrichment
2507.07151,,,,4.528726851851852,missing
2507.07186,,,,6.249143518518519,missing
2507.07202,2025-07-09T18:20:33Z,,1.2357291666666668,1.2357291666666668,arxiv_meta_enrichment
2507.07451,,,,6.7507523148148145,missing
2507.07484,2025-07-10T07:11:57Z,,0.7000347222222222,0.7000347222222222,arxiv_meta_enrichment
2507.07574,,,,0.6086574074074074,missing
2507.07867,,,,0.34186342592592595,missing
2507.07955,2025-07-10T17:39:37Z,,0.26415509259259257,0.26415509259259257,arxiv_meta_enrichment
2507.07957,,,,-0.7362384259259259,missing
2507.07966,2025-07-10T17:47:40Z,,0.2585648148148148,0.2585648148148148,arxiv_meta_enrichment
2507.07982,2025-07-10T17:55:08Z,,0.2533796296296296,0.2533796296296296,arxiv_meta_enrichment
2507.07984,2025-07-10T17:56:07Z,,0.2526967592592593,0.2526967592592593,arxiv_meta_enrichment
2507.07990,,,,0.2506712962962963,missing
2507.07994,,,,3.2501273148148146,missing
2507.07996,2025-07-10T17:59:53Z,,0.2500810185185185,0.2500810185185185,arxiv_meta_enrichment
2507.07998,2025-07-10T17:59:55Z,,0.25005787037037036,0.25005787037037036,arxiv_meta_enrichment
2507.07999,2025-07-10T17:59:58Z,,0.25002314814814813,0.25002314814814813,arxiv_meta_enrichment
2507.08128,,,,3.1803125,missing
2507.08267,,,,3.898599537037037,missing
2507.08333,,,,4.732071759259259,missing
2507.08396,,,,3.655601851851852,missing
2507.08422,2025-07-11T09:07:43Z,,11.619641203703704,11.619641203703704,arxiv_meta_enrichment
2507.08441,2025-07-11T09:32:45Z,,2.6022569444444446,2.6022569444444446,arxiv_meta_enrichment
2507.08616,,,,4.407384259259259,missing
2507.08771,,,,2.271574074074074,missing
2507.08772,2025-07-11T17:33:18Z,,2.2685416666666667,2.2685416666666667,arxiv_meta_enrichment
2507.08776,2025-07-11T17:38:52Z,,2.264675925925926,2.264675925925926,arxiv_meta_enrichment
2507.08794,2025-07-11T17:55:22Z,,2.2532175925925926,2.2532175925925926,arxiv_meta_enrichment
2507.08799,2025-07-11T17:59:36Z,,2.250277777777778,2.250277777777778,arxiv_meta_enrichment
2507.08800,,,,2.2502314814814817,missing
2507.08801,2025-07-11T17:59:42Z,,2.250208333333333,2.250208333333333,arxiv_meta_enrichment
2507.08924,2025-07-11T17:56:32Z,,3.252407407407407,3.252407407407407,arxiv_meta_enrichment
2507.09025,2025-07-11T21:19:18Z,,5.111597222222223,5.111597222222223,arxiv_meta_enrichment
2507.09074,,,,3.0214814814814814,missing
2507.09075,2025-07-11T23:35:54Z,,4.016736111111111,4.016736111111111,arxiv_meta_enrichment
2507.09082,,,,4.000254629629629,missing
2507.09104,2025-07-12T01:34:24Z,,2.9344444444444444,2.9344444444444444,arxiv_meta_enrichment
2507.09404,2025-07-12T21:16:08Z,,3.113796296296296,3.113796296296296,arxiv_meta_enrichment
2507.09411,,,,3.075578703703704,missing
2507.09477,2025-07-13T03:29:41Z,,3.854386574074074,3.854386574074074,arxiv_meta_enrichment
2507.09751,,,,1.204363425925926,missing
2507.09862,2025-07-14T02:22:47Z,,0.9008449074074074,0.9008449074074074,arxiv_meta_enrichment
2507.10015,,,,2.672905092592593,missing
2507.10065,2025-07-14T08:49:57Z,,0.6319791666666666,0.6319791666666666,arxiv_meta_enrichment
2507.10510,,,,13.267488425925926,missing
2507.10524,2025-07-14T17:49:00Z,,0.25763888888888886,0.25763888888888886,arxiv_meta_enrichment
2507.10532,2025-07-14T17:55:15Z,,0.2532986111111111,0.2532986111111111,arxiv_meta_enrichment
2507.10541,2025-07-14T17:58:47Z,,0.2508449074074074,0.2508449074074074,arxiv_meta_enrichment
2507.10548,,,,0.25016203703703704,missing
2507.10571,,,,6.305914351851852,missing
2507.10605,,,,7.900706018518519,missing
2507.10787,,,,1.1420717592592593,missing
2507.10935,,,,6.874826388888889,missing
2507.11061,2025-07-15T07:54:11Z,,6.670706018518518,6.670706018518518,arxiv_meta_enrichment
2507.11097,2025-07-15T08:44:46Z,,5.635578703703704,5.635578703703704,arxiv_meta_enrichment
2507.11137,,,,-0.4015162037037037,missing
2507.11336,,,,0.41077546296296297,missing
2507.11407,2025-07-15T15:24:51Z,,0.3577430555555556,0.3577430555555556,arxiv_meta_enrichment
2507.11412,,,,1.3528819444444444,missing
2507.11465,2025-07-15T16:36:20Z,,8.308101851851852,8.308101851851852,arxiv_meta_enrichment
2507.11527,2025-07-15T17:56:04Z,,1.2527314814814814,1.2527314814814814,arxiv_meta_enrichment
2507.11539,,,,6.250034722222222,missing
2507.11589,,,,2.3780208333333333,missing
2507.11764,,,,1.0761574074074074,missing
2507.11949,2025-07-16T06:33:11Z,,0.7269560185185185,0.7269560185185185,arxiv_meta_enrichment
2507.12142,2025-07-16T11:17:12Z,,1.5297222222222222,1.5297222222222222,arxiv_meta_enrichment
2507.12367,,,,0.32590277777777776,missing
2507.12415,2025-07-16T17:05:17Z,,0.2879976851851852,0.2879976851851852,arxiv_meta_enrichment
2507.12455,,,,4.252974537037037,missing
2507.12462,2025-07-16T17:59:03Z,,0.2506597222222222,0.2506597222222222,arxiv_meta_enrichment
2507.12463,2025-07-16T17:59:30Z,,0.2503472222222222,0.2503472222222222,arxiv_meta_enrichment
2507.12465,2025-07-16T17:59:35Z,,0.25028935185185186,0.25028935185185186,arxiv_meta_enrichment
2507.12508,2025-07-16T17:59:36Z,,1.2502777777777778,1.2502777777777778,arxiv_meta_enrichment
2507.12549,,,,5.2490046296296295,missing
2507.12566,,,,4.228206018518518,missing
2507.12674,,,,5.033171296296296,missing
2507.12720,,,,0.9196643518518518,missing
2507.12806,2025-07-17T05:46:27Z,,4.759409722222222,4.759409722222222,arxiv_meta_enrichment
2507.12841,2025-07-17T07:04:05Z,,0.7054976851851852,0.7054976851851852,arxiv_meta_enrichment
2507.12956,2025-07-17T09:50:43Z,,0.5897800925925926,0.5897800925925926,arxiv_meta_enrichment
2507.12990,,,,0.5431828703703704,missing
2507.13158,2025-07-17T14:22:24Z,,3.401111111111111,3.401111111111111,arxiv_meta_enrichment
2507.13255,,,,0.32991898148148147,missing
2507.13264,2025-07-17T16:17:37Z,,0.32109953703703703,0.32109953703703703,arxiv_meta_enrichment
2507.13300,,,,0.285162037037037,missing
2507.13302,,,,3.283865740740741,missing
2507.13332,2025-07-17T17:50:07Z,,0.2568634259259259,0.2568634259259259,arxiv_meta_enrichment
2507.13334,2025-07-17T17:50:36Z,,0.2565277777777778,0.2565277777777778,arxiv_meta_enrichment
2507.13344,2025-07-17T17:59:17Z,,0.25049768518518517,0.25049768518518517,arxiv_meta_enrichment
2507.13347,2025-07-17T17:59:53Z,,0.2500810185185185,0.2500810185185185,arxiv_meta_enrichment
2507.13348,,,,0.25005787037037036,missing
2507.13391,,,,4.649837962962963,missing
2507.13428,,,,4.2540625,missing
2507.13541,,,,5.109791666666666,missing
2507.13546,2025-07-17T21:36:36Z,,7.099583333333333,7.099583333333333,arxiv_meta_enrichment
2507.13563,2025-07-17T22:41:40Z,,3.0543981481481484,3.0543981481481484,arxiv_meta_enrichment
2507.13984,2025-07-18T14:45:48Z,,2.3848611111111113,2.3848611111111113,arxiv_meta_enrichment
2507.13985,,,,12.384791666666667,missing
2507.14102,,,,3.270185185185185,missing
2507.14111,2025-07-18T17:43:56Z,2025-07-18 17:43:56+00:00,11.261157407407408,11.261157407407408,arxiv_meta_enrichment
2507.14119,2025-07-18T17:50:00Z,,3.2569444444444446,3.2569444444444446,arxiv_meta_enrichment
2507.14129,,,,2.251550925925926,missing
2507.14137,2025-07-18T17:59:55Z,,2.2500578703703704,2.2500578703703704,arxiv_meta_enrichment
2507.14241,2025-07-17T18:18:20Z,,6.237268518518518,6.237268518518518,arxiv_meta_enrichment
2507.14295,,,,3.244699074074074,missing
2507.14417,2025-07-19T00:06:13Z,,2.9956828703703704,2.9956828703703704,arxiv_meta_enrichment
2507.14683,2025-07-19T16:21:23Z,,2.318483796296296,2.318483796296296,arxiv_meta_enrichment
2507.14793,,,,11.8803125,missing
2507.14843,2025-07-20T07:04:08Z,,1.705462962962963,1.705462962962963,arxiv_meta_enrichment
2507.14958,,,,4.433113425925926,missing
2507.14988,,,,4.382777777777778,missing
2507.15024,,,,2.319548611111111,missing
2507.15028,2025-07-20T16:30:33Z,,1.3121180555555556,1.3121180555555556,arxiv_meta_enrichment
2507.15061,2025-07-20T17:53:37Z,,1.2544328703703704,1.2544328703703704,arxiv_meta_enrichment
2507.15245,,,,1.786886574074074,missing
2507.15375,2025-07-21T08:30:03Z,,0.6457986111111111,0.6457986111111111,arxiv_meta_enrichment
2507.15454,,,,1.578900462962963,missing
2507.15493,,,,0.5456828703703703,missing
2507.15550,,,,0.4804398148148148,missing
2507.15595,,,,3.445775462962963,missing
2507.15597,2025-07-21T13:19:09Z,,0.44503472222222223,0.44503472222222223,arxiv_meta_enrichment
2507.15629,,,,0.4218402777777778,missing
2507.15640,,,,0.4153472222222222,missing
2507.15728,,,,0.3489236111111111,missing
2507.15758,2025-07-21T16:14:41Z,,3.323136574074074,3.323136574074074,arxiv_meta_enrichment
2507.15778,2025-07-21T16:34:01Z,,0.30971064814814814,0.30971064814814814,arxiv_meta_enrichment
2507.15807,,,,3.285902777777778,missing
2507.15815,,,,0.2769212962962963,missing
2507.15844,,,,3.255162037037037,missing
2507.15846,2025-07-21T17:53:42Z,,0.254375,0.254375,arxiv_meta_enrichment
2507.15852,2025-07-21T17:59:02Z,,0.2506712962962963,0.2506712962962963,arxiv_meta_enrichment
2507.15856,,,,0.2500462962962963,missing
2507.15974,,,,1.2440046296296297,missing
2507.16038,,,,3.1583680555555556,missing
2507.16075,2025-07-21T21:23:21Z,,6.1087847222222225,6.1087847222222225,arxiv_meta_enrichment
2507.16116,,,,1.9933217592592594,missing
2507.16290,,,,13.692708333333334,missing
2507.16331,,,,1.6576273148148148,missing
2507.16534,,,,5.469004629629629,missing
2507.16535,2025-07-22T12:46:48Z,,2.4675,2.4675,arxiv_meta_enrichment
2507.16632,2025-07-22T14:23:55Z,,0.4000578703703704,0.4000578703703704,arxiv_meta_enrichment
2507.16713,2025-07-22T15:48:49Z,,0.34109953703703705,0.34109953703703705,arxiv_meta_enrichment
2507.16725,2025-07-22T16:08:12Z,,1.3276388888888888,1.3276388888888888,arxiv_meta_enrichment
2507.16746,2025-07-22T16:35:36Z,,0.3086111111111111,0.3086111111111111,arxiv_meta_enrichment
2507.16782,,,,0.27188657407407407,missing
2507.16784,2025-07-22T17:30:04Z,,0.27078703703703705,0.27078703703703705,arxiv_meta_enrichment
2507.16795,,,,0.26037037037037036,missing
2507.16802,,,,2.2553703703703705,missing
2507.16806,,,,6.252766203703704,missing
2507.16812,2025-07-22T17:59:03Z,,0.2506597222222222,0.2506597222222222,arxiv_meta_enrichment
2507.16813,,,,0.2504513888888889,missing
2507.16814,2025-07-22T17:59:34Z,,0.2503009259259259,0.2503009259259259,arxiv_meta_enrichment
2507.16815,,,,0.25016203703703704,missing
2507.16863,,,,2.0900925925925926,missing
2507.16880,,,,1.3731712962962963,missing
2507.17189,,,,5.814629629629629,missing
2507.17202,2025-07-23T04:49:48Z,,0.79875,0.79875,arxiv_meta_enrichment
2507.17402,,,,1.5418287037037037,missing
2507.17512,,,,0.4228703703703704,missing
2507.17520,,,,12.418680555555556,missing
2507.17596,,,,4.355289351851852,missing
2507.17744,2025-07-23T17:57:09Z,,0.25197916666666664,0.25197916666666664,arxiv_meta_enrichment
2507.17745,2025-07-23T17:57:16Z,,0.25189814814814815,0.25189814814814815,arxiv_meta_enrichment
2507.17957,,,,4.081747685185185,missing
2507.18013,,,,0.9577777777777777,missing
2507.18071,2025-07-24T03:50:32Z,,0.8399074074074074,0.8399074074074074,arxiv_meta_enrichment
2507.18103,,,,0.7713194444444444,missing
2507.18192,,,,0.6349537037037037,missing
2507.18392,2025-07-24T13:15:21Z,,3.447673611111111,3.447673611111111,arxiv_meta_enrichment
2507.18405,,,,-134.0,missing
2507.18464,,,,0.38935185185185184,missing
2507.18537,2025-07-24T16:04:55Z,,0.32991898148148147,0.32991898148148147,arxiv_meta_enrichment
2507.18546,2025-07-24T16:11:14Z,,0.3255324074074074,0.3255324074074074,arxiv_meta_enrichment
2507.18553,,,,3.3178472222222224,missing
2507.18565,,,,0.3045601851851852,missing
2507.18634,,,,0.2500462962962963,missing
2507.18742,,,,3.2191203703703706,missing
2507.19058,,,,3.6519444444444447,missing
2507.19399,,,,3.3289814814814815,missing
2507.19427,2025-07-25T16:53:13Z,,5.296377314814815,5.296377314814815,arxiv_meta_enrichment
2507.19457,,,,2.2621296296296296,missing
2507.19478,2025-07-25T17:59:26Z,,2.2503935185185187,2.2503935185185187,arxiv_meta_enrichment
2507.19634,,,,9.207743055555556,missing
2507.19766,,,,2.845451388888889,missing
2507.19804,,,,2.766111111111111,missing
2507.19849,2025-07-26T07:53:11Z,,2.671400462962963,2.671400462962963,arxiv_meta_enrichment
2507.20025,2025-07-26T17:47:09Z,,2.2589236111111113,2.2589236111111113,arxiv_meta_enrichment
2507.20152,,,,1.7033333333333334,missing
2507.20187,2025-07-27T09:07:42Z,,1.6196527777777778,1.6196527777777778,arxiv_meta_enrichment
2507.20198,2025-07-27T09:33:56Z,,0.6014351851851852,0.6014351851851852,arxiv_meta_enrichment
2507.20240,,,,2.508298611111111,missing
2507.20254,2025-07-27T12:54:42Z,,2.462013888888889,2.462013888888889,arxiv_meta_enrichment
2507.20519,,,,3.7927199074074074,missing
2507.20527,,,,0.7793055555555556,missing
2507.20673,,,,0.5874421296296296,missing
2507.20880,,,,0.3930324074074074,missing
2507.20900,,,,0.3798958333333333,missing
2507.20939,,,,0.33847222222222223,missing
2507.20976,,,,2.306875,missing
2507.20984,,,,0.30192129629629627,missing
2507.21033,2025-07-28T17:54:04Z,,0.2541203703703704,0.2541203703703704,arxiv_meta_enrichment
2507.21035,,,,0.2533796296296296,missing
2507.21045,,,,0.2506712962962963,missing
2507.21046,2025-07-28T17:59:05Z,,0.2506365740740741,0.2506365740740741,arxiv_meta_enrichment
2507.21049,2025-07-28T17:59:28Z,,0.25037037037037035,0.25037037037037035,arxiv_meta_enrichment
2507.21183,,,,2.7730324074074075,missing
2507.21364,,,,1.0706828703703704,missing
2507.21493,2025-07-29T04:21:21Z,,1.8185069444444444,1.8185069444444444,arxiv_meta_enrichment
2507.21503,,,,0.7945717592592593,missing
2507.21509,2025-07-29T05:20:14Z,,2.7776157407407407,2.7776157407407407,arxiv_meta_enrichment
2507.21584,,,,2.639363425925926,missing
2507.21802,2025-07-29T13:40:09Z,,1.4304513888888888,1.4304513888888888,arxiv_meta_enrichment
2507.21809,,,,0.4280671296296296,missing
2507.21848,,,,-0.5999768518518519,missing
2507.21974,,,,8.31826388888889,missing
2507.21990,,,,0.3049884259259259,missing
2507.22025,,,,12.27630787037037,missing
2507.22034,2025-07-29T17:34:12Z,,13.267916666666666,13.267916666666666,arxiv_meta_enrichment
2507.22058,2025-07-29T17:59:04Z,,0.2506481481481482,0.2506481481481482,arxiv_meta_enrichment
2507.22061,,,,0.25028935185185186,missing
2507.22062,,,,1.250023148148148,missing
2507.22448,,,,0.6697569444444444,missing
2507.22565,,,,0.550775462962963,missing
2507.22607,2025-07-30T12:23:21Z,,0.48378472222222224,0.48378472222222224,arxiv_meta_enrichment
2507.22720,,,,4.388993055555556,missing
2507.22827,2025-07-30T16:41:21Z,,0.30461805555555554,-81.0,arxiv_meta_enrichment
2507.22853,,,,0.2749421296296296,missing
2507.22879,,,,1.2534027777777779,missing
2507.22886,,,,0.2503356481481481,missing
2507.22968,2025-07-30T17:56:23Z,,1.252511574074074,1.252511574074074,arxiv_meta_enrichment
2507.23257,,,,0.7677430555555556,missing
2507.23268,,,,3.7449074074074074,missing
2507.23277,,,,0.7270023148148148,missing
2507.23284,,,,5.710092592592592,missing
2507.23313,,,,6.675682870370371,missing
2507.23348,,,,3.6286342592592593,missing
2507.23361,,,,3.615486111111111,missing
2507.23374,,,,0.5947800925925926,missing
2507.23404,,,,0.5705092592592592,missing
2507.23436,,,,0.5305555555555556,missing
2507.23478,,,,3.500625,missing
2507.23632,,,,0.36802083333333335,missing
2507.23682,2025-07-31T15:57:46Z,,0.33488425925925924,0.33488425925925924,arxiv_meta_enrichment
2507.23698,,,,0.3194212962962963,missing
2507.23701,,,,11.317418981481481,missing
2507.23726,2025-07-31T17:00:30Z,,0.29131944444444446,0.29131944444444446,arxiv_meta_enrichment
2507.23779,2025-07-31T17:59:09Z,,0.25059027777777776,0.25059027777777776,arxiv_meta_enrichment
2507.23785,2025-07-31T17:59:51Z,,6.250104166666667,6.250104166666667,arxiv_meta_enrichment
2508.00024,,,,7.1084375,missing
2508.00109,,,,6.208206018518519,missing
2508.00222,,,,6.003136574074074,missing
2508.00265,,,,2.9069444444444446,missing
2508.00367,,,,4.712557870370371,missing
2508.00414,,,,2.6586689814814815,missing
2508.00428,,,,5.641493055555555,missing
2508.00454,,,,2.6069328703703705,missing
2508.00477,,,,4.588958333333333,missing
2508.00599,,,,5.460659722222222,missing
2508.00632,,,,2.4269328703703703,missing
2508.00782,,,,2.288148148148148,missing
2508.00819,2025-08-01T17:56:07Z,,2.2526967592592593,2.2526967592592593,arxiv_meta_enrichment
2508.00823,,,,2.250046296296296,missing
2508.00890,,,,9.193541666666667,missing
2508.00910,,,,6.242627314814815,missing
2508.01059,2025-08-01T20:25:57Z,,3.148645833333333,3.148645833333333,arxiv_meta_enrichment
2508.01109,,,,3.0366203703703705,missing
2508.01119,,,,4.00869212962963,missing
2508.01126,,,,3.971296296296296,missing
2508.01151,,,,2.900462962962963,missing
2508.01191,2025-08-02T04:37:28Z,2025-08-02 04:37:28+00:00,4.807314814814815,4.807314814814815,arxiv_meta_enrichment
2508.01197,,,,4.7876157407407405,missing
2508.01226,,,,4.718761574074074,missing
2508.01242,,,,8.682210648148148,missing
2508.01287,,,,2.595150462962963,missing
2508.01311,,,,4.54519675925926,missing
2508.01408,,,,2.355891203703704,missing
2508.01415,,,,2.3474305555555555,missing
2508.01522,,,,11.005173611111111,missing
2508.01548,,,,1.9057523148148148,missing
2508.01630,,,,3.685092592592593,missing
2508.01650,,,,4.654282407407408,missing
2508.01691,,,,1.5892592592592591,missing
2508.01773,,,,1.4067939814814814,missing
2508.01778,,,,3.394386574074074,missing
2508.01780,,,,2.3911805555555556,missing
2508.01858,2025-08-03T17:17:52Z,,3.279259259259259,3.279259259259259,arxiv_meta_enrichment
2508.01928,,,,3.0997685185185184,missing
2508.01959,2025-08-03T23:59:31Z,,1.0003356481481482,1.0003356481481482,arxiv_meta_enrichment
2508.02038,,,,3.827523148148148,missing
2508.02063,,,,1.7891782407407408,missing
2508.02079,,,,1.760138888888889,missing
2508.02091,,,,1.7515509259259259,missing
2508.02095,,,,6.745763888888889,missing
2508.02120,,,,3.7121412037037036,missing
2508.02124,2025-08-04T07:05:15Z,,-0.2953125,-0.2953125,arxiv_meta_enrichment
2508.02137,2025-08-04T07:34:48Z,,0.6841666666666667,0.6841666666666667,arxiv_meta_enrichment
2508.02150,,,,0.6743171296296296,missing
2508.02193,2025-08-04T08:43:01Z,,1.6367939814814816,1.6367939814814816,arxiv_meta_enrichment
2508.02215,,,,2.6189467592592592,missing
2508.02243,,,,3.594513888888889,missing
2508.02268,,,,0.5686226851851852,missing
2508.02271,,,,0.5620138888888889,missing
2508.02276,2025-08-04T10:43:31Z,,0.5531134259259259,0.5531134259259259,arxiv_meta_enrichment
2508.02317,2025-08-04T11:33:04Z,,0.5187037037037037,0.5187037037037037,arxiv_meta_enrichment
2508.02324,2025-08-04T11:49:20Z,,0.5074074074074074,0.5074074074074074,arxiv_meta_enrichment
2508.02455,,,,1.4023263888888888,missing
2508.02558,,,,0.3235763888888889,missing
2508.02605,,,,0.29403935185185187,missing
2508.02629,,,,1.2790046296296296,missing
2508.02630,,,,1.2780555555555555,missing
2508.02694,,,,13.2521875,missing
2508.02807,,,,2.230613425925926,missing
2508.02831,,,,6.2087615740740745,missing
2508.02951,,,,2.028263888888889,missing
2508.03012,2025-08-05T02:44:21Z,,0.8858680555555556,0.8858680555555556,arxiv_meta_enrichment
2508.03050,,,,0.8372916666666667,missing
2508.03159,2025-08-05T07:04:44Z,,1.7050462962962962,1.7050462962962962,arxiv_meta_enrichment
2508.03164,,,,0.7020023148148148,missing
2508.03178,,,,1.6791666666666667,missing
2508.03320,,,,0.542349537037037,missing
2508.03346,,,,6.508125,missing
2508.03365,,,,6.490266203703704,missing
2508.03404,,,,2.463784722222222,missing
2508.03448,,,,1.4242592592592593,missing
2508.03501,2025-08-05T14:30:47Z,,1.3952893518518519,1.3952893518518519,arxiv_meta_enrichment
2508.03542,,,,6.366932870370371,missing
2508.03560,,,,1.355,missing
2508.03613,,,,0.31363425925925925,missing
2508.03616,2025-08-05T16:29:51Z,,5.312604166666667,5.312604166666667,arxiv_meta_enrichment
2508.03644,2025-08-05T16:55:02Z,,2.2951157407407408,2.2951157407407408,arxiv_meta_enrichment
2508.03680,,,,1.2567939814814815,missing
2508.03686,2025-08-05T17:55:24Z,,0.25319444444444444,0.25319444444444444,arxiv_meta_enrichment
2508.03694,2025-08-05T17:59:58Z,,0.25002314814814813,0.25002314814814813,arxiv_meta_enrichment
2508.03789,,,,1.2797106481481482,missing
2508.03793,,,,0.2521875,missing
2508.03905,2025-08-05T20:43:42Z,,1.1363194444444444,1.1363194444444444,arxiv_meta_enrichment
2508.03923,,,,2.1016666666666666,missing
2508.03936,,,,7.0848148148148145,missing
2508.03970,,,,1.0308912037037037,missing
2508.03983,,,,0.9789467592592592,missing
2508.03990,,,,1.968726851851852,missing
2508.04010,,,,0.9239351851851851,missing
2508.04017,,,,1.9071064814814815,missing
2508.04026,2025-08-06T02:38:18Z,,0.8900694444444445,0.8900694444444445,arxiv_meta_enrichment
2508.04038,,,,13.876423611111111,missing
2508.04107,,,,1.7452314814814816,missing
2508.04190,,,,1.6530439814814815,missing
2508.04195,,,,6.64900462962963,missing
2508.04280,,,,0.5772222222222222,missing
2508.04295,,,,0.5615393518518519,missing
2508.04324,,,,13.534270833333334,missing
2508.04326,,,,13.531875,missing
2508.04423,,,,1.4504976851851852,missing
2508.04440,,,,0.43863425925925925,missing
2508.04482,,,,4.393229166666667,missing
2508.04586,,,,0.3274652777777778,missing
2508.04632,,,,0.29104166666666664,missing
2508.04664,,,,0.2687731481481481,missing
2508.04676,,,,6.26224537037037,missing
2508.04699,,,,1.2509722222222222,missing
2508.04700,,,,0.2508564814814815,missing
2508.04825,2025-08-06T19:10:58Z,,4.200717592592593,4.200717592592593,arxiv_meta_enrichment
2508.04939,,,,1.0062152777777778,missing
2508.04946,,,,0.9819675925925926,missing
2508.04979,,,,0.8999652777777778,missing
2508.05004,2025-08-07T03:38:16Z,,0.8484259259259259,0.8484259259259259,arxiv_meta_enrichment
2508.05128,,,,0.6610185185185186,missing
2508.05257,,,,4.549722222222222,missing
2508.05305,2025-08-07T12:03:44Z,,4.497407407407407,4.497407407407407,arxiv_meta_enrichment
2508.05399,,,,5.422719907407408,missing
2508.05405,2025-08-07T13:58:19Z,,0.41783564814814816,0.41783564814814816,arxiv_meta_enrichment
2508.05496,,,,0.35131944444444446,missing
2508.05502,,,,3.3497222222222223,missing
2508.05545,,,,0.3174884259259259,missing
2508.05547,,,,3.3141550925925927,missing
2508.05609,2025-08-07T17:50:13Z,,0.25679398148148147,0.25679398148148147,arxiv_meta_enrichment
2508.05613,,,,6.254212962962963,missing
2508.05614,2025-08-07T17:54:15Z,,4.253993055555555,4.253993055555555,arxiv_meta_enrichment
2508.05615,,,,5.253854166666667,missing
2508.05618,,,,0.25197916666666664,missing
2508.05629,2025-08-07T17:59:04Z,,0.2506481481481482,0.2506481481481482,arxiv_meta_enrichment
2508.05630,,,,0.25038194444444445,missing
2508.05635,2025-08-07T17:59:44Z,,0.2501851851851852,0.2501851851851852,arxiv_meta_enrichment
2508.05731,2025-08-07T17:49:56Z,,3.256990740740741,3.256990740740741,arxiv_meta_enrichment
2508.05748,,,,5.247337962962963,missing
2508.05769,,,,5.225185185185185,missing
2508.05813,,,,5.184016203703703,missing
2508.05909,2025-08-08T00:13:48Z,,3.9904166666666665,3.9904166666666665,arxiv_meta_enrichment
2508.05954,,,,3.889733796296296,missing
2508.05988,2025-08-08T03:46:21Z,,2.8428125,2.8428125,arxiv_meta_enrichment
2508.06009,,,,5.806064814814815,missing
2508.06026,,,,3.7736805555555555,missing
2508.06059,,,,3.7187847222222223,missing
2508.06426,,,,3.3235995370370373,missing
2508.06429,,,,9.321724537037037,missing
2508.06433,2025-08-08T16:20:56Z,,2.3187962962962962,2.3187962962962962,arxiv_meta_enrichment
2508.06471,2025-08-08T17:21:06Z,,2.277013888888889,2.277013888888889,arxiv_meta_enrichment
2508.06485,,,,4.257106481481482,missing
2508.06494,,,,2.2500925925925928,missing
2508.06600,,,,3.2533449074074072,missing
2508.06601,,,,3.250150462962963,missing
2508.06811,,,,2.827210648148148,missing
2508.06813,,,,3.817974537037037,missing
2508.06905,2025-08-09T09:36:21Z,,10.599756944444444,10.599756944444444,arxiv_meta_enrichment
2508.06937,,,,4.536828703703704,missing
2508.06944,,,,4.513263888888889,missing
2508.06964,,,,3.485960648148148,missing
2508.07050,,,,2.2734027777777777,missing
2508.07101,,,,2.117673611111111,missing
2508.07237,,,,3.643715277777778,missing
2508.07321,,,,3.480648148148148,missing
2508.07407,,,,1.328101851851852,missing
2508.07409,2025-08-10T16:15:04Z,,2.3228703703703704,2.3228703703703704,arxiv_meta_enrichment
2508.07485,,,,2.1200462962962963,missing
2508.07493,,,,1.0939467592592593,missing
2508.07629,2025-08-11T05:17:51Z,,0.7792708333333334,0.7792708333333334,arxiv_meta_enrichment
2508.07662,,,,0.7344328703703704,missing
2508.07750,,,,2.6466782407407408,missing
2508.07785,2025-08-11T09:15:36Z,,0.6141666666666666,0.6141666666666666,arxiv_meta_enrichment
2508.07877,,,,13.507210648148147,missing
2508.07901,2025-08-11T12:17:38Z,,2.4877546296296296,2.4877546296296296,arxiv_meta_enrichment
2508.07917,2025-08-11T12:32:45Z,,0.47725694444444444,0.47725694444444444,arxiv_meta_enrichment
2508.07976,,,,1.4326736111111111,missing
2508.07981,2025-08-11T13:41:24Z,,0.4295833333333333,0.4295833333333333,arxiv_meta_enrichment
2508.07999,2025-08-11T14:03:09Z,,0.4144791666666667,0.4144791666666667,arxiv_meta_enrichment
2508.08086,2025-08-11T15:29:57Z,,1.3542013888888889,1.3542013888888889,arxiv_meta_enrichment
2508.08088,2025-08-11T15:31:47Z,,1.3529282407407408,1.3529282407407408,arxiv_meta_enrichment
2508.08113,,,,1.3379282407407407,missing
2508.08134,,,,0.3263888888888889,missing
2508.08180,,,,1.2920023148148148,missing
2508.08189,2025-08-11T17:08:55Z,,0.285474537037037,0.285474537037037,arxiv_meta_enrichment
2508.08221,,,,0.2640625,missing
2508.08240,,,,13.25380787037037,missing
2508.08244,,,,1.2520949074074075,missing
2508.08248,2025-08-11T17:58:24Z,,1.251111111111111,1.251111111111111,arxiv_meta_enrichment
2508.08292,,,,7.25150462962963,missing
2508.08401,,,,2.2152199074074073,missing
2508.08665,,,,0.7360300925925926,missing
2508.08680,,,,0.7096990740740741,missing
2508.08777,,,,7.6086226851851855,missing
2508.08791,,,,0.5935300925925926,missing
2508.08855,,,,0.5251851851851852,missing
2508.08896,,,,0.47498842592592594,missing
2508.08938,,,,0.4271990740740741,missing
2508.08940,,,,0.42496527777777776,missing
2508.08974,,,,0.3903587962962963,missing
2508.09050,,,,0.32633101851851853,missing
2508.09062,2025-08-12T16:25:46Z,,0.3154398148148148,0.3154398148148148,arxiv_meta_enrichment
2508.09101,,,,0.2712962962962963,missing
2508.09123,,,,0.2551851851851852,missing
2508.09125,2025-08-12T17:54:27Z,,0.25385416666666666,0.25385416666666666,arxiv_meta_enrichment
2508.09131,2025-08-12T17:57:04Z,,7.252037037037037,7.252037037037037,arxiv_meta_enrichment
2508.09138,2025-08-12T17:59:57Z,,0.2500347222222222,0.2500347222222222,arxiv_meta_enrichment
2508.09192,,,,5.797488425925926,missing
2508.09456,,,,0.8595023148148148,missing
2508.09603,,,,0.6421759259259259,missing
2508.09667,,,,0.585787037037037,missing
2508.09726,,,,0.5112384259259259,missing
2508.09736,2025-08-13T12:03:03Z,,0.49788194444444445,0.49788194444444445,arxiv_meta_enrichment
2508.09752,,,,0.47815972222222225,missing
2508.09776,,,,0.45893518518518517,missing
2508.09789,,,,6.444780092592593,missing
2508.09834,2025-08-13T14:13:46Z,,5.407106481481481,5.407106481481481,arxiv_meta_enrichment
2508.09848,,,,1.3969328703703703,missing
2508.09889,,,,0.3427662037037037,missing
2508.09945,,,,0.2911574074074074,missing
2508.09968,,,,0.2683217592592593,missing
2508.09983,,,,0.25247685185185187,missing
2508.09987,2025-08-13T17:59:28Z,,0.25037037037037035,0.25037037037037035,arxiv_meta_enrichment
2508.09998,,,,17.648865740740742,missing
2508.10104,2025-08-13T18:00:55Z,,4.249363425925926,4.249363425925926,arxiv_meta_enrichment
2508.10137,,,,7.2090046296296295,missing
2508.10390,,,,10.717407407407407,missing
2508.10395,,,,3.713449074074074,missing
2508.10419,2025-08-14T07:52:09Z,,4.672118055555556,4.672118055555556,arxiv_meta_enrichment
2508.10433,,,,0.655775462962963,missing
2508.10461,,,,3.6244791666666667,missing
2508.10478,,,,5.604988425925926,missing
2508.10482,,,,0.6010532407407407,missing
2508.10576,,,,0.4901041666666667,missing
2508.10637,,,,0.4345717592592593,missing
2508.10711,,,,0.378912037037037,missing
2508.10751,2025-08-14T15:34:47Z,,0.3508449074074074,0.3508449074074074,arxiv_meta_enrichment
2508.10830,,,,5.295439814814815,missing
2508.10833,2025-08-14T16:58:07Z,,0.292974537037037,0.292974537037037,arxiv_meta_enrichment
2508.10860,,,,0.26993055555555556,missing
2508.10868,2025-08-14T17:43:25Z,,3.2615162037037035,3.2615162037037035,arxiv_meta_enrichment
2508.10874,,,,3.259710648148148,missing
2508.10875,2025-08-14T17:47:22Z,,0.25877314814814817,0.25877314814814817,arxiv_meta_enrichment
2508.10881,,,,0.2568171296296296,missing
2508.10893,,,,0.2513310185185185,missing
2508.10894,,,,3.2508680555555554,missing
2508.10898,2025-08-14T17:59:31Z,,0.2503356481481481,0.2503356481481481,arxiv_meta_enrichment
2508.10975,2025-08-14T17:55:47Z,,3.252928240740741,3.252928240740741,arxiv_meta_enrichment
2508.11032,,,,5.1833680555555555,missing
2508.11116,,,,3.011273148148148,missing
2508.11203,,,,2.812662037037037,missing
2508.11252,,,,3.720833333333333,missing
2508.11255,,,,2.7196064814814815,missing
2508.11379,,,,3.565300925925926,missing
2508.11383,2025-08-15T10:32:50Z,,3.5605324074074076,3.5605324074074076,arxiv_meta_enrichment
2508.11386,,,,4.556770833333333,missing
2508.11408,,,,5.527743055555556,missing
2508.11548,,,,4.340046296296296,missing
2508.11598,2025-08-15T17:06:04Z,,3.2874537037037035,3.2874537037037035,arxiv_meta_enrichment
2508.11616,,,,2.2714583333333334,missing
2508.11630,,,,2.2501273148148146,missing
2508.11737,2025-08-15T17:01:08Z,,3.2908796296296297,3.2908796296296297,arxiv_meta_enrichment
2508.11987,2025-08-16T08:54:08Z,,4.629074074074074,4.629074074074074,arxiv_meta_enrichment
2508.12040,,,,3.4377893518518516,missing
2508.12466,,,,1.2249537037037037,missing
2508.12535,,,,1.9988194444444445,missing
2508.12594,,,,2.874363425925926,missing
2508.12669,,,,1.706261574074074,missing
2508.12730,,,,0.6292476851851851,missing
2508.12782,2025-08-18T09:59:02Z,,0.5840046296296296,0.5840046296296296,arxiv_meta_enrichment
2508.12790,,,,0.5790740740740741,missing
2508.12800,,,,1.5672453703703704,missing
2508.12811,2025-08-18T10:47:37Z,,0.5502662037037037,0.5502662037037037,arxiv_meta_enrichment
2508.12845,,,,1.5191435185185185,missing
2508.12880,,,,0.47824074074074074,missing
2508.12903,,,,1.4532291666666666,missing
2508.12945,,,,0.4018287037037037,missing
2508.13009,2025-08-18T15:28:53Z,,0.3549421296296296,0.3549421296296296,arxiv_meta_enrichment
2508.13013,2025-08-18T15:33:09Z,,6.351979166666666,6.351979166666666,arxiv_meta_enrichment
2508.13104,,,,0.28300925925925924,missing
2508.13139,,,,1.256585648148148,missing
2508.13142,2025-08-18T17:55:17Z,,0.25327546296296294,0.25327546296296294,arxiv_meta_enrichment
2508.13154,2025-08-18T17:59:55Z,,0.25005787037037036,0.25005787037037036,arxiv_meta_enrichment
2508.13167,2025-08-06T17:01:02Z,,13.290949074074074,13.290949074074074,arxiv_meta_enrichment
2508.13186,2025-08-14T13:46:47Z,,5.4258449074074075,5.4258449074074075,arxiv_meta_enrichment
2508.13320,,,,1.1980902777777778,missing
2508.13421,,,,1.9750462962962962,missing
2508.13491,2025-08-19T03:52:15Z,,1.8387152777777778,1.8387152777777778,arxiv_meta_enrichment
2508.13562,,,,5.712534722222222,missing
2508.13618,2025-08-19T08:31:15Z,,12.644965277777779,12.644965277777779,arxiv_meta_enrichment
2508.13632,,,,0.6336689814814814,missing
2508.13650,,,,5.624050925925926,missing
2508.13680,,,,1.6032638888888888,missing
2508.13745,,,,1.5168055555555555,missing
2508.13797,,,,5.46005787037037,missing
2508.13804,,,,0.4543055555555556,missing
2508.13948,2025-08-19T15:37:29Z,,0.3489699074074074,0.3489699074074074,arxiv_meta_enrichment
2508.13968,,,,-0.6655671296296296,missing
2508.13992,,,,0.30984953703703705,missing
2508.13998,2025-08-19T16:50:01Z,,0.298599537037037,0.298599537037037,arxiv_meta_enrichment
2508.14029,2025-08-19T17:42:45Z,,5.261979166666666,5.261979166666666,arxiv_meta_enrichment
2508.14037,,,,5.250393518518519,missing
2508.14041,2025-08-19T17:59:56Z,,0.2500462962962963,0.2500462962962963,arxiv_meta_enrichment
2508.14111,2025-08-18T05:25:54Z,,2.7736805555555555,2.7736805555555555,arxiv_meta_enrichment
2508.14160,,,,1.249988425925926,missing
2508.14187,,,,1.2347337962962963,missing
2508.14197,,,,12.219976851851852,missing
2508.14444,2025-08-20T06:00:57Z,,0.7493402777777778,0.7493402777777778,arxiv_meta_enrichment
2508.14460,,,,0.7282638888888889,missing
2508.14568,,,,0.5971527777777778,missing
2508.14704,,,,0.4382175925925926,missing
2508.14811,,,,0.3312615740740741,missing
2508.14879,,,,0.25677083333333334,missing
2508.14880,,,,28.25601851851852,missing
2508.14892,,,,1.2505671296296297,missing
2508.14896,,,,0.2501041666666667,missing
2508.15126,2025-08-20T23:16:41Z,,1.0300810185185185,1.0300810185185185,arxiv_meta_enrichment
2508.15144,2025-08-21T00:39:12Z,,0.9727777777777777,0.9727777777777777,arxiv_meta_enrichment
2508.15202,,,,0.8533449074074074,missing
2508.15213,,,,5.8377893518518515,missing
2508.15228,,,,7.811643518518519,missing
2508.15260,,,,0.7578935185185185,missing
2508.15361,2025-08-21T08:43:35Z,2025-08-21 08:43:35+00:00,0.6364004629629629,0.6364004629629629,arxiv_meta_enrichment
2508.15418,,,,0.5694444444444444,missing
2508.15641,,,,0.36650462962962965,missing
2508.15746,,,,3.2619560185185184,missing
2508.15752,,,,0.25703703703703706,missing
2508.15754,,,,-0.7433333333333333,missing
2508.15760,,,,0.2528472222222222,missing
2508.15761,,,,0.25266203703703705,missing
2508.15763,2025-08-21T17:58:00Z,,0.2513888888888889,0.2513888888888889,arxiv_meta_enrichment
2508.15767,,,,0.25074074074074076,missing
2508.15769,2025-08-21T17:59:16Z,,0.25050925925925926,0.25050925925925926,arxiv_meta_enrichment
2508.15772,,,,0.2503240740740741,missing
2508.15774,2025-08-21T17:59:57Z,,5.250034722222222,5.250034722222222,arxiv_meta_enrichment
2508.15804,,,,12.851585648148149,missing
2508.15868,,,,3.98556712962963,missing
2508.15881,,,,3.357175925925926,missing
2508.15882,2025-08-21T15:42:53Z,,6.345219907407407,6.345219907407407,arxiv_meta_enrichment
2508.16067,,,,5.848541666666667,missing
2508.16072,,,,2.8305555555555557,missing
2508.16153,2025-08-22T07:25:30Z,,2.690625,2.690625,arxiv_meta_enrichment
2508.16279,2025-08-22T10:35:56Z,,2.5583796296296297,2.5583796296296297,arxiv_meta_enrichment
2508.16292,,,,2.545451388888889,missing
2508.16359,,,,2.454224537037037,missing
2508.16402,,,,2.4132523148148146,missing
2508.16577,,,,3.2502314814814817,missing
2508.16697,,,,4.929293981481481,missing
2508.16745,,,,3.210324074074074,missing
2508.16790,,,,3.1353819444444446,missing
2508.16838,,,,3.017777777777778,missing
2508.16949,2025-08-23T08:47:31Z,,2.6336689814814815,2.6336689814814815,arxiv_meta_enrichment
2508.17008,,,,8.473148148148148,missing
2508.17061,,,,2.355497685185185,missing
2508.17188,,,,1.8987847222222223,missing
2508.17198,,,,8.860555555555555,missing
2508.17234,,,,2.694849537037037,missing
2508.17290,,,,1.5606828703703703,missing
2508.17298,,,,1.5403819444444444,missing
2508.17326,,,,1.4859027777777778,missing
2508.17378,,,,8.394270833333334,missing
2508.17380,,,,7.3928125,missing
2508.17437,2025-08-20T19:24:04Z,,6.19162037037037,6.19162037037037,arxiv_meta_enrichment
2508.17445,,,,2.2967939814814815,missing
2508.17450,,,,4.28568287037037,missing
2508.17472,2025-08-24T17:59:38Z,,1.2502546296296295,1.2502546296296295,arxiv_meta_enrichment
2508.17502,,,,4.17375,missing
2508.17580,,,,0.9527893518518519,missing
2508.17621,,,,1.8739583333333334,missing
2508.17661,2025-08-25T04:49:16Z,,1.7991203703703704,1.7991203703703704,arxiv_meta_enrichment
2508.17677,,,,6.778796296296297,missing
2508.17811,,,,0.6219907407407408,missing
2508.17821,,,,0.6075810185185185,missing
2508.17924,,,,2.509259259259259,missing
2508.17973,,,,0.47185185185185186,missing
2508.18032,2025-08-25T13:53:02Z,,0.42150462962962965,0.42150462962962965,arxiv_meta_enrichment
2508.18076,,,,0.3866898148148148,missing
2508.18106,2025-08-25T15:11:11Z,,6.367233796296296,6.367233796296296,arxiv_meta_enrichment
2508.18124,2025-08-25T15:32:22Z,,1.3525231481481481,1.3525231481481481,arxiv_meta_enrichment
2508.18159,,,,0.32711805555555556,missing
2508.18179,,,,2.3103356481481483,missing
2508.18190,,,,0.29940972222222223,missing
2508.18192,,,,1.2988657407407407,missing
2508.18255,2025-08-25T17:45:06Z,,0.26034722222222223,0.26034722222222223,arxiv_meta_enrichment
2508.18264,2025-08-25T17:57:49Z,,0.2515162037037037,0.2515162037037037,arxiv_meta_enrichment
2508.18265,2025-08-25T17:58:17Z,,0.2511921296296296,0.2511921296296296,arxiv_meta_enrichment
2508.18271,,,,1.2502314814814814,missing
2508.18370,,,,1.2483449074074073,missing
2508.18579,,,,0.9484490740740741,missing
2508.18621,2025-08-26T02:51:31Z,,0.8808912037037037,0.8808912037037037,arxiv_meta_enrichment
2508.18633,,,,2.8621412037037035,missing
2508.18672,,,,0.8114814814814815,missing
2508.18733,,,,9.706967592592592,missing
2508.18756,2025-08-26T07:33:11Z,,0.6852893518518518,0.6852893518518518,arxiv_meta_enrichment
2508.18773,,,,0.668425925925926,missing
2508.18921,,,,0.5498148148148149,missing
2508.18966,2025-08-26T12:10:24Z,,2.492777777777778,2.492777777777778,arxiv_meta_enrichment
2508.19026,,,,0.4279513888888889,missing
2508.19060,,,,6.402534722222223,missing
2508.19188,,,,0.29789351851851853,missing
2508.19201,2025-08-26T17:03:46Z,,-0.710949074074074,-0.710949074074074,arxiv_meta_enrichment
2508.19202,,,,0.2886226851851852,missing
2508.19205,2025-08-26T17:09:12Z,,0.2852777777777778,0.2852777777777778,arxiv_meta_enrichment
2508.19209,,,,0.2809490740740741,missing
2508.19228,2025-08-26T17:43:30Z,,1.2614583333333333,1.2614583333333333,arxiv_meta_enrichment
2508.19229,,,,1.2603587962962963,missing
2508.19242,,,,0.2505439814814815,missing
2508.19247,2025-08-26T17:59:47Z,,0.25015046296296295,0.25015046296296295,arxiv_meta_enrichment
2508.19320,,,,1.4164814814814815,missing
2508.19493,,,,0.9712037037037037,missing
2508.19500,,,,-0.04998842592592593,missing
2508.19527,,,,0.8853125,missing
2508.19559,,,,0.8180324074074075,missing
2508.19562,,,,5.80230324074074,missing
2508.19600,,,,4.735671296296296,missing
2508.19652,2025-08-27T08:01:03Z,,0.6659375,0.6659375,arxiv_meta_enrichment
2508.19813,2025-08-27T11:55:40Z,,5.503009259259259,5.503009259259259,arxiv_meta_enrichment
2508.19827,2025-08-27T12:25:29Z,,0.48230324074074077,0.48230324074074077,arxiv_meta_enrichment
2508.19982,2025-08-27T15:40:25Z,,0.34693287037037035,0.34693287037037035,arxiv_meta_enrichment
2508.20033,,,,0.3079398148148148,missing
2508.20072,2025-08-27T17:39:11Z,,0.2644560185185185,0.2644560185185185,arxiv_meta_enrichment
2508.20085,,,,4.254328703703703,missing
2508.20088,2025-08-27T17:55:38Z,,0.2530324074074074,0.2530324074074074,arxiv_meta_enrichment
2508.20096,2025-08-27T17:59:50Z,2025-08-27 17:59:50+00:00,0.2501157407407407,0.2501157407407407,arxiv_meta_enrichment
2508.20374,2025-08-28T02:42:10Z,,0.8873842592592592,0.8873842592592592,arxiv_meta_enrichment
2508.20404,2025-08-28T04:04:30Z,,0.8302083333333333,0.8302083333333333,arxiv_meta_enrichment
2508.20453,2025-08-28T05:58:57Z,,0.7507291666666667,0.7507291666666667,arxiv_meta_enrichment
2508.20470,,,,3.7224421296296297,missing
2508.20478,2025-08-28T06:55:08Z,,7.711712962962963,7.711712962962963,arxiv_meta_enrichment
2508.20586,,,,5.607037037037037,missing
2508.20722,2025-08-28T12:45:25Z,,0.46846064814814814,0.46846064814814814,arxiv_meta_enrichment
2508.20751,2025-08-28T13:11:24Z,,0.4504166666666667,0.4504166666666667,arxiv_meta_enrichment
2508.20755,,,,0.4497800925925926,missing
2508.20766,,,,0.4426736111111111,missing
2508.20931,,,,4.335034722222222,missing
2508.21038,2025-08-28T17:43:53Z,,5.26119212962963,5.26119212962963,arxiv_meta_enrichment
2508.21046,,,,0.25627314814814817,missing
2508.21052,,,,0.25331018518518517,missing
2508.21058,2025-08-28T17:57:55Z,,0.25144675925925924,0.25144675925925924,arxiv_meta_enrichment
2508.21060,,,,0.2511574074074074,missing
2508.21061,,,,0.25105324074074076,missing
2508.21066,,,,0.25016203703703704,missing
2508.21070,,,,0.25005787037037036,missing
2508.21104,2025-08-28T09:18:26Z,,4.612199074074074,4.612199074074074,arxiv_meta_enrichment
2508.21112,2025-08-28T17:26:15Z,,3.2734375,3.2734375,arxiv_meta_enrichment
2508.21113,2025-08-28T17:48:19Z,,3.258113425925926,3.258113425925926,arxiv_meta_enrichment
2508.21148,,,,3.2285648148148147,missing
2508.21172,,,,3.1930324074074075,missing
2508.21188,,,,3.165162037037037,missing
2508.21290,,,,2.945659722222222,missing
2508.21334,,,,4.774247685185185,missing
2508.21365,2025-08-29T07:13:39Z,,2.6988541666666666,2.6988541666666666,arxiv_meta_enrichment
2508.21376,,,,2.6801041666666667,missing
2508.21456,,,,2.597916666666667,missing
2508.21496,2025-08-29T10:25:03Z,,4.5659375,4.5659375,arxiv_meta_enrichment
2508.21767,,,,2.304895833333333,missing
2509.00244,,,,4.109502314814815,missing
2509.00328,,,,9.873645833333333,missing
2509.00375,2025-08-30T06:02:56Z,,4.747962962962963,4.747962962962963,arxiv_meta_enrichment
2509.00404,,,,3.660324074074074,missing
2509.00425,,,,3.6158564814814813,missing
2509.00428,2025-08-30T09:21:07Z,,4.610335648148149,4.610335648148149,arxiv_meta_enrichment
2509.00531,,,,3.357789351851852,missing
2509.00578,,,,3.245763888888889,missing
2509.00581,,,,3.2311111111111113,missing
2509.00605,2025-08-30T20:59:46Z,,3.125162037037037,3.125162037037037,arxiv_meta_enrichment
2509.00676,,,,2.8694212962962964,missing
2509.00930,,,,3.294375,missing
2509.01052,2025-09-01T01:33:16Z,,1.9352314814814815,1.9352314814814815,arxiv_meta_enrichment
2509.01055,2025-09-01T01:45:18Z,,1.926875,1.926875,arxiv_meta_enrichment
2509.01106,2025-09-01T03:53:47Z,,2.837650462962963,2.837650462962963,arxiv_meta_enrichment
2509.01215,2025-09-01T07:54:18Z,,1.670625,1.670625,arxiv_meta_enrichment
2509.01250,,,,1.6373032407407409,missing
2509.01360,,,,1.5419097222222222,missing
2509.01363,2025-09-01T11:04:51Z,,1.5382986111111112,1.5382986111111112,arxiv_meta_enrichment
2509.01396,,,,3.5119560185185184,missing
2509.01440,,,,1.4649305555555556,missing
2509.01535,,,,13.365798611111112,missing
2509.01563,2025-09-01T15:46:58Z,,1.3423842592592592,1.3423842592592592,arxiv_meta_enrichment
2509.01584,,,,1.3247337962962964,missing
2509.01610,,,,1.3029166666666667,missing
2509.01624,,,,8.285162037037036,missing
2509.01644,,,,1.2650347222222222,missing
2509.01656,2025-09-01T17:57:49Z,,7.251516203703703,7.251516203703703,arxiv_meta_enrichment
2509.01790,,,,1.098287037037037,missing
2509.01964,,,,9.782731481481482,missing
2509.01977,,,,1.7638078703703703,missing
2509.01984,,,,0.7487037037037036,missing
2509.02040,,,,0.6837962962962963,missing
2509.02046,,,,0.6782175925925926,missing
2509.02108,2025-09-02T09:04:41Z,,6.621747685185185,6.621747685185185,arxiv_meta_enrichment
2509.02133,,,,0.6017361111111111,missing
2509.02208,2025-09-02T11:23:35Z,,0.5252893518518519,0.5252893518518519,arxiv_meta_enrichment
2509.02333,2025-09-02T14:01:07Z,,0.4158912037037037,0.4158912037037037,arxiv_meta_enrichment
2509.02379,,,,0.3856134259259259,missing
2509.02437,,,,5.347476851851852,missing
2509.02460,,,,0.32623842592592595,missing
2509.02479,2025-09-02T16:30:19Z,,0.3122800925925926,0.3122800925925926,arxiv_meta_enrichment
2509.02522,2025-09-02T17:22:46Z,,0.2758564814814815,0.2758564814814815,arxiv_meta_enrichment
2509.02523,2025-09-02T17:22:54Z,,0.27576388888888886,0.27576388888888886,arxiv_meta_enrichment
2509.02530,,,,1.271087962962963,missing
2509.02534,2025-09-02T17:38:47Z,,0.2647337962962963,0.2647337962962963,arxiv_meta_enrichment
2509.02544,2025-09-02T17:44:45Z,,0.26059027777777777,0.26059027777777777,arxiv_meta_enrichment
2509.02547,2025-09-02T17:46:26Z,,0.2594212962962963,0.2594212962962963,arxiv_meta_enrichment
2509.02563,2025-09-02T17:57:56Z,,0.2514351851851852,0.2514351851851852,arxiv_meta_enrichment
2509.02722,2025-09-02T18:18:57Z,,1.2368402777777778,1.2368402777777778,arxiv_meta_enrichment
2509.03059,2025-09-03T06:42:40Z,,1.7203703703703703,1.7203703703703703,arxiv_meta_enrichment
2509.03403,2025-09-03T15:28:51Z,,0.35496527777777775,0.35496527777777775,arxiv_meta_enrichment
2509.03405,2025-09-03T15:31:18Z,,0.3532638888888889,0.3532638888888889,arxiv_meta_enrichment
2509.03516,,,,5.25125,missing
2509.03646,2025-09-03T18:52:49Z,,6.21332175925926,6.21332175925926,arxiv_meta_enrichment
2509.03680,,,,4.167129629629629,missing
2509.03740,,,,5.0830671296296295,missing
2509.03800,,,,3.9383796296296296,missing
2509.03867,2025-09-04T03:58:55Z,,0.8340856481481481,0.8340856481481481,arxiv_meta_enrichment
2509.03888,,,,0.780613425925926,missing
2509.04011,2025-09-04T08:42:23Z,,0.6372337962962963,0.6372337962962963,arxiv_meta_enrichment
2509.04013,,,,3.6364930555555555,missing
2509.04185,2025-09-04T13:02:39Z,,3.4564930555555557,3.4564930555555557,arxiv_meta_enrichment
2509.04292,2025-09-04T15:03:02Z,2025-09-04 15:03:02+00:00,0.37289351851851854,0.37289351851851854,arxiv_meta_enrichment
2509.04338,,,,0.33414351851851853,missing
2509.04394,2025-09-04T17:05:59Z,,0.28751157407407407,0.28751157407407407,arxiv_meta_enrichment
2509.04406,,,,0.2746412037037037,missing
2509.04419,2025-09-04T17:40:33Z,,0.26350694444444445,0.26350694444444445,arxiv_meta_enrichment
2509.04434,,,,0.25482638888888887,missing
2509.04441,,,,18.25193287037037,missing
2509.04442,,,,0.250625,missing
2509.04500,,,,12.971828703703704,missing
2509.04504,,,,5.706018518518518,missing
2509.04575,,,,3.2493055555555554,missing
2509.04582,,,,4.24667824074074,missing
2509.04664,2025-09-04T21:26:31Z,,3.106585648148148,3.106585648148148,arxiv_meta_enrichment
2509.04744,,,,2.9202546296296297,missing
2509.04996,,,,9.553333333333333,missing
2509.05208,2025-09-05T16:10:53Z,,2.325775462962963,2.325775462962963,arxiv_meta_enrichment
2509.05209,,,,5.325636574074074,missing
2509.05263,,,,2.2760069444444446,missing
2509.05296,,,,2.250150462962963,missing
2509.05668,,,,2.574398148148148,missing
2509.05739,,,,5.370625,missing
2509.06079,,,,9.383657407407407,missing
2509.06155,,,,1.2534375,missing
2509.06160,,,,1.2444675925925925,missing
2509.06216,,,,11.09710648148148,missing
2509.06266,,,,3.952303240740741,missing
2509.06283,2025-09-08T02:07:09Z,,0.9117013888888889,0.9117013888888889,arxiv_meta_enrichment
2509.06285,,,,0.9077083333333333,missing
2509.06461,2025-09-08T09:20:04Z,,0.6110648148148148,0.6110648148148148,arxiv_meta_enrichment
2509.06467,2025-09-08T09:28:57Z,2025-09-08 09:28:57+00:00,0.6048958333333333,0.6048958333333333,arxiv_meta_enrichment
2509.06477,,,,0.5945833333333334,missing
2509.06482,,,,10.592673611111111,missing
2509.06493,,,,0.5872916666666667,missing
2509.06501,2025-09-08T10:07:03Z,,0.5784375,0.5784375,arxiv_meta_enrichment
2509.06631,,,,0.46412037037037035,missing
2509.06652,2025-09-08T13:07:35Z,,6.45306712962963,6.45306712962963,arxiv_meta_enrichment
2509.06733,2025-09-08T14:27:23Z,,0.39765046296296297,0.39765046296296297,arxiv_meta_enrichment
2509.06771,,,,0.37828703703703703,missing
2509.06784,2025-09-08T15:12:17Z,,2.3664699074074074,2.3664699074074074,arxiv_meta_enrichment
2509.06786,,,,0.3657060185185185,missing
2509.06806,2025-09-08T15:38:31Z,,3.3482523148148147,3.3482523148148147,arxiv_meta_enrichment
2509.06809,,,,0.34480324074074076,missing
2509.06818,,,,1.336863425925926,missing
2509.06830,,,,1.3304166666666666,missing
2509.06861,,,,0.313599537037037,missing
2509.06870,,,,2.305810185185185,missing
2509.06888,,,,3.285625,missing
2509.06917,2025-09-08T17:28:42Z,,0.2717361111111111,0.2717361111111111,arxiv_meta_enrichment
2509.06923,2025-09-08T17:36:21Z,,1.2664236111111111,1.2664236111111111,arxiv_meta_enrichment
2509.06938,,,,1.2564236111111111,missing
2509.06942,2025-09-08T17:54:08Z,,1.2540740740740741,1.2540740740740741,arxiv_meta_enrichment
2509.06945,,,,0.2525115740740741,missing
2509.06949,2025-09-08T17:58:06Z,,0.25131944444444443,0.25131944444444443,arxiv_meta_enrichment
2509.06951,2025-09-08T17:58:30Z,,1.2510416666666666,1.2510416666666666,arxiv_meta_enrichment
2509.07054,,,,2.2618171296296294,missing
2509.07225,,,,3.11943287037037,missing
2509.07253,,,,1.0755787037037037,missing
2509.07295,2025-09-08T23:59:32Z,,1.000324074074074,1.000324074074074,arxiv_meta_enrichment
2509.07301,2025-09-09T00:15:23Z,,0.9893171296296296,0.9893171296296296,arxiv_meta_enrichment
2509.07403,2025-09-09T05:32:45Z,,6.768923611111111,6.768923611111111,arxiv_meta_enrichment
2509.07414,,,,0.7558564814814814,missing
2509.07430,,,,2.7260185185185186,missing
2509.07558,,,,0.5884953703703704,missing
2509.07966,,,,5.255254629629629,missing
2509.07968,,,,0.25418981481481484,missing
2509.07969,2025-09-09T17:54:21Z,,0.2539236111111111,0.2539236111111111,arxiv_meta_enrichment
2509.07979,2025-09-09T17:59:14Z,,0.2505324074074074,0.2505324074074074,arxiv_meta_enrichment
2509.07980,,,,0.25028935185185186,missing
2509.07996,2025-09-04T17:59:58Z,,6.2500231481481485,6.2500231481481485,arxiv_meta_enrichment
2509.08031,,,,2.3537037037037036,missing
2509.08088,,,,1.2141666666666666,missing
2509.08270,,,,4.822905092592593,missing
2509.08358,,,,0.6747222222222222,missing
2509.08494,,,,0.5346064814814815,missing
2509.08519,2025-09-10T11:54:29Z,,1.5038310185185184,1.5038310185185184,arxiv_meta_enrichment
2509.08643,2025-09-10T14:37:02Z,,4.390949074074074,4.390949074074074,arxiv_meta_enrichment
2509.08721,2025-09-10T16:14:20Z,,-0.6766203703703704,-0.6766203703703704,arxiv_meta_enrichment
2509.08755,2025-09-10T16:46:11Z,,0.30126157407407406,0.30126157407407406,arxiv_meta_enrichment
2509.08825,,,,4.250775462962963,missing
2509.08826,2025-09-10T17:59:31Z,,0.2503356481481481,0.2503356481481481,arxiv_meta_enrichment
2509.08827,2025-09-10T17:59:43Z,,0.25019675925925927,0.25019675925925927,arxiv_meta_enrichment
2509.09114,,,,0.8802546296296296,missing
2509.09118,,,,0.8705787037037037,missing
2509.09174,2025-09-11T06:17:59Z,,0.7375115740740741,0.7375115740740741,arxiv_meta_enrichment
2509.09254,,,,0.6394907407407407,missing
2509.09265,,,,0.6319328703703704,missing
2509.09286,,,,0.609537037037037,missing
2509.09307,,,,7.590092592592592,missing
2509.09313,,,,0.584224537037037,missing
2509.09332,,,,0.5608564814814815,missing
2509.09372,2025-09-11T11:42:21Z,,0.5122569444444445,0.5122569444444445,arxiv_meta_enrichment
2509.09524,,,,3.3717361111111113,missing
2509.09594,,,,0.30952546296296296,missing
2509.09595,2025-09-11T16:34:57Z,,0.3090625,0.3090625,arxiv_meta_enrichment
2509.09614,,,,0.2950925925925926,missing
2509.09658,,,,4.254166666666666,missing
2509.09666,2025-09-11T17:57:59Z,,0.251400462962963,0.251400462962963,arxiv_meta_enrichment
2509.09672,,,,4.250601851851852,missing
2509.09674,2025-09-11T17:59:17Z,,0.25049768518518517,0.25049768518518517,arxiv_meta_enrichment
2509.09675,2025-09-11T17:59:17Z,,-0.7495023148148148,-0.7495023148148148,arxiv_meta_enrichment
2509.09676,2025-09-11T17:59:31Z,,0.2503356481481481,0.2503356481481481,arxiv_meta_enrichment
2509.09677,,,,3.250300925925926,missing
2509.09680,,,,0.2500115740740741,missing
2509.09713,2025-09-08T06:22:38Z,,6.734282407407408,6.734282407407408,arxiv_meta_enrichment
2509.09716,,,,5.396550925925926,missing
2509.09734,,,,4.410648148148148,missing
2509.09737,,,,4.249259259259259,missing
2509.09873,,,,11.092824074074073,missing
2509.09926,,,,2.896851851851852,missing
2509.09990,,,,2.736990740740741,missing
2509.09995,,,,2.7252314814814813,missing
2509.10058,,,,2.6358564814814813,missing
2509.10147,2025-09-12T11:20:11Z,,2.527650462962963,2.527650462962963,arxiv_meta_enrichment
2509.10396,2025-09-12T16:44:31Z,,2.3024189814814813,2.3024189814814813,arxiv_meta_enrichment
2509.10397,,,,6.302384259259259,missing
2509.10402,,,,6.296655092592593,missing
2509.10441,2025-09-12T17:48:57Z,,2.257673611111111,2.257673611111111,arxiv_meta_enrichment
2509.10452,,,,9.250590277777778,missing
2509.10687,,,,4.139085648148148,missing
2509.10696,,,,4.112349537037037,missing
2509.10706,,,,4.091319444444444,missing
2509.10708,,,,3.089826388888889,missing
2509.10813,2025-09-13T14:25:17Z,,2.3991087962962965,2.3991087962962965,arxiv_meta_enrichment
2509.10844,,,,2.372488425925926,missing
2509.10884,,,,2.3117708333333336,missing
2509.11114,,,,3.745347222222222,missing
2509.11177,,,,2.612974537037037,missing
2509.11362,,,,1.2707986111111111,missing
2509.11425,,,,1.1419444444444444,missing
2509.11444,,,,1.0990277777777777,missing
2509.11452,,,,1.0857060185185186,missing
2509.11481,,,,1.9960648148148148,missing
2509.11492,,,,0.9561458333333334,missing
2509.11526,,,,1.8947569444444445,missing
2509.11543,2025-09-15T03:24:08Z,,0.8582407407407407,0.8582407407407407,arxiv_meta_enrichment
2509.11648,,,,0.6836226851851852,missing
2509.11866,,,,0.47269675925925925,missing
2509.11963,,,,0.40466435185185184,missing
2509.11986,,,,0.3902083333333333,missing
2509.12132,,,,0.29346064814814815,missing
2509.12201,,,,0.25047453703703704,missing
2509.12203,2025-09-15T17:59:47Z,,0.25015046296296295,0.25015046296296295,arxiv_meta_enrichment
2509.12341,,,,1.2427314814814814,missing
2509.12474,,,,2.098576388888889,missing
2509.12521,,,,1.0028125,missing
2509.12541,,,,0.9693518518518518,missing
2509.12603,,,,0.874849537037037,missing
2509.12815,2025-09-16T08:33:03Z,,0.6437152777777778,0.6437152777777778,arxiv_meta_enrichment
2509.12989,2025-09-16T11:54:37Z,,1.5037384259259259,1.5037384259259259,arxiv_meta_enrichment
2509.13160,,,,2.3658217592592594,missing
2509.13177,,,,0.3541435185185185,missing
2509.13232,2025-09-16T16:39:11Z,,0.3061226851851852,0.3061226851851852,arxiv_meta_enrichment
2509.13305,2025-09-16T17:57:03Z,,0.2520486111111111,0.2520486111111111,arxiv_meta_enrichment
2509.13309,2025-09-16T17:57:17Z,,0.25188657407407405,0.25188657407407405,arxiv_meta_enrichment
2509.13310,,,,0.2518634259259259,missing
2509.13311,2025-09-16T17:57:20Z,,0.2518518518518518,0.2518518518518518,arxiv_meta_enrichment
2509.13312,,,,0.2518402777777778,missing
2509.13313,,,,0.2518287037037037,missing
2509.13317,,,,0.250625,missing
2509.13353,,,,3.5868055555555554,missing
2509.13399,,,,2.259965277777778,missing
2509.13450,,,,1.2247453703703703,missing
2509.13523,,,,1.1399421296296297,missing
2509.13642,,,,0.8934143518518518,missing
2509.13683,,,,0.8138078703703704,missing
2509.13755,2025-09-17T07:12:35Z,,0.6995949074074074,0.6995949074074074,arxiv_meta_enrichment
2509.13761,,,,0.6970833333333334,missing
2509.13835,,,,6.621099537037037,missing
2509.13989,,,,4.416145833333333,missing
2509.14008,2025-09-17T14:19:28Z,,0.40314814814814814,0.40314814814814814,arxiv_meta_enrichment
2509.14026,,,,0.3967361111111111,missing
2509.14033,2025-09-17T14:34:02Z,,0.3930324074074074,0.3930324074074074,arxiv_meta_enrichment
2509.14055,,,,0.3743402777777778,missing
2509.14142,,,,0.3183564814814815,missing
2509.14180,,,,0.2828935185185185,missing
2509.14232,2025-09-17T17:59:14Z,,0.2505324074074074,0.2505324074074074,arxiv_meta_enrichment
2509.14233,,,,1.2504513888888888,missing
2509.14284,,,,1.293460648148148,missing
2509.14476,,,,1.0338194444444444,missing
2509.14627,,,,3.7818287037037037,missing
2509.14635,2025-09-18T05:25:32Z,,5.773935185185185,5.773935185185185,arxiv_meta_enrichment
2509.14638,,,,0.7683101851851852,missing
2509.14662,,,,7.7203587962962965,missing
2509.14745,,,,6.632962962962963,missing
2509.14760,,,,0.6188310185185185,missing
2509.14856,,,,4.524895833333333,missing
2509.14977,,,,0.41119212962962964,missing
2509.14981,2025-09-18T14:12:32Z,,3.407962962962963,3.407962962962963,arxiv_meta_enrichment
2509.15020,,,,0.3833564814814815,missing
2509.15061,,,,3.3572800925925925,missing
2509.15123,,,,3.313113425925926,missing
2509.15130,,,,0.3050115740740741,missing
2509.15178,,,,0.2667824074074074,missing
2509.15185,2025-09-18T17:47:40Z,,0.2585648148148148,0.2585648148148148,arxiv_meta_enrichment
2509.15194,2025-09-18T17:50:04Z,,0.25689814814814815,0.25689814814814815,arxiv_meta_enrichment
2509.15207,2025-09-18T17:56:36Z,,0.2523611111111111,0.2523611111111111,arxiv_meta_enrichment
2509.15212,2025-09-18T17:58:02Z,,0.25136574074074075,0.25136574074074075,arxiv_meta_enrichment
2509.15221,2025-09-18T17:59:22Z,,0.2504398148148148,0.2504398148148148,arxiv_meta_enrichment
2509.15233,,,,4.881319444444444,missing
2509.15248,,,,5.0635763888888885,missing
2509.15496,,,,2.9778125,missing
2509.15566,,,,2.830740740740741,missing
2509.15591,2025-09-19T04:47:16Z,,2.8005092592592593,2.8005092592592593,arxiv_meta_enrichment
2509.15709,,,,3.684837962962963,missing
2509.15937,2025-09-19T12:44:29Z,,2.4691087962962963,2.4691087962962963,arxiv_meta_enrichment
2509.16080,,,,5.356516203703704,missing
2509.16117,,,,3.326701388888889,missing
2509.16127,2025-09-19T16:25:26Z,,2.3156712962962964,2.3156712962962964,arxiv_meta_enrichment
2509.16195,,,,3.2519328703703705,missing
2509.16197,,,,2.251388888888889,missing
2509.16198,2025-09-19T17:58:14Z,,2.2512268518518517,2.2512268518518517,arxiv_meta_enrichment
2509.16415,,,,3.1270486111111113,missing
2509.16506,,,,3.8780092592592594,missing
2509.16548,,,,2.7361689814814816,missing
2509.16591,,,,2.603877314814815,missing
2509.16596,,,,2.5968518518518517,missing
2509.16622,,,,1.5499305555555556,missing
2509.16633,,,,2.5330671296296297,missing
2509.16941,2025-09-21T06:28:17Z,,1.7303587962962963,1.7303587962962963,arxiv_meta_enrichment
2509.16944,,,,9.712453703703703,missing
2509.16990,,,,3.618333333333333,missing
2509.17083,,,,2.417060185185185,missing
2509.17158,2025-09-21T16:59:45Z,,1.2918402777777778,1.2918402777777778,arxiv_meta_enrichment
2509.17177,,,,1.254513888888889,missing
2509.17191,,,,1.224375,missing
2509.17277,,,,1.0234953703703704,missing
2509.17321,,,,1.8799189814814814,missing
2509.17336,,,,0.8653009259259259,missing
2509.17349,,,,1.8185300925925927,missing
2509.17396,2025-09-22T06:56:35Z,,0.7107060185185186,0.7107060185185186,arxiv_meta_enrichment
2509.17399,,,,0.7096990740740741,missing
2509.17428,,,,0.6932754629629629,missing
2509.17437,,,,0.6887847222222222,missing
2509.17567,2025-09-22T10:59:32Z,,0.5419907407407407,0.5419907407407407,arxiv_meta_enrichment
2509.17627,2025-09-22T11:35:55Z,,0.516724537037037,0.516724537037037,arxiv_meta_enrichment
2509.17641,,,,0.510162037037037,missing
2509.17671,,,,0.49015046296296294,missing
2509.17765,2025-09-22T13:26:24Z,,0.44,0.44,arxiv_meta_enrichment
2509.17786,,,,0.4248263888888889,missing
2509.17818,,,,0.40728009259259257,missing
2509.17938,,,,0.3335648148148148,missing
2509.17985,2025-09-22T16:28:47Z,,0.3133449074074074,0.3133449074074074,arxiv_meta_enrichment
2509.17998,,,,0.3061111111111111,missing
2509.18010,,,,0.29900462962962965,missing
2509.18030,,,,1.2890277777777779,missing
2509.18053,,,,0.2725810185185185,missing
2509.18056,2025-09-22T17:30:15Z,,0.27065972222222223,0.27065972222222223,arxiv_meta_enrichment
2509.18058,,,,0.2701851851851852,missing
2509.18083,,,,0.25233796296296296,missing
2509.18084,,,,0.25200231481481483,missing
2509.18090,,,,1.2508333333333332,missing
2509.18091,2025-09-22T17:59:07Z,,0.25061342592592595,0.25061342592592595,arxiv_meta_enrichment
2509.18094,,,,0.2502314814814815,missing
2509.18095,,,,0.2502083333333333,missing
2509.18154,2025-09-16T19:41:48Z,,7.179305555555556,7.179305555555556,arxiv_meta_enrichment
2509.18174,2025-09-17T15:07:29Z,,6.36980324074074,6.36980324074074,arxiv_meta_enrichment
2509.18282,,,,1.2428935185185186,missing
2509.18293,,,,3.233784722222222,missing
2509.18400,,,,2.1441666666666666,missing
2509.18420,,,,6.121770833333334,missing
2509.18480,,,,1.976712962962963,missing
2509.18644,2025-09-23T04:56:59Z,,0.7937615740740741,0.7937615740740741,arxiv_meta_enrichment
2509.18824,,,,0.6161342592592592,missing
2509.18849,2025-09-23T09:37:16Z,,0.5991203703703704,0.5991203703703704,arxiv_meta_enrichment
2509.18905,2025-09-23T12:00:14Z,,0.49983796296296296,0.49983796296296296,arxiv_meta_enrichment
2509.19002,,,,0.4260300925925926,missing
2509.19087,,,,0.38828703703703704,missing
2509.19170,,,,0.3445949074074074,missing
2509.19185,,,,8.331840277777777,missing
2509.19228,,,,2.2988078703703705,missing
2509.19244,,,,1.287662037037037,missing
2509.19249,2025-09-23T17:10:40Z,,0.28425925925925927,0.28425925925925927,arxiv_meta_enrichment
2509.19274,,,,0.2633912037037037,missing
2509.19282,,,,2.2569444444444446,missing
2509.19284,,,,0.25631944444444443,missing
2509.19296,2025-09-23T17:58:01Z,,0.2513773148148148,0.2513773148148148,arxiv_meta_enrichment
2509.19297,2025-09-23T17:59:02Z,,0.2506712962962963,0.2506712962962963,arxiv_meta_enrichment
2509.19300,,,,0.2503356481481481,missing
2509.19301,2025-09-23T17:59:46Z,,2.250162037037037,2.250162037037037,arxiv_meta_enrichment
2509.19580,,,,1.1184722222222223,missing
2509.19676,,,,1.94625,missing
2509.19736,,,,1.8518518518518519,missing
2509.19760,,,,0.7954050925925926,missing
2509.19768,,,,4.764756944444445,missing
2509.19803,2025-09-24T06:38:58Z,,1.7229398148148147,1.7229398148148147,arxiv_meta_enrichment
2509.19894,2025-09-24T08:46:29Z,,4.634386574074074,4.634386574074074,arxiv_meta_enrichment
2509.20109,,,,1.4338541666666667,missing
2509.20136,,,,1.4157638888888888,missing
2509.20186,2025-09-24T14:45:13Z,,1.3852662037037038,1.3852662037037038,arxiv_meta_enrichment
2509.20293,,,,1.3147337962962964,missing
2509.20317,2025-09-24T17:01:32Z,,0.29060185185185183,0.29060185185185183,arxiv_meta_enrichment
2509.20328,2025-09-24T17:17:27Z,,0.2795486111111111,0.2795486111111111,arxiv_meta_enrichment
2509.20354,2025-09-24T17:56:51Z,,0.2521875,0.2521875,arxiv_meta_enrichment
2509.20358,,,,0.2513425925925926,missing
2509.20360,,,,0.2503472222222222,missing
2509.20394,,,,2.7510185185185185,missing
2509.20414,,,,1.6203587962962962,missing
2509.20427,2025-09-24T17:59:04Z,,1.2506481481481482,1.2506481481481482,arxiv_meta_enrichment
2509.20706,,,,0.8635185185185185,missing
2509.20712,2025-09-25T03:22:04Z,,0.8596759259259259,0.8596759259259259,arxiv_meta_enrichment
2509.20787,,,,3.7402777777777776,missing
2509.20868,,,,0.6662152777777778,missing
2509.20878,,,,0.6608101851851852,missing
2509.20906,,,,3.6342939814814814,missing
2509.21042,,,,0.5080555555555556,missing
2509.21070,,,,0.48421296296296296,missing
2509.21072,,,,0.48346064814814815,missing
2509.21106,,,,0.4631134259259259,missing
2509.21113,,,,0.4588773148148148,missing
2509.21114,,,,0.4578935185185185,missing
2509.21117,2025-09-25T13:04:29Z,,0.4552199074074074,0.4552199074074074,arxiv_meta_enrichment
2509.21138,,,,0.4389814814814815,missing
2509.21150,,,,3.4315277777777777,missing
2509.21164,,,,-0.5764930555555555,missing
2509.21240,,,,0.39086805555555554,missing
2509.21245,2025-09-25T14:39:17Z,,0.38938657407407407,0.38938657407407407,arxiv_meta_enrichment
2509.21268,2025-09-25T14:58:29Z,,0.37605324074074076,0.37605324074074076,arxiv_meta_enrichment
2509.21278,,,,0.37373842592592593,missing
2509.21294,,,,3.365972222222222,missing
2509.21302,,,,0.3630671296296296,missing
2509.21317,,,,0.3482986111111111,missing
2509.21318,,,,0.3280324074074074,missing
2509.21319,,,,3.3200694444444445,missing
2509.21320,,,,0.25548611111111114,missing
2509.21361,,,,9.390081018518519,missing
2509.21388,,,,5.149918981481481,missing
2509.21499,,,,12.168333333333333,missing
2509.21500,,,,3.168298611111111,missing
2509.21559,,,,3.1390625,missing
2509.21574,,,,3.1295486111111113,missing
2509.21679,2025-09-25T22:55:05Z,,3.0450810185185184,3.0450810185185184,arxiv_meta_enrichment
2509.21710,,,,2.9908564814814813,missing
2509.21760,,,,2.9280092592592593,missing
2509.21766,2025-09-26T02:04:00Z,,2.9138888888888888,2.9138888888888888,arxiv_meta_enrichment
2509.21789,,,,6.886527777777777,missing
2509.21799,,,,2.8775578703703704,missing
2509.21842,,,,12.830648148148148,missing
2509.21875,,,,3.7932175925925926,missing
2509.21880,,,,2.7889583333333334,missing
2509.21989,2025-09-26T07:11:55Z,,2.70005787037037,2.70005787037037,arxiv_meta_enrichment
2509.21991,,,,2.697696759259259,missing
2509.22033,2025-09-26T08:10:52Z,,9.65912037037037,9.65912037037037,arxiv_meta_enrichment
2509.22067,2025-09-26T08:49:47Z,,6.632094907407407,6.632094907407407,arxiv_meta_enrichment
2509.22072,2025-09-26T08:53:13Z,,2.6297106481481483,2.6297106481481483,arxiv_meta_enrichment
2509.22075,2025-09-26T08:55:09Z,,2.6283680555555557,2.6283680555555557,arxiv_meta_enrichment
2509.22186,2025-09-26T10:45:48Z,,2.551527777777778,2.551527777777778,arxiv_meta_enrichment
2509.22193,,,,3.545925925925926,missing
2509.22220,,,,3.518854166666667,missing
2509.22281,2025-09-26T12:46:00Z,,2.4680555555555554,2.4680555555555554,arxiv_meta_enrichment
2509.22300,,,,2.457523148148148,missing
2509.22414,,,,2.3894907407407406,missing
2509.22496,,,,2.348125,missing
2509.22572,,,,3.299189814814815,missing
2509.22576,2025-09-26T16:51:44Z,,2.2974074074074076,2.2974074074074076,arxiv_meta_enrichment
2509.22582,,,,6.289305555555556,missing
2509.22601,2025-09-26T17:20:38Z,,2.277337962962963,2.277337962962963,arxiv_meta_enrichment
2509.22611,2025-09-26T17:37:52Z,,2.2653703703703703,2.2653703703703703,arxiv_meta_enrichment
2509.22613,,,,4.264027777777778,missing
2509.22622,2025-09-26T17:48:24Z,,2.2580555555555555,2.2580555555555555,arxiv_meta_enrichment
2509.22624,2025-09-26T17:50:12Z,,2.2568055555555557,2.2568055555555557,arxiv_meta_enrichment
2509.22630,,,,2.2532175925925926,missing
2509.22636,,,,2.2513425925925925,missing
2509.22637,,,,2.2512731481481483,missing
2509.22638,,,,2.251076388888889,missing
2509.22642,,,,2.250613425925926,missing
2509.22644,,,,2.2501041666666666,missing
2509.22646,,,,4.250069444444445,missing
2509.22647,,,,2.2500578703703704,missing
2509.22650,,,,2.2500347222222223,missing
2509.22651,,,,2.2500115740740743,missing
2509.22653,2025-09-26T17:59:59Z,,2.2500115740740743,2.2500115740740743,arxiv_meta_enrichment
2509.22799,2025-09-26T18:09:03Z,,3.2437152777777776,3.2437152777777776,arxiv_meta_enrichment
2509.22820,,,,3.2327777777777778,missing
2509.22824,,,,3.228599537037037,missing
2509.22887,,,,5.161412037037037,missing
2509.22921,,,,3.133460648148148,missing
2509.22944,,,,5.109097222222222,missing
2509.23050,,,,2.908275462962963,missing
2509.23094,,,,3.8282060185185185,missing
2509.23102,2025-09-27T04:18:33Z,,2.820451388888889,2.820451388888889,arxiv_meta_enrichment
2509.23166,,,,3.6762152777777777,missing
2509.23196,,,,2.6253356481481482,missing
2509.23202,2025-09-27T09:22:21Z,,8.609479166666667,8.609479166666667,arxiv_meta_enrichment
2509.23219,2025-09-27T09:58:03Z,,2.5846875,2.5846875,arxiv_meta_enrichment
2509.23250,,,,4.543773148148148,missing
2509.23285,,,,2.462766203703704,missing
2509.23291,,,,8.451145833333333,missing
2509.23379,,,,10.332534722222222,missing
2509.23426,2025-09-27T17:38:53Z,,2.264664351851852,2.264664351851852,arxiv_meta_enrichment
2509.23500,,,,12.114328703703704,missing
2509.23564,,,,1.9277199074074074,missing
2509.23610,,,,2.85724537037037,missing
2509.23661,2025-09-28T05:52:55Z,,0.7549189814814815,0.7549189814814815,arxiv_meta_enrichment
2509.23768,,,,11.600983796296296,missing
2509.23773,,,,2.596909722222222,missing
2509.23808,2025-09-28T11:14:58Z,,1.531273148148148,1.531273148148148,arxiv_meta_enrichment
2509.23866,,,,1.4449074074074073,missing
2509.23873,2025-09-28T13:27:38Z,,2.4391435185185184,2.4391435185185184,arxiv_meta_enrichment
2509.23909,2025-09-28T14:28:24Z,,1.3969444444444445,1.3969444444444445,arxiv_meta_enrichment
2509.23924,,,,1.3741319444444444,missing
2509.23951,2025-09-28T16:14:10Z,,1.3234953703703705,1.3234953703703705,arxiv_meta_enrichment
2509.24002,2025-09-28T17:53:27Z,,2.2545486111111113,2.2545486111111113,arxiv_meta_enrichment
2509.24006,2025-09-28T17:58:59Z,,1.2507060185185186,1.2507060185185186,arxiv_meta_enrichment
2509.24007,2025-09-28T17:59:15Z,,1.2505208333333333,1.2505208333333333,arxiv_meta_enrichment
2509.24014,2025-09-28T18:10:10Z,,1.2429398148148147,1.2429398148148147,arxiv_meta_enrichment
2509.24088,,,,2.0921296296296297,missing
2509.24107,,,,9.042928240740741,missing
2509.24203,,,,3.8924305555555554,missing
2509.24207,,,,1.8880092592592592,missing
2509.24304,,,,3.7659953703703706,missing
2509.24317,,,,0.753275462962963,missing
2509.24335,,,,0.7261111111111112,missing
2509.24372,,,,0.6947453703703703,missing
2509.24375,,,,9.693472222222223,missing
2509.24473,2025-09-29T08:49:21Z,,0.6323958333333334,0.6323958333333334,arxiv_meta_enrichment
2509.24494,,,,0.6196180555555556,missing
2509.24510,,,,1.6077314814814814,missing
2509.24613,,,,7.529016203703704,missing
2509.24663,2025-09-29T12:08:33Z,,0.4940625,0.4940625,arxiv_meta_enrichment
2509.24695,,,,0.4804513888888889,missing
2509.24726,2025-09-29T12:54:07Z,,0.4624189814814815,0.4624189814814815,arxiv_meta_enrichment
2509.24732,,,,1.460011574074074,missing
2509.24797,,,,10.424583333333333,missing
2509.24817,,,,10.4125,missing
2509.24897,2025-09-29T15:07:28Z,,0.3698148148148148,0.3698148148148148,arxiv_meta_enrichment
2509.24900,,,,0.36725694444444446,missing
2509.24975,,,,6.330347222222223,missing
2509.24981,2025-09-29T16:09:07Z,,0.3270023148148148,0.3270023148148148,arxiv_meta_enrichment
2509.25045,,,,2.2922800925925926,missing
2509.25077,,,,0.2779513888888889,missing
2509.25082,,,,1.275925925925926,missing
2509.25084,2025-09-29T17:23:08Z,,0.2756018518518519,0.2756018518518519,arxiv_meta_enrichment
2509.25085,,,,1.2750694444444444,missing
2509.25106,2025-09-29T17:39:17Z,,0.26438657407407407,0.26438657407407407,arxiv_meta_enrichment
2509.25122,,,,6.261273148148148,missing
2509.25123,,,,0.26079861111111113,missing
2509.25131,,,,0.25800925925925927,missing
2509.25134,,,,1.2568055555555555,missing
2509.25137,2025-09-29T17:50:31Z,,0.25658564814814816,0.25658564814814816,arxiv_meta_enrichment
2509.25149,2025-09-29T17:53:17Z,2025-09-29 17:53:17+00:00,0.2546643518518519,0.2546643518518519,arxiv_meta_enrichment
2509.25154,2025-09-29T17:54:57Z,,1.2535069444444444,1.2535069444444444,arxiv_meta_enrichment
2509.25160,,,,0.25202546296296297,missing
2509.25161,2025-09-29T17:57:14Z,,0.2519212962962963,0.2519212962962963,arxiv_meta_enrichment
2509.25162,,,,2.2516319444444446,missing
2509.25175,,,,0.25061342592592595,missing
2509.25176,,,,0.25060185185185185,missing
2509.25180,,,,0.2504050925925926,missing
2509.25182,,,,1.2503356481481482,missing
2509.25189,,,,1.2500347222222221,missing
2509.25190,,,,0.2500347222222222,missing
2509.25191,2025-09-29T17:59:59Z,,0.2500115740740741,0.2500115740740741,arxiv_meta_enrichment
2509.25248,,,,3.8730787037037038,missing
2509.25301,2025-09-29T17:39:30Z,,2.264236111111111,2.264236111111111,arxiv_meta_enrichment
2509.25339,,,,1.2497106481481481,missing
2509.25370,,,,0.2357986111111111,missing
2509.25397,,,,1.2115972222222222,missing
2509.25411,,,,2.2016550925925924,missing
2509.25413,,,,0.19984953703703703,missing
2509.25454,,,,2.1663310185185187,missing
2509.25455,,,,2.164525462962963,missing
2509.25531,,,,2.0971064814814815,missing
2509.25541,,,,1.0861689814814814,missing
2509.25631,,,,0.9622222222222222,missing
2509.25666,,,,0.9155092592592593,missing
2509.25729,,,,2.8481944444444443,missing
2509.25758,2025-09-30T04:23:43Z,,0.816863425925926,0.816863425925926,arxiv_meta_enrichment
2509.25760,,,,0.815775462962963,missing
2509.25771,,,,5.810717592592592,missing
2509.25810,,,,0.767824074074074,missing
2509.25848,,,,0.723761574074074,missing
2509.25849,2025-09-30T06:41:57Z,,1.7208680555555556,1.7208680555555556,arxiv_meta_enrichment
2509.25911,,,,0.6648842592592593,missing
2509.25916,,,,1.6590740740740741,missing
2509.25944,,,,5.640613425925926,missing
2509.26030,,,,0.580462962962963,missing
2509.26226,2025-09-30T13:25:00Z,,0.4409722222222222,0.4409722222222222,arxiv_meta_enrichment
2509.26231,2025-09-30T13:27:03Z,,0.4395486111111111,0.4395486111111111,arxiv_meta_enrichment
2509.26313,,,,2.3986574074074074,missing
2509.26328,2025-09-30T14:40:18Z,,7.388680555555555,7.388680555555555,arxiv_meta_enrichment
2509.26346,2025-09-30T14:51:04Z,,1.3812037037037037,1.3812037037037037,arxiv_meta_enrichment
2509.26354,2025-09-30T14:55:55Z,,5.377835648148148,5.377835648148148,arxiv_meta_enrichment
2509.26376,,,,2.3691550925925924,missing
2509.26388,2025-09-30T15:23:39Z,,5.358576388888889,5.358576388888889,arxiv_meta_enrichment
2509.26391,2025-09-30T15:26:04Z,,0.35689814814814813,0.35689814814814813,arxiv_meta_enrichment
2509.26476,,,,0.31570601851851854,missing
2509.26488,2025-09-30T16:32:52Z,,0.31050925925925926,0.31050925925925926,arxiv_meta_enrichment
2509.26490,,,,0.30984953703703705,missing
2509.26495,,,,0.30605324074074075,missing
2509.26507,2025-09-30T16:49:01Z,,0.2992939814814815,0.2992939814814815,arxiv_meta_enrichment
2509.26514,,,,1.2970601851851853,missing
2509.26536,2025-09-30T17:09:32Z,,0.2850462962962963,0.2850462962962963,arxiv_meta_enrichment
2509.26539,,,,0.28199074074074076,missing
2509.26542,,,,0.27975694444444443,missing
2509.26603,2025-09-30T17:49:32Z,,0.2572685185185185,0.2572685185185185,arxiv_meta_enrichment
2509.26618,2025-09-30T17:55:37Z,,0.2530439814814815,0.2530439814814815,arxiv_meta_enrichment
2509.26625,2025-09-30T17:57:44Z,,0.25157407407407406,0.25157407407407406,arxiv_meta_enrichment
2509.26628,2025-09-30T17:58:34Z,,0.2509953703703704,0.2509953703703704,arxiv_meta_enrichment
2509.26633,,,,9.250671296296296,missing
2509.26645,,,,0.2501041666666667,missing
2510.00137,,,,2.2402662037037038,missing
2510.00177,,,,5.211481481481481,missing
2510.00184,2025-09-30T19:03:26Z,,1.2059490740740741,1.2059490740740741,arxiv_meta_enrichment
2510.00225,,,,1.1728587962962962,missing
2510.00231,,,,0.16983796296296297,missing
2510.00232,,,,1.1688194444444444,missing
2510.00263,,,,6.14119212962963,missing
2510.00406,2025-10-01T01:33:10Z,,0.935300925925926,0.935300925925926,arxiv_meta_enrichment
2510.00428,,,,1.9066782407407408,missing
2510.00438,,,,0.8880671296296296,missing
2510.00446,,,,1.8785069444444444,missing
2510.00492,2025-10-01T04:21:14Z,2025-10-01 04:21:14+00:00,-0.18141203703703704,-0.18141203703703704,arxiv_meta_enrichment
2510.00499,2025-10-01T04:32:37Z,,5.81068287037037,5.81068287037037,arxiv_meta_enrichment
2510.00507,,,,5.807013888888889,missing
2510.00510,,,,0.8041898148148148,missing
2510.00515,2025-10-01T04:56:40Z,,4.793981481481482,4.793981481481482,arxiv_meta_enrichment
2510.00523,,,,1.7834027777777777,missing
2510.00526,,,,0.7793171296296296,missing
2510.00536,,,,0.7653472222222222,missing
2510.00537,,,,1.7650347222222222,missing
2510.00553,,,,0.7403935185185185,missing
2510.00615,2025-10-01T07:43:49Z,,0.6779050925925926,0.6779050925925926,arxiv_meta_enrichment
2510.00658,,,,4.642152777777778,missing
2510.00732,,,,5.572604166666666,missing
2510.00777,,,,0.5305092592592593,missing
2510.00931,,,,0.4065856481481481,missing
2510.00938,2025-10-01T14:15:43Z,,4.405752314814815,4.405752314814815,arxiv_meta_enrichment
2510.00967,,,,0.3888425925925926,missing
2510.00977,2025-10-01T14:52:11Z,,0.3804282407407407,0.3804282407407407,arxiv_meta_enrichment
2510.01037,,,,0.3462152777777778,missing
2510.01051,2025-10-01T15:55:57Z,,0.3361458333333333,0.3361458333333333,arxiv_meta_enrichment
2510.01061,,,,0.33244212962962966,missing
2510.01068,,,,4.3292476851851855,missing
2510.01070,,,,0.3246759259259259,missing
2510.01119,,,,11.2865625,missing
2510.01123,,,,1.2854282407407407,missing
2510.01132,,,,4.275648148148148,missing
2510.01141,2025-10-01T17:29:35Z,,4.271122685185185,4.271122685185185,arxiv_meta_enrichment
2510.01143,,,,1.2683449074074074,missing
2510.01149,2025-10-01T17:41:17Z,,1.2629976851851852,1.2629976851851852,arxiv_meta_enrichment
2510.01152,,,,0.26256944444444447,missing
2510.01161,,,,5.258067129629629,missing
2510.01171,2025-10-01T17:55:37Z,,13.25304398148148,13.25304398148148,arxiv_meta_enrichment
2510.01174,2025-10-01T17:56:48Z,,0.25222222222222224,0.25222222222222224,arxiv_meta_enrichment
2510.01179,2025-10-01T17:58:03Z,,1.2513541666666668,1.2513541666666668,arxiv_meta_enrichment
2510.01180,,,,0.2506712962962963,missing
2510.01241,,,,8.910046296296295,missing
2510.01260,,,,7.641817129629629,missing
2510.01265,2025-09-26T17:53:54Z,,6.254236111111111,6.254236111111111,arxiv_meta_enrichment
2510.01284,,,,2.122337962962963,missing
2510.01304,,,,1.2513310185185185,missing
2510.01329,,,,4.249351851851852,missing
2510.01346,2025-10-01T18:21:13Z,,1.2352662037037037,1.2352662037037037,arxiv_meta_enrichment
2510.01353,,,,6.226354166666667,missing
2510.01354,,,,4.226319444444444,missing
2510.01427,,,,12.161944444444444,missing
2510.01444,2025-10-01T20:32:08Z,,1.1443518518518518,1.1443518518518518,arxiv_meta_enrichment
2510.01459,,,,4.126828703703704,missing
2510.01538,,,,0.9868171296296296,missing
2510.01581,,,,0.9164351851851852,missing
2510.01586,,,,4.912152777777778,missing
2510.01591,2025-10-02T02:14:33Z,,0.9065625,0.9065625,arxiv_meta_enrichment
2510.01623,,,,0.8791319444444444,missing
2510.01645,,,,4.831875,missing
2510.01670,,,,0.7970486111111111,missing
2510.01691,,,,0.7625,missing
2510.01698,,,,3.7438194444444446,missing
2510.01796,,,,0.6401041666666667,missing
2510.01817,,,,0.6238657407407407,missing
2510.01879,,,,3.558576388888889,missing
2510.01954,,,,6.483368055555555,missing
2510.01982,,,,6.460277777777778,missing
2510.02110,,,,3.3625,missing
2510.02173,2025-10-02T16:24:28Z,,0.3163425925925926,0.3163425925925926,arxiv_meta_enrichment
2510.02190,,,,-118.0,missing
2510.02209,2025-10-02T16:54:57Z,,0.2951736111111111,0.2951736111111111,arxiv_meta_enrichment
2510.02240,,,,0.27099537037037036,missing
2510.02245,2025-10-02T17:31:30Z,,0.26979166666666665,0.26979166666666665,arxiv_meta_enrichment
2510.02250,,,,0.26587962962962963,missing
2510.02253,,,,0.2644328703703704,missing
2510.02259,,,,0.26238425925925923,missing
2510.02263,,,,0.2608449074074074,missing
2510.02272,,,,0.25707175925925924,missing
2510.02283,,,,0.25298611111111113,missing
2510.02286,2025-10-02T17:57:05Z,,0.25202546296296297,0.25202546296296297,arxiv_meta_enrichment
2510.02294,2025-10-02T17:58:49Z,,0.25082175925925926,0.25082175925925926,arxiv_meta_enrichment
2510.02295,,,,0.2507638888888889,missing
2510.02297,2025-10-02T17:59:00Z,,0.25069444444444444,0.25069444444444444,arxiv_meta_enrichment
2510.02300,,,,5.250625,missing
2510.02306,,,,0.2502199074074074,missing
2510.02314,2025-10-02T17:59:57Z,2025-10-02 17:59:57+00:00,0.2500347222222222,0.2500347222222222,arxiv_meta_enrichment
2510.02315,,,,0.25002314814814813,missing
2510.02341,,,,10.870520833333334,missing
2510.02350,,,,9.36894675925926,missing
2510.02375,,,,6.250115740740741,missing
2510.02387,,,,6.09224537037037,missing
2510.02410,,,,3.5844560185185186,missing
2510.02571,,,,3.110636574074074,missing
2510.02590,,,,7.0916550925925925,missing
2510.02657,,,,2.9401273148148146,missing
2510.02665,2025-10-03T01:48:26Z,,2.924699074074074,2.924699074074074,arxiv_meta_enrichment
2510.02730,,,,2.7753125,missing
2510.02880,,,,2.5580555555555557,missing
2510.02898,,,,9.537546296296297,missing
2510.02919,,,,3.509675925925926,missing
2510.02994,,,,6.434085648148148,missing
2510.03117,,,,6.344490740740741,missing
2510.03120,,,,2.3408680555555557,missing
2510.03160,,,,2.311087962962963,missing
2510.03194,2025-10-03T17:30:16Z,,2.270648148148148,2.270648148148148,arxiv_meta_enrichment
2510.03204,,,,2.2628472222222222,missing
2510.03215,,,,5.255185185185185,missing
2510.03222,2025-10-03T17:56:13Z,,6.252627314814815,6.252627314814815,arxiv_meta_enrichment
2510.03230,,,,2.250300925925926,missing
2510.03232,,,,2.250046296296296,missing
2510.03259,2025-09-26T14:05:48Z,,13.412638888888889,13.412638888888889,arxiv_meta_enrichment
2510.03264,2025-09-26T20:08:51Z,,10.160520833333333,10.160520833333333,arxiv_meta_enrichment
2510.03270,,,,10.76255787037037,missing
2510.03279,2025-09-28T14:40:58Z,,11.388217592592593,11.388217592592593,arxiv_meta_enrichment
2510.03434,,,,3.2130555555555556,missing
2510.03506,,,,4.138541666666667,missing
2510.03528,2025-10-03T21:54:33Z,,3.0871180555555555,3.0871180555555555,arxiv_meta_enrichment
2510.03561,2025-10-03T23:18:07Z,,3.0290856481481483,3.0290856481481483,arxiv_meta_enrichment
2510.03574,,,,2.0075694444444445,missing
2510.03632,,,,2.89537037037037,missing
2510.03663,,,,5.812349537037037,missing
2510.03755,,,,2.596724537037037,missing
2510.03857,,,,2.3255439814814816,missing
2510.03871,2025-10-04T16:48:36Z,,2.2995833333333335,2.2995833333333335,arxiv_meta_enrichment
2510.03978,,,,3.0150694444444444,missing
2510.04016,,,,1.852789351851852,missing
2510.04072,,,,1.6924305555555557,missing
2510.04081,,,,2.6670833333333333,missing
2510.04087,,,,2.6506018518518517,missing
2510.04136,,,,1.5593287037037038,missing
2510.04162,2025-10-05T11:38:01Z,,2.5152662037037037,2.5152662037037037,arxiv_meta_enrichment
2510.04201,,,,8.433680555555556,missing
2510.04204,2025-10-05T13:38:31Z,,3.431585648148148,3.431585648148148,arxiv_meta_enrichment
2510.04212,2025-10-05T14:01:24Z,,3.4156944444444446,3.4156944444444446,arxiv_meta_enrichment
2510.04226,,,,1.3963541666666666,missing
2510.04230,,,,3.3891087962962962,missing
2510.04290,,,,1.2902662037037036,missing
2510.04399,,,,1.0053703703703705,missing
2510.04434,,,,0.9134027777777778,missing
2510.04506,,,,1.759074074074074,missing
2510.04514,,,,1.7461111111111112,missing
2510.04533,2025-10-06T06:53:29Z,,6.712858796296296,6.712858796296296,arxiv_meta_enrichment
2510.04617,,,,7.6041087962962965,missing
2510.04618,2025-10-06T09:30:18Z,,0.6039583333333334,0.6039583333333334,arxiv_meta_enrichment
2510.04673,,,,0.5631944444444444,missing
2510.04678,2025-10-06T10:44:04Z,,2.5527314814814814,2.5527314814814814,arxiv_meta_enrichment
2510.04694,,,,0.5351851851851852,missing
2510.04759,,,,6.474918981481482,missing
2510.04767,2025-10-06T12:41:31Z,,9.471168981481481,9.471168981481481,arxiv_meta_enrichment
2510.04786,,,,0.4533101851851852,missing
2510.04800,,,,0.4374189814814815,missing
2510.04849,2025-10-06T14:36:30Z,,10.391319444444445,10.391319444444445,arxiv_meta_enrichment
2510.04860,,,,0.38288194444444446,missing
2510.04871,2025-10-06T14:58:08Z,,1.3762962962962964,1.3762962962962964,arxiv_meta_enrichment
2510.04910,,,,2.357824074074074,missing
2510.04979,,,,0.3216898148148148,missing
2510.04995,,,,0.3108564814814815,missing
2510.04996,,,,0.30961805555555555,missing
2510.04999,,,,2.3061921296296295,missing
2510.05025,2025-10-06T17:03:50Z,,0.28900462962962964,0.28900462962962964,arxiv_meta_enrichment
2510.05034,2025-10-06T17:10:44Z,,0.28421296296296295,0.28421296296296295,arxiv_meta_enrichment
2510.05040,,,,0.2800810185185185,missing
2510.05057,,,,2.2656944444444442,missing
2510.05069,,,,0.2593287037037037,missing
2510.05081,,,,0.2562037037037037,missing
2510.05091,2025-10-06T17:56:55Z,,0.2521412037037037,0.2521412037037037,arxiv_meta_enrichment
2510.05093,,,,0.2516319444444444,missing
2510.05094,,,,0.251400462962963,missing
2510.05096,2025-10-06T17:58:02Z,,0.25136574074074075,0.25136574074074075,arxiv_meta_enrichment
2510.05122,,,,7.8612268518518515,missing
2510.05137,,,,6.667326388888889,missing
2510.05152,,,,6.439259259259259,missing
2510.05156,,,,4.825196759259259,missing
2510.05213,,,,7.249502314814815,missing
2510.05251,,,,1.2390856481481483,missing
2510.05318,2025-10-06T19:31:47Z,,1.186261574074074,1.186261574074074,arxiv_meta_enrichment
2510.05342,,,,1.1599884259259259,missing
2510.05367,,,,1.1286574074074074,missing
2510.05396,,,,1.0958564814814815,missing
2510.05432,,,,1.048136574074074,missing
2510.05485,,,,0.956412037037037,missing
2510.05491,,,,1.9488310185185185,missing
2510.05528,,,,5.889351851851852,missing
2510.05560,,,,0.8247916666666667,missing
2510.05571,,,,0.8163657407407408,missing
2510.05592,2025-10-07T05:32:44Z,,0.7689351851851852,0.7689351851851852,arxiv_meta_enrichment
2510.05608,,,,5.742442129629629,missing
2510.05644,2025-10-07T07:42:52Z,,1.678564814814815,1.678564814814815,arxiv_meta_enrichment
2510.05681,,,,0.6401851851851852,missing
2510.05684,,,,5.638506944444444,missing
2510.05862,2025-10-07T12:32:23Z,,1.477511574074074,1.477511574074074,arxiv_meta_enrichment
2510.05891,,,,1.4566319444444444,missing
2510.05934,,,,0.4269791666666667,missing
2510.06030,,,,0.3557986111111111,missing
2510.06036,,,,0.3520949074074074,missing
2510.06052,,,,0.342662037037037,missing
2510.06056,,,,0.3403819444444444,missing
2510.06062,,,,0.3372222222222222,missing
2510.06071,,,,0.33380787037037035,missing
2510.06101,,,,0.31100694444444443,missing
2510.06107,,,,0.30519675925925926,missing
2510.06131,,,,0.28684027777777776,missing
2510.06139,,,,0.2818287037037037,missing
2510.06182,,,,0.2607638888888889,missing
2510.06199,,,,0.254212962962963,missing
2510.06208,2025-10-07T17:58:11Z,,0.25126157407407407,0.25126157407407407,arxiv_meta_enrichment
2510.06209,,,,2.2510185185185185,missing
2510.06213,,,,0.25061342592592595,missing
2510.06217,2025-10-07T17:59:41Z,,0.2502199074074074,0.2502199074074074,arxiv_meta_enrichment
2510.06218,,,,0.25015046296296295,missing
2510.06219,,,,0.2500925925925926,missing
2510.06261,,,,3.3455555555555554,missing
2510.06274,,,,6.452418981481482,missing
2510.06308,2025-10-07T17:59:20Z,,1.2504629629629629,1.2504629629629629,arxiv_meta_enrichment
2510.06426,,,,1.1623263888888888,missing
2510.06471,,,,13.114375,missing
2510.06475,,,,1.1079976851851852,missing
2510.06499,2025-10-07T22:30:59Z,,5.061817129629629,5.061817129629629,arxiv_meta_enrichment
2510.06528,,,,-0.002037037037037037,missing
2510.06557,2025-10-08T01:18:13Z,,0.9456828703703704,0.9456828703703704,arxiv_meta_enrichment
2510.06590,,,,0.8817824074074074,missing
2510.06596,,,,-0.12599537037037037,missing
2510.06607,,,,0.8504282407407407,missing
2510.06673,,,,0.7536342592592593,missing
2510.06679,2025-10-08T06:07:14Z,,1.7449768518518518,1.7449768518518518,arxiv_meta_enrichment
2510.06694,,,,8.722534722222223,missing
2510.06710,,,,0.7047106481481481,missing
2510.06727,,,,6.687939814814815,missing
2510.06751,2025-10-08T08:19:15Z,,0.6532986111111111,0.6532986111111111,arxiv_meta_enrichment
2510.06783,,,,0.6176967592592593,missing
2510.06855,,,,0.5668402777777778,missing
2510.06888,,,,0.5355671296296296,missing
2510.06915,,,,1.5081481481481482,missing
2510.06917,2025-10-08T11:48:59Z,,0.507650462962963,0.507650462962963,arxiv_meta_enrichment
2510.06953,,,,0.47425925925925927,missing
2510.07019,,,,0.42711805555555554,missing
2510.07037,,,,0.4137268518518519,missing
2510.07041,,,,0.41230324074074076,missing
2510.07048,,,,1.405324074074074,missing
2510.07143,,,,0.34412037037037035,missing
2510.07151,,,,4.339884259259259,missing
2510.07172,2025-10-08T16:12:11Z,,1.324872685185185,1.324872685185185,arxiv_meta_enrichment
2510.07238,,,,0.2874189814814815,missing
2510.07242,2025-10-08T17:09:41Z,,1.2849421296296297,1.2849421296296297,arxiv_meta_enrichment
2510.07307,,,,0.2518634259259259,missing
2510.07310,,,,0.2516435185185185,missing
2510.07313,,,,0.25060185185185185,missing
2510.07314,,,,1.2505787037037037,missing
2510.07315,2025-10-08T17:59:19Z,,0.25047453703703704,0.25047453703703704,arxiv_meta_enrichment
2510.07318,,,,0.25005787037037036,missing
2510.07319,,,,4.250034722222222,missing
2510.07414,,,,7.241550925925926,missing
2510.07429,,,,1.2326504629629629,missing
2510.07499,2025-10-08T19:52:35Z,,1.1718171296296296,1.1718171296296296,arxiv_meta_enrichment
2510.07546,2025-10-08T21:02:55Z,,1.122974537037037,1.122974537037037,arxiv_meta_enrichment
2510.07550,,,,0.12238425925925926,missing
2510.07581,,,,13.085439814814816,missing
2510.07624,,,,5.0099884259259255,missing
2510.07656,,,,3.944375,missing
2510.07723,,,,18.874189814814816,missing
2510.07731,,,,4.865613425925926,missing
2510.07743,,,,0.8531712962962963,missing
2510.07745,,,,3.8520833333333333,missing
2510.07790,,,,0.7853472222222222,missing
2510.07793,,,,3.7832291666666666,missing
2510.07841,,,,4.723900462962963,missing
2510.07861,,,,3.7057523148148146,missing
2510.07896,,,,3.676296296296296,missing
2510.07944,2025-10-09T08:41:58Z,,6.637523148148148,6.637523148148148,arxiv_meta_enrichment
2510.07958,,,,0.6295023148148148,missing
2510.07959,,,,3.6291782407407407,missing
2510.07962,,,,3.6283333333333334,missing
2510.08002,,,,0.5968287037037037,missing
2510.08008,,,,0.5932291666666667,missing
2510.08026,,,,4.580196759259259,missing
2510.08047,,,,3.561261574074074,missing
2510.08143,2025-10-09T12:25:16Z,,0.4824537037037037,0.4824537037037037,arxiv_meta_enrichment
2510.08189,2025-10-09T13:16:22Z,,3.4469675925925927,3.4469675925925927,arxiv_meta_enrichment
2510.08191,2025-10-09T13:18:17Z,,0.4456365740740741,0.4456365740740741,arxiv_meta_enrichment
2510.08203,,,,0.43657407407407406,missing
2510.08211,2025-10-09T13:35:19Z,,0.4338078703703704,0.4338078703703704,arxiv_meta_enrichment
2510.08240,,,,0.41452546296296294,missing
2510.08271,,,,0.3959837962962963,missing
2510.08276,,,,0.3946875,missing
2510.08308,,,,0.3769675925925926,missing
2510.08377,,,,0.33229166666666665,missing
2510.08425,,,,0.30505787037037035,missing
2510.08431,,,,0.3017361111111111,missing
2510.08457,,,,3.2892592592592593,missing
2510.08483,2025-10-09T17:24:54Z,,0.274375,0.274375,arxiv_meta_enrichment
2510.08485,2025-10-09T17:26:09Z,,0.27350694444444446,0.27350694444444446,arxiv_meta_enrichment
2510.08492,,,,3.269178240740741,missing
2510.08525,2025-10-09T17:50:00Z,,3.2569444444444446,3.2569444444444446,arxiv_meta_enrichment
2510.08529,2025-10-09T17:50:26Z,2025-10-09 17:50:26+00:00,0.2566435185185185,0.2566435185185185,arxiv_meta_enrichment
2510.08532,,,,5.256215277777778,missing
2510.08540,,,,0.25418981481481484,missing
2510.08547,,,,0.25296296296296295,missing
2510.08549,,,,0.2525810185185185,missing
2510.08551,,,,0.2516435185185185,missing
2510.08555,2025-10-09T17:58:59Z,,0.25070601851851854,0.25070601851851854,arxiv_meta_enrichment
2510.08556,,,,0.2505671296296296,missing
2510.08558,2025-10-09T17:59:17Z,,0.25049768518518517,0.25049768518518517,arxiv_meta_enrichment
2510.08559,,,,0.2504282407407407,missing
2510.08564,,,,3.2502662037037036,missing
2510.08565,2025-10-09T17:59:37Z,,0.2502662037037037,0.2502662037037037,arxiv_meta_enrichment
2510.08649,,,,3.716597222222222,missing
2510.08666,,,,5.319652777777778,missing
2510.08673,2025-10-09T17:59:29Z,,3.2503587962962963,3.2503587962962963,arxiv_meta_enrichment
2510.08696,,,,3.2487962962962964,missing
2510.08697,2025-10-09T18:01:47Z,,3.248761574074074,3.248761574074074,arxiv_meta_enrichment
2510.08744,,,,4.210451388888889,missing
2510.08759,2025-10-09T19:18:36Z,,3.1954166666666666,3.1954166666666666,arxiv_meta_enrichment
2510.08783,,,,5.166192129629629,missing
2510.08867,,,,3.0046412037037036,missing
2510.08872,,,,2.9963657407407407,missing
2510.08886,2025-10-10T00:41:55Z,,3.9708912037037036,3.9708912037037036,arxiv_meta_enrichment
2510.08994,,,,2.8119791666666667,missing
2510.09008,,,,3.7827314814814814,missing
2510.09023,,,,3.7562037037037035,missing
2510.09033,2025-10-10T06:09:04Z,,6.743703703703703,6.743703703703703,arxiv_meta_enrichment
2510.09062,,,,4.702268518518519,missing
2510.09116,,,,4.6596064814814815,missing
2510.09189,,,,3.6017592592592593,missing
2510.09201,2025-10-10T09:41:25Z,,2.596238425925926,2.596238425925926,arxiv_meta_enrichment
2510.09212,,,,3.5932175925925924,missing
2510.09259,,,,4.542476851851852,missing
2510.09263,,,,4.539224537037037,missing
2510.09285,,,,3.523923611111111,missing
2510.09320,,,,2.4858912037037038,missing
2510.09426,,,,2.394849537037037,missing
2510.09462,,,,2.366157407407407,missing
2510.09474,,,,3.355208333333333,missing
2510.09507,,,,2.3258680555555555,missing
2510.09510,,,,2.322962962962963,missing
2510.09517,,,,2.313391203703704,missing
2510.09535,,,,2.2992708333333334,missing
2510.09541,2025-10-10T16:52:25Z,,3.2969328703703704,3.2969328703703704,arxiv_meta_enrichment
2510.09558,,,,2.2856944444444443,missing
2510.09561,,,,2.2826157407407406,missing
2510.09577,,,,2.270625,missing
2510.09592,,,,2.256261574074074,missing
2510.09606,2025-10-10T17:59:46Z,,2.250162037037037,2.250162037037037,arxiv_meta_enrichment
2510.09608,,,,2.250023148148148,missing
2510.09776,,,,4.226168981481481,missing
2510.09781,2025-10-10T18:42:32Z,,3.220462962962963,3.220462962962963,arxiv_meta_enrichment
2510.09782,,,,4.219444444444444,missing
2510.09905,,,,3.0558217592592594,missing
2510.09913,,,,5.0331018518518515,missing
2510.10023,,,,2.789861111111111,missing
2510.10047,,,,2.730300925925926,missing
2510.10062,,,,2.710497685185185,missing
2510.10197,2025-10-11T12:35:15Z,,2.4755208333333334,2.4755208333333334,arxiv_meta_enrichment
2510.10201,,,,2.4580439814814814,missing
2510.10274,,,,4.319247685185185,missing
2510.10390,,,,4.9627083333333335,missing
2510.10395,,,,1.944189814814815,missing
2510.10472,,,,4.721469907407408,missing
2510.10494,,,,3.6639351851851854,missing
2510.10518,2025-10-12T09:29:50Z,,4.604282407407408,4.604282407407408,arxiv_meta_enrichment
2510.10581,,,,3.4613194444444444,missing
2510.10611,,,,3.4252083333333334,missing
2510.10637,,,,1.3874189814814815,missing
2510.10666,2025-10-12T15:43:37Z,,1.3447106481481481,1.3447106481481481,arxiv_meta_enrichment
2510.10670,,,,1.3362962962962963,missing
2510.10681,,,,1.327337962962963,missing
2510.10689,2025-10-12T16:34:00Z,,1.3097222222222222,1.3097222222222222,arxiv_meta_enrichment
2510.10715,,,,1.2673726851851852,missing
2510.10868,,,,0.9838310185185185,missing
2510.10921,,,,2.894363425925926,missing
2510.10930,,,,2.884988425925926,missing
2510.10977,,,,2.8541550925925927,missing
2510.11000,,,,1.8185300925925927,missing
2510.11026,2025-10-13T05:50:44Z,,0.7564351851851852,0.7564351851851852,arxiv_meta_enrichment
2510.11027,2025-10-13T05:51:22Z,,0.7559953703703703,0.7559953703703703,arxiv_meta_enrichment
2510.11052,,,,0.7234606481481481,missing
2510.11057,,,,1.7173958333333332,missing
2510.11062,2025-10-13T06:55:09Z,,2.711701388888889,2.711701388888889,arxiv_meta_enrichment
2510.11170,,,,2.6218981481481483,missing
2510.11288,2025-10-13T11:23:56Z,,6.5250462962962965,6.5250462962962965,arxiv_meta_enrichment
2510.11328,,,,6.483055555555556,missing
2510.11330,,,,1.4822569444444444,missing
2510.11341,2025-10-13T12:38:04Z,,0.4735648148148148,0.4735648148148148,arxiv_meta_enrichment
2510.11370,,,,13.450381944444445,missing
2510.11391,2025-10-13T13:36:32Z,,0.43296296296296294,0.43296296296296294,arxiv_meta_enrichment
2510.11438,,,,2.4094212962962964,missing
2510.11496,,,,0.3717824074074074,missing
2510.11498,,,,0.37094907407407407,missing
2510.11512,,,,0.36172453703703705,missing
2510.11545,,,,1.3457060185185186,missing
2510.11570,,,,1.321712962962963,missing
2510.11602,,,,1.3040046296296297,missing
2510.11606,,,,1.3017592592592593,missing
2510.11647,,,,0.27282407407407405,missing
2510.11650,,,,0.27089120370370373,missing
2510.11652,2025-10-13T17:30:36Z,,0.2704166666666667,0.2704166666666667,arxiv_meta_enrichment
2510.11653,,,,2.270208333333333,missing
2510.11661,,,,1.2670949074074074,missing
2510.11683,,,,1.2584490740740741,missing
2510.11690,,,,0.25579861111111113,missing
2510.11693,,,,1.2542592592592592,missing
2510.11696,2025-10-13T17:55:09Z,,0.2533680555555556,0.2533680555555556,arxiv_meta_enrichment
2510.11701,2025-10-13T17:57:15Z,,0.25190972222222224,0.25190972222222224,arxiv_meta_enrichment
2510.11712,,,,0.25052083333333336,missing
2510.11713,,,,0.25028935185185186,missing
2510.11715,,,,2.250162037037037,missing
2510.11718,,,,0.25005787037037036,missing
2510.11769,2025-10-13T17:56:25Z,2025-10-13 17:56:25+00:00,0.2524884259259259,0.2524884259259259,arxiv_meta_enrichment
2510.11851,,,,1.2048611111111112,missing
2510.11892,2025-10-13T19:52:04Z,,1.172175925925926,1.172175925925926,arxiv_meta_enrichment
2510.11919,,,,1.1381828703703705,missing
2510.11958,,,,2.0954050925925927,missing
2510.11967,,,,1.082662037037037,missing
2510.12088,,,,0.8822685185185185,missing
2510.12117,,,,0.8500115740740741,missing
2510.12225,,,,0.6918518518518518,missing
2510.12269,,,,0.6499074074074074,missing
2510.12276,,,,0.647800925925926,missing
2510.12323,2025-10-14T09:25:35Z,,0.6072337962962963,0.6072337962962963,arxiv_meta_enrichment
2510.12399,2025-10-14T11:26:56Z,,0.522962962962963,0.522962962962963,arxiv_meta_enrichment
2510.12402,,,,0.5188078703703703,missing
2510.12403,2025-10-14T11:36:46Z,,0.5161342592592593,0.5161342592592593,arxiv_meta_enrichment
2510.12487,,,,9.442349537037037,missing
2510.12497,,,,0.436412037037037,missing
2510.12560,,,,1.4014814814814816,missing
2510.12586,2025-10-14T14:41:16Z,,0.3880092592592593,0.3880092592592593,arxiv_meta_enrichment
2510.12635,2025-10-14T15:29:57Z,,0.3542013888888889,0.3542013888888889,arxiv_meta_enrichment
2510.12693,2025-10-14T16:25:46Z,,0.3154398148148148,0.3154398148148148,arxiv_meta_enrichment
2510.12709,,,,0.30321759259259257,missing
2510.12747,2025-10-14T17:25:54Z,,0.27368055555555554,0.27368055555555554,arxiv_meta_enrichment
2510.12764,,,,2.260219907407407,missing
2510.12766,2025-10-14T17:45:31Z,,5.26005787037037,5.26005787037037,arxiv_meta_enrichment
2510.12773,,,,0.2559490740740741,missing
2510.12777,,,,0.2553587962962963,missing
2510.12784,,,,0.25265046296296295,missing
2510.12789,2025-10-14T17:57:56Z,,0.2514351851851852,0.2514351851851852,arxiv_meta_enrichment
2510.12793,,,,0.25127314814814816,missing
2510.12798,,,,0.25006944444444446,missing
2510.12801,,,,0.25002314814814813,missing
2510.12831,,,,3.3249421296296298,missing
2510.12838,2025-10-13T17:08:25Z,,6.285821759259259,6.285821759259259,arxiv_meta_enrichment
2510.12866,,,,1.252662037037037,missing
2510.12872,,,,1.249988425925926,missing
2510.13054,,,,1.9783564814814816,missing
2510.13161,,,,1.7757291666666666,missing
2510.13217,2025-10-15T07:05:17Z,,1.7046643518518518,1.7046643518518518,arxiv_meta_enrichment
2510.13251,,,,11.667291666666667,missing
2510.13255,,,,0.6633217592592593,missing
2510.13282,,,,0.6456597222222222,missing
2510.13344,2025-10-15T09:30:25Z,,0.6038773148148148,0.6038773148148148,arxiv_meta_enrichment
2510.13454,,,,1.5033796296296296,missing
2510.13515,,,,0.4534722222222222,missing
2510.13554,2025-10-15T13:49:51Z,,0.4237152777777778,0.4237152777777778,arxiv_meta_enrichment
2510.13586,,,,0.4045949074074074,missing
2510.13602,,,,0.3935648148148148,missing
2510.13621,2025-10-15T14:50:45Z,,0.3814236111111111,0.3814236111111111,arxiv_meta_enrichment
2510.13626,2025-10-15T14:51:36Z,,0.38083333333333336,0.38083333333333336,arxiv_meta_enrichment
2510.13678,2025-10-15T15:35:48Z,,0.3501388888888889,0.3501388888888889,arxiv_meta_enrichment
2510.13697,,,,1.3365856481481482,missing
2510.13714,,,,0.3237962962962963,missing
2510.13744,,,,0.2979861111111111,missing
2510.13747,2025-10-15T16:52:48Z,,0.2966666666666667,0.2966666666666667,arxiv_meta_enrichment
2510.13759,,,,0.28431712962962963,missing
2510.13778,2025-10-15T17:30:05Z,,0.27077546296296295,0.27077546296296295,arxiv_meta_enrichment
2510.13786,2025-10-15T17:43:03Z,,0.26177083333333334,0.26177083333333334,arxiv_meta_enrichment
2510.13795,2025-10-15T17:52:59Z,,0.2548726851851852,0.2548726851851852,arxiv_meta_enrichment
2510.13800,,,,0.2512962962962963,missing
2510.13802,,,,0.2506481481481482,missing
2510.13804,2025-10-15T17:59:24Z,,0.2504166666666667,0.2504166666666667,arxiv_meta_enrichment
2510.13809,,,,0.2500115740740741,missing
2510.13913,,,,1.7258564814814814,missing
2510.13928,,,,1.4383217592592592,missing
2510.13940,,,,0.25017361111111114,missing
2510.13982,,,,6.246458333333333,missing
2510.13996,,,,1.2330324074074075,missing
2510.13998,2025-10-15T18:28:12Z,,1.2304166666666667,1.2304166666666667,arxiv_meta_enrichment
2510.14077,,,,4.1436574074074075,missing
2510.14095,,,,1.1222337962962963,missing
2510.14211,,,,0.9321875,missing
2510.14240,,,,0.8824537037037037,missing
2510.14252,,,,0.8681597222222223,missing
2510.14264,,,,5.853912037037037,missing
2510.14265,2025-10-16T03:30:56Z,,3.8535185185185186,3.8535185185185186,arxiv_meta_enrichment
2510.14276,,,,0.833125,missing
2510.14300,,,,0.7965625,missing
2510.14351,,,,0.7226041666666667,missing
2510.14359,2025-10-16T06:55:28Z,,0.7114814814814815,0.7114814814814815,arxiv_meta_enrichment
2510.14438,,,,3.640486111111111,missing
2510.14463,,,,5.622164351851852,missing
2510.14528,2025-10-16T10:18:48Z,,0.5702777777777778,0.5702777777777778,arxiv_meta_enrichment
2510.14545,,,,0.5549537037037037,missing
2510.14605,,,,4.493055555555555,missing
2510.14616,,,,0.48387731481481483,missing
2510.14630,,,,3.4701041666666668,missing
2510.14763,,,,0.37408564814814815,missing
2510.14807,,,,0.3466550925925926,missing
2510.14847,2025-10-16T16:19:13Z,,0.3199884259259259,0.3199884259259259,arxiv_meta_enrichment
2510.14853,,,,3.31625,missing
2510.14880,,,,0.29126157407407405,missing
2510.14901,2025-10-16T17:18:11Z,,10.279039351851852,10.279039351851852,arxiv_meta_enrichment
2510.14902,,,,0.27877314814814813,missing
2510.14913,,,,0.2708101851851852,missing
2510.14919,,,,0.2671527777777778,missing
2510.14942,,,,0.25408564814814816,missing
2510.14943,2025-10-16T17:55:11Z,,0.2533449074074074,0.2533449074074074,arxiv_meta_enrichment
2510.14949,,,,0.2521412037037037,missing
2510.14955,,,,0.251099537037037,missing
2510.14958,2025-10-16T17:58:58Z,,0.2507175925925926,0.2507175925925926,arxiv_meta_enrichment
2510.14961,,,,0.25061342592592595,missing
2510.14967,2025-10-16T17:59:32Z,,0.2503240740740741,0.2503240740740741,arxiv_meta_enrichment
2510.14969,,,,0.25025462962962963,missing
2510.14972,2025-10-16T17:59:45Z,,0.25017361111111114,0.25017361111111114,arxiv_meta_enrichment
2510.14973,2025-10-16T17:59:48Z,,0.2501388888888889,0.2501388888888889,arxiv_meta_enrichment
2510.14974,,,,0.2501041666666667,missing
2510.14975,,,,0.25006944444444446,missing
2510.14976,,,,0.2500462962962963,missing
2510.14978,,,,0.2500347222222222,missing
2510.14979,,,,0.25002314814814813,missing
2510.14980,,,,0.25002314814814813,missing
2510.15015,,,,6.2643402777777775,missing
2510.15019,2025-10-16T17:51:50Z,,3.2556712962962964,3.2556712962962964,arxiv_meta_enrichment
2510.15021,,,,4.2503472222222225,missing
2510.15050,,,,6.245300925925926,missing
2510.15110,,,,3.1625347222222224,missing
2510.15136,,,,5.129363425925926,missing
2510.15162,,,,3.0878703703703705,missing
2510.15232,,,,2.9265162037037036,missing
2510.15262,,,,2.875983796296296,missing
2510.15264,,,,2.8749074074074072,missing
2510.15280,,,,2.8469212962962964,missing
2510.15301,,,,2.8210185185185184,missing
2510.15346,,,,3.737164351851852,missing
2510.15444,2025-10-17T08:59:30Z,,2.625347222222222,2.625347222222222,arxiv_meta_enrichment
2510.15510,,,,13.56650462962963,missing
2510.15511,,,,5.565625,missing
2510.15527,,,,3.5420833333333333,missing
2510.15564,,,,2.5082407407407405,missing
2510.15600,,,,4.466782407407408,missing
2510.15624,,,,2.448935185185185,missing
2510.15710,,,,4.37849537037037,missing
2510.15731,2025-10-17T15:23:58Z,,5.358356481481482,5.358356481481482,arxiv_meta_enrichment
2510.15742,,,,2.353009259259259,missing
2510.15768,,,,3.3357638888888888,missing
2510.15804,,,,6.312418981481481,missing
2510.15821,2025-10-17T17:00:53Z,,3.291053240740741,3.291053240740741,arxiv_meta_enrichment
2510.15831,2025-10-17T17:12:08Z,,2.283240740740741,2.283240740740741,arxiv_meta_enrichment
2510.15842,2025-10-17T17:35:58Z,,2.2666898148148147,2.2666898148148147,arxiv_meta_enrichment
2510.15857,2025-10-17T17:50:58Z,,2.256273148148148,2.256273148148148,arxiv_meta_enrichment
2510.15859,,,,2.255925925925926,missing
2510.15862,,,,4.254791666666667,missing
2510.15868,2025-10-17T17:59:50Z,,2.250115740740741,2.250115740740741,arxiv_meta_enrichment
2510.15869,2025-10-17T17:59:51Z,,2.2501041666666666,2.2501041666666666,arxiv_meta_enrichment
2510.15870,,,,2.2500115740740743,missing
2510.16136,,,,3.234675925925926,missing
2510.16156,,,,3.2082407407407407,missing
2510.16258,,,,3.0370833333333334,missing
2510.16259,,,,3.0301620370370372,missing
2510.16276,,,,2.9848958333333333,missing
2510.16320,,,,9.869328703703705,missing
2510.16333,2025-10-18T03:37:17Z,,2.849108796296296,2.849108796296296,arxiv_meta_enrichment
2510.16380,,,,2.684363425925926,missing
2510.16435,,,,4.571701388888889,missing
2510.16449,2025-10-18T11:01:39Z,,2.5405208333333333,2.5405208333333333,arxiv_meta_enrichment
2510.16499,,,,2.432094907407407,missing
2510.16505,,,,3.426087962962963,missing
2510.16641,,,,2.124861111111111,missing
2510.16720,,,,1.7751967592592592,missing
2510.16727,,,,1.7243402777777779,missing
2510.16751,2025-10-19T08:28:06Z,,1.6471527777777777,1.6471527777777777,arxiv_meta_enrichment
2510.16844,,,,3.4127893518518517,missing
2510.16872,2025-10-19T15:13:42Z,,1.3654861111111112,1.3654861111111112,arxiv_meta_enrichment
2510.16880,,,,2.356099537037037,missing
2510.16888,2025-10-19T15:38:06Z,,1.3485416666666667,1.3485416666666667,arxiv_meta_enrichment
2510.16893,2025-10-19T15:41:25Z,,4.346238425925926,4.346238425925926,arxiv_meta_enrichment
2510.16917,2025-10-19T16:22:09Z,,4.317951388888889,4.317951388888889,arxiv_meta_enrichment
2510.17045,,,,2.029710648148148,missing
2510.17234,,,,6.691944444444444,missing
2510.17269,2025-10-20T07:54:46Z,,0.6703009259259259,0.6703009259259259,arxiv_meta_enrichment
2510.17354,2025-10-20T09:56:43Z,,0.5856134259259259,0.5856134259259259,arxiv_meta_enrichment
2510.17388,,,,1.5649768518518519,missing
2510.17431,,,,0.5280439814814815,missing
2510.17439,2025-10-20T11:26:45Z,,8.523090277777778,8.523090277777778,arxiv_meta_enrichment
2510.17498,,,,0.4640972222222222,missing
2510.17509,2025-10-20T13:05:22Z,,0.4546064814814815,0.4546064814814815,arxiv_meta_enrichment
2510.17519,,,,1.4440162037037036,missing
2510.17681,2025-10-20T15:53:57Z,,0.33753472222222225,0.33753472222222225,arxiv_meta_enrichment
2510.17699,2025-10-20T16:14:38Z,,1.3231712962962963,1.3231712962962963,arxiv_meta_enrichment
2510.17715,2025-10-20T16:29:53Z,,0.3125810185185185,0.3125810185185185,arxiv_meta_enrichment
2510.17722,2025-10-20T16:38:40Z,,1.3064814814814816,1.3064814814814816,arxiv_meta_enrichment
2510.17790,,,,0.2580324074074074,missing
2510.17793,,,,0.25548611111111114,missing
2510.17795,,,,0.2545949074074074,missing
2510.17797,,,,0.2533449074074074,missing
2510.17800,,,,0.25074074074074076,missing
2510.17803,,,,0.2500925925925926,missing
2510.17853,,,,8.977476851851852,missing
2510.17862,,,,6.280138888888889,missing
2510.17896,,,,4.703043981481481,missing
2510.17928,,,,1.502372685185185,missing
2510.17932,,,,2.366712962962963,missing
2510.17950,,,,15.250532407407407,missing
2510.17960,,,,0.25,missing
2510.18019,2025-10-20T18:51:20Z,,1.214351851851852,1.214351851851852,arxiv_meta_enrichment
2510.18034,,,,2.198275462962963,missing
2510.18081,,,,1.1534837962962963,missing
2510.18087,,,,1.147361111111111,missing
2510.18091,,,,2.1408449074074074,missing
2510.18121,2025-10-20T21:40:51Z,,1.0966319444444443,1.0966319444444443,arxiv_meta_enrichment
2510.18135,2025-10-20T22:09:15Z,,1.0769097222222221,1.0769097222222221,arxiv_meta_enrichment
2510.18212,2025-10-21T01:28:35Z,,5.938483796296296,5.938483796296296,arxiv_meta_enrichment
2510.18234,,,,0.8876851851851851,missing
2510.18245,,,,2.868888888888889,missing
2510.18250,,,,0.8603703703703703,missing
2510.18279,,,,1.8282407407407408,missing
2510.18313,,,,1.7576273148148147,missing
2510.18413,,,,2.6355671296296297,missing
2510.18428,,,,1.6226157407407407,missing
2510.18455,,,,8.605405092592592,missing
2510.18489,,,,0.5732291666666667,missing
2510.18554,,,,0.49583333333333335,missing
2510.18632,2025-10-21T13:36:58Z,,0.43266203703703704,0.43266203703703704,arxiv_meta_enrichment
2510.18672,,,,8.398715277777777,missing
2510.18692,2025-10-21T14:50:42Z,,0.38145833333333334,0.38145833333333334,arxiv_meta_enrichment
2510.18701,2025-10-21T14:56:46Z,,0.37724537037037037,0.37724537037037037,arxiv_meta_enrichment
2510.18726,2025-10-21T15:25:08Z,,0.3575462962962963,0.3575462962962963,arxiv_meta_enrichment
2510.18775,2025-10-21T16:23:21Z,,0.31711805555555556,0.31711805555555556,arxiv_meta_enrichment
2510.18795,,,,0.29943287037037036,missing
2510.18821,2025-10-21T17:19:35Z,,2.2780671296296298,2.2780671296296298,arxiv_meta_enrichment
2510.18840,,,,1.2675,missing
2510.18849,2025-10-21T17:40:03Z,,0.26385416666666667,0.26385416666666667,arxiv_meta_enrichment
2510.18855,2025-10-21T17:46:14Z,,0.2595601851851852,0.2595601851851852,arxiv_meta_enrichment
2510.18866,2025-10-21T17:58:17Z,,0.2511921296296296,0.2511921296296296,arxiv_meta_enrichment
2510.18873,,,,0.25027777777777777,missing
2510.18876,,,,0.2500115740740741,missing
2510.18909,,,,1.8489467592592592,missing
2510.18917,,,,1.7130324074074075,missing
2510.18927,2025-10-21T12:55:04Z,,1.4617592592592592,1.4617592592592592,arxiv_meta_enrichment
2510.18940,,,,1.2504166666666667,missing
2510.18941,,,,1.2501851851851853,missing
2510.19028,,,,1.1994560185185186,missing
2510.19127,,,,1.0255324074074075,missing
2510.19195,,,,7.873171296296296,missing
2510.19278,,,,13.73119212962963,missing
2510.19286,,,,0.7208217592592593,missing
2510.19304,2025-10-22T07:08:47Z,,1.7022337962962963,1.7022337962962963,arxiv_meta_enrichment
2510.19307,2025-10-22T07:12:14Z,,0.699837962962963,0.699837962962963,arxiv_meta_enrichment
2510.19316,,,,0.6896412037037037,missing
2510.19336,,,,0.6680671296296297,missing
2510.19338,2025-10-22T07:59:38Z,,0.6669212962962963,0.6669212962962963,arxiv_meta_enrichment
2510.19363,2025-10-22T08:35:28Z,,0.6420370370370371,0.6420370370370371,arxiv_meta_enrichment
2510.19365,2025-10-22T08:38:44Z,,1.6397685185185185,1.6397685185185185,arxiv_meta_enrichment
2510.19386,,,,0.6230555555555556,missing
2510.19423,,,,1.5936226851851851,missing
2510.19430,,,,0.5852662037037037,missing
2510.19457,,,,0.5542013888888889,missing
2510.19488,,,,0.52375,missing
2510.19492,,,,0.5145717592592592,missing
2510.19592,,,,0.4284837962962963,missing
2510.19600,,,,1.4208680555555555,missing
2510.19631,2025-10-22T14:28:33Z,,0.39684027777777775,0.39684027777777775,arxiv_meta_enrichment
2510.19753,,,,0.30310185185185184,missing
2510.19779,2025-10-22T17:13:00Z,,1.2826388888888889,1.2826388888888889,arxiv_meta_enrichment
2510.19808,2025-10-22T17:43:15Z,,0.26163194444444443,0.26163194444444443,arxiv_meta_enrichment
2510.19817,,,,0.25483796296296296,missing
2510.19871,2025-10-22T06:58:55Z,,4.7090856481481485,4.7090856481481485,arxiv_meta_enrichment
2510.19944,,,,1.2385185185185186,missing
2510.19949,,,,8.234814814814815,missing
2510.19995,,,,1.1748032407407407,missing
2510.20150,,,,10.877777777777778,missing
2510.20155,,,,5.87074074074074,missing
2510.20168,2025-10-23T03:28:45Z,,-0.1449652777777778,-0.1449652777777778,arxiv_meta_enrichment
2510.20187,2025-10-23T04:15:22Z,,0.822662037037037,0.822662037037037,arxiv_meta_enrichment
2510.20206,,,,3.8019791666666665,missing
2510.20270,,,,0.7093518518518519,missing
2510.20286,2025-10-23T07:18:32Z,,3.695462962962963,3.695462962962963,arxiv_meta_enrichment
2510.20362,,,,0.6237962962962963,missing
2510.20470,,,,0.4918287037037037,missing
2510.20479,,,,3.487766203703704,missing
2510.20512,,,,4.460729166666667,missing
2510.20535,,,,3.4437847222222224,missing
2510.20579,2025-10-23T14:05:56Z,,0.4125462962962963,0.4125462962962963,arxiv_meta_enrichment
2510.20661,,,,5.350775462962963,missing
2510.20668,,,,0.3425462962962963,missing
2510.20708,,,,3.317384259259259,missing
2510.20733,,,,0.29997685185185186,missing
2510.20766,,,,0.26233796296296297,missing
2510.20771,,,,0.26034722222222223,missing
2510.20780,,,,3.2579166666666666,missing
2510.20803,,,,0.251087962962963,missing
2510.20820,,,,0.25005787037037036,missing
2510.20822,2025-10-23T17:59:59Z,,0.2500115740740741,0.2500115740740741,arxiv_meta_enrichment
2510.20888,2025-10-23T17:59:52Z,,3.2500925925925928,3.2500925925925928,arxiv_meta_enrichment
2510.20976,,,,7.157800925925926,missing
2510.21003,,,,4.109976851851852,missing
2510.21057,,,,2.9971412037037037,missing
2510.21111,,,,2.8756944444444446,missing
2510.21223,,,,2.6707638888888887,missing
2510.21270,,,,2.6167824074074075,missing
2510.21323,,,,4.562835648148148,missing
2510.21440,,,,2.446527777777778,missing
2510.21447,,,,2.4405208333333333,missing
2510.21553,,,,2.366574074074074,missing
2510.21581,,,,2.3403472222222224,missing
2510.21583,,,,2.339861111111111,missing
2510.21618,2025-10-24T16:24:01Z,,2.3166550925925926,2.3166550925925926,arxiv_meta_enrichment
2510.21652,,,,2.2844212962962964,missing
2510.21682,,,,2.2639814814814816,missing
2510.21697,2025-10-24T17:57:31Z,,2.251724537037037,2.251724537037037,arxiv_meta_enrichment
2510.21800,,,,7.2990509259259255,missing
2510.21817,2025-10-21T17:59:56Z,,6.250046296296296,6.250046296296296,arxiv_meta_enrichment
2510.21890,,,,5.8965046296296295,missing
2510.21970,,,,6.215648148148148,missing
2510.21978,,,,4.202222222222222,missing
2510.21986,,,,3.1875578703703704,missing
2510.22010,,,,3.149699074074074,missing
2510.22037,,,,4.093495370370371,missing
2510.22099,,,,3.9647337962962963,missing
2510.22115,2025-10-25T01:51:37Z,,9.922488425925925,9.922488425925925,arxiv_meta_enrichment
2510.22200,,,,2.679837962962963,missing
2510.22201,,,,2.677395833333333,missing
2510.22236,,,,2.5952662037037038,missing
2510.22264,,,,3.4987731481481483,missing
2510.22282,,,,5.460578703703704,missing
2510.22304,,,,4.405358796296296,missing
2510.22317,,,,2.392847222222222,missing
2510.22319,,,,3.3810532407407408,missing
2510.22373,,,,3.270115740740741,missing
2510.22521,2025-10-26T04:13:31Z,2025-10-26 04:13:31+00:00,1.8239467592592593,1.8239467592592593,arxiv_meta_enrichment
2510.22543,,,,3.757199074074074,missing
2510.22590,,,,2.6177546296296295,missing
2510.22603,,,,1.5942129629629629,missing
2510.22706,,,,1.3765740740740742,missing
2510.22728,,,,2.3352546296296297,missing
2510.22733,2025-10-26T16:04:48Z,,1.33,1.33,arxiv_meta_enrichment
2510.22768,,,,2.264340277777778,missing
2510.22795,,,,2.2102314814814816,missing
2510.22849,,,,1.0843402777777778,missing
2510.22876,2025-10-26T23:59:23Z,,2.0004282407407405,2.0004282407407405,arxiv_meta_enrichment
2510.22907,,,,0.9407407407407408,missing
2510.22946,2025-10-27T02:59:57Z,,0.8750347222222222,0.8750347222222222,arxiv_meta_enrichment
2510.22975,,,,0.8358217592592593,missing
2510.23052,2025-10-27T06:28:58Z,,0.7298842592592593,0.7298842592592593,arxiv_meta_enrichment
2510.23095,,,,6.666134259259259,missing
2510.23272,,,,0.47739583333333335,missing
2510.23393,2025-10-27T14:47:30Z,,0.3836805555555556,0.3836805555555556,arxiv_meta_enrichment
2510.23451,2025-10-27T15:53:20Z,,0.33796296296296297,0.33796296296296297,arxiv_meta_enrichment
2510.23473,,,,2.3258680555555555,missing
2510.23479,2025-10-27T16:12:40Z,,0.324537037037037,0.324537037037037,arxiv_meta_enrichment
2510.23538,,,,2.282071759259259,missing
2510.23544,,,,0.27804398148148146,missing
2510.23564,2025-10-27T17:35:15Z,,0.2671875,0.2671875,arxiv_meta_enrichment
2510.23571,,,,0.26275462962962964,missing
2510.23581,,,,0.256724537037037,missing
2510.23587,2025-10-27T17:54:07Z,,0.25408564814814816,0.25408564814814816,arxiv_meta_enrichment
2510.23588,2025-10-27T17:54:08Z,,0.25407407407407406,0.25407407407407406,arxiv_meta_enrichment
2510.23594,,,,0.2514814814814815,missing
2510.23595,,,,0.25136574074074075,missing
2510.23603,2025-10-27T17:59:32Z,,0.2503240740740741,0.2503240740740741,arxiv_meta_enrichment
2510.23605,,,,0.2501041666666667,missing
2510.23607,2025-10-27T17:59:59Z,,0.2500115740740741,0.2500115740740741,arxiv_meta_enrichment
2510.23642,,,,4.247256944444445,missing
2510.23667,,,,2.366736111111111,missing
2510.23691,2025-10-27T17:43:51Z,,1.2612152777777779,1.2612152777777779,arxiv_meta_enrichment
2510.23763,2025-10-27T18:49:03Z,,1.2159375,1.2159375,arxiv_meta_enrichment
2510.23828,,,,1.1572685185185185,missing
2510.23925,,,,1.0346527777777779,missing
2510.24035,,,,1.8499421296296297,missing
2510.24078,,,,5.763726851851852,missing
2510.24081,2025-10-28T05:46:25Z,,0.7594328703703703,0.7594328703703703,arxiv_meta_enrichment
2510.24211,,,,1.6066319444444443,missing
2510.24320,,,,0.5159606481481481,missing
2510.24411,2025-10-28T13:22:39Z,,5.4426041666666665,5.4426041666666665,arxiv_meta_enrichment
2510.24448,,,,0.4082060185185185,missing
2510.24505,,,,12.363819444444445,missing
2510.24514,,,,0.35671296296296295,missing
2510.24563,2025-10-28T15:56:36Z,,0.33569444444444446,0.33569444444444446,arxiv_meta_enrichment
2510.24591,,,,0.3185300925925926,missing
2510.24592,,,,1.3174305555555557,missing
2510.24645,,,,0.2809490740740741,missing
2510.24654,,,,1.2779282407407409,missing
2510.24657,2025-10-28T17:22:44Z,,0.27587962962962964,0.27587962962962964,arxiv_meta_enrichment
2510.24668,2025-10-28T17:35:54Z,,0.2667361111111111,0.2667361111111111,arxiv_meta_enrichment
2510.24684,2025-10-28T17:46:16Z,,0.259537037037037,0.259537037037037,arxiv_meta_enrichment
2510.24693,2025-10-28T17:50:34Z,,0.25655092592592593,0.25655092592592593,arxiv_meta_enrichment
2510.24694,2025-10-28T17:50:40Z,,0.2564814814814815,0.2564814814814815,arxiv_meta_enrichment
2510.24695,2025-10-28T17:50:47Z,,0.256400462962963,0.256400462962963,arxiv_meta_enrichment
2510.24697,2025-10-28T17:51:42Z,,0.2557638888888889,0.2557638888888889,arxiv_meta_enrichment
2510.24698,,,,0.2556712962962963,missing
2510.24699,2025-10-28T17:51:50Z,,0.2556712962962963,0.2556712962962963,arxiv_meta_enrichment
2510.24701,2025-10-28T17:53:02Z,,0.25483796296296296,0.25483796296296296,arxiv_meta_enrichment
2510.24702,,,,0.25471064814814814,missing
2510.24711,,,,0.2506712962962963,missing
2510.24717,2025-10-28T17:59:57Z,,0.2500347222222222,0.2500347222222222,arxiv_meta_enrichment
2510.24718,,,,1.250023148148148,missing
2510.24788,,,,7.783518518518519,missing
2510.24794,2025-10-27T15:00:54Z,,7.374375,7.374375,arxiv_meta_enrichment
2510.24795,,,,6.251701388888889,missing
2510.24801,,,,2.0279166666666666,missing
2510.24803,,,,1.9664351851851851,missing
2510.24821,2025-10-28T15:24:13Z,,1.3581828703703704,1.3581828703703704,arxiv_meta_enrichment
2510.24824,,,,1.3501157407407407,missing
2510.24932,,,,7.167777777777777,missing
2510.24940,,,,5.158402777777778,missing
2510.24992,,,,2.0946180555555554,missing
2510.25039,,,,1.0044444444444445,missing
2510.25065,,,,0.9529513888888889,missing
2510.25080,,,,4.931724537037037,missing
2510.25092,,,,0.9186226851851852,missing
2510.25132,,,,1.859351851851852,missing
2510.25364,,,,1.5578819444444445,missing
2510.25409,,,,0.522824074074074,missing
2510.25590,,,,0.37596064814814817,missing
2510.25602,2025-10-29T15:11:53Z,,4.366747685185185,4.366747685185185,arxiv_meta_enrichment
2510.25616,,,,6.360995370370371,missing
2510.25628,,,,1.3522337962962963,missing
2510.25682,,,,0.3006712962962963,missing
2510.25726,2025-10-29T17:32:49Z,,0.2688773148148148,0.2688773148148148,arxiv_meta_enrichment
2510.25741,2025-10-29T17:45:42Z,,0.25993055555555555,0.25993055555555555,arxiv_meta_enrichment
2510.25758,,,,0.2539351851851852,missing
2510.25760,,,,0.25297453703703704,missing
2510.25771,,,,0.25024305555555554,missing
2510.25772,2025-10-29T17:59:53Z,,0.2500810185185185,0.2500810185185185,arxiv_meta_enrichment
2510.25779,,,,3.225011574074074,missing
2510.25867,,,,1.2425462962962963,missing
2510.25889,2025-10-29T18:37:39Z,,4.2238541666666665,4.2238541666666665,arxiv_meta_enrichment
2510.25897,,,,1.2088310185185185,missing
2510.25976,,,,6.109791666666666,missing
2510.25992,2025-10-29T22:05:08Z,,1.0797685185185186,1.0797685185185186,arxiv_meta_enrichment
2510.26007,,,,0.05863425925925926,missing
2510.26020,,,,1.0216087962962963,missing
2510.26140,,,,0.7978587962962963,missing
2510.26160,,,,0.7563888888888889,missing
2510.26213,,,,0.680625,missing
2510.26236,2025-10-30T08:13:12Z,,4.6575,4.6575,arxiv_meta_enrichment
2510.26298,2025-10-30T09:35:51Z,,0.6001041666666667,0.6001041666666667,arxiv_meta_enrichment
2510.26345,,,,3.546724537037037,missing
2510.26474,,,,0.43960648148148146,missing
2510.26491,,,,4.429953703703704,missing
2510.26583,2025-10-30T15:11:16Z,,0.3671759259259259,0.3671759259259259,arxiv_meta_enrichment
2510.26658,,,,0.3158564814814815,missing
2510.26692,2025-10-30T16:59:43Z,,0.2918634259259259,0.2918634259259259,arxiv_meta_enrichment
2510.26697,2025-10-30T17:01:43Z,,0.290474537037037,0.290474537037037,arxiv_meta_enrichment
2510.26707,,,,3.2853125,missing
2510.26768,2025-10-30T17:52:02Z,,0.2555324074074074,0.2555324074074074,arxiv_meta_enrichment
2510.26781,,,,0.2524189814814815,missing
2510.26787,,,,0.2513425925925926,missing
2510.26788,,,,3.251261574074074,missing
2510.26794,2025-10-30T17:59:27Z,,0.25038194444444445,0.25038194444444445,arxiv_meta_enrichment
2510.26800,,,,0.2501041666666667,missing
2510.26802,2025-10-30T17:59:55Z,,0.25005787037037036,0.25005787037037036,arxiv_meta_enrichment
2510.26865,,,,4.2771875,missing
2510.26887,,,,3.249861111111111,missing
2510.26909,,,,4.238518518518519,missing
2510.27044,,,,3.0305324074074074,missing
2510.27224,,,,2.724212962962963,missing
2510.27258,,,,2.6704050925925924,missing
2510.27266,2025-10-31T08:07:02Z,,2.6617824074074075,2.6617824074074075,arxiv_meta_enrichment
2510.27363,2025-10-31T10:51:27Z,,3.5476041666666664,3.5476041666666664,arxiv_meta_enrichment
2510.27492,,,,3.2558101851851853,missing
2510.27545,2025-10-31T15:21:05Z,,3.360358796296296,3.360358796296296,arxiv_meta_enrichment
2510.27571,,,,3.3369444444444443,missing
2510.27606,2025-10-31T16:30:08Z,,2.3124074074074072,2.3124074074074072,arxiv_meta_enrichment
2510.27607,,,,2.3109722222222224,missing
2510.27623,,,,2.2980439814814817,missing
2510.27656,,,,6.271967592592593,missing
2510.27684,,,,2.2533564814814815,missing
2510.27688,2025-10-31T17:58:11Z,,2.251261574074074,2.251261574074074,arxiv_meta_enrichment
2511.00062,2025-10-28T22:44:13Z,,6.052627314814814,6.052627314814814,arxiv_meta_enrichment
2511.00086,,,,5.073321759259259,missing
2511.00279,2025-10-31T21:58:15Z,,3.084548611111111,3.084548611111111,arxiv_meta_enrichment
2511.00405,,,,2.788622685185185,missing
2511.00602,2025-11-01T16:08:28Z,,2.3274537037037035,2.3274537037037035,arxiv_meta_enrichment
2511.00710,,,,9.111331018518518,missing
2511.00810,,,,1.7678125,missing
2511.00839,,,,2.6785763888888887,missing
2511.00956,,,,4.394085648148148,missing
2511.01047,,,,7.218356481481481,missing
2511.01144,,,,0.9267476851851851,missing
2511.01163,2025-11-03T02:27:46Z,,0.8973842592592592,0.8973842592592592,arxiv_meta_enrichment
2511.01202,,,,1.8357175925925926,missing
2511.01266,2025-11-03T06:37:53Z,,0.7236921296296296,0.7236921296296296,arxiv_meta_enrichment
2511.01294,,,,2.6932638888888887,missing
2511.01295,,,,0.6910069444444444,missing
2511.01340,,,,0.6368171296296297,missing
2511.01450,,,,1.5386342592592592,missing
2511.01502,,,,1.489675925925926,missing
2511.01617,,,,0.39916666666666667,missing
2511.01618,,,,0.39791666666666664,missing
2511.01678,,,,0.34605324074074073,missing
2511.01706,,,,0.32284722222222223,missing
2511.01718,,,,0.3146527777777778,missing
2511.01775,,,,0.2715972222222222,missing
2511.01833,,,,0.22202546296296297,missing
2511.01846,,,,0.2131712962962963,missing
2511.01857,,,,0.20836805555555554,missing
2511.01914,,,,3.732685185185185,missing
2511.01918,,,,12.307002314814815,missing
2511.01937,,,,2.2713425925925925,missing
2511.02219,,,,0.8659490740740741,missing
2511.02243,2025-11-04T04:11:31Z,,0.8253356481481482,0.8253356481481482,arxiv_meta_enrichment
2511.02280,,,,2.767986111111111,missing
2511.02309,,,,1.7162731481481481,missing
2511.02347,,,,0.6587615740740741,missing
2511.02358,,,,1.649525462962963,missing
2511.02366,,,,0.6360069444444445,missing
2511.02374,,,,0.6296180555555555,missing
2511.02415,,,,0.5933564814814815,missing
2511.02490,,,,0.5228819444444445,missing
2511.02650,,,,0.363125,missing
2511.02687,,,,0.3257291666666667,missing
2511.02712,,,,0.3117013888888889,missing
2511.02734,,,,1.2927199074074074,missing
2511.02767,,,,13.255393518518519,missing
2511.02778,2025-11-04T18:00:18Z,,0.24979166666666666,0.24979166666666666,arxiv_meta_enrichment
2511.02779,2025-11-04T18:00:51Z,,0.2494097222222222,0.2494097222222222,arxiv_meta_enrichment
2511.02802,,,,1.2324421296296297,missing
2511.02818,,,,1.2196296296296296,missing
2511.02832,,,,0.20931712962962962,missing
2511.03001,,,,1.1153819444444444,missing
2511.03108,,,,11.939016203703703,missing
2511.03146,,,,0.8685648148148148,missing
2511.03276,2025-11-05T08:17:42Z,,0.654375,0.654375,arxiv_meta_enrichment
2511.03295,,,,1.6323842592592592,missing
2511.03317,,,,5.603599537037037,missing
2511.03334,,,,0.5785763888888888,missing
2511.03506,,,,5.390578703703704,missing
2511.03601,2025-11-05T16:22:19Z,,-0.6821643518518519,-0.6821643518518519,arxiv_meta_enrichment
2511.03628,,,,0.30039351851851853,missing
2511.03718,,,,0.21356481481481482,missing
2511.03773,2025-11-05T18:58:48Z,,1.2091666666666667,1.2091666666666667,arxiv_meta_enrichment
2511.03774,,,,1.208425925925926,missing
2511.03929,2025-11-06T00:10:19Z,,0.9928356481481482,0.9928356481481482,arxiv_meta_enrichment
2511.03996,,,,0.8883333333333333,missing
2511.04217,,,,0.6041898148148148,missing
2511.04285,,,,4.522731481481482,missing
2511.04307,,,,0.4867824074074074,missing
2511.04460,,,,0.3524421296296296,missing
2511.04570,,,,0.27403935185185185,missing
2511.04583,,,,-0.7345949074074074,missing
2511.04655,,,,0.21989583333333335,missing
2511.04662,,,,3.2151851851851854,missing
2511.04668,,,,0.21283564814814815,missing
2511.04670,,,,0.2116087962962963,missing
2511.04707,,,,4.949421296296296,missing
2511.04824,,,,6.107893518518519,missing
2511.04898,,,,2.964560185185185,missing
2511.04962,2025-11-07T03:50:52Z,,2.839675925925926,2.839675925925926,arxiv_meta_enrichment
2511.05017,,,,2.7222916666666666,missing
2511.05271,,,,2.3949074074074073,missing
2511.05369,,,,2.336689814814815,missing
2511.05489,,,,4.20943287037037,missing
2511.05491,,,,2.2088425925925925,missing
2511.05650,,,,4.20832175925926,missing
2511.05664,,,,4.204444444444444,missing
2511.05705,,,,3.1313194444444443,missing
2511.05933,,,,2.6274421296296295,missing
2511.05936,,,,2.623460648148148,missing
2511.06073,,,,4.286145833333333,missing
2511.06090,,,,2.2533680555555557,missing
2511.06101,,,,4.218368055555556,missing
2511.06174,,,,1.946435185185185,missing
2511.06194,,,,1.8852777777777778,missing
2511.06209,2025-11-09T03:38:29Z,,1.848275462962963,1.848275462962963,arxiv_meta_enrichment
2511.06221,2025-11-09T04:37:36Z,,2.8072222222222223,2.8072222222222223,arxiv_meta_enrichment
2511.06251,,,,3.7091203703703703,missing
2511.06281,2025-11-09T08:36:40Z,,2.6412037037037037,2.6412037037037037,arxiv_meta_enrichment
2511.06307,,,,1.5753703703703703,missing
2511.06309,2025-11-09T10:13:00Z,,1.5743055555555556,1.5743055555555556,arxiv_meta_enrichment
2511.06411,,,,1.3778935185185186,missing
2511.06428,,,,2.340335648148148,missing
2511.06449,,,,1.3113541666666666,missing
2511.06805,,,,2.6761689814814815,missing
2511.06876,2025-11-10T09:25:25Z,,0.6073495370370371,0.6073495370370371,arxiv_meta_enrichment
2511.07003,2025-11-10T11:54:53Z,,1.5035532407407408,1.5035532407407408,arxiv_meta_enrichment
2511.07025,,,,0.490787037037037,missing
2511.07061,,,,0.4637615740740741,missing
2511.07070,,,,0.45516203703703706,missing
2511.07080,,,,1.4510300925925925,missing
2511.07137,,,,0.4038541666666667,missing
2511.07250,,,,0.3315625,missing
2511.07253,,,,0.3307407407407407,missing
2511.07299,,,,0.29431712962962964,missing
2511.07317,,,,0.2787615740740741,missing
2511.07327,,,,0.2707407407407407,missing
2511.07332,,,,1.2671180555555555,missing
2511.07384,2025-11-10T18:43:07Z,,0.22005787037037036,0.22005787037037036,arxiv_meta_enrichment
2511.07403,,,,6.213344907407407,missing
2511.07409,,,,0.21054398148148148,missing
2511.07413,,,,0.2100115740740741,missing
2511.07416,2025-11-10T18:59:07Z,,0.20894675925925926,0.20894675925925926,arxiv_meta_enrichment
2511.07419,2025-11-10T18:59:53Z,,0.20841435185185186,0.20841435185185186,arxiv_meta_enrichment
2511.07448,,,,11.673113425925926,missing
2511.07464,2025-11-07T10:32:16Z,,5.560925925925926,5.560925925925926,arxiv_meta_enrichment
2511.07499,,,,2.338275462962963,missing
2511.07577,,,,7.180208333333334,missing
2511.07587,,,,1.1669675925925926,missing
2511.07685,,,,3.0366435185185185,missing
2511.07790,,,,2.865775462962963,missing
2511.07865,,,,7.747638888888889,missing
2511.07885,,,,0.7267361111111111,missing
2511.08029,,,,0.6030439814814815,missing
2511.08043,,,,0.5922106481481482,missing
2511.08195,2025-11-11T13:00:09Z,,5.4582291666666665,5.4582291666666665,arxiv_meta_enrichment
2511.08217,2025-11-11T13:20:35Z,,1.444039351851852,1.444039351851852,arxiv_meta_enrichment
2511.08319,,,,0.3829398148148148,missing
2511.08521,2025-11-11T17:58:13Z,,2.251238425925926,2.251238425925926,arxiv_meta_enrichment
2511.08522,2025-11-11T18:03:22Z,,2.247662037037037,2.247662037037037,arxiv_meta_enrichment
2511.08567,2025-11-11T18:49:45Z,,0.2154513888888889,0.2154513888888889,arxiv_meta_enrichment
2511.08577,2025-11-11T18:57:02Z,,7.210393518518519,7.210393518518519,arxiv_meta_enrichment
2511.08585,2025-11-11T18:59:50Z,,5.208449074074074,5.208449074074074,arxiv_meta_enrichment
2511.08633,2025-11-09T22:47:50Z,,3.0501157407407407,3.0501157407407407,arxiv_meta_enrichment
2511.08892,2025-11-12T02:01:26Z,,0.9156712962962963,0.9156712962962963,arxiv_meta_enrichment
2511.08923,2025-11-12T02:59:33Z,,0.8753125,0.8753125,arxiv_meta_enrichment
2511.09030,,,,1.7306134259259258,missing
2511.09057,2025-11-12T07:20:35Z,,1.694039351851852,1.694039351851852,arxiv_meta_enrichment
2511.09067,,,,1.6781712962962962,missing
2511.09146,,,,4.602372685185185,missing
2511.09148,2025-11-12T09:34:39Z,,0.6009375,0.6009375,arxiv_meta_enrichment
2511.09515,2025-11-12T17:54:09Z,,0.2540625,0.2540625,arxiv_meta_enrichment
2511.09554,,,,4.209270833333333,missing
2511.09611,2025-11-12T18:58:21Z,,5.209479166666667,5.209479166666667,arxiv_meta_enrichment
2511.09715,,,,1.1516550925925926,missing
2511.09780,,,,1.0631134259259258,missing
2511.09809,,,,5.023634259259259,missing
2511.09915,,,,3.855798611111111,missing
2511.10017,,,,0.7201388888888889,missing
2511.10047,,,,0.6752662037037037,missing
2511.10258,,,,3.4680439814814816,missing
2511.10289,2025-11-13T13:21:09Z,,0.44364583333333335,0.44364583333333335,arxiv_meta_enrichment
2511.10492,,,,3.2921064814814813,missing
2511.10507,,,,0.28193287037037035,missing
2511.10547,,,,0.2578935185185185,missing
2511.10555,2025-11-13T17:56:10Z,,5.252662037037037,5.252662037037037,arxiv_meta_enrichment
2511.10628,,,,4.2133564814814815,missing
2511.10629,2025-11-13T18:54:18Z,,0.21229166666666666,0.21229166666666666,arxiv_meta_enrichment
2511.10643,,,,0.20929398148148148,missing
2511.10647,2025-11-13T18:59:53Z,,0.20841435185185186,0.20841435185185186,arxiv_meta_enrichment
2511.10899,,,,2.901689814814815,missing
2511.10984,,,,2.7433217592592594,missing
2511.11002,,,,2.719201388888889,missing
2511.11005,,,,6.715115740740741,missing
2511.11007,,,,9.714189814814814,missing
2511.11062,2025-11-14T08:26:55Z,,2.647974537037037,2.647974537037037,arxiv_meta_enrichment
2511.11113,2025-11-14T09:42:42Z,,4.595347222222222,4.595347222222222,arxiv_meta_enrichment
2511.11134,2025-11-14T10:07:53Z,,2.5778587962962964,2.5778587962962964,arxiv_meta_enrichment
2511.11168,,,,2.5367592592592594,missing
2511.11238,2025-11-14T12:41:57Z,,2.4708680555555556,2.4708680555555556,arxiv_meta_enrichment
2511.11257,2025-11-14T12:53:57Z,,2.4625347222222222,2.4625347222222222,arxiv_meta_enrichment
2511.11270,,,,4.454745370370371,missing
2511.11287,,,,2.4419675925925928,missing
2511.11332,2025-11-14T14:05:31Z,,3.4128356481481483,3.4128356481481483,arxiv_meta_enrichment
2511.11373,,,,2.380162037037037,missing
2511.11407,,,,3.3501967592592594,missing
2511.11434,,,,2.3315046296296296,missing
2511.11473,,,,4.302222222222222,missing
2511.11510,,,,3.2699305555555553,missing
2511.11519,,,,2.2600925925925925,missing
2511.11653,2025-11-10T15:25:31Z,,7.3572800925925925,7.3572800925925925,arxiv_meta_enrichment
2511.11721,,,,3.981701388888889,missing
2511.11793,2025-11-14T18:52:07Z,,3.2138078703703705,3.2138078703703705,arxiv_meta_enrichment
2511.11831,,,,4.176435185185185,missing
2511.12133,,,,2.593958333333333,missing
2511.12207,,,,4.441006944444444,missing
2511.12472,,,,1.7361921296296297,missing
2511.12609,,,,1.4090856481481482,missing
2511.12710,,,,1.255474537037037,missing
2511.12797,,,,1.0856597222222222,missing
2511.12810,,,,8.063125,missing
2511.12884,2025-11-17T02:18:55Z,,1.9035300925925926,1.9035300925925926,arxiv_meta_enrichment
2511.12982,,,,0.7848495370370371,missing
2511.12997,,,,0.7646990740740741,missing
2511.13001,,,,2.7608912037037037,missing
2511.13026,2025-11-17T06:25:12Z,,1.7325,1.7325,arxiv_meta_enrichment
2511.13081,,,,6.687905092592593,missing
2511.13189,2025-11-17T09:52:53Z,,1.588275462962963,1.588275462962963,arxiv_meta_enrichment
2511.13254,2025-11-17T11:13:34Z,,0.5322453703703703,0.5322453703703703,arxiv_meta_enrichment
2511.13276,,,,13.508703703703704,missing
2511.13288,2025-11-17T12:06:30Z,,7.495486111111111,7.495486111111111,arxiv_meta_enrichment
2511.13344,,,,13.45056712962963,missing
2511.13524,,,,2.334189814814815,missing
2511.13593,2025-11-17T16:55:19Z,,6.294918981481482,6.294918981481482,arxiv_meta_enrichment
2511.13612,2025-11-17T17:18:13Z,,0.2790162037037037,0.2790162037037037,arxiv_meta_enrichment
2511.13646,,,,0.2511805555555556,missing
2511.13647,2025-11-17T17:59:52Z,,0.2500925925925926,0.2500925925925926,arxiv_meta_enrichment
2511.13648,,,,0.2500810185185185,missing
2511.13655,,,,0.2455324074074074,missing
2511.13703,2025-11-17T18:52:22Z,,3.2136342592592593,3.2136342592592593,arxiv_meta_enrichment
2511.13704,2025-11-17T18:52:44Z,,0.21337962962962964,0.21337962962962964,arxiv_meta_enrichment
2511.13714,,,,0.2093287037037037,missing
2511.13719,2025-11-17T18:59:33Z,,3.208645833333333,3.208645833333333,arxiv_meta_enrichment
2511.13720,,,,0.20836805555555554,missing
2511.13853,,,,1.2002430555555557,missing
2511.13944,,,,13.08488425925926,missing
2511.13954,,,,1.0644444444444445,missing
2511.13998,,,,0.0018055555555555555,missing
2511.14086,,,,0.8656365740740741,missing
2511.14159,2025-11-18T05:48:08Z,,0.7582407407407408,0.7582407407407408,arxiv_meta_enrichment
2511.14210,,,,0.679837962962963,missing
2511.14295,2025-11-18T09:47:01Z,,0.5923495370370371,0.5923495370370371,arxiv_meta_enrichment
2511.14349,2025-11-18T10:53:14Z,2025-11-18 10:53:14+00:00,1.5463657407407407,1.5463657407407407,arxiv_meta_enrichment
2511.14366,2025-11-18T11:13:06Z,,0.5325694444444444,0.5325694444444444,arxiv_meta_enrichment
2511.14385,,,,0.5101388888888889,missing
2511.14460,,,,0.4560763888888889,missing
2511.14582,2025-11-18T15:22:32Z,,0.35935185185185187,0.35935185185185187,arxiv_meta_enrichment
2511.14659,,,,-0.7054166666666667,missing
2511.14806,,,,6.1891087962962965,missing
2511.14865,,,,2.185671296296296,missing
2511.14899,,,,5.140370370370371,missing
2511.14993,2025-11-19T00:23:22Z,,0.9837731481481482,0.9837731481481482,arxiv_meta_enrichment
2511.15038,,,,0.9080208333333334,missing
2511.15065,2025-11-19T03:18:29Z,,0.8621643518518518,0.8621643518518518,arxiv_meta_enrichment
2511.15186,2025-11-19T07:17:19Z,,0.6963078703703703,0.6963078703703703,arxiv_meta_enrichment
2511.15210,,,,4.666203703703704,missing
2511.15248,,,,1.6203472222222222,missing
2511.15299,,,,4.578344907407407,missing
2511.15462,,,,4.401481481481482,missing
2511.15552,2025-11-19T15:43:53Z,,7.344525462962963,7.344525462962963,arxiv_meta_enrichment
2511.15567,,,,5.333310185185185,missing
2511.15586,,,,0.32081018518518517,missing
2511.15593,2025-11-19T16:32:18Z,,0.31090277777777775,0.31090277777777775,arxiv_meta_enrichment
2511.15605,2025-11-19T16:52:23Z,,1.2969560185185185,1.2969560185185185,arxiv_meta_enrichment
2511.15661,2025-11-19T17:55:15Z,,0.2532986111111111,0.2532986111111111,arxiv_meta_enrichment
2511.15700,,,,1.2105324074074073,missing
2511.15703,,,,6.208981481481482,missing
2511.15705,,,,4.208773148148148,missing
2511.15706,,,,0.20858796296296298,missing
2511.15848,2025-11-19T20:12:50Z,,1.1577546296296297,1.1577546296296297,arxiv_meta_enrichment
2511.15906,,,,6.07068287037037,missing
2511.15943,,,,0.9830324074074074,missing
2511.15948,,,,12.96568287037037,missing
2511.16043,2025-11-20T05:01:57Z,,0.7903125,0.7903125,arxiv_meta_enrichment
2511.16110,,,,3.699375,missing
2511.16166,,,,4.6190625,missing
2511.16175,,,,3.603900462962963,missing
2511.16249,,,,4.522673611111111,missing
2511.16301,,,,4.480636574074074,missing
2511.16315,,,,0.4676736111111111,missing
2511.16317,,,,0.4671064814814815,missing
2511.16334,,,,3.450173611111111,missing
2511.16397,,,,4.405983796296296,missing
2511.16518,2025-11-20T16:34:55Z,,0.30908564814814815,0.30908564814814815,arxiv_meta_enrichment
2511.16528,,,,0.3039236111111111,missing
2511.16595,,,,0.25809027777777777,missing
2511.16618,,,,0.23693287037037036,missing
2511.16624,2025-11-20T18:31:46Z,,0.22793981481481482,0.22793981481481482,arxiv_meta_enrichment
2511.16659,,,,0.20927083333333332,missing
2511.16660,,,,5.209027777777778,missing
2511.16664,2025-11-20T18:59:21Z,,0.20878472222222222,0.20878472222222222,arxiv_meta_enrichment
2511.16668,2025-11-20T18:59:42Z,,0.20854166666666665,0.20854166666666665,arxiv_meta_enrichment
2511.16669,2025-11-20T18:59:44Z,,0.20851851851851852,0.20851851851851852,arxiv_meta_enrichment
2511.16671,,,,0.20842592592592593,missing
2511.16719,2025-11-20T18:59:56Z,,3.2083796296296296,3.2083796296296296,arxiv_meta_enrichment
2511.16825,2025-11-20T22:13:18Z,,3.074097222222222,3.074097222222222,arxiv_meta_enrichment
2511.16854,,,,10.016585648148148,missing
2511.16931,,,,2.836585648148148,missing
2511.17006,2025-11-21T07:18:55Z,,3.695196759259259,3.695196759259259,arxiv_meta_enrichment
2511.17074,,,,2.608229166666667,missing
2511.17127,,,,2.5527546296296295,missing
2511.17199,,,,2.4815972222222222,missing
2511.17220,,,,2.457314814814815,missing
2511.17282,,,,10.388310185185185,missing
2511.17344,2025-11-21T16:06:32Z,,2.3287962962962965,2.3287962962962965,arxiv_meta_enrichment
2511.17405,,,,3.287071759259259,missing
2511.17450,,,,2.2583101851851852,missing
2511.17487,,,,2.220127314814815,missing
2511.17490,,,,2.2172569444444443,missing
2511.17502,2025-11-21T18:59:32Z,,2.2086574074074075,2.2086574074074075,arxiv_meta_enrichment
2511.17592,2025-11-17T14:44:47Z,,8.38556712962963,8.38556712962963,arxiv_meta_enrichment
2511.17729,2025-11-21T19:27:02Z,,3.189560185185185,3.189560185185185,arxiv_meta_enrichment
2511.17792,,,,3.099976851851852,missing
2511.17803,2025-11-21T21:50:34Z,,3.0898842592592595,3.0898842592592595,arxiv_meta_enrichment
2511.17889,,,,4.892939814814815,missing
2511.17918,,,,4.788356481481482,missing
2511.17943,,,,3.712314814814815,missing
2511.17986,,,,2.625590277777778,missing
2511.18005,,,,4.576828703703704,missing
2511.18024,,,,2.522546296296296,missing
2511.18047,,,,2.4589814814814814,missing
2511.18050,,,,2.4532291666666666,missing
2511.18373,,,,1.5946296296296296,missing
2511.18394,,,,2.554641203703704,missing
2511.18423,2025-11-23T12:29:33Z,,1.4794791666666667,1.4794791666666667,arxiv_meta_enrichment
2511.18452,,,,3.4278703703703703,missing
2511.18538,2025-11-23T17:09:34Z,,8.285023148148149,8.285023148148149,arxiv_meta_enrichment
2511.18659,2025-11-24T00:11:14Z,,1.992199074074074,1.992199074074074,arxiv_meta_enrichment
2511.18685,,,,8.91494212962963,missing
2511.18734,,,,1.831388888888889,missing
2511.18822,2025-11-24T06:55:49Z,,6.711238425925926,6.711238425925926,arxiv_meta_enrichment
2511.18870,,,,0.6513078703703704,missing
2511.18886,2025-11-24T08:41:28Z,,1.6378703703703703,1.6378703703703703,arxiv_meta_enrichment
2511.18890,,,,6.634305555555556,missing
2511.18922,,,,0.6032060185185185,missing
2511.18945,,,,0.5864814814814815,missing
2511.19046,2025-11-24T12:34:38Z,,1.4759490740740742,1.4759490740740742,arxiv_meta_enrichment
2511.19111,,,,1.4278472222222223,missing
2511.19166,,,,0.39664351851851853,missing
2511.19304,2025-11-24T16:54:23Z,,0.2955671296296296,0.2955671296296296,arxiv_meta_enrichment
2511.19314,,,,0.2849189814814815,missing
2511.19319,,,,0.28172453703703704,missing
2511.19320,,,,1.2806134259259259,missing
2511.19365,2025-11-24T17:59:06Z,,0.250625,0.250625,arxiv_meta_enrichment
2511.19399,2025-11-24T18:35:54Z,,0.22506944444444443,0.22506944444444443,arxiv_meta_enrichment
2511.19401,2025-11-24T18:38:45Z,,0.2230902777777778,0.2230902777777778,arxiv_meta_enrichment
2511.19413,2025-11-24T18:50:01Z,,2.215266203703704,2.215266203703704,arxiv_meta_enrichment
2511.19418,,,,0.21158564814814815,missing
2511.19428,,,,0.20908564814814815,missing
2511.19430,,,,1.2088310185185185,missing
2511.19433,,,,8.2084375,missing
2511.19496,,,,7.457789351851852,missing
2511.19504,,,,3.150428240740741,missing
2511.19575,,,,1.250011574074074,missing
2511.19661,,,,8.174467592592592,missing
2511.19663,2025-11-24T19:56:28Z,,1.1691203703703703,1.1691203703703703,arxiv_meta_enrichment
2511.19757,,,,3.068113425925926,missing
2511.19773,,,,1.0427546296296297,missing
2511.19797,,,,2.002951388888889,missing
2511.19827,,,,0.9312962962962963,missing
2511.19861,2025-11-25T03:00:42Z,,0.8745138888888889,0.8745138888888889,arxiv_meta_enrichment
2511.19900,,,,0.8227546296296296,missing
2511.19990,,,,5.709849537037037,missing
2511.20102,2025-11-25T09:21:57Z,,0.6097569444444444,0.6097569444444444,arxiv_meta_enrichment
2511.20123,2025-11-25T09:44:10Z,,0.5943287037037037,0.5943287037037037,arxiv_meta_enrichment
2511.20211,,,,0.5174652777777777,missing
2511.20233,,,,9.49556712962963,missing
2511.20250,,,,0.4824074074074074,missing
2511.20256,2025-11-25T12:35:57Z,,-0.5249652777777778,-0.5249652777777778,arxiv_meta_enrichment
2511.20344,,,,7.400023148148148,missing
2511.20347,2025-11-25T14:25:19Z,,0.3990856481481482,0.3990856481481482,arxiv_meta_enrichment
2511.20410,,,,1.3497685185185184,missing
2511.20415,,,,0.34708333333333335,missing
2511.20426,,,,1.3382175925925925,missing
2511.20462,2025-11-25T16:27:58Z,,0.313912037037037,0.313912037037037,arxiv_meta_enrichment
2511.20478,2025-11-25T16:41:25Z,,1.3045717592592592,1.3045717592592592,arxiv_meta_enrichment
2511.20494,,,,8.291307870370371,missing
2511.20515,,,,8.27792824074074,missing
2511.20549,2025-11-25T17:47:11Z,,6.258900462962963,6.258900462962963,arxiv_meta_enrichment
2511.20561,2025-11-25T17:58:48Z,,0.25083333333333335,0.25083333333333335,arxiv_meta_enrichment
2511.20562,,,,0.2506481481481482,missing
2511.20573,,,,0.24557870370370372,missing
2511.20614,2025-11-25T18:40:25Z,,6.22193287037037,6.22193287037037,arxiv_meta_enrichment
2511.20626,2025-11-25T18:48:05Z,,0.21660879629629629,0.21660879629629629,arxiv_meta_enrichment
2511.20633,,,,1.2132407407407408,missing
2511.20635,2025-11-25T18:54:16Z,,0.21231481481481482,0.21231481481481482,arxiv_meta_enrichment
2511.20639,2025-11-25T18:56:57Z,,1.2104513888888888,1.2104513888888888,arxiv_meta_enrichment
2511.20643,,,,0.2096412037037037,missing
2511.20645,2025-11-25T18:59:25Z,,7.208738425925926,7.208738425925926,arxiv_meta_enrichment
2511.20647,,,,0.20850694444444445,missing
2511.20649,2025-11-25T18:59:46Z,,6.20849537037037,6.20849537037037,arxiv_meta_enrichment
2511.20714,2025-11-25T01:45:04Z,,1.927037037037037,1.927037037037037,arxiv_meta_enrichment
2511.20785,2025-11-25T19:22:48Z,,6.1925,6.1925,arxiv_meta_enrichment
2511.20809,,,,5.171354166666666,missing
2511.20814,,,,1.1661226851851851,missing
2511.20937,,,,1.9958101851851853,missing
2511.21025,2025-11-26T03:43:32Z,,4.844768518518518,4.844768518518518,arxiv_meta_enrichment
2511.21087,,,,1.7406018518518518,missing
2511.21208,,,,0.5975115740740741,missing
2511.21338,,,,6.469108796296296,missing
2511.21395,2025-11-26T13:46:39Z,,0.4259375,0.4259375,arxiv_meta_enrichment
2511.21541,,,,1.3234027777777777,missing
2511.21579,,,,0.2964699074074074,missing
2511.21631,2025-11-26T17:59:08Z,,7.250601851851852,7.250601851851852,arxiv_meta_enrichment
2511.21662,,,,1.225497685185185,missing
2511.21678,,,,1.211712962962963,missing
2511.21688,,,,0.20857638888888888,missing
2511.21689,2025-11-26T18:59:46Z,,6.20849537037037,6.20849537037037,arxiv_meta_enrichment
2511.21691,2025-11-26T18:59:56Z,,1.2083796296296296,1.2083796296296296,arxiv_meta_enrichment
2511.21692,,,,0.20836805555555554,missing
2511.21750,,,,7.296342592592593,missing
2511.22055,,,,3.8601851851851854,missing
2511.22134,2025-11-27T06:03:53Z,,3.7473032407407407,3.7473032407407407,arxiv_meta_enrichment
2511.22146,,,,5.7267013888888885,missing
2511.22173,,,,3.6938425925925924,missing
2511.22176,,,,3.6862037037037036,missing
2511.22184,,,,5.673067129629629,missing
2511.22265,,,,3.595578703703704,missing
2511.22281,,,,3.5800462962962962,missing
2511.22345,,,,6.517268518518518,missing
2511.22396,,,,4.486377314814815,missing
2511.22448,,,,4.4333680555555555,missing
2511.22475,2025-11-27T14:04:08Z,,3.4137962962962964,3.4137962962962964,arxiv_meta_enrichment
2511.22533,,,,3.365601851851852,missing
2511.22570,,,,3.332384259259259,missing
2511.22586,,,,5.31974537037037,missing
2511.22609,2025-11-27T16:43:21Z,,5.303229166666667,5.303229166666667,arxiv_meta_enrichment
2511.22625,2025-11-27T17:02:48Z,,3.289722222222222,3.289722222222222,arxiv_meta_enrichment
2511.22659,2025-11-27T17:50:37Z,,3.2565162037037036,3.2565162037037036,arxiv_meta_enrichment
2511.22663,2025-11-27T17:55:25Z,,3.2531828703703702,3.2531828703703702,arxiv_meta_enrichment
2511.22677,2025-11-27T18:24:28Z,,3.2330092592592594,3.2330092592592594,arxiv_meta_enrichment
2511.22688,,,,3.2193055555555556,missing
2511.22699,2025-11-27T18:52:07Z,,3.2138078703703705,3.2138078703703705,arxiv_meta_enrichment
2511.22787,,,,3.0672685185185187,missing
2511.22805,,,,3.0205555555555557,missing
2511.22815,,,,2.9807175925925926,missing
2511.22826,,,,6.943414351851852,missing
2511.22891,,,,3.76255787037037,missing
2511.22973,,,,4.6486226851851855,missing
2511.22982,,,,4.637141203703703,missing
2511.22989,2025-11-28T08:49:55Z,,3.6320023148148146,3.6320023148148146,arxiv_meta_enrichment
2511.23127,2025-11-28T12:19:57Z,,4.4861458333333335,4.4861458333333335,arxiv_meta_enrichment
2511.23199,2025-11-28T14:03:39Z,,2.4141319444444442,2.4141319444444442,arxiv_meta_enrichment
2511.23319,2025-11-28T16:17:53Z,,2.320914351851852,2.320914351851852,arxiv_meta_enrichment
2511.23342,,,,3.2985185185185184,missing
2511.23369,2025-11-28T17:17:38Z,,4.279421296296296,4.279421296296296,arxiv_meta_enrichment
2511.23386,,,,13.273217592592593,missing
2511.23404,2025-11-28T17:56:35Z,,3.2523726851851853,3.2523726851851853,arxiv_meta_enrichment
2511.23469,,,,10.210266203703704,missing
2511.23475,2025-11-28T18:59:01Z,,2.2090162037037038,2.2090162037037038,arxiv_meta_enrichment
2512.00077,,,,6.664861111111111,missing
2512.00097,,,,5.954861111111111,missing
2512.00234,,,,3.056111111111111,missing
2512.00333,,,,2.757060185185185,missing
2512.00369,,,,2.6837962962962965,missing
2512.00387,,,,2.644039351851852,missing
2512.00425,,,,2.579976851851852,missing
2512.00466,,,,2.4735300925925925,missing
2512.00473,2025-11-29T12:52:26Z,,8.463587962962963,8.463587962962963,arxiv_meta_enrichment
2512.00590,,,,2.2191550925925925,missing
2512.00639,,,,2.1079166666666667,missing
2512.00722,,,,1.810613425925926,missing
2512.00762,,,,1.695138888888889,missing
2512.00891,,,,1.4274537037037036,missing
2512.00903,,,,2.4093981481481483,missing
2512.00956,,,,2.321134259259259,missing
2512.01030,,,,1.2101273148148148,missing
2512.01031,2025-11-30T18:59:24Z,,1.20875,1.20875,arxiv_meta_enrichment
2512.01078,2025-11-30T20:58:13Z,,2.126238425925926,2.126238425925926,arxiv_meta_enrichment
2512.01103,,,,1.078599537037037,missing
2512.01191,,,,0.9064467592592592,missing
2512.01248,,,,1.8409722222222222,missing
2512.01342,,,,0.7099652777777777,missing
2512.01374,,,,0.6766319444444444,missing
2512.01420,,,,0.6279513888888889,missing
2512.01443,,,,0.6073842592592592,missing
2512.01453,,,,9.597465277777777,missing
2512.01481,,,,0.5830324074074074,missing
2512.01540,,,,1.5329050925925927,missing
2512.01686,,,,0.4224421296296296,missing
2512.01707,,,,0.40574074074074074,missing
2512.01715,,,,1.4019097222222223,missing
2512.01763,,,,0.3703125,missing
2512.01801,2025-12-01T15:33:59Z,,0.35140046296296296,0.35140046296296296,arxiv_meta_enrichment
2512.01803,,,,3.3496180555555557,missing
2512.01816,,,,0.3385300925925926,missing
2512.01822,,,,1.3312037037037037,missing
2512.01827,,,,0.32971064814814816,missing
2512.01830,,,,0.32503472222222224,missing
2512.01925,2025-12-01T17:41:08Z,,0.26310185185185186,0.26310185185185186,arxiv_meta_enrichment
2512.01945,,,,0.25244212962962964,missing
2512.01948,,,,0.25070601851851854,missing
2512.01949,,,,0.2505671296296296,missing
2512.01988,,,,1.2184027777777777,missing
2512.01989,,,,1.2169097222222223,missing
2512.02008,,,,0.2087037037037037,missing
2512.02014,2025-12-01T18:59:51Z,,0.2084375,0.2084375,arxiv_meta_enrichment
2512.02015,,,,0.2083912037037037,missing
2512.02017,,,,1.2083680555555556,missing
2512.02038,2025-11-24T15:28:28Z,,8.355231481481482,8.355231481481482,arxiv_meta_enrichment
2512.02231,,,,8.08511574074074,missing
2512.02351,,,,0.8836921296296296,missing
2512.02395,2025-12-02T04:12:57Z,,0.8243402777777777,0.8243402777777777,arxiv_meta_enrichment
2512.02423,,,,0.7837615740740741,missing
2512.02425,2025-12-02T05:14:52Z,,0.7813425925925926,0.7813425925925926,arxiv_meta_enrichment
2512.02457,,,,0.7280324074074074,missing
2512.02472,2025-12-02T07:06:11Z,,0.7040393518518518,0.7040393518518518,arxiv_meta_enrichment
2512.02492,,,,0.6865856481481482,missing
2512.02551,,,,0.6109375,missing
2512.02556,2025-12-02T09:25:14Z,,0.6074768518518519,0.6074768518518519,arxiv_meta_enrichment
2512.02580,,,,5.591006944444445,missing
2512.02581,,,,0.5906712962962963,missing
2512.02589,2025-12-02T10:00:37Z,,2.5829050925925925,2.5829050925925925,arxiv_meta_enrichment
2512.02622,,,,0.5626041666666667,missing
2512.02631,,,,2.5550231481481482,missing
2512.02790,,,,1.2599074074074075,missing
2512.02807,,,,1.401747685185185,missing
2512.02817,,,,0.39761574074074074,missing
2512.02834,2025-12-02T14:42:54Z,,1.386875,1.386875,arxiv_meta_enrichment
2512.02835,,,,5.385972222222223,missing
2512.02892,,,,8.332546296296297,missing
2512.02899,2025-12-02T16:05:21Z,,0.32961805555555557,0.32961805555555557,arxiv_meta_enrichment
2512.02901,,,,12.323518518518519,missing
2512.02924,,,,1.3017939814814814,missing
2512.02942,,,,0.2837615740740741,missing
2512.03000,,,,2.2330208333333332,missing
2512.03013,,,,0.22181712962962963,missing
2512.03036,2025-12-02T18:56:12Z,,0.21097222222222223,0.21097222222222223,arxiv_meta_enrichment
2512.03040,,,,0.20851851851851852,missing
2512.03041,2025-12-02T18:59:48Z,,0.20847222222222223,0.20847222222222223,arxiv_meta_enrichment
2512.03043,2025-12-02T18:59:52Z,,1.208425925925926,1.208425925925926,arxiv_meta_enrichment
2512.03046,,,,0.20835648148148148,missing
2512.03052,,,,10.859502314814815,missing
2512.03073,,,,6.464988425925926,missing
2512.03125,,,,2.224699074074074,missing
2512.03244,2025-12-02T21:30:47Z,,6.103622685185186,6.103622685185186,arxiv_meta_enrichment
2512.03383,,,,0.8932986111111111,missing
2512.03405,2025-12-03T03:23:24Z,,0.85875,0.85875,arxiv_meta_enrichment
2512.03442,2025-12-03T04:51:32Z,,0.7975462962962963,0.7975462962962963,arxiv_meta_enrichment
2512.03514,,,,4.695844907407407,missing
2512.03534,2025-12-03T07:54:05Z,,0.670775462962963,0.670775462962963,arxiv_meta_enrichment
2512.03540,,,,0.6654166666666667,missing
2512.03621,,,,5.586516203703703,missing
2512.03667,,,,4.54505787037037,missing
2512.03683,,,,1.525613425925926,missing
2512.03704,,,,5.502164351851852,missing
2512.03746,2025-12-03T12:44:15Z,,0.46927083333333336,0.46927083333333336,arxiv_meta_enrichment
2512.03771,,,,0.4447453703703704,missing
2512.03794,,,,0.428125,missing
2512.03915,,,,1.3333101851851852,missing
2512.03979,,,,0.28421296296296295,missing
2512.04000,,,,0.2665972222222222,missing
2512.04025,,,,0.2484837962962963,missing
2512.04032,,,,0.2404976851851852,missing
2512.04040,,,,0.22962962962962963,missing
2512.04069,2025-12-03T18:50:04Z,,0.21523148148148147,0.21523148148148147,arxiv_meta_enrichment
2512.04072,,,,0.21188657407407407,missing
2512.04082,,,,0.20859953703703704,missing
2512.04124,,,,2.2949074074074076,missing
2512.04142,,,,4.290439814814815,missing
2512.04220,,,,1.1796875,missing
2512.04324,2025-12-03T23:21:28Z,,1.0267592592592591,1.0267592592592591,arxiv_meta_enrichment
2512.04356,,,,0.9546759259259259,missing
2512.04390,,,,0.9000925925925926,missing
2512.04434,,,,5.833078703703704,missing
2512.04504,,,,0.733287037037037,missing
2512.04515,,,,0.7131828703703704,missing
2512.04519,,,,6.704143518518518,missing
2512.04537,,,,7.6846296296296295,missing
2512.04563,,,,3.6485648148148146,missing
2512.04677,2025-12-04T11:11:24Z,,0.53375,0.53375,arxiv_meta_enrichment
2512.04678,,,,0.5331828703703704,missing
2512.04694,,,,3.5109606481481483,missing
2512.04746,,,,0.4755787037037037,missing
2512.04753,,,,6.469560185185185,missing
2512.04763,,,,5.460763888888889,missing
2512.04784,2025-12-02T13:39:03Z,,5.431215277777778,5.431215277777778,arxiv_meta_enrichment
2512.04797,2025-12-04T13:46:11Z,,0.42626157407407406,0.42626157407407406,arxiv_meta_enrichment
2512.04810,,,,3.4153587962962964,missing
2512.04829,,,,0.4084259259259259,missing
2512.04844,,,,0.3970601851851852,missing
2512.04926,,,,0.33510416666666665,missing
2512.04981,,,,0.29670138888888886,missing
2512.04987,,,,0.2937268518518519,missing
2512.05000,,,,0.2828819444444444,missing
2512.05016,,,,0.2725462962962963,missing
2512.05033,2025-12-04T17:50:53Z,,5.256331018518519,5.256331018518519,arxiv_meta_enrichment
2512.05044,2025-12-04T17:59:10Z,,3.2505787037037037,3.2505787037037037,arxiv_meta_enrichment
2512.05049,,,,0.24765046296296298,missing
2512.05060,,,,0.23927083333333332,missing
2512.05076,,,,0.22162037037037038,missing
2512.05081,2025-12-04T18:46:44Z,,0.2175462962962963,0.2175462962962963,arxiv_meta_enrichment
2512.05100,,,,4.209375,missing
2512.05103,2025-12-04T18:59:09Z,,0.2089236111111111,0.2089236111111111,arxiv_meta_enrichment
2512.05106,,,,0.20881944444444445,missing
2512.05110,,,,0.2084375,missing
2512.05111,2025-12-04T18:59:52Z,,0.20842592592592593,0.20842592592592593,arxiv_meta_enrichment
2512.05112,,,,0.20841435185185186,missing
2512.05113,2025-12-04T18:59:53Z,,0.20841435185185186,0.20841435185185186,arxiv_meta_enrichment
2512.05115,,,,-0.7916319444444444,missing
2512.05145,2025-12-02T20:52:19Z,,5.130335648148148,5.130335648148148,arxiv_meta_enrichment
2512.05150,,,,4.676550925925926,missing
2512.05272,,,,11.089039351851852,missing
2512.05277,,,,3.085300925925926,missing
2512.05325,,,,4.996736111111111,missing
2512.05339,,,,2.969502314814815,missing
2512.05343,2025-12-05T00:54:48Z,,2.9619444444444443,2.9619444444444443,arxiv_meta_enrichment
2512.05356,,,,2.9233449074074076,missing
2512.05402,,,,5.842210648148148,missing
2512.05409,,,,2.834675925925926,missing
2512.05439,2025-12-05T05:34:06Z,,6.767986111111111,6.767986111111111,arxiv_meta_enrichment
2512.05446,,,,5.75931712962963,missing
2512.05564,,,,2.5976157407407405,missing
2512.05591,,,,2.564907407407407,missing
2512.05774,,,,2.372361111111111,missing
2512.05905,,,,2.264641203703704,missing
2512.05927,,,,2.245625,missing
2512.05965,,,,2.2096180555555556,missing
2512.06032,,,,4.314375,missing
2512.06065,2025-12-05T18:57:05Z,,3.2103587962962963,3.2103587962962963,arxiv_meta_enrichment
2512.06373,,,,2.5847106481481483,missing
2512.06421,,,,2.471041666666667,missing
2512.06424,,,,5.45087962962963,missing
2512.06531,,,,3.2153125,missing
2512.06533,,,,2.209976851851852,missing
2512.06558,,,,2.1596527777777776,missing
2512.06589,2025-12-06T22:56:29Z,,2.0441087962962965,2.0441087962962965,arxiv_meta_enrichment
2512.06609,,,,1.9597453703703704,missing
2512.06628,,,,2.897152777777778,missing
2512.06749,2025-12-07T09:23:48Z,,1.6084722222222223,1.6084722222222223,arxiv_meta_enrichment
2512.06776,2025-12-07T10:28:21Z,,2.563645833333333,2.563645833333333,arxiv_meta_enrichment
2512.06791,,,,1.533611111111111,missing
2512.06818,,,,7.478425925925926,missing
2512.06835,,,,1.4461689814814815,missing
2512.06864,,,,2.390833333333333,missing
2512.06905,,,,1.326099537037037,missing
2512.06951,,,,7.243923611111111,missing
2512.06963,,,,1.2102430555555554,missing
2512.07107,,,,1.8877083333333333,missing
2512.07168,,,,0.7903819444444444,missing
2512.07186,,,,7.761643518518518,missing
2512.07197,,,,1.738900462962963,missing
2512.07222,,,,2.7046527777777776,missing
2512.07328,,,,8.616458333333334,missing
2512.07461,,,,0.5140856481481482,missing
2512.07469,2025-12-08T11:50:18Z,,0.5067361111111112,0.5067361111111112,arxiv_meta_enrichment
2512.07525,2025-12-08T12:59:54Z,,0.45840277777777777,0.45840277777777777,arxiv_meta_enrichment
2512.07584,2025-12-08T14:26:40Z,,0.39814814814814814,0.39814814814814814,arxiv_meta_enrichment
2512.07778,2025-12-08T17:59:47Z,,0.25015046296296295,0.25015046296296295,arxiv_meta_enrichment
2512.07783,2025-12-08T18:12:10Z,,0.24155092592592592,0.24155092592592592,arxiv_meta_enrichment
2512.07802,2025-12-08T18:32:24Z,,1.2275,1.2275,arxiv_meta_enrichment
2512.07805,,,,0.2227662037037037,missing
2512.07806,2025-12-08T18:39:27Z,,0.22260416666666666,0.22260416666666666,arxiv_meta_enrichment
2512.07829,2025-12-08T18:57:26Z,,0.21011574074074074,0.21011574074074074,arxiv_meta_enrichment
2512.07831,,,,0.2090162037037037,missing
2512.07833,2025-12-08T18:59:56Z,,0.20837962962962964,0.20837962962962964,arxiv_meta_enrichment
2512.07834,2025-12-08T18:59:58Z,,0.20835648148148148,0.20835648148148148,arxiv_meta_enrichment
2512.07843,2025-11-24T18:55:59Z,,15.211122685185185,15.211122685185185,arxiv_meta_enrichment
2512.07921,2025-12-08T16:07:13Z,,1.3283217592592593,1.3283217592592593,arxiv_meta_enrichment
2512.07951,2025-12-08T19:00:04Z,,1.208287037037037,1.208287037037037,arxiv_meta_enrichment
2512.08006,,,,2.1739236111111113,missing
2512.08153,,,,0.9461342592592593,missing
2512.08186,,,,0.8961111111111111,missing
2512.08269,2025-12-09T05:53:39Z,,5.754409722222222,5.754409722222222,arxiv_meta_enrichment
2512.08294,2025-12-09T06:49:33Z,,-0.2844097222222222,-0.2844097222222222,arxiv_meta_enrichment
2512.08296,,,,1.7136458333333333,missing
2512.08309,,,,0.7009837962962963,missing
2512.08358,,,,0.641875,missing
2512.08400,,,,6.601469907407408,missing
2512.08405,,,,6.599409722222222,missing
2512.08406,,,,0.5989467592592592,missing
2512.08478,2025-12-09T10:54:58Z,,0.545162037037037,0.545162037037037,arxiv_meta_enrichment
2512.08511,,,,2.5046180555555555,missing
2512.08560,,,,1.4574421296296296,missing
2512.08564,,,,0.45546296296296296,missing
2512.08730,,,,0.34550925925925924,missing
2512.08765,2025-12-09T16:13:55Z,,0.3236689814814815,0.3236689814814815,arxiv_meta_enrichment
2512.08829,2025-12-09T17:18:32Z,,1.2787962962962962,1.2787962962962962,arxiv_meta_enrichment
2512.08868,,,,0.24969907407407407,missing
2512.08870,,,,2.246747685185185,missing
2512.08923,,,,0.21033564814814815,missing
2512.08924,,,,0.2101736111111111,missing
2512.09069,,,,6.184375,missing
2512.09106,,,,1.1357291666666667,missing
2512.09112,,,,1.1287615740740742,missing
2512.09164,,,,1.0686689814814814,missing
2512.09247,2025-12-10T02:09:59Z,,0.9097337962962962,0.9097337962962962,arxiv_meta_enrichment
2512.09270,,,,1.8825347222222222,missing
2512.09299,,,,7.835081018518519,missing
2512.09363,2025-12-10T06:50:16Z,,0.7150925925925926,0.7150925925925926,arxiv_meta_enrichment
2512.09406,,,,1.6668402777777778,missing
2512.09616,2025-12-10T13:05:55Z,,0.454224537037037,0.454224537037037,arxiv_meta_enrichment
2512.09636,2025-12-10T13:26:22Z,,5.440023148148148,5.440023148148148,arxiv_meta_enrichment
2512.09663,,,,0.41594907407407405,missing
2512.09756,,,,1.3505671296296295,missing
2512.09824,2025-12-10T16:57:31Z,,0.2933912037037037,0.2933912037037037,arxiv_meta_enrichment
2512.09851,,,,7.267210648148148,missing
2512.09864,,,,0.2566087962962963,missing
2512.09924,,,,1.2103125,missing
2512.09928,,,,0.2086574074074074,missing
2512.10071,2025-12-10T20:46:40Z,,5.1342592592592595,5.1342592592592595,arxiv_meta_enrichment
2512.10092,,,,4.1066666666666665,missing
2512.10284,2025-12-11T04:53:58Z,,-0.20414351851851853,-0.20414351851851853,arxiv_meta_enrichment
2512.10342,,,,5.7174652777777775,missing
2512.10359,,,,0.6958680555555555,missing
2512.10398,,,,0.6625231481481482,missing
2512.10411,2025-12-11T08:21:24Z,,3.6518055555555557,3.6518055555555557,arxiv_meta_enrichment
2512.10430,,,,0.6387731481481481,missing
2512.10534,2025-12-11T11:05:04Z,,0.5381481481481482,0.5381481481481482,arxiv_meta_enrichment
2512.10605,,,,3.4593055555555554,missing
2512.10655,,,,4.415428240740741,missing
2512.10675,2025-12-11T14:22:14Z,2025-12-11 14:22:14+00:00,0.40122685185185186,0.40122685185185186,arxiv_meta_enrichment
2512.10685,2025-12-11T14:34:11Z,,3.3929282407407406,3.3929282407407406,arxiv_meta_enrichment
2512.10715,,,,3.3816782407407406,missing
2512.10739,2025-12-11T15:26:28Z,,0.35662037037037037,0.35662037037037037,arxiv_meta_enrichment
2512.10756,2025-12-11T15:47:38Z,,0.3419212962962963,0.3419212962962963,arxiv_meta_enrichment
2512.10791,,,,0.30886574074074075,missing
2512.10794,,,,4.305636574074074,missing
2512.10858,,,,3.254050925925926,missing
2512.10863,,,,6.251805555555555,missing
2512.10867,,,,0.24975694444444443,missing
2512.10881,2025-12-11T18:09:48Z,,0.24319444444444444,0.24319444444444444,arxiv_meta_enrichment
2512.10894,,,,0.23399305555555555,missing
2512.10927,,,,4.213020833333333,missing
2512.10938,,,,0.2091550925925926,missing
2512.10945,,,,5.2085185185185185,missing
2512.10949,,,,0.20842592592592593,missing
2512.10952,,,,5.2083912037037035,missing
2512.10953,,,,7.2083912037037035,missing
2512.10955,,,,0.20837962962962964,missing
2512.10959,,,,0.2083449074074074,missing
2512.11130,,,,3.099664351851852,missing
2512.11150,,,,3.0719444444444446,missing
2512.11251,,,,6.8625,missing
2512.11253,2025-12-12T03:24:40Z,,2.8578703703703705,2.8578703703703705,arxiv_meta_enrichment
2512.11362,,,,9.651354166666666,missing
2512.11393,,,,2.6198958333333335,missing
2512.11437,,,,2.569826388888889,missing
2512.11438,,,,3.5668171296296296,missing
2512.11464,,,,2.536678240740741,missing
2512.11470,,,,3.532638888888889,missing
2512.11558,2025-12-12T13:42:57Z,,2.4285069444444445,2.4285069444444445,arxiv_meta_enrichment
2512.11749,,,,2.2603819444444446,missing
2512.11792,,,,2.2107060185185183,missing
2512.11798,,,,2.2084375,missing
2512.11799,2025-12-12T18:59:54Z,,2.2084027777777777,2.2084027777777777,arxiv_meta_enrichment
2512.11883,,,,6.982997685185185,missing
2512.11891,,,,6.296018518518519,missing
2512.11934,,,,4.732986111111111,missing
2512.11995,,,,3.195358796296296,missing
2512.12072,2025-12-12T22:39:01Z,,5.056238425925926,5.056238425925926,arxiv_meta_enrichment
2512.12196,,,,2.7542824074074073,missing
2512.12576,,,,4.705659722222222,missing
2512.12602,2025-12-14T08:51:02Z,,1.6312268518518518,1.6312268518518518,arxiv_meta_enrichment
2512.12620,,,,8.590162037037038,missing
2512.12623,,,,4.577951388888889,missing
2512.12675,2025-12-14T12:58:19Z,,2.4595023148148147,2.4595023148148147,arxiv_meta_enrichment
2512.12692,,,,1.4188194444444444,missing
2512.12730,,,,1.3665162037037037,missing
2512.12751,,,,1.3167708333333332,missing
2512.12768,,,,1.2880671296296295,missing
2512.12777,,,,1.2704398148148148,missing
2512.12799,,,,1.218125,missing
2512.12880,,,,4.014236111111111,missing
2512.12941,,,,1.8755092592592593,missing
2512.12967,2025-12-15T04:11:11Z,,0.8255671296296296,0.8255671296296296,arxiv_meta_enrichment
2512.12980,,,,1.798923611111111,missing
2512.13006,,,,0.7509722222222223,missing
2512.13043,,,,10.700046296296296,missing
2512.13077,,,,2.6536805555555554,missing
2512.13080,,,,0.6445949074074074,missing
2512.13106,,,,1.6223958333333333,missing
2512.13168,2025-12-15T10:28:45Z,,0.5633680555555556,0.5633680555555556,arxiv_meta_enrichment
2512.13190,,,,2.5449074074074076,missing
2512.13250,,,,0.4969212962962963,missing
2512.13281,2025-12-15T12:41:23Z,,1.471261574074074,1.471261574074074,arxiv_meta_enrichment
2512.13303,,,,1.4431712962962964,missing
2512.13313,2025-12-15T13:30:51Z,,0.43690972222222224,0.43690972222222224,arxiv_meta_enrichment
2512.13330,,,,0.4293865740740741,missing
2512.13399,,,,1.3818518518518519,missing
2512.13421,,,,0.3650462962962963,missing
2512.13427,,,,6.363171296296296,missing
2512.13472,,,,8.328078703703703,missing
2512.13507,2025-12-15T16:36:52Z,,3.3077314814814813,3.3077314814814813,arxiv_meta_enrichment
2512.13525,,,,1.295960648148148,missing
2512.13564,2025-12-15T17:22:34Z,,0.27599537037037036,0.27599537037037036,arxiv_meta_enrichment
2512.13586,2025-12-15T17:41:19Z,,0.26297453703703705,0.26297453703703705,arxiv_meta_enrichment
2512.13592,,,,0.2584606481481482,missing
2512.13604,2025-12-15T17:59:58Z,,0.25002314814814813,0.25002314814814813,arxiv_meta_enrichment
2512.13607,,,,1.2482060185185184,missing
2512.13655,,,,1.2161805555555556,missing
2512.13660,,,,1.2133912037037038,missing
2512.13672,,,,0.21033564814814815,missing
2512.13674,,,,0.2100115740740741,missing
2512.13678,,,,1.2090856481481482,missing
2512.13683,,,,0.2088773148148148,missing
2512.13687,,,,0.20840277777777777,missing
2512.13689,,,,0.20836805555555554,missing
2512.13690,,,,0.20836805555555554,missing
2512.13874,2025-12-15T20:14:19Z,,2.156724537037037,2.156724537037037,arxiv_meta_enrichment
2512.13884,,,,2.141215277777778,missing
2512.13961,2025-12-15T23:41:48Z,,1.0126388888888889,1.0126388888888889,arxiv_meta_enrichment
2512.14008,,,,0.9124305555555555,missing
2512.14014,,,,0.9050694444444445,missing
2512.14051,,,,0.8518055555555556,missing
2512.14052,2025-12-16T03:36:41Z,,1.849525462962963,1.849525462962963,arxiv_meta_enrichment
2512.14067,2025-12-16T04:12:17Z,,0.8248032407407407,0.8248032407407407,arxiv_meta_enrichment
2512.14080,,,,1.8061342592592593,missing
2512.14202,,,,1.6323611111111112,missing
2512.14273,,,,0.5592708333333334,missing
2512.14284,,,,0.5520138888888889,missing
2512.14336,2025-12-16T12:03:46Z,,0.4973842592592593,0.4973842592592593,arxiv_meta_enrichment
2512.14391,,,,0.4371527777777778,missing
2512.14440,,,,0.39826388888888886,missing
2512.14442,,,,0.3973726851851852,missing
2512.14503,2025-12-16T15:40:44Z,,0.34671296296296295,0.34671296296296295,arxiv_meta_enrichment
2512.14531,,,,0.32751157407407405,missing
2512.14550,,,,0.3154282407407407,missing
2512.14614,2025-12-16T17:22:46Z,,0.2758564814814815,0.2758564814814815,arxiv_meta_enrichment
2512.14620,,,,0.26875,missing
2512.14666,,,,0.23150462962962962,missing
2512.14681,2025-12-16T18:45:18Z,,1.2185416666666666,1.2185416666666666,arxiv_meta_enrichment
2512.14691,2025-12-16T18:58:04Z,,0.20967592592592593,0.20967592592592593,arxiv_meta_enrichment
2512.14693,2025-12-16T18:58:45Z,,1.2092013888888888,1.2092013888888888,arxiv_meta_enrichment
2512.14696,,,,0.20844907407407406,missing
2512.14697,,,,0.20836805555555554,missing
2512.14698,2025-12-16T18:59:58Z,,0.20835648148148148,0.20835648148148148,arxiv_meta_enrichment
2512.14699,2025-12-16T18:59:59Z,,0.2083449074074074,0.2083449074074074,arxiv_meta_enrichment
2512.14719,,,,8.671678240740741,missing
2512.14805,,,,2.220949074074074,missing
2512.14870,,,,5.18417824074074,missing
2512.14884,,,,2.1643171296296297,missing
2512.14944,2025-12-16T22:17:25Z,,1.071238425925926,-85.0,arxiv_meta_enrichment
2512.15031,,,,6.885277777777778,missing
2512.15110,,,,0.7483217592592593,missing
2512.15176,2025-12-17T08:19:04Z,,0.653425925925926,0.653425925925926,arxiv_meta_enrichment
2512.15182,2025-12-17T08:31:40Z,,0.6446759259259259,0.6446759259259259,arxiv_meta_enrichment
2512.15340,,,,0.5155671296296296,missing
2512.15374,,,,0.48258101851851853,missing
2512.15431,2025-12-17T13:26:30Z,,0.43993055555555555,0.43993055555555555,arxiv_meta_enrichment
2512.15489,,,,1.3904976851851851,missing
2512.15528,,,,1.353587962962963,missing
2512.15560,,,,12.326585648148148,missing
2512.15586,2025-12-17T16:46:11Z,,4.301261574074074,4.301261574074074,arxiv_meta_enrichment
2512.15603,,,,0.28284722222222225,missing
2512.15635,2025-12-17T17:47:18Z,,0.25881944444444444,0.25881944444444444,arxiv_meta_enrichment
2512.15649,,,,0.2509837962962963,missing
2512.15687,2025-12-17T18:44:45Z,,0.2189236111111111,0.2189236111111111,arxiv_meta_enrichment
2512.15693,2025-12-17T18:48:26Z,,0.21636574074074075,0.21636574074074075,arxiv_meta_enrichment
2512.15699,,,,0.21336805555555555,missing
2512.15702,,,,0.2128587962962963,missing
2512.15713,2025-12-17T18:59:55Z,,0.2083912037037037,0.2083912037037037,arxiv_meta_enrichment
2512.15715,,,,0.20835648148148148,missing
2512.15716,2025-12-17T18:59:59Z,,8.208344907407408,8.208344907407408,arxiv_meta_enrichment
2512.15745,2025-12-10T09:26:18Z,,8.606736111111111,8.606736111111111,arxiv_meta_enrichment
2512.15907,,,,1.194212962962963,missing
2512.16041,2025-12-17T23:49:55Z,,4.007002314814815,4.007002314814815,arxiv_meta_enrichment
2512.16093,,,,6.901736111111111,missing
2512.16106,,,,0.8807175925925926,missing
2512.16144,2025-12-18T03:57:01Z,,5.835405092592593,5.835405092592593,arxiv_meta_enrichment
2512.16229,2025-12-18T06:22:01Z,,4.734710648148148,4.734710648148148,arxiv_meta_enrichment
2512.16301,2025-12-18T08:38:51Z,,0.6396875,0.6396875,arxiv_meta_enrichment
2512.16378,,,,0.568587962962963,missing
2512.16483,,,,3.4643634259259257,missing
2512.16501,,,,0.45197916666666665,missing
2512.16561,2025-12-18T14:03:44Z,,0.4140740740740741,0.4140740740740741,arxiv_meta_enrichment
2512.16615,,,,0.37972222222222224,missing
2512.16625,2025-12-18T15:01:44Z,,0.3737962962962963,0.3737962962962963,arxiv_meta_enrichment
2512.16636,2025-12-18T15:10:42Z,,0.36756944444444445,0.36756944444444445,arxiv_meta_enrichment
2512.16649,2025-12-18T15:21:25Z,,0.3601273148148148,0.3601273148148148,arxiv_meta_enrichment
2512.16670,,,,0.3464351851851852,missing
2512.16676,2025-12-18T15:46:15Z,,4.342881944444445,4.342881944444445,arxiv_meta_enrichment
2512.16760,,,,-0.7067592592592593,missing
2512.16767,,,,0.290462962962963,missing
2512.16776,2025-12-18T17:08:12Z,,0.28597222222222224,0.28597222222222224,arxiv_meta_enrichment
2512.16793,2025-12-18T17:27:03Z,,3.2728819444444444,3.2728819444444444,arxiv_meta_enrichment
2512.16848,,,,3.234525462962963,missing
2512.16864,,,,0.2261226851851852,missing
2512.16899,,,,0.21106481481481482,missing
2512.16900,,,,0.21105324074074075,missing
2512.16905,2025-12-18T18:57:58Z,,0.20974537037037036,0.20974537037037036,arxiv_meta_enrichment
2512.16909,,,,0.20899305555555556,missing
2512.16912,,,,0.2087152777777778,missing
2512.16913,2025-12-18T18:59:29Z,,0.20869212962962963,0.20869212962962963,arxiv_meta_enrichment
2512.16915,2025-12-18T18:59:50Z,,0.20844907407407406,0.20844907407407406,arxiv_meta_enrichment
2512.16918,,,,0.2083912037037037,missing
2512.16920,,,,0.20836805555555554,missing
2512.16921,,,,0.20836805555555554,missing
2512.16922,2025-12-18T18:59:58Z,,0.20835648148148148,0.20835648148148148,arxiv_meta_enrichment
2512.16923,2025-12-18T18:59:59Z,,0.2083449074074074,0.2083449074074074,arxiv_meta_enrichment
2512.16924,2025-12-18T18:59:59Z,,0.2083449074074074,0.2083449074074074,arxiv_meta_enrichment
2512.16969,2025-12-18T12:44:36Z,,3.469027777777778,3.469027777777778,arxiv_meta_enrichment
2512.16978,,,,3.208715277777778,missing
2512.17008,,,,3.2031828703703704,missing
2512.17012,2025-12-18T19:13:44Z,,3.198796296296296,3.198796296296296,arxiv_meta_enrichment
2512.17040,,,,4.164525462962963,missing
2512.17102,,,,5.084502314814815,missing
2512.17206,2025-12-19T03:32:53Z,,3.852164351851852,3.852164351851852,arxiv_meta_enrichment
2512.17220,,,,9.82744212962963,missing
2512.17260,,,,2.7361689814814816,missing
2512.17351,2025-12-19T08:47:28Z,,2.633703703703704,2.633703703703704,arxiv_meta_enrichment
2512.17385,2025-12-19T09:42:04Z,,3.595787037037037,3.595787037037037,arxiv_meta_enrichment
2512.17419,,,,2.5716319444444444,missing
2512.17459,,,,2.527175925925926,missing
2512.17495,2025-12-19T12:06:25Z,,2.4955439814814815,2.4955439814814815,arxiv_meta_enrichment
2512.17504,,,,9.48986111111111,missing
2512.17532,2025-12-19T12:56:17Z,,2.460914351851852,2.460914351851852,arxiv_meta_enrichment
2512.17648,,,,4.382650462962963,missing
2512.17650,,,,3.3822916666666667,missing
2512.17796,,,,3.2088194444444444,missing
2512.17897,2025-12-19T18:57:33Z,,2.2100347222222223,2.2100347222222223,arxiv_meta_enrichment
2512.17901,2025-12-19T18:59:11Z,,2.208900462962963,2.208900462962963,arxiv_meta_enrichment
2512.17909,2025-12-19T18:59:57Z,,2.2083680555555554,2.2083680555555554,arxiv_meta_enrichment
2512.18003,,,,3.2065277777777776,missing
2512.18099,2025-12-19T22:14:23Z,,4.0733449074074075,4.0733449074074075,arxiv_meta_enrichment
2512.18184,,,,2.885486111111111,missing
2512.18314,,,,2.5425347222222223,missing
2512.18470,,,,4.202604166666666,missing
2512.18542,,,,2.0054166666666666,missing
2512.18658,,,,1.6164236111111112,missing
2512.18745,,,,7.4006134259259255,missing
2512.18746,,,,2.3984490740740743,missing
2512.18832,,,,3.271736111111111,missing
2512.18880,,,,1.1377777777777778,missing
2512.19012,2025-12-22T04:03:01Z,,2.831238425925926,2.831238425925926,arxiv_meta_enrichment
2512.19134,2025-12-22T08:28:05Z,,0.6471643518518518,0.6471643518518518,arxiv_meta_enrichment
2512.19399,,,,0.42288194444444444,missing
2512.19402,,,,0.4212384259259259,missing
2512.19432,,,,0.39481481481481484,missing
2512.19526,,,,1.3208333333333333,missing
2512.19535,,,,0.31829861111111113,missing
2512.19539,2025-12-22T16:23:24Z,,0.31708333333333333,0.31708333333333333,arxiv_meta_enrichment
2512.19629,2025-12-22T18:03:08Z,,0.24782407407407409,0.24782407407407409,arxiv_meta_enrichment
2512.19661,,,,0.22224537037037037,missing
2512.19673,2025-12-22T18:51:48Z,,1.2140277777777777,1.2140277777777777,arxiv_meta_enrichment
2512.19678,2025-12-22T18:53:50Z,,0.21261574074074074,0.21261574074074074,arxiv_meta_enrichment
2512.19680,,,,3.212152777777778,missing
2512.19682,2025-12-22T18:57:13Z,,0.2102662037037037,0.2102662037037037,arxiv_meta_enrichment
2512.19693,2025-12-22T18:59:57Z,,0.20836805555555554,0.20836805555555554,arxiv_meta_enrichment
2512.19823,,,,1.1875347222222221,missing
2512.19949,,,,2.973009259259259,missing
2512.19995,,,,2.8858217592592594,missing
2512.20092,,,,0.7239699074074074,missing
2512.20144,,,,1.6564351851851853,missing
2512.20182,,,,0.6107407407407407,missing
2512.20292,,,,5.499097222222222,missing
2512.20352,,,,0.43561342592592595,missing
2512.20491,,,,0.3107986111111111,missing
2512.20557,,,,1.252361111111111,missing
2512.20605,2025-12-23T18:51:50Z,,2.21400462962963,2.21400462962963,arxiv_meta_enrichment
2512.20615,,,,0.20884259259259258,missing
2512.20617,2025-12-23T18:59:46Z,,0.20849537037037036,0.20849537037037036,arxiv_meta_enrichment
2512.20618,2025-12-23T18:59:49Z,,0.20846064814814816,0.20846064814814816,arxiv_meta_enrichment
2512.20619,,,,0.20837962962962964,missing
2512.20757,2025-12-23T20:43:06Z,,1.1367361111111112,1.1367361111111112,arxiv_meta_enrichment
2512.20848,2025-12-23T23:54:32Z,,1.0037962962962963,1.0037962962962963,arxiv_meta_enrichment
2512.20856,2025-12-24T00:24:05Z,,0.983275462962963,0.983275462962963,arxiv_meta_enrichment
2512.20927,,,,5.822013888888889,missing
2512.21004,,,,0.7033796296296296,missing
2512.21008,,,,6.699027777777777,missing
2512.21010,,,,0.6982523148148149,missing
2512.21094,2025-12-24T10:30:35Z,,0.5620949074074074,0.5620949074074074,arxiv_meta_enrichment
2512.21185,2025-12-24T14:08:38Z,,6.410671296296297,6.410671296296297,arxiv_meta_enrichment
2512.21218,,,,1.3751273148148149,missing
2512.21227,,,,0.36972222222222223,missing
2512.21252,2025-12-24T16:00:15Z,,0.33315972222222223,0.33315972222222223,arxiv_meta_enrichment
2512.21332,,,,-0.7909837962962963,missing
2512.21334,,,,0.2086111111111111,missing
2512.21337,,,,0.20840277777777777,missing
2512.21338,2025-12-24T18:59:58Z,,0.20835648148148148,0.20835648148148148,arxiv_meta_enrichment
2512.21507,,,,3.8020949074074073,missing
2512.21625,,,,3.5307175925925924,missing
2512.21643,,,,3.494340277777778,missing
2512.21675,2025-12-25T13:35:52Z,,3.433425925925926,3.433425925925926,arxiv_meta_enrichment
2512.21720,,,,4.343391203703704,missing
2512.21734,,,,4.309074074074074,missing
2512.21859,2025-12-26T04:49:35Z,,2.798900462962963,2.798900462962963,arxiv_meta_enrichment
2512.21919,,,,2.6484027777777777,missing
2512.21980,,,,2.5424305555555557,missing
2512.22047,,,,2.3806481481481483,missing
2512.22096,2025-12-26T17:52:49Z,,3.254988425925926,3.254988425925926,arxiv_meta_enrichment
2512.22100,,,,3.2485069444444443,missing
2512.22118,2025-12-26T18:59:14Z,,2.2088657407407406,2.2088657407407406,arxiv_meta_enrichment
2512.22120,,,,2.208483796296296,missing
2512.22206,,,,9.231736111111111,missing
2512.22234,2025-12-23T08:33:19Z,,6.643530092592592,6.643530092592592,arxiv_meta_enrichment
2512.22238,2025-12-23T14:40:38Z,,5.3884490740740745,5.3884490740740745,arxiv_meta_enrichment
2512.22255,,,,5.683391203703704,missing
2512.22322,2025-12-26T14:51:39Z,,3.380798611111111,3.380798611111111,arxiv_meta_enrichment
2512.22323,2025-12-26T14:59:41Z,,3.3752199074074074,3.3752199074074074,arxiv_meta_enrichment
2512.22342,,,,3.2081944444444446,missing
2512.22374,,,,3.137372685185185,missing
2512.22431,,,,2.922152777777778,missing
2512.22469,,,,3.789664351851852,missing
2512.22525,,,,3.62,missing
2512.22615,2025-12-27T14:46:24Z,,2.3844444444444446,2.3844444444444446,arxiv_meta_enrichment
2512.22984,,,,1.3285300925925927,missing
2512.23044,,,,1.2024652777777778,missing
2512.23162,,,,0.8729166666666667,missing
2512.23165,2025-12-29T03:13:08Z,,1.8658796296296296,1.8658796296296296,arxiv_meta_enrichment
2512.23222,,,,0.7525231481481481,missing
2512.23236,,,,0.7278356481481482,missing
2512.23273,,,,0.6702662037037037,missing
2512.23447,,,,0.4560416666666667,missing
2512.23541,,,,0.35506944444444444,missing
2512.23573,,,,0.32403935185185184,missing
2512.23576,2025-12-29T16:17:36Z,,0.3211111111111111,0.3211111111111111,arxiv_meta_enrichment
2512.23646,,,,0.2506365740740741,missing
2512.23647,2025-12-29T17:59:14Z,,0.2505324074074074,0.2505324074074074,arxiv_meta_enrichment
2512.23675,2025-12-29T18:30:14Z,,1.2290046296296295,1.2290046296296295,arxiv_meta_enrichment
2512.23676,2025-12-29T18:31:45Z,,0.22795138888888888,0.22795138888888888,arxiv_meta_enrichment
2512.23703,,,,0.2099074074074074,missing
2512.23705,2025-12-29T18:59:24Z,,0.20875,0.20875,arxiv_meta_enrichment
2512.23707,,,,0.20864583333333334,missing
2512.23709,2025-12-29T18:59:57Z,,0.20836805555555554,0.20836805555555554,arxiv_meta_enrichment
