arxiv_id_clean,cohort_day,cohort_size,Z1_logcompet,Z2_count,Z3_blockbuster,Z1p_othersub,ego_upvotes
2305.02463,2023-05-04,4,2.70805020110221,3,0,1.6094379124341003,4
2305.02483,2023-05-04,4,2.772588722239781,3,0,2.772588722239781,3
2305.03047,2023-05-04,4,2.8903717578961645,3,0,2.8903717578961645,1
2305.03048,2023-05-04,4,2.1972245773362196,3,0,1.6094379124341003,10
2305.02412,2023-05-05,14,3.4965075614664802,13,0,3.4965075614664802,1
2305.02440,2023-05-05,14,3.4965075614664802,13,0,3.4965075614664802,1
2305.02499,2023-05-05,14,3.4011973816621555,13,0,3.2188758248682006,4
2305.02549,2023-05-05,14,3.295836866004329,13,0,3.295836866004329,7
2305.02665,2023-05-05,14,3.4339872044851463,13,0,3.2188758248682006,3
2305.02678,2023-05-05,14,3.4965075614664802,13,0,3.258096538021482,1
2305.02783,2023-05-05,14,3.4657359027997265,13,0,3.4339872044851463,2
2305.02790,2023-05-05,14,3.4965075614664802,13,0,3.2188758248682006,1
2305.02968,2023-05-05,14,3.4965075614664802,13,0,3.4965075614664802,1
2305.03027,2023-05-05,14,3.4965075614664802,13,0,3.4339872044851463,1
2305.03040,2023-05-05,14,3.4965075614664802,13,0,3.258096538021482,1
2305.03043,2023-05-05,14,3.332204510175204,13,0,3.258096538021482,6
2305.03049,2023-05-05,14,3.4339872044851463,13,0,3.4339872044851463,3
2305.03052,2023-05-05,14,3.4965075614664802,13,0,3.2188758248682006,1
2305.03111,2023-05-07,7,2.772588722239781,6,0,2.70805020110221,12
2305.03210,2023-05-07,7,3.295836866004329,6,0,2.995732273553991,1
2305.03509,2023-05-07,7,3.295836866004329,6,0,3.295836866004329,1
2305.03514,2023-05-07,7,3.295836866004329,6,0,2.70805020110221,1
2305.03695,2023-05-07,7,3.1354942159291497,6,0,3.1354942159291497,5
2305.03719,2023-05-07,7,3.332204510175204,6,0,3.332204510175204,0
2305.03726,2023-05-07,7,3.044522437723423,6,0,2.995732273553991,7
2305.03286,2023-05-08,8,2.772588722239781,7,0,2.772588722239781,1
2305.03668,2023-05-08,8,2.772588722239781,7,0,2.1972245773362196,1
2305.03689,2023-05-08,8,2.4849066497880004,7,0,2.1972245773362196,5
2305.03713,2023-05-08,8,2.772588722239781,7,0,2.772588722239781,1
2305.04160,2023-05-08,8,2.70805020110221,7,0,2.1972245773362196,2
2305.04391,2023-05-08,8,2.772588722239781,7,0,2.3978952727983707,1
2305.04461,2023-05-08,8,2.70805020110221,7,0,2.3978952727983707,2
2305.04745,2023-05-08,8,2.6390573296152584,7,0,2.3978952727983707,3
2305.03937,2023-05-09,12,3.4657359027997265,11,0,3.4011973816621555,2
2305.03981,2023-05-09,12,3.4965075614664802,11,0,3.258096538021482,1
2305.04091,2023-05-09,12,3.4339872044851463,11,0,3.4011973816621555,3
2305.04241,2023-05-09,12,3.4965075614664802,11,0,3.4011973816621555,1
2305.04268,2023-05-09,12,3.4965075614664802,11,0,3.332204510175204,1
2305.04388,2023-05-09,12,3.4965075614664802,11,0,3.4011973816621555,1
2305.04789,2023-05-09,12,3.4965075614664802,11,0,3.332204510175204,1
2305.04790,2023-05-09,12,3.4965075614664802,11,0,3.4011973816621555,1
2305.05176,2023-05-09,12,3.295836866004329,11,0,3.258096538021482,7
2305.05189,2023-05-09,12,3.4011973816621555,11,0,3.332204510175204,4
2305.05644,2023-05-09,12,3.332204510175204,11,0,3.332204510175204,6
2305.05662,2023-05-09,12,3.367295829986474,11,0,3.367295829986474,5
2304.09355,2023-05-10,11,3.4339872044851463,10,0,3.4339872044851463,7
2305.04966,2023-05-10,11,3.58351893845611,10,0,3.4657359027997265,2
2305.05065,2023-05-10,11,3.367295829986474,10,0,3.367295829986474,9
2305.05364,2023-05-10,11,3.58351893845611,10,0,3.4339872044851463,2
2305.05383,2023-05-10,11,3.58351893845611,10,0,3.58351893845611,2
2305.05432,2023-05-10,11,3.6109179126442243,10,0,3.6109179126442243,1
2305.05591,2023-05-10,11,3.5553480614894135,10,0,3.4965075614664802,3
2305.05658,2023-05-10,11,3.58351893845611,10,0,3.4965075614664802,2
2305.05845,2023-05-10,11,3.58351893845611,10,0,3.4657359027997265,2
2305.05862,2023-05-10,11,3.4965075614664802,10,0,3.4339872044851463,5
2305.06077,2023-05-10,11,3.58351893845611,10,0,3.4657359027997265,2
2305.05706,2023-05-11,9,3.8066624897703196,8,0,3.7376696182833684,1
2305.05973,2023-05-11,9,3.8066624897703196,8,0,3.8066624897703196,1
2305.06131,2023-05-11,9,3.784189633918261,8,0,3.784189633918261,2
2305.06161,2023-05-11,9,2.4849066497880004,8,0,2.4849066497880004,34
2305.06218,2023-05-11,9,3.8066624897703196,8,0,3.8066624897703196,1
2305.06324,2023-05-11,9,3.8066624897703196,8,0,3.8066624897703196,1
2305.06351,2023-05-11,9,3.8066624897703196,8,0,3.784189633918261,1
2305.06355,2023-05-11,9,3.7612001156935624,8,0,3.7376696182833684,3
2305.06356,2023-05-11,9,3.8066624897703196,8,0,3.784189633918261,1
2305.06404,2023-05-12,15,3.7612001156935624,14,0,3.6109179126442243,1
2305.06424,2023-05-12,15,3.7376696182833684,14,0,3.58351893845611,2
2305.06456,2023-05-12,15,3.7612001156935624,14,0,3.7612001156935624,1
2305.06474,2023-05-12,15,3.7612001156935624,14,0,3.6109179126442243,1
2305.06500,2023-05-12,15,3.6375861597263857,14,0,3.4657359027997265,6
2305.06555,2023-05-12,15,3.7612001156935624,14,0,3.58351893845611,1
2305.06575,2023-05-12,15,3.7376696182833684,14,0,3.58351893845611,2
2305.06594,2023-05-12,15,3.7612001156935624,14,0,3.7612001156935624,1
2305.06908,2023-05-12,15,3.6109179126442243,14,0,3.4657359027997265,7
2305.07004,2023-05-12,15,3.7612001156935624,14,0,3.7376696182833684,1
2305.07011,2023-05-12,15,3.6375861597263857,14,0,3.4657359027997265,6
2305.07015,2023-05-12,15,3.6635616461296463,14,0,3.4657359027997265,5
2305.07017,2023-05-12,15,3.713572066704308,14,0,3.58351893845611,3
2305.07021,2023-05-12,15,3.7612001156935624,14,0,3.7376696182833684,1
2305.07027,2023-05-12,15,3.6635616461296463,14,0,3.6109179126442243,5
2305.07185,2023-05-14,3,2.0794415416798357,2,0,2.0794415416798357,10
2305.07243,2023-05-14,3,2.4849066497880004,2,0,2.4849066497880004,6
2305.07490,2023-05-14,3,2.833213344056216,2,0,2.833213344056216,1
2305.07153,2023-05-15,10,2.6390573296152584,9,0,2.6390573296152584,0
2305.07214,2023-05-15,10,2.5649493574615367,9,0,2.4849066497880004,1
2305.07378,2023-05-15,10,2.5649493574615367,9,0,2.5649493574615367,1
2305.07440,2023-05-15,10,2.5649493574615367,9,0,2.5649493574615367,1
2305.07447,2023-05-15,10,2.3978952727983707,9,0,2.3978952727983707,3
2305.07514,2023-05-15,10,2.5649493574615367,9,0,2.5649493574615367,1
2305.07558,2023-05-15,10,2.5649493574615367,9,0,2.4849066497880004,1
2305.07615,2023-05-15,10,2.5649493574615367,9,0,2.5649493574615367,1
2305.08379,2023-05-15,10,2.3978952727983707,9,0,2.302585092994046,3
2305.08850,2023-05-15,10,2.5649493574615367,9,0,2.302585092994046,1
2305.07677,2023-05-16,21,4.770684624465665,20,0,4.624972813284271,2
2305.07759,2023-05-16,21,4.30406509320417,20,0,4.174387269895637,46
2305.07804,2023-05-16,21,4.770684624465665,20,0,4.624972813284271,2
2305.07922,2023-05-16,21,4.736198448394496,20,0,4.736198448394496,6
2305.07961,2023-05-16,21,4.762173934797756,20,0,4.624972813284271,3
2305.07969,2023-05-16,21,4.77912349311153,20,0,4.624972813284271,1
2305.08275,2023-05-16,21,4.770684624465665,20,0,4.727387818712341,2
2305.08298,2023-05-16,21,4.762173934797756,20,0,4.74493212836325,3
2305.08596,2023-05-16,21,4.700480365792417,20,0,4.624972813284271,10
2305.08675,2023-05-16,21,4.770684624465665,20,0,4.727387818712341,2
2305.08677,2023-05-16,21,4.770684624465665,20,0,4.174387269895637,2
2305.08809,2023-05-16,21,4.770684624465665,20,0,4.74493212836325,2
2305.08810,2023-05-16,21,4.770684624465665,20,0,4.770684624465665,2
2305.08844,2023-05-16,21,4.77912349311153,20,0,4.77912349311153,1
2305.08848,2023-05-16,21,4.74493212836325,20,0,4.74493212836325,5
2305.09137,2023-05-16,21,4.770684624465665,20,0,4.770684624465665,2
2305.09148,2023-05-16,21,4.77912349311153,20,0,4.174387269895637,1
2305.09515,2023-05-16,21,4.762173934797756,20,0,4.762173934797756,3
2305.09617,2023-05-16,21,4.736198448394496,20,0,4.174387269895637,6
2305.09636,2023-05-16,21,4.653960350157523,20,0,4.653960350157523,15
2305.09662,2023-05-16,21,4.762173934797756,20,0,4.727387818712341,3
2305.08891,2023-05-17,6,2.70805020110221,5,0,2.5649493574615367,14
2305.09253,2023-05-17,6,3.2188758248682006,5,0,3.044522437723423,4
2305.09641,2023-05-17,6,3.2188758248682006,5,0,3.044522437723423,4
2305.09664,2023-05-17,6,3.295836866004329,5,0,3.295836866004329,2
2305.10400,2023-05-17,6,3.295836866004329,5,0,3.295836866004329,2
2305.10431,2023-05-17,6,3.295836866004329,5,0,2.5649493574615367,2
2305.09758,2023-05-18,14,3.8501476017100584,13,0,3.044522437723423,1
2305.09761,2023-05-18,14,3.8501476017100584,13,0,3.8501476017100584,1
2305.09764,2023-05-18,14,3.828641396489095,13,0,3.828641396489095,2
2305.09857,2023-05-18,14,3.6375861597263857,13,0,3.044522437723423,10
2305.09863,2023-05-18,14,3.8066624897703196,13,0,3.7612001156935624,3
2305.09975,2023-05-18,14,3.828641396489095,13,0,3.044522437723423,2
2305.10005,2023-05-18,14,3.784189633918261,13,0,3.784189633918261,4
2305.10018,2023-05-18,14,3.8501476017100584,13,0,3.7612001156935624,1
2305.10142,2023-05-18,14,3.8501476017100584,13,0,3.044522437723423,1
2305.10266,2023-05-18,14,3.8501476017100584,13,0,3.7612001156935624,1
2305.10320,2023-05-18,14,3.8501476017100584,13,0,3.8501476017100584,1
2305.10403,2023-05-18,14,3.6888794541139363,13,0,3.044522437723423,8
2305.10425,2023-05-18,14,3.713572066704308,13,0,3.713572066704308,7
2305.10429,2023-05-18,14,3.7612001156935624,13,0,3.044522437723423,5
2305.10434,2023-05-19,19,4.718498871295094,18,0,4.382026634673881,4
2305.10474,2023-05-19,19,4.74493212836325,18,0,4.382026634673881,1
2305.10601,2023-05-19,19,4.61512051684126,18,0,4.61512051684126,15
2305.10688,2023-05-19,19,4.74493212836325,18,0,4.68213122712422,1
2305.10722,2023-05-19,19,4.718498871295094,18,0,4.718498871295094,4
2305.10763,2023-05-19,19,4.718498871295094,18,0,4.672828834461906,4
2305.10764,2023-05-19,19,4.6913478822291435,18,0,4.382026634673881,7
2305.10841,2023-05-19,19,4.736198448394496,18,0,4.382026634673881,2
2305.10853,2023-05-19,19,4.634728988229636,18,0,4.382026634673881,13
2305.10855,2023-05-19,19,4.718498871295094,18,0,4.382026634673881,4
2305.10874,2023-05-19,19,4.74493212836325,18,0,4.382026634673881,1
2305.10912,2023-05-19,19,4.74493212836325,18,0,4.68213122712422,1
2305.10973,2023-05-19,19,4.343805421853684,18,0,4.31748811353631,39
2305.11000,2023-05-19,19,4.709530201312334,18,0,4.672828834461906,5
2305.11129,2023-05-19,19,4.736198448394496,18,0,4.68213122712422,2
2305.11147,2023-05-19,19,4.718498871295094,18,0,4.382026634673881,4
2305.11171,2023-05-19,19,4.736198448394496,18,0,4.736198448394496,2
2305.11173,2023-05-19,19,4.736198448394496,18,0,4.31748811353631,2
2305.11175,2023-05-19,19,4.718498871295094,18,0,4.68213122712422,4
2305.11206,2023-05-21,6,2.995732273553991,5,0,2.995732273553991,27
2305.11337,2023-05-21,6,3.7612001156935624,5,0,3.5263605246161616,4
2305.11588,2023-05-21,6,3.7612001156935624,5,0,3.5263605246161616,4
2305.11675,2023-05-21,6,3.828641396489095,5,0,3.713572066704308,1
2305.11846,2023-05-21,6,3.7376696182833684,5,0,3.713572066704308,5
2305.11870,2023-05-21,6,3.7376696182833684,5,0,3.5263605246161616,5
2305.11243,2023-05-22,19,4.290459441148391,18,0,4.290459441148391,1
2305.11308,2023-05-22,19,4.290459441148391,18,0,4.110873864173311,1
2305.11364,2023-05-22,19,4.276666119016055,18,0,4.248495242049359,2
2305.11541,2023-05-22,19,4.290459441148391,18,0,4.2626798770413155,1
2305.11598,2023-05-22,19,4.276666119016055,18,0,4.276666119016055,2
2305.11694,2023-05-22,19,4.290459441148391,18,0,4.2626798770413155,1
2305.11738,2023-05-22,19,4.174387269895637,18,0,4.174387269895637,9
2305.11759,2023-05-22,19,4.276666119016055,18,0,4.2626798770413155,2
2305.11778,2023-05-22,19,4.276666119016055,18,0,4.2626798770413155,2
2305.11834,2023-05-22,19,4.276666119016055,18,0,4.276666119016055,2
2305.11837,2023-05-22,19,4.290459441148391,18,0,4.248495242049359,1
2305.11840,2023-05-22,19,4.290459441148391,18,0,4.248495242049359,1
2305.11841,2023-05-22,19,4.248495242049359,18,0,4.248495242049359,4
2305.11854,2023-05-22,19,4.219507705176107,18,0,4.110873864173311,6
2305.11863,2023-05-22,19,4.290459441148391,18,0,4.110873864173311,1
2305.13048,2023-05-22,19,3.9889840465642745,18,0,3.9889840465642745,20
2305.13050,2023-05-22,19,4.248495242049359,18,0,4.127134385045092,4
2305.13077,2023-05-22,19,4.189654742026425,18,0,4.127134385045092,8
2305.13301,2023-05-22,19,4.23410650459726,18,0,4.110873864173311,5
2305.11938,2023-05-23,12,4.51085950651685,11,0,4.465908118654584,1
2305.12001,2023-05-23,12,4.51085950651685,11,0,4.499809670330265,1
2305.12050,2023-05-23,12,4.499809670330265,11,0,4.499809670330265,2
2305.12487,2023-05-23,12,4.51085950651685,11,0,4.48863636973214,1
2305.13009,2023-05-23,12,4.477336814478207,11,0,4.465908118654584,4
2305.13304,2023-05-23,12,4.499809670330265,11,0,4.48863636973214,2
2305.13534,2023-05-23,12,4.477336814478207,11,0,4.394449154672439,4
2305.13735,2023-05-23,12,4.51085950651685,11,0,4.499809670330265,1
2305.13786,2023-05-23,12,4.51085950651685,11,0,4.51085950651685,1
2305.14201,2023-05-23,12,4.454347296253507,11,0,4.454347296253507,6
2305.14233,2023-05-23,12,4.442651256490317,11,0,4.394449154672439,7
2305.14314,2023-05-23,12,3.4339872044851463,11,0,3.4339872044851463,61
2305.13579,2023-05-24,2,1.791759469228055,1,0,0.0,4
2305.13840,2023-05-24,2,1.6094379124341003,1,0,0.0,5
2305.14540,2023-05-25,5,2.302585092994046,4,0,2.302585092994046,2
2305.14564,2023-05-25,5,2.3978952727983707,4,0,2.302585092994046,1
2305.14878,2023-05-25,5,2.3978952727983707,4,0,2.3978952727983707,1
2305.15038,2023-05-25,5,1.791759469228055,4,0,1.791759469228055,6
2305.15486,2023-05-25,5,2.3978952727983707,4,0,2.302585092994046,1
2305.15581,2023-05-26,8,3.7612001156935624,7,0,2.995732273553991,2
2305.15586,2023-05-26,8,3.7612001156935624,7,0,2.995732273553991,2
2305.15717,2023-05-26,8,3.6635616461296463,7,0,3.6635616461296463,6
2305.15719,2023-05-26,8,3.7612001156935624,7,0,2.995732273553991,2
2305.15779,2023-05-26,8,3.713572066704308,7,0,2.995732273553991,4
2305.15798,2023-05-26,8,3.6888794541139363,7,0,2.995732273553991,5
2305.16213,2023-05-26,8,3.5553480614894135,7,0,2.995732273553991,10
2305.16291,2023-05-26,8,3.4657359027997265,7,0,3.4657359027997265,13
2305.16311,2023-05-29,21,4.007333185232471,20,0,3.8918202981106265,8
2305.16334,2023-05-29,21,4.127134385045092,20,0,4.060443010546419,1
2305.16338,2023-05-29,21,4.07753744390572,20,0,4.060443010546419,4
2305.16349,2023-05-29,21,4.110873864173311,20,0,4.110873864173311,2
2305.16355,2023-05-29,21,4.07753744390572,20,0,3.8918202981106265,4
2305.16367,2023-05-29,21,4.07753744390572,20,0,4.007333185232471,4
2305.16380,2023-05-29,21,4.060443010546419,20,0,4.02535169073515,5
2305.16381,2023-05-29,21,4.07753744390572,20,0,3.8918202981106265,4
2305.16411,2023-05-29,21,4.127134385045092,20,0,3.8918202981106265,1
2305.16635,2023-05-29,21,4.127134385045092,20,0,4.127134385045092,1
2305.16704,2023-05-29,21,4.127134385045092,20,0,4.02535169073515,1
2305.16765,2023-05-29,21,4.127134385045092,20,0,4.02535169073515,1
2305.16806,2023-05-29,21,4.127134385045092,20,0,4.02535169073515,1
2305.16843,2023-05-29,21,4.110873864173311,20,0,4.02535169073515,2
2305.16867,2023-05-29,21,4.110873864173311,20,0,4.02535169073515,2
2305.16958,2023-05-29,21,4.110873864173311,20,0,4.02535169073515,2
2305.16960,2023-05-29,21,4.07753744390572,20,0,4.07753744390572,4
2305.16999,2023-05-29,21,4.110873864173311,20,0,3.8918202981106265,2
2305.17066,2023-05-29,21,4.07753744390572,20,0,3.8918202981106265,4
2305.17098,2023-05-29,21,4.060443010546419,20,0,3.8918202981106265,5
2305.17126,2023-05-29,21,4.07753744390572,20,0,4.007333185232471,4
2305.17144,2023-05-30,19,4.406719247264253,18,0,4.356708826689592,4
2305.17216,2023-05-30,19,4.356708826689592,18,0,4.356708826689592,8
2305.17306,2023-05-30,19,4.430816798843313,18,0,4.430816798843313,2
2305.17333,2023-05-30,19,4.406719247264253,18,0,4.406719247264253,4
2305.17359,2023-05-30,19,4.442651256490317,18,0,4.3694478524670215,1
2305.17390,2023-05-30,19,4.406719247264253,18,0,4.356708826689592,4
2305.17493,2023-05-30,19,4.382026634673881,18,0,4.3694478524670215,6
2305.18098,2023-05-30,19,4.394449154672439,18,0,4.394449154672439,5
2305.18231,2023-05-30,19,4.442651256490317,18,0,3.6888794541139363,1
2305.18247,2023-05-30,19,4.394449154672439,18,0,3.6888794541139363,5
2305.18259,2023-05-30,19,4.430816798843313,18,0,3.6888794541139363,2
2305.18264,2023-05-30,19,4.406719247264253,18,0,3.6888794541139363,4
2305.18274,2023-05-30,19,4.382026634673881,18,0,3.6888794541139363,6
2305.18286,2023-05-30,19,4.406719247264253,18,0,3.6888794541139363,4
2305.18292,2023-05-30,19,4.382026634673881,18,0,3.6888794541139363,6
2305.18295,2023-05-30,19,4.343805421853684,18,0,3.6888794541139363,9
2305.18365,2023-05-30,19,4.394449154672439,18,0,4.394449154672439,5
2305.18583,2023-05-30,19,4.406719247264253,18,0,3.6888794541139363,4
2305.18752,2023-05-30,19,4.394449154672439,18,0,3.6888794541139363,5
2305.18373,2023-05-31,14,4.110873864173311,13,0,4.02535169073515,1
2305.18415,2023-05-31,14,4.07753744390572,13,0,4.07753744390572,3
2305.18474,2023-05-31,14,4.060443010546419,13,0,3.58351893845611,4
2305.18565,2023-05-31,14,4.060443010546419,13,0,4.060443010546419,4
2305.18654,2023-05-31,14,3.970291913552122,13,0,3.970291913552122,9
2305.18729,2023-05-31,14,4.04305126783455,13,0,3.58351893845611,5
2305.18766,2023-05-31,14,4.007333185232471,13,0,3.58351893845611,7
2305.18802,2023-05-31,14,4.04305126783455,13,0,4.04305126783455,5
2305.19012,2023-05-31,14,4.04305126783455,13,0,4.02535169073515,5
2305.19066,2023-05-31,14,4.110873864173311,13,0,3.58351893845611,1
2305.19164,2023-05-31,14,4.0943445622221,13,0,4.0943445622221,2
2305.19234,2023-05-31,14,4.060443010546419,13,0,4.02535169073515,4
2305.19245,2023-05-31,14,4.0943445622221,13,0,4.02535169073515,2
2305.20030,2023-05-31,14,3.970291913552122,13,0,3.58351893845611,9
2305.19370,2023-06-01,13,3.7376696182833684,12,0,3.58351893845611,3
2305.19452,2023-06-01,13,3.6888794541139363,12,0,3.58351893845611,5
2305.19472,2023-06-01,13,3.784189633918261,12,0,3.58351893845611,1
2305.19835,2023-06-01,13,3.784189633918261,12,0,3.6888794541139363,1
2305.20010,2023-06-01,13,3.784189633918261,12,0,3.784189633918261,1
2305.20081,2023-06-01,13,3.7612001156935624,12,0,3.4339872044851463,2
2305.20082,2023-06-01,13,3.7612001156935624,12,0,3.4339872044851463,2
2305.20086,2023-06-01,13,3.7376696182833684,12,0,3.4339872044851463,3
2305.20088,2023-06-01,13,3.7612001156935624,12,0,3.6888794541139363,2
2305.20091,2023-06-01,13,3.784189633918261,12,0,3.784189633918261,1
2306.00622,2023-06-01,13,3.7612001156935624,12,0,3.6888794541139363,2
2306.00890,2023-06-01,13,3.4339872044851463,12,0,3.4339872044851463,14
2306.00983,2023-06-01,13,3.6375861597263857,12,0,3.4339872044851463,7
2306.00008,2023-06-02,19,4.624972813284271,18,0,4.564348191467836,1
2306.00029,2023-06-02,19,4.61512051684126,18,0,4.382026634673881,2
2306.00107,2023-06-02,19,4.59511985013459,18,0,4.564348191467836,4
2306.00110,2023-06-02,19,4.61512051684126,18,0,4.61512051684126,2
2306.00148,2023-06-02,19,4.624972813284271,18,0,3.871201010907891,1
2306.00238,2023-06-02,19,4.574710978503383,18,0,4.574710978503383,6
2306.00378,2023-06-02,19,4.553876891600541,18,0,4.553876891600541,8
2306.00637,2023-06-02,19,4.499809670330265,18,0,3.871201010907891,13
2306.00739,2023-06-02,19,4.406719247264253,18,0,4.382026634673881,21
2306.00802,2023-06-02,19,4.61512051684126,18,0,4.564348191467836,2
2306.00926,2023-06-02,19,4.605170185988092,18,0,3.871201010907891,3
2306.00943,2023-06-02,19,4.574710978503383,18,0,3.871201010907891,6
2306.00956,2023-06-02,19,4.624972813284271,18,0,4.624972813284271,1
2306.00964,2023-06-02,19,4.624972813284271,18,0,3.871201010907891,1
2306.00966,2023-06-02,19,4.584967478670572,18,0,3.871201010907891,5
2306.00971,2023-06-02,19,4.59511985013459,18,0,3.871201010907891,4
2306.00980,2023-06-02,19,4.465908118654584,18,0,3.871201010907891,16
2306.00984,2023-06-02,19,4.59511985013459,18,0,3.871201010907891,4
2306.00986,2023-06-02,19,4.61512051684126,18,0,3.871201010907891,2
2306.01061,2023-06-05,14,4.890349128221754,13,0,4.890349128221754,1
2306.01116,2023-06-05,14,4.48863636973214,13,0,3.367295829986474,45
2306.01160,2023-06-05,14,4.890349128221754,13,0,4.890349128221754,1
2306.01242,2023-06-05,14,4.882801922586371,13,0,4.836281906951478,2
2306.01337,2023-06-05,14,4.882801922586371,13,0,4.820281565605037,2
2306.01567,2023-06-05,14,4.8283137373023015,13,0,3.367295829986474,9
2306.01684,2023-06-05,14,4.875197323201151,13,0,4.820281565605037,3
2306.01693,2023-06-05,14,4.875197323201151,13,0,4.844187086458591,3
2306.01694,2023-06-05,14,4.882801922586371,13,0,4.844187086458591,2
2306.01736,2023-06-05,14,4.890349128221754,13,0,4.890349128221754,1
2306.02561,2023-06-05,14,4.852030263919617,13,0,4.836281906951478,6
2306.02707,2023-06-05,14,4.418840607796598,13,0,3.367295829986474,51
2306.03024,2023-06-05,14,4.882801922586371,13,0,4.844187086458591,2
2306.03082,2023-06-05,14,4.859812404361672,13,0,4.820281565605037,5
2306.01741,2023-06-06,20,4.394449154672439,19,0,4.007333185232471,2
2306.01754,2023-06-06,20,4.406719247264253,19,0,4.406719247264253,1
2306.01841,2023-06-06,20,4.382026634673881,19,0,4.382026634673881,3
2306.01872,2023-06-06,20,4.394449154672439,19,0,4.219507705176107,2
2306.01879,2023-06-06,20,4.406719247264253,19,0,4.356708826689592,1
2306.01923,2023-06-06,20,4.382026634673881,19,0,4.219507705176107,3
2306.02245,2023-06-06,20,4.394449154672439,19,0,4.394449154672439,2
2306.02254,2023-06-06,20,4.2626798770413155,19,0,4.2626798770413155,12
2306.02531,2023-06-06,20,4.406719247264253,19,0,4.219507705176107,1
2306.02858,2023-06-06,20,4.143134726391533,19,0,4.007333185232471,20
2306.02982,2023-06-06,20,4.3694478524670215,19,0,4.007333185232471,4
2306.03038,2023-06-06,20,4.3694478524670215,19,0,4.219507705176107,4
2306.03083,2023-06-06,20,4.3694478524670215,19,0,4.356708826689592,4
2306.03092,2023-06-06,20,4.382026634673881,19,0,4.343805421853684,3
2306.03203,2023-06-06,20,4.382026634673881,19,0,4.343805421853684,3
2306.03438,2023-06-06,20,4.394449154672439,19,0,4.394449154672439,2
2306.03460,2023-06-06,20,4.394449154672439,19,0,4.394449154672439,2
2306.03509,2023-06-06,20,4.356708826689592,19,0,4.219507705176107,5
2306.03819,2023-06-06,20,4.394449154672439,19,0,4.007333185232471,2
2306.03872,2023-06-06,20,4.343805421853684,19,0,4.343805421853684,6
2306.03504,2023-06-07,9,3.6109179126442243,8,0,3.4339872044851463,9
2306.03514,2023-06-07,9,3.5263605246161616,8,0,3.1780538303479458,12
2306.03802,2023-06-07,9,3.8066624897703196,8,0,3.8066624897703196,1
2306.03881,2023-06-07,9,3.6888794541139363,8,0,3.4339872044851463,6
2306.04009,2023-06-07,9,3.8066624897703196,8,0,3.7376696182833684,1
2306.04031,2023-06-07,9,3.7612001156935624,8,0,3.7376696182833684,3
2306.04076,2023-06-07,9,3.8066624897703196,8,0,3.8066624897703196,1
2306.04140,2023-06-07,9,3.784189633918261,8,0,3.784189633918261,2
2306.04387,2023-06-07,9,3.58351893845611,8,0,3.1780538303479458,10
2306.04050,2023-06-08,10,3.6635616461296463,9,0,3.4965075614664802,5
2306.04235,2023-06-08,10,3.713572066704308,9,0,3.6375861597263857,3
2306.04362,2023-06-08,10,3.7376696182833684,9,0,3.7376696182833684,2
2306.04528,2023-06-08,10,3.713572066704308,9,0,3.6375861597263857,3
2306.04619,2023-06-08,10,3.6888794541139363,9,0,3.6109179126442243,4
2306.04632,2023-06-08,10,3.713572066704308,9,0,3.6109179126442243,3
2306.04634,2023-06-08,10,3.6375861597263857,9,0,3.4965075614664802,6
2306.04751,2023-06-08,10,3.6635616461296463,9,0,3.6635616461296463,5
2306.04757,2023-06-08,10,3.6635616461296463,9,0,3.6635616461296463,5
2306.05087,2023-06-08,10,3.6109179126442243,9,0,3.6109179126442243,7
2306.04707,2023-06-09,16,5.4638318050256105,15,0,5.438079308923196,3
2306.04822,2023-06-09,16,5.4680601411351315,15,0,4.248495242049359,2
2306.04845,2023-06-09,16,5.459585514144159,15,0,5.459585514144159,4
2306.05178,2023-06-09,16,5.44673737166631,15,0,5.402677381872279,7
2306.05284,2023-06-09,16,4.276666119016055,15,0,4.248495242049359,167
2306.05357,2023-06-09,16,5.4638318050256105,15,0,5.402677381872279,3
2306.05392,2023-06-09,16,5.4680601411351315,15,0,5.4680601411351315,2
2306.05399,2023-06-09,16,5.4510384535657,15,0,5.438079308923196,6
2306.05410,2023-06-09,16,5.459585514144159,15,0,5.402677381872279,4
2306.05411,2023-06-09,16,5.4680601411351315,15,0,5.407171771460119,2
2306.05420,2023-06-09,16,5.4680601411351315,15,0,5.4680601411351315,2
2306.05422,2023-06-09,16,5.429345628954441,15,0,5.407171771460119,11
2306.05424,2023-06-09,16,5.44673737166631,15,0,5.393627546352362,7
2306.05425,2023-06-09,16,5.424950017481403,15,0,5.393627546352362,12
2306.05427,2023-06-09,16,5.4638318050256105,15,0,5.402677381872279,3
2306.05428,2023-06-09,16,5.4638318050256105,15,0,5.407171771460119,3
2306.05685,2023-06-11,4,3.4339872044851463,3,0,3.332204510175204,43
2306.05696,2023-06-11,4,4.2626798770413155,3,0,3.332204510175204,3
2306.05836,2023-06-11,4,4.219507705176107,3,0,4.219507705176107,6
2306.06070,2023-06-11,4,3.970291913552122,3,0,3.970291913552122,21
2306.05493,2023-06-12,7,3.9318256327243257,6,0,3.9318256327243257,6
2306.05544,2023-06-12,7,3.828641396489095,6,0,3.7376696182833684,11
2306.05949,2023-06-12,7,3.8501476017100584,6,0,3.7612001156935624,10
2306.06044,2023-06-12,7,3.970291913552122,6,0,3.7376696182833684,4
2306.06092,2023-06-12,7,3.970291913552122,6,0,3.7612001156935624,4
2306.06212,2023-06-12,7,3.8501476017100584,6,0,3.8501476017100584,10
2306.07075,2023-06-12,7,3.828641396489095,6,0,3.828641396489095,11
2306.06189,2023-06-13,10,4.927253685157205,9,0,4.927253685157205,32
2306.06546,2023-06-13,10,5.062595033026967,9,0,5.062595033026967,12
2306.06638,2023-06-13,10,5.0238805208462765,9,0,4.844187086458591,18
2306.06823,2023-06-13,10,5.111987788356544,9,0,5.049856007249537,4
2306.07042,2023-06-13,10,5.075173815233827,9,0,5.049856007249537,10
2306.07174,2023-06-13,10,5.017279836814924,9,0,5.017279836814924,19
2306.07179,2023-06-13,10,4.983606621708336,9,0,4.983606621708336,24
2306.07196,2023-06-13,10,5.087596335232384,9,0,4.976733742420574,8
2306.07279,2023-06-13,10,5.030437921392435,9,0,4.976733742420574,17
2306.07280,2023-06-13,10,4.976733742420574,9,0,4.844187086458591,25
2306.07349,2023-06-14,17,5.493061443340548,16,0,4.867534450455582,11
2306.07437,2023-06-14,17,5.5254529391317835,16,0,5.501258210544727,3
2306.07473,2023-06-14,17,5.517452896464707,16,0,5.4116460518550396,5
2306.07476,2023-06-14,17,5.459585514144159,16,0,5.4116460518550396,19
2306.07536,2023-06-14,17,5.488937726156687,16,0,5.488937726156687,12
2306.07552,2023-06-14,17,5.5254529391317835,16,0,5.497168225293202,3
2306.07580,2023-06-14,17,5.5093883366279774,16,0,5.497168225293202,7
2306.07906,2023-06-14,17,5.476463551931511,16,0,5.429345628954441,15
2306.07915,2023-06-14,17,5.488937726156687,16,0,5.488937726156687,12
2306.07941,2023-06-14,17,5.5254529391317835,16,0,5.5254529391317835,3
2306.07944,2023-06-14,17,5.5134287461649825,16,0,5.429345628954441,6
2306.07946,2023-06-14,17,5.53338948872752,16,0,5.424950017481403,1
2306.07954,2023-06-14,17,4.948759890378168,16,0,4.867534450455582,113
2306.07967,2023-06-14,17,5.429345628954441,16,0,5.424950017481403,26
2306.07968,2023-06-14,17,5.5134287461649825,16,0,5.501258210544727,6
2306.07969,2023-06-14,17,5.517452896464707,16,0,5.429345628954441,5
2306.07970,2023-06-14,17,5.5134287461649825,16,0,5.4116460518550396,6
2306.08055,2023-06-16,26,5.948034989180646,25,0,5.860786223465865,3
2306.08068,2023-06-16,26,5.940171252720432,25,0,5.683579767338681,6
2306.08129,2023-06-16,26,5.942799375126701,25,0,5.869296913133774,5
2306.08133,2023-06-16,26,5.945420608606575,25,0,5.918893854273146,4
2306.08161,2023-06-16,26,5.905361848054571,25,0,5.831882477283517,19
2306.08205,2023-06-16,26,5.932245187448011,25,0,5.877735781779639,9
2306.08276,2023-06-16,26,5.739792912179234,25,0,5.683579767338681,75
2306.08543,2023-06-16,26,5.8944028342648505,25,0,5.8944028342648505,23
2306.08568,2023-06-16,26,5.863631175598097,25,0,5.863631175598097,34
2306.08620,2023-06-16,26,5.929589143389895,25,0,5.918893854273146,10
2306.08640,2023-06-16,26,5.883322388488279,25,0,5.869296913133774,27
2306.08647,2023-06-16,26,5.921578419643816,25,0,5.921578419643816,13
2306.08651,2023-06-16,26,5.948034989180646,25,0,5.877735781779639,3
2306.08707,2023-06-16,26,5.940171252720432,25,0,5.683579767338681,6
2306.08893,2023-06-16,26,5.937536205082426,25,0,5.877735781779639,7
2306.08997,2023-06-16,26,5.929589143389895,25,0,5.831882477283517,10
2306.09093,2023-06-16,26,5.91350300563827,25,0,5.831882477283517,16
2306.09109,2023-06-16,26,5.945420608606575,25,0,5.8522024797744745,4
2306.09200,2023-06-16,26,5.924255797414532,25,0,5.860786223465865,12
2306.09296,2023-06-16,26,5.902633333401366,25,0,5.860786223465865,20
2306.09316,2023-06-16,26,5.929589143389895,25,0,5.877735781779639,10
2306.09322,2023-06-16,26,5.948034989180646,25,0,5.902633333401366,3
2306.09327,2023-06-16,26,5.929589143389895,25,0,5.929589143389895,10
2306.09329,2023-06-16,26,5.910796644040527,25,0,5.902633333401366,17
2306.09348,2023-06-16,26,5.863631175598097,25,0,5.8522024797744745,34
2306.09349,2023-06-16,26,5.942799375126701,25,0,5.683579767338681,5
2306.09442,2023-06-19,12,5.147494476813453,11,0,5.147494476813453,7
2306.09479,2023-06-19,12,5.1298987149230735,11,0,4.976733742420574,10
2306.09539,2023-06-19,12,5.1298987149230735,11,0,4.976733742420574,10
2306.09557,2023-06-19,12,5.170483995038151,11,0,5.170483995038151,3
2306.09635,2023-06-19,12,5.147494476813453,11,0,5.056245805348308,7
2306.09682,2023-06-19,12,5.147494476813453,11,0,5.049856007249537,7
2306.09683,2023-06-19,12,5.093750200806762,11,0,5.049856007249537,16
2306.09782,2023-06-19,12,4.997212273764115,11,0,4.997212273764115,31
2306.09864,2023-06-19,12,5.099866427824199,11,0,5.056245805348308,15
2306.09896,2023-06-19,12,5.062595033026967,11,0,4.795790545596741,21
2306.10007,2023-06-19,12,5.10594547390058,11,0,4.976733742420574,14
2306.10012,2023-06-19,12,4.955827057601261,11,0,4.795790545596741,37
2306.11698,2023-06-20,1,0.0,0,0,0.0,13
2306.10169,2023-06-21,12,5.579729825986222,11,0,5.5053315359323625,6
2306.10231,2023-06-21,12,5.568344503761097,11,0,5.568344503761097,9
2306.10533,2023-06-21,12,5.556828061699537,11,0,5.529429087511423,12
2306.10763,2023-06-21,12,5.575949103146316,11,0,5.575949103146316,7
2306.10785,2023-06-21,12,5.583496308781699,11,0,5.556828061699537,5
2306.10900,2023-06-21,12,5.529429087511423,11,0,5.5053315359323625,19
2306.10968,2023-06-21,12,5.575949103146316,11,0,5.556828061699537,7
2306.10998,2023-06-21,12,5.54907608489522,11,0,4.59511985013459,14
2306.11565,2023-06-21,12,5.537334267018537,11,0,5.537334267018537,17
2306.11644,2023-06-21,12,4.727387818712341,11,0,4.59511985013459,158
2306.11706,2023-06-21,12,5.568344503761097,11,0,5.568344503761097,9
2306.11719,2023-06-21,12,5.575949103146316,11,0,5.529429087511423,7
2306.11932,2023-06-22,10,5.288267030694535,9,0,5.288267030694535,6
2306.11987,2023-06-22,10,5.198497031265826,9,0,5.030437921392435,23
2306.12059,2023-06-22,10,5.293304824724492,9,0,5.293304824724492,5
2306.12156,2023-06-22,10,5.123963979403259,9,0,5.123963979403259,36
2306.12422,2023-06-22,10,5.25227342804663,9,0,5.214935757608986,13
2306.12509,2023-06-22,10,5.241747015059643,9,0,5.030437921392435,15
2306.12672,2023-06-22,10,5.1647859739235145,9,0,5.1647859739235145,29
2306.12925,2023-06-22,10,4.997212273764115,9,0,4.997212273764115,56
2306.12929,2023-06-22,10,5.25227342804663,9,0,5.030437921392435,13
2306.13078,2023-06-22,10,5.2832037287379885,9,0,5.214935757608986,7
2306.10008,2023-06-23,2,2.302585092994046,1,0,2.302585092994046,9
2306.12760,2023-06-23,2,2.302585092994046,1,0,2.302585092994046,9
2306.13421,2023-06-26,7,4.61512051684126,6,0,4.61512051684126,17
2306.13455,2023-06-26,7,4.6913478822291435,6,0,4.6913478822291435,9
2306.13575,2023-06-26,7,4.61512051684126,6,0,4.499809670330265,17
2306.13588,2023-06-26,7,4.672828834461906,6,0,4.499809670330265,11
2306.13631,2023-06-26,7,4.672828834461906,6,0,4.672828834461906,11
2306.13649,2023-06-26,7,4.406719247264253,6,0,4.406719247264253,36
2306.13651,2023-06-26,7,4.624972813284271,6,0,4.624972813284271,16
2306.13754,2023-06-27,18,5.278114659230517,17,0,5.049856007249537,6
2306.13776,2023-06-27,18,5.2832037287379885,17,0,4.844187086458591,5
2306.13840,2023-06-27,18,5.247024072160486,17,0,4.844187086458591,12
2306.14035,2023-06-27,18,5.2574953720277815,17,0,5.2574953720277815,10
2306.14048,2023-06-27,18,5.236441962829949,17,0,4.844187086458591,14
2306.14066,2023-06-27,18,5.303304908059076,17,0,5.049856007249537,1
2306.14101,2023-06-27,18,5.25227342804663,17,0,5.25227342804663,11
2306.14153,2023-06-27,18,5.278114659230517,17,0,5.049856007249537,6
2306.14289,2023-06-27,18,5.225746673713202,17,0,4.844187086458591,16
2306.14435,2023-06-27,18,5.198497031265826,17,0,5.049856007249537,21
2306.14447,2023-06-27,18,5.278114659230517,17,0,5.278114659230517,6
2306.14565,2023-06-27,18,5.278114659230517,17,0,5.267858159063328,6
2306.14795,2023-06-27,18,5.159055299214529,17,0,4.844187086458591,28
2306.14824,2023-06-27,18,5.111987788356544,17,0,5.111987788356544,36
2306.14846,2023-06-27,18,5.272999558563747,17,0,5.049856007249537,7
2306.14878,2023-06-27,18,5.2832037287379885,17,0,5.049856007249537,5
2306.14892,2023-06-27,18,5.262690188904886,17,0,5.262690188904886,9
2306.14896,2023-06-27,18,5.298317366548036,17,0,5.267858159063328,2
2306.15091,2023-06-28,9,4.770684624465665,8,0,4.770684624465665,6
2306.15128,2023-06-28,9,4.762173934797756,8,0,4.762173934797756,7
2306.15354,2023-06-28,9,4.762173934797756,8,0,4.762173934797756,7
2306.15400,2023-06-28,9,4.787491742782046,8,0,4.672828834461906,4
2306.15447,2023-06-28,9,4.77912349311153,8,0,4.77912349311153,5
2306.15595,2023-06-28,9,4.248495242049359,8,0,3.9512437185814275,54
2306.15626,2023-06-28,9,4.663439094112067,8,0,3.9512437185814275,18
2306.15658,2023-06-28,9,4.709530201312334,8,0,4.672828834461906,13
2306.15667,2023-06-28,9,4.74493212836325,8,0,4.74493212836325,9
2306.15724,2023-06-29,9,4.59511985013459,8,0,4.189654742026425,6
2306.15794,2023-06-29,9,4.465908118654584,8,0,4.189654742026425,18
2306.16009,2023-06-29,9,4.634728988229636,8,0,4.634728988229636,2
2306.16052,2023-06-29,9,4.59511985013459,8,0,4.59511985013459,6
2306.16388,2023-06-29,9,4.59511985013459,8,0,4.59511985013459,6
2306.16410,2023-06-29,9,4.330733340286331,8,0,4.330733340286331,29
2306.16564,2023-06-29,9,4.624972813284271,8,0,4.189654742026425,3
2306.17107,2023-06-29,9,4.532599493153256,8,0,4.189654742026425,12
2306.17156,2023-06-29,9,4.418840607796598,8,0,4.418840607796598,22
2306.16527,2023-06-30,11,4.962844630259907,10,0,4.875197323201151,47
2306.16601,2023-06-30,11,5.225746673713202,10,0,5.225746673713202,4
2306.16700,2023-06-30,11,5.214935757608986,10,0,5.214935757608986,6
2306.16793,2023-06-30,11,5.209486152841421,10,0,5.209486152841421,7
2306.16857,2023-06-30,11,5.220355825078324,10,0,5.220355825078324,5
2306.16869,2023-06-30,11,5.214935757608986,10,0,5.214935757608986,6
2306.16928,2023-06-30,11,5.003946305945459,10,0,4.543294782270004,41
2306.16934,2023-06-30,11,5.062595033026967,10,0,4.543294782270004,32
2306.16940,2023-06-30,11,5.214935757608986,10,0,5.214935757608986,6
2306.17115,2023-06-30,11,5.181783550292085,10,0,4.875197323201151,12
2306.17154,2023-06-30,11,5.117993812416755,10,0,4.543294782270004,23
2306.17194,2023-07-02,5,4.007333185232471,4,0,4.007333185232471,9
2306.17492,2023-07-02,5,4.060443010546419,4,0,3.367295829986474,6
2306.17563,2023-07-02,5,4.007333185232471,4,0,4.007333185232471,9
2306.17582,2023-07-02,5,3.9889840465642745,4,0,3.9889840465642745,10
2306.17806,2023-07-02,5,3.5553480614894135,4,0,3.367295829986474,29
2306.17319,2023-07-03,5,4.248495242049359,4,0,4.189654742026425,3
2306.17759,2023-07-03,5,4.23410650459726,4,0,4.189654742026425,4
2306.17840,2023-07-03,5,4.0943445622221,4,0,4.0943445622221,13
2306.17843,2023-07-03,5,3.367295829986474,4,0,3.367295829986474,44
2306.17848,2023-07-03,5,4.174387269895637,4,0,4.174387269895637,8
2307.00040,2023-07-04,11,5.030437921392435,10,0,5.030437921392435,26
2307.00117,2023-07-04,11,5.153291594497779,10,0,5.030437921392435,6
2307.00119,2023-07-04,11,5.153291594497779,10,0,5.153291594497779,6
2307.00184,2023-07-04,11,5.062595033026967,10,0,5.0238805208462765,21
2307.00522,2023-07-04,11,4.983606621708336,10,0,4.912654885736052,33
2307.00716,2023-07-04,11,5.0689042022202315,10,0,5.030437921392435,20
2307.00804,2023-07-04,11,5.159055299214529,10,0,4.859812404361672,5
2307.01097,2023-07-04,11,5.1298987149230735,10,0,4.912654885736052,10
2307.01163,2023-07-04,11,5.153291594497779,10,0,5.0238805208462765,6
2307.01197,2023-07-04,11,4.962844630259907,10,0,4.859812404361672,36
2307.01200,2023-07-04,11,5.135798437050262,10,0,4.859812404361672,9
2307.01229,2023-07-06,16,5.82600010738045,15,0,5.82600010738045,5
2307.01831,2023-07-06,16,5.817111159963204,15,0,5.342334251964811,8
2307.01848,2023-07-06,16,5.82600010738045,15,0,5.777652323222656,5
2307.01928,2023-07-06,16,5.811140992976701,15,0,5.796057750765372,10
2307.01938,2023-07-06,16,5.820082930352362,15,0,5.820082930352362,7
2307.01952,2023-07-06,16,5.529429087511423,15,0,5.342334251964811,92
2307.02053,2023-07-06,16,5.771441123130016,15,0,5.676753802268282,23
2307.02179,2023-07-06,16,5.820082930352362,15,0,5.541263545158426,7
2307.02321,2023-07-06,16,5.820082930352362,15,0,5.820082930352362,7
2307.02421,2023-07-06,16,5.733341276897746,15,0,5.342334251964811,35
2307.02469,2023-07-06,16,5.802118375377063,15,0,5.676753802268282,13
2307.02483,2023-07-06,16,5.793013608384144,15,0,5.676753802268282,16
2307.02484,2023-07-06,16,5.82600010738045,15,0,5.796057750765372,5
2307.02485,2023-07-06,16,5.805134968916488,15,0,5.805134968916488,12
2307.02486,2023-07-06,16,5.568344503761097,15,0,5.541263545158426,82
2307.02499,2023-07-06,16,5.793013608384144,15,0,5.777652323222656,16
2307.02628,2023-07-07,7,4.867534450455582,6,0,4.867534450455582,10
2307.02768,2023-07-07,7,4.8283137373023015,6,0,4.8283137373023015,15
2307.03109,2023-07-07,7,4.574710978503383,6,0,4.574710978503383,43
2307.03166,2023-07-07,7,4.90527477843843,6,0,4.90527477843843,5
2307.03170,2023-07-07,7,4.852030263919617,6,0,4.430816798843313,12
2307.03172,2023-07-07,7,4.564348191467836,6,0,4.430816798843313,44
2307.03183,2023-07-07,7,4.867534450455582,6,0,4.867534450455582,10
2307.03322,2023-07-10,9,4.663439094112067,8,0,4.61512051684126,8
2307.03381,2023-07-10,9,4.543294782270004,8,0,4.543294782270004,20
2307.03576,2023-07-10,9,4.672828834461906,8,0,4.382026634673881,7
2307.03601,2023-07-10,9,4.61512051684126,8,0,4.543294782270004,13
2307.03659,2023-07-10,9,4.672828834461906,8,0,4.672828834461906,7
2307.03692,2023-07-10,9,4.465908118654584,8,0,4.382026634673881,27
2307.03718,2023-07-10,9,4.6913478822291435,8,0,4.61512051684126,5
2307.03875,2023-07-10,9,4.553876891600541,8,0,4.553876891600541,19
2307.04087,2023-07-10,9,4.672828834461906,8,0,4.543294782270004,7
2307.03869,2023-07-11,16,5.476463551931511,15,0,5.424950017481403,24
2307.03917,2023-07-11,16,5.545177444479562,15,0,5.455321115357702,7
2307.04008,2023-07-11,16,5.556828061699537,15,0,5.556828061699537,4
2307.04349,2023-07-11,16,5.552959584921617,15,0,5.2574953720277815,5
2307.04577,2023-07-11,16,5.564520407322694,15,0,5.564520407322694,2
2307.04603,2023-07-11,16,5.552959584921617,15,0,5.552959584921617,5
2307.04686,2023-07-11,16,5.484796933490655,15,0,5.455321115357702,22
2307.04699,2023-07-11,16,5.552959584921617,15,0,5.424950017481403,5
2307.04721,2023-07-11,16,5.5093883366279774,15,0,5.2574953720277815,16
2307.04725,2023-07-11,16,5.288267030694535,15,0,5.288267030694535,65
2307.04751,2023-07-11,16,5.556828061699537,15,0,5.4638318050256105,4
2307.04767,2023-07-11,16,5.480638923341991,15,0,5.4638318050256105,23
2307.04964,2023-07-11,16,5.4510384535657,15,0,5.2574953720277815,30
2307.05222,2023-07-11,16,5.480638923341991,15,0,5.480638923341991,23
2307.05300,2023-07-11,16,5.493061443340548,15,0,5.2574953720277815,20
2307.05454,2023-07-11,16,5.545177444479562,15,0,5.424950017481403,7
2307.04787,2023-07-12,7,4.31748811353631,6,0,3.828641396489095,31
2307.05014,2023-07-12,7,4.59511985013459,6,0,4.59511985013459,7
2307.05432,2023-07-12,7,4.477336814478207,6,0,4.382026634673881,18
2307.05445,2023-07-12,7,4.51085950651685,6,0,3.828641396489095,15
2307.05462,2023-07-12,7,4.584967478670572,6,0,4.382026634673881,8
2307.05463,2023-07-12,7,4.543294782270004,6,0,4.543294782270004,12
2307.05473,2023-07-12,7,4.5217885770490405,6,0,3.828641396489095,14
2307.05591,2023-07-13,15,5.3706380281276624,14,0,5.3230099791384085,6
2307.05628,2023-07-13,15,5.351858133476067,14,0,5.351858133476067,10
2307.05695,2023-07-13,15,5.2832037287379885,14,0,5.043425116919247,24
2307.05741,2023-07-13,15,5.375278407684165,14,0,5.043425116919247,5
2307.05959,2023-07-13,15,5.384495062789089,14,0,5.384495062789089,3
2307.05973,2023-07-13,15,5.37989735354046,14,0,5.37989735354046,4
2307.06018,2023-07-13,15,5.267858159063328,14,0,5.043425116919247,27
2307.06135,2023-07-13,15,5.327876168789581,14,0,5.327876168789581,15
2307.06290,2023-07-13,15,5.351858133476067,14,0,5.043425116919247,10
2307.06304,2023-07-13,15,5.220355825078324,14,0,5.0689042022202315,36
2307.06350,2023-07-13,15,5.365976015021851,14,0,5.365976015021851,7
2307.06439,2023-07-13,15,5.351858133476067,14,0,5.3230099791384085,10
2307.06908,2023-07-13,15,5.3612921657094255,14,0,5.3612921657094255,8
2307.06942,2023-07-13,15,5.272999558563747,14,0,5.0689042022202315,26
2307.06945,2023-07-13,15,5.2574953720277815,14,0,5.2574953720277815,29
2307.06857,2023-07-14,4,4.330733340286331,3,0,4.330733340286331,12
2307.06925,2023-07-14,4,4.330733340286331,3,0,4.330733340286331,12
2307.06940,2023-07-14,4,4.343805421853684,3,0,4.343805421853684,11
2307.06949,2023-07-14,4,3.58351893845611,3,0,3.58351893845611,52
2307.06962,2023-07-16,2,2.8903717578961645,1,0,2.8903717578961645,36
2307.07047,2023-07-16,2,3.6109179126442243,1,0,3.6109179126442243,17
2307.07164,2023-07-17,4,4.02535169073515,3,0,4.02535169073515,23
2307.07218,2023-07-17,4,3.9318256327243257,3,0,3.9318256327243257,28
2307.07487,2023-07-17,4,4.060443010546419,3,0,3.9512437185814275,21
2307.07511,2023-07-17,4,4.290459441148391,3,0,3.9512437185814275,6
2307.07635,2023-07-18,11,5.814130531825066,10,0,5.814130531825066,19
2307.07663,2023-07-18,11,5.8377304471659395,10,0,5.8377304471659395,11
2307.07947,2023-07-18,11,5.855071922202427,10,0,5.840641657373398,5
2307.08041,2023-07-18,11,5.834810737062605,10,0,5.834810737062605,12
2307.08506,2023-07-18,11,5.849324779946859,10,0,5.849324779946859,7
2307.08579,2023-07-18,11,5.855071922202427,10,0,5.840641657373398,5
2307.08581,2023-07-18,11,5.783825182329737,10,0,5.783825182329737,29
2307.08621,2023-07-18,11,5.198497031265826,10,0,5.198497031265826,173
2307.08674,2023-07-18,11,5.720311776607412,10,0,5.720311776607412,49
2307.08701,2023-07-18,11,5.799092654460526,10,0,5.799092654460526,24
2307.08702,2023-07-18,11,5.814130531825066,10,0,5.814130531825066,19
2307.09009,2023-07-19,6,5.659482215759621,5,1,5.659482215759621,25
2307.09112,2023-07-19,6,5.713732805509369,5,1,3.9318256327243257,9
2307.09233,2023-07-19,6,5.713732805509369,5,1,5.713732805509369,9
2307.09288,2023-07-19,6,4.0943445622221,5,0,3.9318256327243257,252
2307.09320,2023-07-19,6,5.730099782973574,5,1,5.730099782973574,4
2307.09458,2023-07-19,6,5.703782474656201,5,1,5.703782474656201,12
2307.09638,2023-07-20,10,5.318119993844216,9,0,4.653960350157523,2
2307.09668,2023-07-20,10,5.2574953720277815,9,0,5.2574953720277815,14
2307.09781,2023-07-20,10,5.247024072160486,9,0,5.062595033026967,16
2307.09793,2023-07-20,10,5.062595033026967,9,0,4.653960350157523,48
2307.10088,2023-07-20,10,5.267858159063328,9,0,5.267858159063328,12
2307.10159,2023-07-20,10,5.159055299214529,9,0,5.062595033026967,32
2307.10168,2023-07-20,10,5.272999558563747,9,0,5.272999558563747,11
2307.10169,2023-07-20,10,5.043425116919247,9,0,4.653960350157523,51
2307.10172,2023-07-20,10,5.262690188904886,9,0,5.262690188904886,13
2307.10173,2023-07-20,10,5.298317366548036,9,0,5.298317366548036,6
2307.10350,2023-07-21,9,5.2574953720277815,8,0,4.990432586778736,12
2307.10373,2023-07-21,9,4.983606621708336,8,0,4.983606621708336,58
2307.10558,2023-07-21,9,5.298317366548036,8,0,5.298317366548036,4
2307.10635,2023-07-21,9,5.272999558563747,8,0,5.198497031265826,9
2307.10802,2023-07-21,9,5.0689042022202315,8,0,4.990432586778736,45
2307.10907,2023-07-21,9,5.278114659230517,8,0,5.278114659230517,8
2307.10928,2023-07-21,9,5.247024072160486,8,0,5.198497031265826,14
2307.10936,2023-07-21,9,5.262690188904886,8,0,5.262690188904886,11
2307.11078,2023-07-21,9,5.087596335232384,8,0,5.087596335232384,42
2307.11118,2023-07-24,4,3.6635616461296463,3,0,0.0,8
2307.11410,2023-07-24,4,3.4011973816621555,3,0,0.0,17
2307.11418,2023-07-24,4,3.6635616461296463,3,0,0.0,8
2307.11526,2023-07-24,4,3.5263605246161616,3,0,0.0,13
2307.11768,2023-07-25,12,5.231108616854587,11,0,5.170483995038151,15
2307.11795,2023-07-25,12,5.214935757608986,11,0,5.214935757608986,18
2307.12169,2023-07-25,12,5.25227342804663,11,0,5.181783550292085,11
2307.12533,2023-07-25,12,5.231108616854587,11,0,5.231108616854587,15
2307.12560,2023-07-25,12,5.198497031265826,11,0,5.198497031265826,21
2307.12612,2023-07-25,12,5.272999558563747,11,0,5.181783550292085,7
2307.12698,2023-07-25,12,5.272999558563747,11,0,5.272999558563747,7
2307.12854,2023-07-25,12,5.278114659230517,11,0,5.181783550292085,6
2307.12856,2023-07-25,12,5.10594547390058,11,0,5.10594547390058,37
2307.12950,2023-07-25,12,5.25227342804663,11,0,5.170483995038151,11
2307.12976,2023-07-25,12,5.241747015059643,11,0,5.241747015059643,13
2307.12981,2023-07-25,12,5.087596335232384,11,0,5.087596335232384,40
2307.13101,2023-07-26,9,5.187385805840755,8,0,4.875197323201151,4
2307.13226,2023-07-26,9,5.176149732573829,8,0,5.176149732573829,6
2307.13269,2023-07-26,9,5.003946305945459,8,0,5.003946305945459,34
2307.13383,2023-07-26,9,5.159055299214529,8,0,5.159055299214529,9
2307.13692,2023-07-26,9,5.099866427824199,8,0,4.875197323201151,19
2307.13702,2023-07-26,9,5.0369526024136295,8,0,4.875197323201151,29
2307.13854,2023-07-26,9,5.049856007249537,8,0,5.049856007249537,27
2307.14225,2023-07-26,9,5.159055299214529,8,0,5.159055299214529,9
2307.14335,2023-07-26,9,4.927253685157205,8,0,4.927253685157205,45
2307.13720,2023-07-27,10,4.875197323201151,9,0,4.672828834461906,9
2307.13908,2023-07-27,10,4.875197323201151,9,0,4.672828834461906,9
2307.13924,2023-07-27,10,4.919980925828125,9,0,4.882801922586371,3
2307.13974,2023-07-27,10,4.8283137373023015,9,0,4.8283137373023015,15
2307.14008,2023-07-27,10,4.912654885736052,9,0,4.912654885736052,4
2307.14117,2023-07-27,10,4.90527477843843,9,0,4.882801922586371,5
2307.14334,2023-07-27,10,4.836281906951478,9,0,4.836281906951478,14
2307.14535,2023-07-27,10,4.8283137373023015,9,0,4.672828834461906,15
2307.14936,2023-07-27,10,4.584967478670572,9,0,4.584967478670572,42
2307.14995,2023-07-27,10,4.762173934797756,9,0,4.762173934797756,23
2307.13813,2023-07-28,5,3.9318256327243257,4,0,3.9318256327243257,9
2307.14460,2023-07-28,5,3.9318256327243257,4,0,3.4657359027997265,9
2307.14620,2023-07-28,5,3.8066624897703196,4,0,3.6375861597263857,15
2307.15042,2023-07-28,5,3.970291913552122,4,0,3.6375861597263857,7
2307.15063,2023-07-28,5,3.713572066704308,4,0,3.4657359027997265,19
2307.15131,2023-07-31,8,5.459585514144159,7,0,5.459585514144159,6
2307.15189,2023-07-31,8,5.37989735354046,7,0,5.318119993844216,24
2307.15199,2023-07-31,8,5.429345628954441,7,0,5.318119993844216,13
2307.15217,2023-07-31,8,5.308267697401205,7,0,5.308267697401205,39
2307.15337,2023-07-31,8,5.308267697401205,7,0,5.308267697401205,39
2307.15504,2023-07-31,8,5.4510384535657,7,0,5.4116460518550396,8
2307.15593,2023-07-31,8,5.44673737166631,7,0,5.4116460518550396,9
2307.16789,2023-07-31,8,4.9344739331306915,7,0,4.9344739331306915,102
2307.15771,2023-08-01,12,5.298317366548036,11,0,4.990432586778736,20
2307.15780,2023-08-01,12,5.2574953720277815,11,0,4.990432586778736,28
2307.15818,2023-08-01,12,5.236441962829949,11,0,5.099866427824199,32
2307.16125,2023-08-01,12,5.356586274672012,11,0,5.099866427824199,8
2307.16184,2023-08-01,12,5.318119993844216,11,0,5.099866427824199,16
2307.16368,2023-08-01,12,5.332718793265369,11,0,5.332718793265369,13
2307.16372,2023-08-01,12,5.198497031265826,11,0,5.198497031265826,39
2307.16449,2023-08-01,12,5.313205979041787,11,0,4.990432586778736,17
2307.16686,2023-08-01,12,5.308267697401205,11,0,5.308267697401205,18
2307.16715,2023-08-01,12,5.337538079701318,11,0,5.337538079701318,12
2307.16888,2023-08-01,12,5.356586274672012,11,0,4.990432586778736,8
2307.16890,2023-08-01,12,5.356586274672012,11,0,5.356586274672012,8
2308.00113,2023-08-02,5,4.634728988229636,4,0,4.634728988229636,15
2308.00304,2023-08-02,5,4.543294782270004,4,0,4.248495242049359,24
2308.00436,2023-08-02,5,4.543294782270004,4,0,4.248495242049359,24
2308.00566,2023-08-02,5,4.61512051684126,4,0,4.61512051684126,17
2308.00675,2023-08-02,5,4.394449154672439,4,0,4.394449154672439,37
2308.00906,2023-08-03,6,4.624972813284271,5,0,4.624972813284271,15
2308.00951,2023-08-03,6,4.553876891600541,5,0,4.276666119016055,22
2308.01300,2023-08-03,6,4.672828834461906,5,0,4.672828834461906,10
2308.01313,2023-08-03,6,4.672828834461906,5,0,4.276666119016055,10
2308.01317,2023-08-03,6,4.6443908991413725,5,0,4.276666119016055,13
2308.01320,2023-08-03,6,4.2626798770413155,5,0,4.2626798770413155,46
2308.01379,2023-08-04,11,5.170483995038151,10,0,5.093750200806762,4
2308.01390,2023-08-04,11,4.983606621708336,10,0,4.532599493153256,34
2308.01399,2023-08-04,11,4.969813299576001,10,0,4.532599493153256,36
2308.01477,2023-08-04,11,5.117993812416755,10,0,5.093750200806762,13
2308.01499,2023-08-04,11,5.176149732573829,10,0,5.176149732573829,3
2308.01544,2023-08-04,11,5.093750200806762,10,0,4.532599493153256,17
2308.01546,2023-08-04,11,5.081404364984463,10,0,5.081404364984463,19
2308.01734,2023-08-04,11,5.147494476813453,10,0,5.147494476813453,8
2308.01825,2023-08-04,11,5.056245805348308,10,0,5.056245805348308,23
2308.01904,2023-08-04,11,5.14166355650266,10,0,5.14166355650266,9
2308.01907,2023-08-04,11,5.117993812416755,10,0,5.117993812416755,13
2308.01937,2023-08-07,6,4.356708826689592,5,0,4.356708826689592,6
2308.02151,2023-08-07,6,4.143134726391533,5,0,4.143134726391533,21
2308.02180,2023-08-07,6,4.2626798770413155,5,0,4.2626798770413155,13
2308.02453,2023-08-07,6,4.30406509320417,5,0,4.30406509320417,10
2308.02487,2023-08-07,6,4.248495242049359,5,0,4.248495242049359,14
2308.02490,2023-08-07,6,4.174387269895637,5,0,4.174387269895637,19
2308.02510,2023-08-08,16,5.420534999272286,15,0,5.093750200806762,23
2308.02560,2023-08-08,16,5.497168225293202,15,0,5.093750200806762,5
2308.02669,2023-08-08,16,5.4116460518550396,15,0,5.093750200806762,25
2308.03028,2023-08-08,16,5.484796933490655,15,0,5.365976015021851,8
2308.03279,2023-08-08,16,5.41610040220442,15,0,5.318119993844216,24
2308.03280,2023-08-08,16,5.484796933490655,15,0,5.093750200806762,8
2308.03290,2023-08-08,16,5.493061443340548,15,0,5.318119993844216,6
2308.03291,2023-08-08,16,5.493061443340548,15,0,5.318119993844216,6
2308.03296,2023-08-08,16,5.459585514144159,15,0,5.365976015021851,14
2308.03421,2023-08-08,16,5.480638923341991,15,0,5.318119993844216,9
2308.03427,2023-08-08,16,5.4510384535657,15,0,5.332718793265369,16
2308.03526,2023-08-08,16,5.393627546352362,15,0,5.393627546352362,29
2308.03610,2023-08-08,16,5.4116460518550396,15,0,5.093750200806762,25
2308.03688,2023-08-08,16,5.407171771460119,15,0,5.332718793265369,26
2308.03729,2023-08-08,16,5.472270673671475,15,0,5.472270673671475,11
2308.03757,2023-08-08,16,5.4638318050256105,15,0,5.365976015021851,13
2308.03793,2023-08-09,5,5.53338948872752,4,1,5.53338948872752,12
2308.03958,2023-08-09,5,5.488937726156687,4,1,5.488937726156687,23
2308.04079,2023-08-09,5,4.110873864173311,4,0,3.912023005428146,204
2308.04265,2023-08-09,5,5.5254529391317835,4,1,5.5254529391317835,14
2308.04430,2023-08-09,5,5.537334267018537,4,1,3.912023005428146,11
2308.04556,2023-08-10,4,4.532599493153256,3,0,4.532599493153256,10
2308.04592,2023-08-10,4,4.248495242049359,3,0,4.248495242049359,33
2308.04623,2023-08-10,4,4.343805421853684,3,0,4.343805421853684,26
2308.04729,2023-08-10,4,4.248495242049359,3,0,4.248495242049359,33
2308.05221,2023-08-11,7,4.77912349311153,6,0,4.477336814478207,11
2308.05326,2023-08-11,7,4.74493212836325,6,0,4.624972813284271,15
2308.05371,2023-08-11,7,4.770684624465665,6,0,4.770684624465665,12
2308.05374,2023-08-11,7,4.59511985013459,6,0,4.477336814478207,31
2308.05732,2023-08-11,7,4.787491742782046,6,0,4.418840607796598,10
2308.05734,2023-08-11,7,4.532599493153256,6,0,4.418840607796598,37
2308.05737,2023-08-11,7,4.762173934797756,6,0,4.624972813284271,13
2308.05884,2023-08-14,6,4.624972813284271,5,0,4.624972813284271,34
2308.05960,2023-08-14,6,4.7535901911063645,5,0,4.7535901911063645,20
2308.06103,2023-08-14,6,4.74493212836325,5,0,4.74493212836325,21
2308.06125,2023-08-14,6,4.844187086458591,5,0,4.844187086458591,9
2308.06259,2023-08-14,6,4.532599493153256,5,0,4.532599493153256,43
2308.06261,2023-08-14,6,4.852030263919617,5,0,4.852030263919617,8
2308.06595,2023-08-15,9,5.123963979403259,8,0,4.875197323201151,6
2308.06721,2023-08-15,9,4.919980925828125,8,0,4.875197323201151,37
2308.06873,2023-08-15,9,4.990432586778736,8,0,4.990432586778736,27
2308.06912,2023-08-15,9,5.043425116919247,8,0,4.919980925828125,19
2308.07124,2023-08-15,9,4.948759890378168,8,0,4.7535901911063645,33
2308.07228,2023-08-15,9,5.093750200806762,8,0,4.919980925828125,11
2308.07286,2023-08-15,9,5.117993812416755,8,0,4.919980925828125,7
2308.07316,2023-08-15,9,5.111987788356544,8,0,5.111987788356544,8
2308.07317,2023-08-15,9,5.003946305945459,8,0,4.7535901911063645,25
2308.07395,2023-08-16,7,4.700480365792417,6,0,4.700480365792417,7
2308.07795,2023-08-16,7,4.6913478822291435,6,0,4.430816798843313,8
2308.07891,2023-08-16,7,4.605170185988092,6,0,4.605170185988092,17
2308.07903,2023-08-16,7,4.663439094112067,6,0,4.663439094112067,11
2308.07921,2023-08-16,7,4.5217885770490405,6,0,4.430816798843313,25
2308.07922,2023-08-16,7,4.584967478670572,6,0,4.584967478670572,19
2308.07926,2023-08-16,7,4.477336814478207,6,0,4.477336814478207,29
2308.07931,2023-08-17,6,4.74493212836325,5,0,4.74493212836325,9
2308.07968,2023-08-17,6,4.584967478670572,5,0,4.584967478670572,26
2308.08089,2023-08-17,6,4.61512051684126,5,0,3.58351893845611,23
2308.08258,2023-08-17,6,4.77912349311153,5,0,3.58351893845611,5
2308.08316,2023-08-17,6,4.59511985013459,5,0,3.58351893845611,25
2308.08545,2023-08-17,6,4.48863636973214,5,0,3.58351893845611,35
2308.13137,2023-08-28,5,4.343805421853684,4,0,4.143134726391533,20
2308.13404,2023-08-28,5,4.465908118654584,4,0,4.465908118654584,10
2308.13416,2023-08-28,5,4.418840607796598,4,0,4.143134726391533,14
2308.13418,2023-08-28,5,4.007333185232471,4,0,3.8066624897703196,42
2308.13494,2023-08-28,5,4.465908118654584,4,0,3.8066624897703196,10
2308.13785,2023-08-29,2,3.4657359027997265,1,0,3.4657359027997265,8
2308.14089,2023-08-29,2,2.1972245773362196,1,0,2.1972245773362196,31
2308.15560,2023-08-31,6,4.836281906951478,5,0,4.836281906951478,10
2308.15930,2023-08-31,6,4.624972813284271,5,0,4.624972813284271,34
2308.15975,2023-08-31,6,4.812184355372417,5,0,4.812184355372417,13
2308.16137,2023-08-31,6,4.553876891600541,5,0,4.553876891600541,41
2308.16149,2023-08-31,6,4.672828834461906,5,0,4.672828834461906,29
2308.16185,2023-08-31,6,4.852030263919617,5,0,4.852030263919617,8
2308.16246,2023-09-01,9,5.25227342804663,8,0,5.25227342804663,11
2308.16271,2023-09-01,9,5.220355825078324,8,0,5.170483995038151,17
2308.16458,2023-09-01,9,5.241747015059643,8,0,5.176149732573829,13
2308.16512,2023-09-01,9,4.564348191467836,8,0,4.430816798843313,106
2308.16582,2023-09-01,9,5.247024072160486,8,0,4.430816798843313,12
2308.16824,2023-09-01,9,5.247024072160486,8,0,5.176149732573829,12
2308.16876,2023-09-01,9,5.262690188904886,8,0,5.170483995038151,9
2308.16884,2023-09-01,9,5.25227342804663,8,0,5.25227342804663,11
2308.16891,2023-09-01,9,5.2574953720277815,8,0,5.2574953720277815,10
2309.00035,2023-09-03,5,5.220355825078324,4,0,5.220355825078324,19
2309.00071,2023-09-03,5,4.77912349311153,4,0,4.77912349311153,85
2309.00267,2023-09-03,5,5.017279836814924,4,0,5.017279836814924,53
2309.00359,2023-09-03,5,5.198497031265826,4,0,5.198497031265826,23
2309.00398,2023-09-03,5,5.198497031265826,4,0,5.198497031265826,23
2309.00610,2023-09-04,2,2.6390573296152584,1,0,2.6390573296152584,21
2309.00615,2023-09-04,2,3.091042453358316,1,0,3.091042453358316,13
2309.00754,2023-09-06,15,5.241747015059643,14,0,5.220355825078324,16
2309.00775,2023-09-06,15,5.272999558563747,14,0,5.272999558563747,10
2309.00908,2023-09-06,15,5.293304824724492,14,0,5.062595033026967,6
2309.00966,2023-09-06,15,5.293304824724492,14,0,5.062595033026967,6
2309.00986,2023-09-06,15,5.209486152841421,14,0,5.209486152841421,22
2309.00987,2023-09-06,15,5.303304908059076,14,0,5.220355825078324,4
2309.01700,2023-09-06,15,5.236441962829949,14,0,5.062595033026967,17
2309.01770,2023-09-06,15,5.262690188904886,14,0,5.003946305945459,12
2309.01775,2023-09-06,15,5.272999558563747,14,0,5.003946305945459,10
2309.01826,2023-09-06,15,5.14166355650266,14,0,5.003946305945459,34
2309.02040,2023-09-06,15,5.298317366548036,14,0,5.062595033026967,5
2309.02119,2023-09-06,15,5.2574953720277815,14,0,5.062595033026967,13
2309.02186,2023-09-06,15,5.204006687076795,14,0,5.204006687076795,23
2309.02285,2023-09-06,15,5.247024072160486,14,0,5.247024072160486,15
2309.02420,2023-09-06,15,5.267858159063328,14,0,5.267858159063328,11
2309.02561,2023-09-07,8,4.605170185988092,7,0,4.605170185988092,9
2309.02591,2023-09-07,8,4.532599493153256,7,0,3.8501476017100584,16
2309.03130,2023-09-07,8,4.663439094112067,7,0,4.663439094112067,3
2309.03160,2023-09-07,8,4.61512051684126,7,0,3.8501476017100584,8
2309.03179,2023-09-07,8,4.356708826689592,7,0,3.8501476017100584,31
2309.03185,2023-09-07,8,4.624972813284271,7,0,3.8501476017100584,7
2309.03199,2023-09-07,8,4.543294782270004,7,0,4.543294782270004,15
2309.03241,2023-09-07,8,4.499809670330265,7,0,4.499809670330265,19
2309.03315,2023-09-08,12,5.662960480135946,11,0,5.662960480135946,7
2309.03409,2023-09-08,12,5.375278407684165,11,0,5.19295685089021,79
2309.03450,2023-09-08,12,5.659482215759621,11,0,5.19295685089021,8
2309.03453,2023-09-08,12,5.641907070938114,11,0,5.545177444479562,13
2309.03549,2023-09-08,12,5.666426688112432,11,0,5.605802066295998,6
2309.03550,2023-09-08,12,5.645446897643238,11,0,5.545177444479562,12
2309.03852,2023-09-08,12,5.521460917862246,11,0,5.521460917862246,45
2309.03883,2023-09-08,12,5.556828061699537,11,0,5.556828061699537,36
2309.03895,2023-09-08,12,5.638354669333745,11,0,5.545177444479562,14
2309.03897,2023-09-08,12,5.58724865840025,11,0,5.19295685089021,28
2309.03903,2023-09-08,12,5.583496308781699,11,0,5.583496308781699,29
2309.03905,2023-09-08,12,5.627621113690637,11,0,5.605802066295998,17
2309.03907,2023-09-10,2,3.5553480614894135,1,0,3.5553480614894135,12
2309.04269,2023-09-10,2,2.5649493574615367,1,0,2.5649493574615367,34
2309.03926,2023-09-11,3,3.295836866004329,2,0,3.295836866004329,55
2309.04247,2023-09-11,3,4.276666119016055,2,0,4.276666119016055,10
2309.04354,2023-09-11,3,4.189654742026425,2,0,4.189654742026425,16
2309.04564,2023-09-12,11,5.655991810819852,10,0,5.655991810819852,17
2309.04581,2023-09-12,11,5.69035945432406,10,0,5.69035945432406,7
2309.04662,2023-09-12,11,5.6240175061873385,10,0,5.556828061699537,26
2309.04663,2023-09-12,11,5.6937321388027,10,0,5.209486152841421,6
2309.04827,2023-09-12,11,5.652489180268651,10,0,5.556828061699537,18
2309.05463,2023-09-12,11,5.351858133476067,10,0,5.209486152841421,92
2309.05516,2023-09-12,11,5.673323267171493,10,0,5.673323267171493,12
2309.05519,2023-09-12,11,5.4116460518550396,10,0,5.3706380281276624,79
2309.05689,2023-09-12,11,5.638354669333745,10,0,5.209486152841421,22
2309.05767,2023-09-12,11,5.683579767338681,10,0,5.3706380281276624,9
2309.05858,2023-09-12,11,5.666426688112432,10,0,5.666426688112432,14
2309.05793,2023-09-13,6,4.8283137373023015,5,0,4.5217885770490405,51
2309.06126,2023-09-13,6,5.062595033026967,5,0,5.062595033026967,18
2309.06180,2023-09-13,6,4.770684624465665,5,0,4.770684624465665,58
2309.06380,2023-09-13,6,4.962844630259907,5,0,4.5217885770490405,33
2309.06440,2023-09-13,6,5.111987788356544,5,0,5.081404364984463,10
2309.06441,2023-09-13,6,5.14166355650266,5,0,5.081404364984463,5
2309.06657,2023-09-14,7,4.584967478670572,6,0,4.290459441148391,15
2309.06802,2023-09-14,7,4.564348191467836,6,0,3.871201010907891,17
2309.06895,2023-09-14,7,4.442651256490317,6,0,3.871201010907891,28
2309.06933,2023-09-14,7,4.59511985013459,6,0,3.871201010907891,14
2309.07062,2023-09-14,7,4.477336814478207,6,0,4.290459441148391,25
2309.07122,2023-09-14,7,4.663439094112067,6,0,4.663439094112067,7
2309.07125,2023-09-14,7,4.672828834461906,6,0,3.871201010907891,6
2309.07314,2023-09-15,7,4.962844630259907,6,0,4.477336814478207,28
2309.07430,2023-09-15,7,4.962844630259907,6,0,4.962844630259907,28
2309.07462,2023-09-15,7,5.117993812416755,6,0,5.117993812416755,4
2309.07749,2023-09-15,7,5.099866427824199,6,0,5.0689042022202315,7
2309.07870,2023-09-15,7,4.852030263919617,6,0,4.852030263919617,43
2309.07900,2023-09-15,7,5.111987788356544,6,0,5.0689042022202315,5
2309.07906,2023-09-15,7,4.7535901911063645,6,0,4.477336814478207,55
2309.07970,2023-09-17,5,3.8066624897703196,4,0,3.8066624897703196,8
2309.07974,2023-09-17,5,3.828641396489095,4,0,3.828641396489095,7
2309.07990,2023-09-17,5,3.8066624897703196,4,0,3.8066624897703196,8
2309.08172,2023-09-17,5,3.6635616461296463,4,0,3.6635616461296463,14
2309.08210,2023-09-17,5,3.6375861597263857,4,0,3.6375861597263857,15
2309.07986,2023-09-18,7,4.795790545596741,6,0,4.700480365792417,4
2309.08051,2023-09-18,7,4.770684624465665,6,0,4.770684624465665,7
2309.08520,2023-09-18,7,4.700480365792417,6,0,3.6375861597263857,15
2309.08532,2023-09-18,7,4.276666119016055,6,0,3.6375861597263857,53
2309.08586,2023-09-18,7,4.663439094112067,6,0,3.6375861597263857,19
2309.08587,2023-09-18,7,4.736198448394496,6,0,4.700480365792417,11
2309.08600,2023-09-18,7,4.700480365792417,6,0,4.700480365792417,15
2309.06497,2023-09-19,20,6.129050210060545,19,0,6.0014148779611505,7
2309.08628,2023-09-19,20,6.135564891081739,19,0,6.0867747269123065,4
2309.08637,2023-09-19,20,6.129050210060545,19,0,6.035481432524756,7
2309.08646,2023-09-19,20,6.113682179832232,19,0,6.0014148779611505,14
2309.08773,2023-09-19,20,6.137727054086234,19,0,6.133398042996649,3
2309.08804,2023-09-19,20,6.135564891081739,19,0,6.0014148779611505,4
2309.08827,2023-09-19,20,6.135564891081739,19,0,6.135564891081739,4
2309.08872,2023-09-19,20,6.018593214496234,19,0,6.0014148779611505,55
2309.08963,2023-09-19,20,6.12029741895095,19,0,6.0014148779611505,11
2309.08968,2023-09-19,20,6.091309882077698,19,0,6.0014148779611505,24
2309.09117,2023-09-19,20,6.054439346269371,19,0,6.0014148779611505,40
2309.09390,2023-09-19,20,6.139884552226255,19,0,6.133398042996649,2
2309.09400,2023-09-19,20,5.937536205082426,19,0,5.6937321388027,87
2309.09506,2023-09-19,20,6.111467339502679,19,0,6.111467339502679,15
2309.09530,2023-09-19,20,5.950642552587727,19,0,5.6937321388027,82
2309.09958,2023-09-19,20,6.100318952020064,19,0,6.0014148779611505,20
2309.09971,2023-09-19,20,6.118097198041348,19,0,6.118097198041348,12
2309.10020,2023-09-19,20,6.052089168924417,19,0,6.035481432524756,41
2309.10202,2023-09-19,20,6.12029741895095,19,0,6.0014148779611505,11
2309.10305,2023-09-19,20,6.095824562432225,19,0,6.0867747269123065,22
2309.10150,2023-09-20,6,4.852030263919617,5,0,4.709530201312334,26
2309.10279,2023-09-20,6,4.997212273764115,5,0,4.997212273764115,6
2309.10537,2023-09-20,6,4.983606621708336,5,0,4.110873864173311,8
2309.10668,2023-09-20,6,4.23410650459726,5,0,4.110873864173311,85
2309.10706,2023-09-20,6,4.919980925828125,5,0,4.709530201312334,17
2309.10818,2023-09-20,6,4.962844630259907,5,0,4.962844630259907,11
2309.10917,2023-09-21,9,5.726847747587197,8,0,5.726847747587197,9
2309.10952,2023-09-21,9,5.517452896464707,8,0,5.517452896464707,67
2309.11009,2023-09-21,9,5.746203190540153,8,0,5.5093883366279774,3
2309.11197,2023-09-21,9,5.739792912179234,8,0,5.602118820879701,5
2309.11419,2023-09-21,9,5.560681631015528,8,0,5.298317366548036,56
2309.11495,2023-09-21,9,5.62040086571715,8,0,5.602118820879701,40
2309.11497,2023-09-21,9,5.521460917862246,8,0,5.5093883366279774,66
2309.11499,2023-09-21,9,5.545177444479562,8,0,5.298317366548036,60
2309.11500,2023-09-21,9,5.726847747587197,8,0,5.726847747587197,9
2309.11523,2023-09-22,8,5.342334251964811,7,0,5.342334251964811,34
2309.11568,2023-09-22,8,5.44673737166631,7,0,4.962844630259907,11
2309.11674,2023-09-22,8,5.3471075307174685,7,0,5.2574953720277815,33
2309.11998,2023-09-22,8,5.375278407684165,7,0,5.3230099791384085,27
2309.12207,2023-09-22,8,5.44673737166631,7,0,5.3230099791384085,11
2309.12284,2023-09-22,8,5.4116460518550396,7,0,5.4116460518550396,19
2309.12307,2023-09-22,8,5.0369526024136295,7,0,4.962844630259907,89
2309.12311,2023-09-22,8,5.41610040220442,7,0,5.2574953720277815,18
2309.12499,2023-09-24,1,0.0,0,0,0.0,80
2309.12424,2023-09-25,4,3.332204510175204,3,0,3.332204510175204,11
2309.13018,2023-09-25,4,3.4011973816621555,3,0,3.4011973816621555,9
2309.13041,2023-09-25,4,3.4011973816621555,3,0,3.4011973816621555,9
2309.13042,2023-09-25,4,3.4011973816621555,3,0,3.4011973816621555,9
2309.13075,2023-09-26,8,5.159055299214529,7,0,4.912654885736052,18
2309.13308,2023-09-26,8,5.19295685089021,7,0,5.19295685089021,12
2309.13356,2023-09-26,8,5.0369526024136295,7,0,4.912654885736052,38
2309.13952,2023-09-26,8,5.198497031265826,7,0,5.003946305945459,11
2309.14322,2023-09-26,8,5.135798437050262,7,0,4.990432586778736,22
2309.14327,2023-09-26,8,5.1298987149230735,7,0,4.990432586778736,23
2309.14525,2023-09-26,8,5.075173815233827,7,0,5.003946305945459,32
2309.15091,2023-09-26,8,5.056245805348308,7,0,5.056245805348308,35
2309.14509,2023-09-27,5,4.68213122712422,4,0,4.61512051684126,22
2309.14592,2023-09-27,5,4.77912349311153,4,0,4.330733340286331,11
2309.14717,2023-09-27,5,4.430816798843313,4,0,4.430816798843313,46
2309.15098,2023-09-27,5,4.812184355372417,4,0,4.61512051684126,7
2309.15103,2023-09-27,5,4.465908118654584,4,0,4.330733340286331,43
2309.15129,2023-09-28,9,4.90527477843843,8,0,4.90527477843843,7
2309.15223,2023-09-28,9,4.77912349311153,8,0,4.77912349311153,23
2309.15251,2023-09-28,9,4.919980925828125,8,0,4.653960350157523,5
2309.15273,2023-09-28,9,4.90527477843843,8,0,4.90527477843843,7
2309.15426,2023-09-28,9,4.844187086458591,8,0,4.844187086458591,15
2309.15505,2023-09-28,9,4.770684624465665,8,0,4.653960350157523,24
2309.15564,2023-09-28,9,4.897839799950911,8,0,4.653960350157523,8
2309.15807,2023-09-28,9,4.6913478822291435,8,0,4.499809670330265,33
2309.15818,2023-09-28,9,4.812184355372417,8,0,4.499809670330265,19
2309.16039,2023-09-29,16,6.021023349349527,15,0,6.021023349349527,31
2309.16058,2023-09-29,16,5.958424693029782,15,0,5.91350300563827,56
2309.16235,2023-09-29,16,6.07073772800249,15,0,5.771441123130016,10
2309.16414,2023-09-29,16,6.052089168924417,15,0,6.003887067106539,18
2309.16429,2023-09-29,16,6.068425588244111,15,0,5.834810737062605,11
2309.16496,2023-09-29,16,6.073044534100405,15,0,5.834810737062605,9
2309.16534,2023-09-29,16,6.054439346269371,15,0,5.91350300563827,17
2309.16583,2023-09-29,16,6.063785208687608,15,0,6.040254711277414,13
2309.16585,2023-09-29,16,6.016157159698354,15,0,5.834810737062605,33
2309.16588,2023-09-29,16,5.877735781779639,15,0,5.771441123130016,86
2309.16609,2023-09-29,16,6.0014148779611505,15,0,6.0014148779611505,39
2309.16643,2023-09-29,16,6.0330862217988015,15,0,5.771441123130016,26
2309.16650,2023-09-29,16,6.07073772800249,15,0,6.040254711277414,10
2309.16653,2023-09-29,16,5.978885764901122,15,0,5.834810737062605,48
2309.16668,2023-09-29,16,6.059123195581797,15,0,6.059123195581797,15
2309.16671,2023-09-29,16,6.0473721790462776,15,0,6.003887067106539,20
2310.00426,2023-10-03,3,3.784189633918261,2,0,3.784189633918261,62
2310.00898,2023-10-03,3,4.406719247264253,2,0,4.406719247264253,24
2310.01407,2023-10-03,3,4.465908118654584,2,0,4.465908118654584,19
2310.01557,2023-10-04,4,4.276666119016055,3,0,4.276666119016055,13
2310.01596,2023-10-04,4,4.189654742026425,3,0,4.189654742026425,19
2310.01714,2023-10-04,4,4.23410650459726,3,0,4.23410650459726,16
2310.01798,2023-10-04,4,3.8918202981106265,3,0,3.8918202981106265,36
2310.03046,2023-10-05,4,4.454347296253507,3,0,4.454347296253507,6
2310.03051,2023-10-05,4,4.04305126783455,3,0,3.784189633918261,35
2310.03094,2023-10-05,4,4.3694478524670215,3,0,3.784189633918261,13
2310.03714,2023-10-05,4,4.007333185232471,3,0,4.007333185232471,37
2310.00704,2023-10-06,10,5.44673737166631,9,0,5.308267697401205,20
2310.03214,2023-10-06,10,5.44673737166631,9,0,5.262690188904886,20
2310.03502,2023-10-06,10,5.153291594497779,9,0,5.10594547390058,79
2310.03704,2023-10-06,10,5.497168225293202,9,0,5.10594547390058,8
2310.03716,2023-10-06,10,5.488937726156687,9,0,5.488937726156687,10
2310.03720,2023-10-06,10,5.497168225293202,9,0,5.497168225293202,8
2310.03731,2023-10-06,10,5.402677381872279,9,0,5.308267697401205,30
2310.03734,2023-10-06,10,5.4680601411351315,9,0,5.3706380281276624,15
2310.03739,2023-10-06,10,5.438079308923196,9,0,5.3706380281276624,22
2310.03744,2023-10-06,10,5.3612921657094255,9,0,5.262690188904886,39
2310.07889,2023-10-12,3,4.189654742026425,2,0,4.189654742026425,6
2310.08185,2023-10-12,3,4.1588830833596715,2,0,4.1588830833596715,8
2310.08491,2023-10-12,3,2.70805020110221,2,0,2.70805020110221,57
2310.06830,2023-10-13,6,4.672828834461906,5,0,4.672828834461906,33
2310.08465,2023-10-13,6,4.820281565605037,5,0,4.499809670330265,16
2310.08529,2023-10-13,6,4.804021044733257,5,0,4.499809670330265,18
2310.08541,2023-10-13,6,4.804021044733257,5,0,4.430816798843313,18
2310.08579,2023-10-13,6,4.820281565605037,5,0,4.499809670330265,16
2310.08588,2023-10-13,6,4.624972813284271,5,0,4.430816798843313,38
2310.08659,2023-10-16,8,4.890349128221754,7,0,4.890349128221754,30
2310.08678,2023-10-16,8,5.0106352940962555,7,0,4.820281565605037,13
2310.08715,2023-10-16,8,5.0369526024136295,7,0,5.0369526024136295,9
2310.08740,2023-10-16,8,4.997212273764115,7,0,4.997212273764115,15
2310.08992,2023-10-16,8,5.017279836814924,7,0,4.820281565605037,12
2310.09139,2023-10-16,8,5.003946305945459,7,0,4.820281565605037,14
2310.09199,2023-10-16,8,4.897839799950911,7,0,4.897839799950911,29
2310.09263,2023-10-16,8,4.812184355372417,7,0,4.812184355372417,40
2310.09342,2023-10-17,11,5.147494476813453,10,0,5.075173815233827,3
2310.09478,2023-10-17,11,5.0369526024136295,10,0,4.955827057601261,21
2310.09520,2023-10-17,11,5.099866427824199,10,0,5.081404364984463,11
2310.09753,2023-10-17,11,5.147494476813453,10,0,5.081404364984463,3
2310.09983,2023-10-17,11,5.10594547390058,10,0,5.056245805348308,10
2310.10047,2023-10-17,11,5.123963979403259,10,0,5.123963979403259,7
2310.10537,2023-10-17,11,5.117993812416755,10,0,5.056245805348308,8
2310.10625,2023-10-17,11,5.093750200806762,10,0,4.955827057601261,12
2310.10631,2023-10-17,11,4.770684624465665,10,0,4.770684624465665,57
2310.10638,2023-10-17,11,4.976733742420574,10,0,4.976733742420574,30
2310.10645,2023-10-17,11,5.093750200806762,10,0,5.075173815233827,12
2310.10769,2023-10-18,10,5.583496308781699,9,0,5.342334251964811,9
2310.10837,2023-10-18,10,5.575949103146316,9,0,4.990432586778736,11
2310.10944,2023-10-18,10,5.579729825986222,9,0,4.990432586778736,10
2310.10971,2023-10-18,10,5.552959584921617,9,0,5.537334267018537,17
2310.11248,2023-10-18,10,5.602118820879701,9,0,5.537334267018537,4
2310.11440,2023-10-18,10,5.552959584921617,9,0,5.342334251964811,17
2310.11441,2023-10-18,10,5.5053315359323625,9,0,5.5053315359323625,29
2310.11448,2023-10-18,10,5.459585514144159,9,0,5.342334251964811,40
2310.11453,2023-10-18,10,5.123963979403259,9,0,4.990432586778736,107
2310.11454,2023-10-18,10,5.501258210544727,9,0,5.501258210544727,30
2310.11511,2023-10-19,3,3.58351893845611,2,0,3.58351893845611,79
2310.11784,2023-10-19,3,4.6443908991413725,2,0,4.6443908991413725,11
2310.11954,2023-10-19,3,4.51085950651685,2,0,4.51085950651685,24
2310.12274,2023-10-20,10,5.37989735354046,9,0,5.356586274672012,13
2310.12404,2023-10-20,10,5.375278407684165,9,0,5.375278407684165,14
2310.12474,2023-10-20,10,5.41610040220442,9,0,5.356586274672012,5
2310.12773,2023-10-20,10,5.308267697401205,9,0,5.087596335232384,28
2310.12823,2023-10-20,10,5.267858159063328,9,0,4.890349128221754,36
2310.12921,2023-10-20,10,5.351858133476067,9,0,5.351858133476067,19
2310.12931,2023-10-20,10,5.318119993844216,9,0,5.087596335232384,26
2310.12945,2023-10-20,10,5.1298987149230735,9,0,4.890349128221754,61
2310.12962,2023-10-20,10,5.37989735354046,9,0,5.37989735354046,13
2310.12963,2023-10-20,10,5.375278407684165,9,0,5.087596335232384,14
2310.13012,2023-10-23,15,5.236441962829949,14,0,5.236441962829949,9
2310.13065,2023-10-23,15,5.231108616854587,14,0,5.231108616854587,10
2310.13119,2023-10-23,15,5.214935757608986,14,0,5.087596335232384,13
2310.13127,2023-10-23,15,5.220355825078324,14,0,5.220355825078324,12
2310.13227,2023-10-23,15,5.204006687076795,14,0,5.204006687076795,15
2310.13268,2023-10-23,15,5.187385805840755,14,0,5.087596335232384,18
2310.13289,2023-10-23,15,5.19295685089021,14,0,5.19295685089021,17
2310.13332,2023-10-23,15,5.198497031265826,14,0,4.844187086458591,16
2310.13355,2023-10-23,15,5.236441962829949,14,0,5.236441962829949,9
2310.13385,2023-10-23,15,5.231108616854587,14,0,4.844187086458591,10
2310.13522,2023-10-23,15,5.220355825078324,14,0,4.844187086458591,12
2310.13545,2023-10-23,15,5.262690188904886,14,0,5.087596335232384,4
2310.13548,2023-10-23,15,5.247024072160486,14,0,4.844187086458591,7
2310.13639,2023-10-23,15,5.147494476813453,14,0,4.844187086458591,25
2310.13671,2023-10-23,15,5.181783550292085,14,0,5.181783550292085,19
2310.13724,2023-10-24,12,4.941642422609304,11,0,4.941642422609304,9
2310.13730,2023-10-24,12,4.955827057601261,11,0,4.3694478524670215,7
2310.13772,2023-10-24,12,4.955827057601261,11,0,4.3694478524670215,7
2310.13798,2023-10-24,12,4.983606621708336,11,0,4.983606621708336,3
2310.13961,2023-10-24,12,4.969813299576001,11,0,4.969813299576001,5
2310.14495,2023-10-24,12,4.990432586778736,11,0,4.9344739331306915,2
2310.14566,2023-10-24,12,4.804021044733257,11,0,4.68213122712422,27
2310.14573,2023-10-24,12,4.9344739331306915,11,0,4.9344739331306915,10
2310.15111,2023-10-24,12,4.634728988229636,11,0,4.3694478524670215,46
2310.15123,2023-10-24,12,4.948759890378168,11,0,4.9344739331306915,8
2310.15144,2023-10-24,12,4.90527477843843,11,0,4.68213122712422,14
2310.15169,2023-10-24,12,4.9344739331306915,11,0,4.3694478524670215,10
2310.15200,2023-10-25,8,4.584967478670572,7,0,4.394449154672439,6
2310.15308,2023-10-25,8,4.394449154672439,7,0,4.394449154672439,23
2310.15337,2023-10-25,8,4.634728988229636,7,0,3.8918202981106265,1
2310.15494,2023-10-25,8,4.624972813284271,7,0,4.624972813284271,2
2310.15511,2023-10-25,8,4.59511985013459,7,0,3.8918202981106265,5
2310.15916,2023-10-25,8,4.110873864173311,7,0,3.8918202981106265,43
2310.15987,2023-10-25,8,4.584967478670572,7,0,3.8918202981106265,6
2310.16045,2023-10-25,8,4.465908118654584,7,0,4.394449154672439,17
2310.15008,2023-10-26,13,5.53338948872752,12,0,4.820281565605037,22
2310.16226,2023-10-26,13,5.579729825986222,12,0,5.579729825986222,10
2310.16450,2023-10-26,13,5.579729825986222,12,0,5.579729825986222,10
2310.16534,2023-10-26,13,5.53338948872752,12,0,5.53338948872752,22
2310.16656,2023-10-26,13,5.3981627015177525,12,0,4.820281565605037,54
2310.16764,2023-10-26,13,5.537334267018537,12,0,5.493061443340548,21
2310.16789,2023-10-26,13,5.575949103146316,12,0,5.493061443340548,11
2310.16795,2023-10-26,13,5.5134287461649825,12,0,5.5134287461649825,27
2310.16818,2023-10-26,13,5.488937726156687,12,0,4.820281565605037,33
2310.16825,2023-10-26,13,5.472270673671475,12,0,4.820281565605037,37
2310.16828,2023-10-26,13,5.58724865840025,12,0,5.53338948872752,8
2310.16832,2023-10-26,13,5.598421958998375,12,0,4.820281565605037,5
2310.16836,2023-10-26,13,5.564520407322694,12,0,5.53338948872752,14
2310.17022,2023-10-27,4,4.174387269895637,3,0,4.174387269895637,14
2310.17075,2023-10-27,4,4.1588830833596715,3,0,4.1588830833596715,15
2310.17157,2023-10-27,4,4.174387269895637,3,0,4.174387269895637,14
2310.17631,2023-10-27,4,3.784189633918261,3,0,3.784189633918261,35
2310.17680,2023-10-30,10,4.762173934797756,9,0,4.624972813284271,74
2310.17722,2023-10-30,10,5.220355825078324,9,0,4.919980925828125,6
2310.17750,2023-10-30,10,5.204006687076795,9,0,5.176149732573829,9
2310.17752,2023-10-30,10,5.170483995038151,9,0,5.170483995038151,15
2310.17784,2023-10-30,10,5.170483995038151,9,0,4.919980925828125,15
2310.17796,2023-10-30,10,5.153291594497779,9,0,5.153291594497779,18
2310.17880,2023-10-30,10,5.214935757608986,9,0,4.624972813284271,7
2310.17994,2023-10-30,10,5.209486152841421,9,0,4.624972813284271,8
2310.18168,2023-10-30,10,5.225746673713202,9,0,5.176149732573829,5
2310.18313,2023-10-30,10,5.062595033026967,9,0,4.919980925828125,33
2310.18356,2023-10-31,10,4.553876891600541,9,0,4.330733340286331,24
2310.18628,2023-10-31,10,4.709530201312334,9,0,4.330733340286331,8
2310.19019,2023-10-31,10,4.700480365792417,9,0,4.700480365792417,9
2310.19061,2023-10-31,10,4.709530201312334,9,0,4.51085950651685,8
2310.19102,2023-10-31,10,4.68213122712422,9,0,4.330733340286331,11
2310.19341,2023-10-31,10,4.727387818712341,9,0,4.727387818712341,6
2310.19415,2023-10-31,10,4.727387818712341,9,0,4.465908118654584,6
2310.19512,2023-10-31,10,4.634728988229636,9,0,4.465908118654584,16
2310.19773,2023-10-31,10,4.59511985013459,9,0,4.51085950651685,20
2310.19784,2023-10-31,10,4.6913478822291435,9,0,4.465908118654584,10
2310.19909,2023-11-01,12,5.10594547390058,11,0,4.927253685157205,21
2310.19956,2023-11-01,12,5.170483995038151,11,0,5.10594547390058,10
2310.20092,2023-11-01,12,5.159055299214529,11,0,5.099866427824199,12
2310.20216,2023-11-01,12,5.1298987149230735,11,0,5.1298987149230735,17
2310.20499,2023-11-01,12,5.181783550292085,11,0,5.181783550292085,8
2310.20550,2023-11-01,12,5.0689042022202315,11,0,4.927253685157205,27
2310.20587,2023-11-01,12,5.123963979403259,11,0,4.836281906951478,18
2310.20624,2023-11-01,12,5.153291594497779,11,0,4.836281906951478,13
2310.20689,2023-11-01,12,5.056245805348308,11,0,4.836281906951478,29
2310.20700,2023-11-01,12,5.170483995038151,11,0,5.099866427824199,10
2310.20707,2023-11-01,12,5.1647859739235145,11,0,5.10594547390058,11
2311.00176,2023-11-01,12,5.176149732573829,11,0,5.176149732573829,9
2311.00047,2023-11-02,9,5.288267030694535,8,0,5.043425116919247,10
2311.00059,2023-11-02,9,5.241747015059643,8,0,5.241747015059643,19
2311.00257,2023-11-02,9,5.288267030694535,8,0,5.231108616854587,10
2311.00272,2023-11-02,9,5.2832037287379885,8,0,5.2832037287379885,11
2311.00430,2023-11-02,9,5.0238805208462765,8,0,5.0238805208462765,56
2311.00522,2023-11-02,9,5.2832037287379885,8,0,5.231108616854587,11
2311.00571,2023-11-02,9,5.10594547390058,8,0,5.043425116919247,43
2311.00613,2023-11-02,9,5.209486152841421,8,0,5.081404364984463,25
2311.00618,2023-11-02,9,5.225746673713202,8,0,5.081404364984463,22
2311.00895,2023-11-03,6,4.770684624465665,5,0,4.770684624465665,10
2311.00899,2023-11-03,6,4.787491742782046,5,0,4.787491742782046,8
2311.00945,2023-11-03,6,4.718498871295094,5,0,4.718498871295094,16
2311.01282,2023-11-03,6,4.499809670330265,5,0,4.499809670330265,38
2311.01455,2023-11-03,6,4.584967478670572,5,0,4.584967478670572,30
2311.01462,2023-11-03,6,4.634728988229636,5,0,4.634728988229636,25
2311.01615,2023-11-06,3,3.58351893845611,2,0,3.58351893845611,16
2311.01767,2023-11-06,3,3.4657359027997265,2,0,3.4657359027997265,20
2311.02077,2023-11-06,3,3.6109179126442243,2,0,3.6109179126442243,15
2311.02103,2023-11-07,17,5.634789603169249,16,0,5.4638318050256105,20
2311.02262,2023-11-07,17,5.655991810819852,16,0,5.484796933490655,14
2311.02303,2023-11-07,17,5.662960480135946,16,0,5.4638318050256105,12
2311.02382,2023-11-07,17,5.683579767338681,16,0,5.4638318050256105,6
2311.02462,2023-11-07,17,5.575949103146316,16,0,5.575949103146316,36
2311.02542,2023-11-07,17,5.638354669333745,16,0,5.53338948872752,19
2311.02772,2023-11-07,17,5.680172609017068,16,0,5.484796933490655,7
2311.02805,2023-11-07,17,5.683579767338681,16,0,5.4638318050256105,6
2311.02848,2023-11-07,17,5.683579767338681,16,0,5.521460917862246,6
2311.02849,2023-11-07,17,5.676753802268282,16,0,5.484796933490655,8
2311.03079,2023-11-07,17,5.605802066295998,16,0,5.53338948872752,28
2311.03226,2023-11-07,17,5.66988092298052,16,0,5.521460917862246,10
2311.03285,2023-11-07,17,5.598421958998375,16,0,5.484796933490655,30
2311.03301,2023-11-07,17,5.634789603169249,16,0,5.4638318050256105,20
2311.03354,2023-11-07,17,5.680172609017068,16,0,5.54907608489522,7
2311.03356,2023-11-07,17,5.575949103146316,16,0,5.54907608489522,36
2311.04145,2023-11-07,17,5.583496308781699,16,0,5.521460917862246,34
2311.03517,2023-11-08,10,4.890349128221754,9,0,4.890349128221754,14
2311.03629,2023-11-08,10,4.927253685157205,9,0,4.852030263919617,9
2311.03736,2023-11-08,10,4.90527477843843,9,0,4.90527477843843,12
2311.03739,2023-11-08,10,4.9344739331306915,9,0,4.9344739331306915,8
2311.04124,2023-11-08,10,4.927253685157205,9,0,4.8283137373023015,9
2311.04212,2023-11-08,10,4.919980925828125,9,0,4.852030263919617,10
2311.04219,2023-11-08,10,4.727387818712341,9,0,4.51085950651685,34
2311.04235,2023-11-08,10,4.897839799950911,9,0,4.8283137373023015,13
2311.04254,2023-11-08,10,4.882801922586371,9,0,4.882801922586371,15
2311.04257,2023-11-08,10,4.8283137373023015,9,0,4.51085950651685,22
2311.04287,2023-11-09,6,4.700480365792417,5,0,4.564348191467836,15
2311.04391,2023-11-09,6,4.709530201312334,5,0,4.564348191467836,14
2311.04400,2023-11-09,6,4.290459441148391,5,0,4.290459441148391,52
2311.04498,2023-11-09,6,4.709530201312334,5,0,4.709530201312334,14
2311.04589,2023-11-09,6,4.653960350157523,5,0,4.653960350157523,20
2311.04901,2023-11-09,6,4.7535901911063645,5,0,4.7535901911063645,9
2311.04931,2023-11-10,6,5.272999558563747,5,0,5.093750200806762,22
2311.04934,2023-11-10,6,5.220355825078324,5,0,5.093750200806762,32
2311.05332,2023-11-10,6,5.327876168789581,5,0,4.948759890378168,11
2311.05348,2023-11-10,6,5.318119993844216,5,0,4.948759890378168,13
2311.05437,2023-11-10,6,5.10594547390058,5,0,4.948759890378168,52
2311.05556,2023-11-10,6,4.875197323201151,5,0,4.875197323201151,86
2311.05640,2023-11-13,14,5.7745515455444085,13,0,5.7745515455444085,30
2311.05657,2023-11-13,14,5.7745515455444085,13,0,5.7745515455444085,30
2311.05661,2023-11-13,14,5.796057750765372,13,0,5.733341276897746,23
2311.05698,2023-11-13,14,5.831882477283517,13,0,5.717027701406222,11
2311.05707,2023-11-13,14,5.84354441703136,13,0,5.4680601411351315,7
2311.05770,2023-11-13,14,5.840641657373398,13,0,5.840641657373398,8
2311.05772,2023-11-13,14,5.8289456176102075,13,0,5.4680601411351315,12
2311.05884,2023-11-13,14,5.8377304471659395,13,0,5.8377304471659395,9
2311.05908,2023-11-13,14,5.823045895483019,13,0,5.823045895483019,14
2311.05997,2023-11-13,14,5.752572638825633,13,0,5.717027701406222,37
2311.06158,2023-11-13,14,5.805134968916488,13,0,5.733341276897746,20
2311.06214,2023-11-13,14,5.765191102784844,13,0,5.697093486505405,33
2311.06242,2023-11-13,14,5.545177444479562,13,0,5.4680601411351315,96
2311.06243,2023-11-13,14,5.802118375377063,13,0,5.697093486505405,21
2311.06430,2023-11-14,15,5.545177444479562,14,0,5.41610040220442,16
2311.06495,2023-11-14,15,5.560681631015528,14,0,5.455321115357702,12
2311.06697,2023-11-14,15,5.560681631015528,14,0,5.455321115357702,12
2311.06720,2023-11-14,15,5.572154032177765,14,0,5.572154032177765,9
2311.06753,2023-11-14,15,5.583496308781699,14,0,5.5254529391317835,6
2311.06772,2023-11-14,15,5.4680601411351315,14,0,5.262690188904886,35
2311.06783,2023-11-14,15,5.497168225293202,14,0,5.43372200355424,28
2311.07069,2023-11-14,15,5.429345628954441,14,0,5.262690188904886,44
2311.07361,2023-11-14,15,5.552959584921617,14,0,5.455321115357702,14
2311.07446,2023-11-14,15,5.493061443340548,14,0,5.493061443340548,29
2311.07463,2023-11-14,15,5.54907608489522,14,0,5.43372200355424,15
2311.07562,2023-11-14,15,5.54907608489522,14,0,5.41610040220442,15
2311.07574,2023-11-14,15,5.545177444479562,14,0,5.41610040220442,16
2311.07575,2023-11-14,15,5.54907608489522,14,0,5.5254529391317835,15
2311.07587,2023-11-14,15,5.58724865840025,14,0,5.58724865840025,5
2311.07590,2023-11-15,11,5.424950017481403,10,0,5.424950017481403,17
2311.07689,2023-11-15,11,5.459585514144159,10,0,5.389071729816501,9
2311.07885,2023-11-15,11,5.318119993844216,10,0,5.056245805348308,40
2311.07911,2023-11-15,11,5.402677381872279,10,0,5.402677381872279,22
2311.07919,2023-11-15,11,5.459585514144159,10,0,5.459585514144159,9
2311.07961,2023-11-15,11,5.4510384535657,10,0,5.313205979041787,11
2311.07989,2023-11-15,11,5.384495062789089,10,0,5.308267697401205,26
2311.08105,2023-11-15,11,5.429345628954441,10,0,5.389071729816501,16
2311.08263,2023-11-15,11,5.429345628954441,10,0,5.308267697401205,16
2311.08401,2023-11-15,11,5.365976015021851,10,0,5.313205979041787,30
2311.08403,2023-11-15,11,5.2832037287379885,10,0,5.056245805348308,47
2311.08469,2023-11-16,13,5.198497031265826,12,0,5.081404364984463,11
2311.08552,2023-11-16,13,5.214935757608986,12,0,5.135798437050262,8
2311.08581,2023-11-16,13,4.976733742420574,12,0,4.418840607796598,47
2311.08667,2023-11-16,13,5.159055299214529,12,0,4.418840607796598,18
2311.08692,2023-11-16,13,5.187385805840755,12,0,5.081404364984463,13
2311.08734,2023-11-16,13,5.220355825078324,12,0,5.081404364984463,7
2311.08877,2023-11-16,13,5.220355825078324,12,0,5.220355825078324,7
2311.09179,2023-11-16,13,5.209486152841421,12,0,5.209486152841421,9
2311.09180,2023-11-16,13,5.214935757608986,12,0,5.135798437050262,8
2311.09204,2023-11-16,13,5.225746673713202,12,0,5.135798437050262,6
2311.09213,2023-11-16,13,5.187385805840755,12,0,5.187385805840755,13
2311.09217,2023-11-16,13,5.135798437050262,12,0,4.418840607796598,22
2311.09221,2023-11-16,13,5.135798437050262,12,0,4.418840607796598,22
2311.09227,2023-11-17,8,5.272999558563747,7,0,5.272999558563747,8
2311.09257,2023-11-17,8,5.049856007249537,7,0,4.584967478670572,47
2311.09277,2023-11-17,8,5.123963979403259,7,0,5.123963979403259,35
2311.09578,2023-11-17,8,5.231108616854587,7,0,5.231108616854587,16
2311.09835,2023-11-17,8,5.2574953720277815,7,0,5.214935757608986,11
2311.10090,2023-11-17,8,5.272999558563747,7,0,5.214935757608986,8
2311.10091,2023-11-17,8,5.214935757608986,7,0,5.214935757608986,19
2311.10093,2023-11-17,8,4.976733742420574,7,0,4.584967478670572,58
2311.10111,2023-11-19,6,4.48863636973214,5,0,4.007333185232471,8
2311.10122,2023-11-19,6,4.23410650459726,5,0,4.007333185232471,28
2311.10125,2023-11-19,6,4.51085950651685,5,0,4.007333185232471,6
2311.10538,2023-11-19,6,4.465908118654584,5,0,4.465908118654584,10
2311.10702,2023-11-19,6,4.356708826689592,5,0,4.356708826689592,19
2311.10709,2023-11-19,6,4.276666119016055,5,0,4.276666119016055,25
2311.10123,2023-11-20,6,4.23410650459726,5,0,3.9512437185814275,18
2311.10126,2023-11-20,6,4.356708826689592,5,0,3.970291913552122,9
2311.10642,2023-11-20,6,4.127134385045092,5,0,3.970291913552122,25
2311.10678,2023-11-20,6,4.3694478524670215,5,0,4.3694478524670215,8
2311.10708,2023-11-20,6,4.248495242049359,5,0,3.9512437185814275,17
2311.10775,2023-11-20,6,4.356708826689592,5,0,4.356708826689592,9
2311.10751,2023-11-21,15,6.2324480165505225,14,0,6.2324480165505225,10
2311.10768,2023-11-21,15,6.214608098422191,14,0,5.752572638825633,19
2311.10770,2023-11-21,15,5.991464547107982,14,0,5.752572638825633,119
2311.10794,2023-11-21,15,6.198478716492308,14,0,5.963579343618446,27
2311.10982,2023-11-21,15,6.113682179832232,14,0,5.963579343618446,67
2311.11045,2023-11-21,15,6.091309882077698,14,0,5.988961416889864,77
2311.11077,2023-11-21,15,6.194405391104672,14,0,5.752572638825633,29
2311.11243,2023-11-21,15,6.220590170099739,14,0,5.963579343618446,16
2311.11255,2023-11-21,15,6.2422232654551655,14,0,6.2422232654551655,5
2311.11284,2023-11-21,15,6.212606095751519,14,0,5.963579343618446,20
2311.11315,2023-11-21,15,6.238324625039508,14,0,6.238324625039508,7
2311.11501,2023-11-21,15,6.1779441140506,14,0,5.752572638825633,37
2311.11829,2023-11-21,15,6.16541785423142,14,0,5.988961416889864,43
2311.12015,2023-11-21,15,6.240275845170769,14,0,6.240275845170769,6
2311.12022,2023-11-21,15,6.180016653652572,14,0,6.180016653652572,36
2311.12024,2023-11-22,8,5.170483995038151,7,0,5.170483995038151,19
2311.12052,2023-11-22,8,5.093750200806762,7,0,3.7376696182833684,32
2311.12092,2023-11-22,8,5.153291594497779,7,0,3.7376696182833684,22
2311.12198,2023-11-22,8,5.153291594497779,7,0,5.153291594497779,22
2311.12229,2023-11-22,8,5.135798437050262,7,0,3.7376696182833684,25
2311.12454,2023-11-22,8,5.10594547390058,7,0,3.7376696182833684,30
2311.12631,2023-11-22,8,5.198497031265826,7,0,3.7376696182833684,14
2311.12775,2023-11-22,8,5.10594547390058,7,0,3.7376696182833684,30
2311.12908,2023-11-23,9,6.1903154058531475,8,1,5.808142489980444,49
2311.12983,2023-11-23,9,5.662960480135946,8,0,5.662960480135946,249
2311.13073,2023-11-23,9,6.171700597410915,8,1,5.808142489980444,58
2311.13141,2023-11-23,9,6.255750041753367,8,1,5.808142489980444,16
2311.13231,2023-11-23,9,6.2324480165505225,8,1,5.808142489980444,28
2311.13384,2023-11-23,9,6.182084906716632,8,1,5.808142489980444,53
2311.13435,2023-11-23,9,6.251903883165888,8,1,6.251903883165888,18
2311.13600,2023-11-23,9,6.194405391104672,8,1,6.194405391104672,47
2311.13601,2023-11-23,9,6.251903883165888,8,1,6.251903883165888,18
2312.00079,2023-12-03,10,5.14166355650266,9,0,5.0369526024136295,17
2312.00093,2023-12-03,10,5.14166355650266,9,0,5.0369526024136295,17
2312.00164,2023-12-03,10,5.176149732573829,9,0,5.176149732573829,11
2312.00330,2023-12-03,10,5.1647859739235145,9,0,5.1647859739235145,13
2312.00438,2023-12-03,10,5.153291594497779,9,0,4.983606621708336,15
2312.00575,2023-12-03,10,5.153291594497779,9,0,4.61512051684126,15
2312.00589,2023-12-03,10,5.081404364984463,9,0,4.983606621708336,27
2312.00738,2023-12-03,10,5.093750200806762,9,0,4.61512051684126,25
2312.00763,2023-12-03,10,5.10594547390058,9,0,4.61512051684126,23
2312.00777,2023-12-03,10,5.099866427824199,9,0,4.61512051684126,24
2312.00063,2023-12-04,9,5.4638318050256105,8,0,5.4638318050256105,18
2312.00085,2023-12-04,9,5.501258210544727,8,0,5.204006687076795,9
2312.00109,2023-12-04,9,5.488937726156687,8,0,5.204006687076795,12
2312.00210,2023-12-04,9,5.4680601411351315,8,0,5.204006687076795,17
2312.00252,2023-12-04,9,5.493061443340548,8,0,5.204006687076795,11
2312.00375,2023-12-04,9,5.493061443340548,8,0,5.204006687076795,11
2312.00451,2023-12-04,9,5.488937726156687,8,0,5.204006687076795,12
2312.00752,2023-12-04,9,4.634728988229636,8,0,4.634728988229636,151
2312.00849,2023-12-04,9,5.488937726156687,8,0,5.488937726156687,12
2312.00845,2023-12-05,33,6.20050917404269,32,0,5.697093486505405,39
2312.00858,2023-12-05,33,6.2324480165505225,32,0,5.697093486505405,23
2312.00860,2023-12-05,33,6.257667587882639,32,0,5.697093486505405,10
2312.00869,2023-12-05,33,6.238324625039508,32,0,6.150602768446279,20
2312.00886,2023-12-05,33,6.2422232654551655,32,0,6.139884552226255,18
2312.01279,2023-12-05,33,6.26530121273771,32,0,6.238324625039508,6
2312.01407,2023-12-05,33,6.261491684321042,32,0,6.261491684321042,8
2312.01409,2023-12-05,33,6.257667587882639,32,0,5.697093486505405,10
2312.01531,2023-12-05,33,6.263398262591624,32,0,5.697093486505405,7
2312.01532,2023-12-05,33,6.26530121273771,32,0,6.150602768446279,6
2312.01552,2023-12-05,33,6.2166061010848646,32,0,6.139884552226255,31
2312.01663,2023-12-05,33,6.26530121273771,32,0,5.697093486505405,6
2312.02087,2023-12-05,33,6.234410725718371,32,0,5.697093486505405,22
2312.02116,2023-12-05,33,6.253828811575473,32,0,5.697093486505405,12
2312.02120,2023-12-05,33,6.1092475827643655,32,0,6.1092475827643655,82
2312.02133,2023-12-05,33,6.255750041753367,32,0,5.697093486505405,11
2312.02135,2023-12-05,33,6.257667587882639,32,0,6.150602768446279,10
2312.02139,2023-12-05,33,6.248042874508429,32,0,5.697093486505405,15
2312.02142,2023-12-05,33,6.251903883165888,32,0,6.150602768446279,13
2312.02147,2023-12-05,33,6.263398262591624,32,0,6.263398262591624,7
2312.02149,2023-12-05,33,6.261491684321042,32,0,5.697093486505405,8
2312.02155,2023-12-05,33,6.249975242259483,32,0,5.697093486505405,14
2312.02179,2023-12-05,33,6.259581464064923,32,0,6.139884552226255,9
2312.02189,2023-12-05,33,6.255750041753367,32,0,5.697093486505405,11
2312.02206,2023-12-05,33,6.257667587882639,32,0,6.139884552226255,10
2312.02663,2023-12-05,33,6.214608098422191,32,0,6.214608098422191,32
2312.02919,2023-12-05,33,6.251903883165888,32,0,5.697093486505405,13
2312.02928,2023-12-05,33,6.2422232654551655,32,0,5.697093486505405,18
2312.02931,2023-12-05,33,6.261491684321042,32,0,6.244166900663736,8
2312.02949,2023-12-05,33,6.249975242259483,32,0,6.150602768446279,14
2312.02969,2023-12-05,33,6.249975242259483,32,0,6.238324625039508,14
2312.02974,2023-12-05,33,6.248042874508429,32,0,5.697093486505405,15
2312.02980,2023-12-05,33,6.259581464064923,32,0,6.244166900663736,9
2312.02201,2023-12-06,16,5.476463551931511,15,0,4.30406509320417,35
2312.02216,2023-12-06,16,5.572154032177765,15,0,4.30406509320417,11
2312.02238,2023-12-06,16,5.5093883366279774,15,0,4.30406509320417,27
2312.02432,2023-12-06,16,5.560681631015528,15,0,4.30406509320417,14
2312.02696,2023-12-06,16,5.484796933490655,15,0,4.30406509320417,33
2312.02772,2023-12-06,16,5.58724865840025,15,0,4.30406509320417,7
2312.02963,2023-12-06,16,5.575949103146316,15,0,4.30406509320417,10
2312.02970,2023-12-06,16,5.579729825986222,15,0,4.30406509320417,9
2312.02981,2023-12-06,16,5.575949103146316,15,0,4.30406509320417,10
2312.03079,2023-12-06,16,5.556828061699537,15,0,4.30406509320417,15
2312.03209,2023-12-06,16,5.53338948872752,15,0,4.30406509320417,21
2312.03587,2023-12-06,16,5.583496308781699,15,0,4.30406509320417,8
2312.03632,2023-12-06,16,5.5909869805108565,15,0,5.5909869805108565,6
2312.03664,2023-12-06,16,5.572154032177765,15,0,5.572154032177765,11
2312.03700,2023-12-06,16,5.521460917862246,15,0,5.521460917862246,24
2312.03704,2023-12-06,16,5.488937726156687,15,0,5.488937726156687,32
2312.03029,2023-12-07,17,5.683579767338681,16,0,5.683579767338681,27
2312.03047,2023-12-07,17,5.736572297479192,16,0,5.247024072160486,11
2312.03160,2023-12-07,17,5.746203190540153,16,0,5.746203190540153,8
2312.03461,2023-12-07,17,5.717027701406222,16,0,5.641907070938114,17
2312.03491,2023-12-07,17,5.659482215759621,16,0,5.247024072160486,34
2312.03511,2023-12-07,17,5.62040086571715,16,0,5.247024072160486,45
2312.03584,2023-12-07,17,5.723585101952381,16,0,5.247024072160486,15
2312.03611,2023-12-07,17,5.746203190540153,16,0,5.247024072160486,8
2312.03641,2023-12-07,17,5.700443573390687,16,0,5.641907070938114,22
2312.03701,2023-12-07,17,5.7430031878094825,16,0,5.247024072160486,9
2312.03818,2023-12-07,17,5.659482215759621,16,0,5.659482215759621,34
2312.03849,2023-12-07,17,5.746203190540153,16,0,5.707110264748875,8
2312.04333,2023-12-07,17,5.71042701737487,16,0,5.5909869805108565,19
2312.04474,2023-12-07,17,5.659482215759621,16,0,5.5909869805108565,34
2312.04515,2023-12-07,17,5.746203190540153,16,0,5.746203190540153,8
2312.04552,2023-12-07,17,5.7430031878094825,16,0,5.247024072160486,9
2312.04556,2023-12-07,17,5.733341276897746,16,0,5.707110264748875,12
2312.03793,2023-12-08,12,5.298317366548036,11,0,2.772588722239781,18
2312.03814,2023-12-08,12,5.313205979041787,11,0,5.313205979041787,15
2312.03913,2023-12-08,12,5.272999558563747,11,0,2.772588722239781,23
2312.04410,2023-12-08,12,5.313205979041787,11,0,2.772588722239781,15
2312.04433,2023-12-08,12,5.337538079701318,11,0,2.772588722239781,10
2312.04461,2023-12-08,12,5.049856007249537,11,0,2.772588722239781,62
2312.04483,2023-12-08,12,5.351858133476067,11,0,2.772588722239781,7
2312.04543,2023-12-08,12,5.278114659230517,11,0,2.772588722239781,22
2312.04557,2023-12-08,12,5.3230099791384085,11,0,2.772588722239781,13
2312.04560,2023-12-08,12,5.3230099791384085,11,0,2.772588722239781,13
2312.04566,2023-12-08,12,5.337538079701318,11,0,2.772588722239781,10
2312.04567,2023-12-08,12,5.342334251964811,11,0,2.772588722239781,9
2312.04655,2023-12-10,2,3.091042453358316,1,0,3.091042453358316,21
2312.04724,2023-12-10,2,3.091042453358316,1,0,3.091042453358316,21
2312.04837,2023-12-11,8,4.90527477843843,7,0,4.820281565605037,3
2312.04875,2023-12-11,8,4.852030263919617,7,0,4.276666119016055,10
2312.04916,2023-12-11,8,4.875197323201151,7,0,4.875197323201151,7
2312.04963,2023-12-11,8,4.795790545596741,7,0,4.276666119016055,17
2312.04966,2023-12-11,8,4.844187086458591,7,0,4.820281565605037,11
2312.04985,2023-12-11,8,4.584967478670572,7,0,4.584967478670572,40
2312.05107,2023-12-11,8,4.59511985013459,7,0,4.276666119016055,39
2312.05180,2023-12-11,8,4.852030263919617,7,0,4.852030263919617,10
2312.05431,2023-12-12,15,5.3981627015177525,14,0,5.153291594497779,11
2312.05491,2023-12-12,15,5.429345628954441,14,0,5.41610040220442,4
2312.05605,2023-12-12,15,5.429345628954441,14,0,5.3981627015177525,4
2312.05708,2023-12-12,15,5.375278407684165,14,0,5.375278407684165,16
2312.06109,2023-12-12,15,5.351858133476067,14,0,5.351858133476067,21
2312.06134,2023-12-12,15,5.43372200355424,14,0,5.41610040220442,3
2312.06149,2023-12-12,15,5.43372200355424,14,0,5.43372200355424,3
2312.06351,2023-12-12,15,5.420534999272286,14,0,5.420534999272286,6
2312.06353,2023-12-12,15,5.41610040220442,14,0,5.3981627015177525,7
2312.06550,2023-12-12,15,5.1647859739235145,14,0,5.1647859739235145,57
2312.06571,2023-12-12,15,5.389071729816501,14,0,5.389071729816501,13
2312.06585,2023-12-12,15,5.313205979041787,14,0,5.313205979041787,29
2312.06655,2023-12-12,15,5.337538079701318,14,0,5.153291594497779,24
2312.06662,2023-12-12,15,5.337538079701318,14,0,5.153291594497779,24
2312.06674,2023-12-12,15,5.407171771460119,14,0,5.407171771460119,9
2312.06681,2023-12-13,18,5.638354669333745,17,0,5.579729825986222,14
2312.06742,2023-12-13,18,5.641907070938114,17,0,5.459585514144159,13
2312.06908,2023-12-13,18,5.659482215759621,17,0,5.605802066295998,8
2312.06971,2023-12-13,18,5.645446897643238,17,0,5.198497031265826,12
2312.07000,2023-12-13,18,5.634789603169249,17,0,5.605802066295998,15
2312.07046,2023-12-13,18,5.634789603169249,17,0,5.476463551931511,15
2312.07231,2023-12-13,18,5.652489180268651,17,0,5.198497031265826,10
2312.07409,2023-12-13,18,5.605802066295998,17,0,5.198497031265826,23
2312.07424,2023-12-13,18,5.652489180268651,17,0,5.459585514144159,10
2312.07504,2023-12-13,18,5.641907070938114,17,0,5.198497031265826,13
2312.07509,2023-12-13,18,5.648974238161206,17,0,5.198497031265826,11
2312.07532,2023-12-13,18,5.648974238161206,17,0,5.648974238161206,11
2312.07533,2023-12-13,18,5.6131281063880705,17,0,5.459585514144159,21
2312.07536,2023-12-13,18,5.6240175061873385,17,0,5.198497031265826,18
2312.07537,2023-12-13,18,5.5909869805108565,17,0,5.198497031265826,27
2312.07843,2023-12-13,18,5.631211781821365,17,0,5.459585514144159,16
2312.07910,2023-12-13,18,5.631211781821365,17,0,5.579729825986222,16
2312.07987,2023-12-13,18,5.537334267018537,17,0,5.476463551931511,41
2312.07661,2023-12-14,8,4.532599493153256,7,0,4.532599493153256,18
2312.07859,2023-12-14,8,4.624972813284271,7,0,4.48863636973214,9
2312.08128,2023-12-14,8,4.584967478670572,7,0,4.5217885770490405,13
2312.08136,2023-12-14,8,4.653960350157523,7,0,4.5217885770490405,6
2312.08344,2023-12-14,8,4.584967478670572,7,0,4.48863636973214,13
2312.08361,2023-12-14,8,4.430816798843313,7,0,4.430816798843313,27
2312.08926,2023-12-14,8,4.624972813284271,7,0,4.624972813284271,9
2312.09067,2023-12-14,8,4.564348191467836,7,0,4.564348191467836,15
2312.08578,2023-12-15,19,5.720311776607412,18,0,5.459585514144159,20
2312.08583,2023-12-15,19,5.749392985908253,18,0,5.680172609017068,11
2312.08618,2023-12-15,19,5.7430031878094825,18,0,5.680172609017068,13
2312.08688,2023-12-15,19,5.765191102784844,18,0,5.765191102784844,6
2312.08723,2023-12-15,19,5.6240175061873385,18,0,5.5909869805108565,48
2312.08754,2023-12-15,19,5.749392985908253,18,0,5.4680601411351315,11
2312.08889,2023-12-15,19,5.736572297479192,18,0,5.4680601411351315,15
2312.08914,2023-12-15,19,5.680172609017068,18,0,5.459585514144159,32
2312.09109,2023-12-15,19,5.71042701737487,18,0,5.4680601411351315,23
2312.09158,2023-12-15,19,5.749392985908253,18,0,5.749392985908253,11
2312.09187,2023-12-15,19,5.746203190540153,18,0,5.459585514144159,12
2312.09222,2023-12-15,19,5.730099782973574,18,0,5.4680601411351315,17
2312.09237,2023-12-15,19,5.733341276897746,18,0,5.459585514144159,16
2312.09241,2023-12-15,19,5.652489180268651,18,0,5.652489180268651,40
2312.09244,2023-12-15,19,5.755742213586912,18,0,5.5909869805108565,9
2312.09246,2023-12-15,19,5.75890177387728,18,0,5.680172609017068,8
2312.09251,2023-12-15,19,5.752572638825633,18,0,5.459585514144159,10
2312.09252,2023-12-15,19,5.746203190540153,18,0,5.4680601411351315,12
2312.09256,2023-12-15,19,5.752572638825633,18,0,5.4680601411351315,10
2312.09299,2023-12-17,3,3.912023005428146,2,0,3.912023005428146,18
2312.09300,2023-12-17,3,3.9512437185814275,2,0,3.9512437185814275,16
2312.09390,2023-12-17,3,3.5553480614894135,2,0,3.5553480614894135,33
2312.09305,2023-12-18,12,5.501258210544727,11,0,5.262690188904886,10
2312.09323,2023-12-18,12,5.5093883366279774,11,0,5.5093883366279774,8
2312.09571,2023-12-18,12,5.476463551931511,11,0,5.272999558563747,16
2312.09579,2023-12-18,12,5.438079308923196,11,0,5.438079308923196,25
2312.09608,2023-12-18,12,5.476463551931511,11,0,5.262690188904886,16
2312.09767,2023-12-18,12,5.429345628954441,11,0,5.262690188904886,27
2312.09911,2023-12-18,12,5.298317366548036,11,0,5.176149732573829,55
2312.10003,2023-12-18,12,5.351858133476067,11,0,5.272999558563747,44
2312.10007,2023-12-18,12,5.497168225293202,11,0,5.455321115357702,11
2312.10029,2023-12-18,12,5.501258210544727,11,0,5.455321115357702,10
2312.10034,2023-12-18,12,5.5053315359323625,11,0,5.262690188904886,9
2312.10035,2023-12-18,12,5.44673737166631,11,0,5.176149732573829,23
2312.10240,2023-12-19,20,5.634789603169249,19,0,5.099866427824199,20
2312.10253,2023-12-19,20,5.676753802268282,19,0,5.631211781821365,8
2312.10332,2023-12-19,20,5.676753802268282,19,0,5.676753802268282,8
2312.10523,2023-12-19,20,5.659482215759621,19,0,5.631211781821365,13
2312.10540,2023-12-19,20,5.627621113690637,19,0,5.170483995038151,22
2312.10656,2023-12-19,20,5.666426688112432,19,0,5.170483995038151,11
2312.10665,2023-12-19,20,5.666426688112432,19,0,5.099866427824199,11
2312.10763,2023-12-19,20,5.638354669333745,19,0,5.099866427824199,19
2312.10835,2023-12-19,20,5.676753802268282,19,0,5.170483995038151,8
2312.10899,2023-12-19,20,5.652489180268651,19,0,5.170483995038151,15
2312.11370,2023-12-19,20,5.634789603169249,19,0,5.099866427824199,20
2312.11392,2023-12-19,20,5.634789603169249,19,0,5.170483995038151,20
2312.11396,2023-12-19,20,5.666426688112432,19,0,5.170483995038151,11
2312.11458,2023-12-19,20,5.68697535633982,19,0,5.170483995038151,5
2312.11459,2023-12-19,20,5.683579767338681,19,0,5.170483995038151,6
2312.11461,2023-12-19,20,5.634789603169249,19,0,5.170483995038151,20
2312.11462,2023-12-19,20,5.66988092298052,19,0,5.66988092298052,10
2312.11805,2023-12-19,20,5.517452896464707,19,0,5.099866427824199,51
2312.12030,2023-12-19,20,5.683579767338681,19,0,5.170483995038151,6
2312.12436,2023-12-19,20,5.652489180268651,19,0,5.099866427824199,15
2312.11514,2023-12-20,12,4.912654885736052,11,0,4.912654885736052,264
2312.11532,2023-12-20,12,5.976350909297934,11,1,5.855071922202427,6
2312.11535,2023-12-20,12,5.973809611869261,11,1,5.855071922202427,7
2312.11537,2023-12-20,12,5.971261839790462,11,1,5.855071922202427,8
2312.11556,2023-12-20,12,5.8916442118257715,11,1,5.8916442118257715,38
2312.11595,2023-12-20,12,5.976350909297934,11,1,5.855071922202427,6
2312.11666,2023-12-20,12,5.958424693029782,11,1,5.855071922202427,13
2312.11841,2023-12-20,12,5.963579343618446,11,1,5.855071922202427,11
2312.11894,2023-12-20,12,5.953243334287785,11,1,5.937536205082426,15
2312.11897,2023-12-20,12,5.976350909297934,11,1,5.937536205082426,6
2312.12423,2023-12-20,12,5.958424693029782,11,1,5.958424693029782,13
2312.12433,2023-12-20,12,5.961005339623274,11,1,5.961005339623274,12
2312.12456,2023-12-21,22,6.013715156042802,21,0,5.934894195619588,45
2312.12468,2023-12-21,22,6.093569770045136,21,0,5.247024072160486,11
2312.12487,2023-12-21,22,6.09807428216624,21,0,5.247024072160486,9
2312.12490,2023-12-21,22,6.075346031088684,21,0,5.247024072160486,19
2312.12491,2023-12-21,22,5.934894195619588,21,0,5.247024072160486,76
2312.12682,2023-12-21,22,6.09807428216624,21,0,5.934894195619588,9
2312.12742,2023-12-21,22,6.089044875446846,21,0,6.089044875446846,13
2312.12791,2023-12-21,22,6.104793232414985,21,0,6.104793232414985,6
2312.12865,2023-12-21,22,6.1092475827643655,21,0,5.247024072160486,4
2312.13102,2023-12-21,22,6.102558594613569,21,0,5.934894195619588,7
2312.13150,2023-12-21,22,6.0844994130751715,21,0,5.247024072160486,15
2312.13252,2023-12-21,22,6.056784013228625,21,0,5.247024072160486,27
2312.13271,2023-12-21,22,6.1070228877422545,21,0,5.247024072160486,5
2312.13285,2023-12-21,22,6.104793232414985,21,0,5.247024072160486,6
2312.13286,2023-12-21,22,6.035481432524756,21,0,5.886104031450156,36
2312.13469,2023-12-21,22,6.093569770045136,21,0,5.886104031450156,11
2312.13578,2023-12-21,22,6.052089168924417,21,0,5.247024072160486,29
2312.13691,2023-12-21,22,6.056784013228625,21,0,5.247024072160486,27
2312.13763,2023-12-21,22,6.095824562432225,21,0,5.247024072160486,10
2312.13789,2023-12-21,22,6.0844994130751715,21,0,5.934894195619588,15
2312.13834,2023-12-21,22,6.059123195581797,21,0,5.247024072160486,26
2312.14125,2023-12-21,22,6.008813185442595,21,0,5.886104031450156,47
2312.13314,2023-12-22,10,5.159055299214529,9,0,4.61512051684126,8
2312.13324,2023-12-22,10,5.14166355650266,9,0,4.61512051684126,11
2312.13401,2023-12-22,10,5.087596335232384,9,0,5.087596335232384,20
2312.13528,2023-12-22,10,5.1647859739235145,9,0,4.61512051684126,7
2312.13771,2023-12-22,10,4.852030263919617,9,0,4.852030263919617,54
2312.13913,2023-12-22,10,5.062595033026967,9,0,4.61512051684126,24
2312.13964,2023-12-22,10,5.093750200806762,9,0,5.049856007249537,19
2312.13980,2023-12-22,10,5.123963979403259,9,0,4.61512051684126,14
2312.14091,2023-12-22,10,5.10594547390058,9,0,4.61512051684126,17
2312.14140,2023-12-22,10,5.1647859739235145,9,0,5.049856007249537,7
2312.14187,2023-12-26,16,5.153291594497779,15,0,5.153291594497779,49
2312.14198,2023-12-26,16,5.3612921657094255,15,0,5.332718793265369,9
2312.14203,2023-12-26,16,5.375278407684165,15,0,5.332718793265369,6
2312.14206,2023-12-26,16,5.389071729816501,15,0,5.303304908059076,3
2312.14216,2023-12-26,16,5.3471075307174685,15,0,5.220355825078324,12
2312.14232,2023-12-26,16,5.3471075307174685,15,0,5.159055299214529,12
2312.14233,2023-12-26,16,5.327876168789581,15,0,5.159055299214529,16
2312.14238,2023-12-26,16,5.308267697401205,15,0,5.159055299214529,20
2312.14239,2023-12-26,16,5.3471075307174685,15,0,5.220355825078324,12
2312.14302,2023-12-26,16,5.337538079701318,15,0,5.303304908059076,14
2312.14327,2023-12-26,16,5.3706380281276624,15,0,5.303304908059076,7
2312.14385,2023-12-26,16,5.3706380281276624,15,0,5.220355825078324,7
2312.14591,2023-12-26,16,5.318119993844216,15,0,5.303304908059076,18
2312.14862,2023-12-26,16,5.337538079701318,15,0,5.2574953720277815,14
2312.14878,2023-12-26,16,5.327876168789581,15,0,5.2574953720277815,16
2312.14929,2023-12-26,16,5.375278407684165,15,0,5.220355825078324,6
2312.15011,2023-12-27,12,5.459585514144159,11,0,5.459585514144159,18
2312.15166,2023-12-27,12,5.2574953720277815,11,0,5.147494476813453,61
2312.15258,2023-12-27,12,5.493061443340548,11,0,5.087596335232384,10
2312.15430,2023-12-27,12,5.41610040220442,11,0,5.087596335232384,28
2312.15715,2023-12-27,12,5.4510384535657,11,0,5.147494476813453,20
2312.15770,2023-12-27,12,5.472270673671475,11,0,5.087596335232384,15
2312.15821,2023-12-27,12,5.4680601411351315,11,0,5.4680601411351315,16
2312.15918,2023-12-27,12,5.497168225293202,11,0,5.332718793265369,9
2312.15980,2023-12-27,12,5.484796933490655,11,0,5.087596335232384,12
2312.16084,2023-12-27,12,5.4680601411351315,11,0,5.087596335232384,16
2312.16145,2023-12-27,12,5.493061443340548,11,0,5.087596335232384,10
2312.16171,2023-12-27,12,5.375278407684165,11,0,5.332718793265369,37
2312.16218,2023-12-29,19,5.579729825986222,18,0,5.579729825986222,8
2312.16256,2023-12-29,19,5.541263545158426,18,0,5.1647859739235145,18
2312.16272,2023-12-29,19,5.583496308781699,18,0,5.472270673671475,7
2312.16457,2023-12-29,19,5.552959584921617,18,0,5.1647859739235145,15
2312.16486,2023-12-29,19,5.583496308781699,18,0,5.1647859739235145,7
2312.16693,2023-12-29,19,5.556828061699537,18,0,5.1647859739235145,14
2312.16720,2023-12-29,19,5.5909869805108565,18,0,5.1647859739235145,5
2312.16812,2023-12-29,19,5.572154032177765,18,0,5.493061443340548,10
2312.16837,2023-12-29,19,5.58724865840025,18,0,5.1647859739235145,6
2312.16862,2023-12-29,19,5.488937726156687,18,0,5.241747015059643,31
2312.16886,2023-12-29,19,5.5254529391317835,18,0,5.241747015059643,22
2312.17120,2023-12-29,19,5.501258210544727,18,0,5.472270673671475,28
2312.17135,2023-12-29,19,5.572154032177765,18,0,5.1647859739235145,10
2312.17142,2023-12-29,19,5.537334267018537,18,0,5.1647859739235145,19
2312.17161,2023-12-29,19,5.594711379601839,18,0,5.1647859739235145,4
2312.17172,2023-12-29,19,5.488937726156687,18,0,5.241747015059643,31
2312.17241,2023-12-29,19,5.579729825986222,18,0,5.545177444479562,8
2312.17243,2023-12-29,19,5.53338948872752,18,0,5.493061443340548,20
2312.17244,2023-12-29,19,5.575949103146316,18,0,5.545177444479562,9
2312.17276,2024-01-01,5,4.442651256490317,4,0,4.442651256490317,16
2312.17653,2024-01-01,5,4.204692619390966,4,0,4.204692619390966,34
2312.17661,2024-01-01,5,4.454347296253507,4,0,4.454347296253507,15
2312.17681,2024-01-01,5,4.406719247264253,4,0,4.406719247264253,19
2312.17742,2024-01-01,5,4.442651256490317,4,0,4.442651256490317,16
2401.00134,2024-01-02,16,6.386879319362645,15,1,6.386879319362645,13
2401.00246,2024-01-02,16,6.386879319362645,15,1,6.386879319362645,13
2401.00368,2024-01-02,16,6.261491684321042,15,1,5.564520407322694,83
2401.00434,2024-01-02,16,6.393590753950631,15,1,6.393590753950631,9
2401.00448,2024-01-02,16,6.3561076606958915,15,1,6.345636360828596,31
2401.00604,2024-01-02,16,6.398594934535208,15,1,6.345636360828596,6
2401.00788,2024-01-02,16,6.369900982828227,15,1,5.564520407322694,23
2401.00849,2024-01-02,16,6.3784261836515865,15,1,6.3784261836515865,18
2401.00896,2024-01-02,16,6.3835066348840055,15,1,6.327936783729195,15
2401.00908,2024-01-02,16,6.028278520230698,15,0,5.564520407322694,192
2401.01055,2024-01-02,16,6.315358001522335,15,1,6.315358001522335,54
2401.01117,2024-01-02,16,6.391917113392602,15,1,6.327936783729195,10
2401.01256,2024-01-02,16,6.371611847231857,15,1,6.327936783729195,22
2401.01286,2024-01-02,16,6.373319789577012,15,1,5.564520407322694,21
2401.01325,2024-01-02,16,6.363028103540465,15,1,5.564520407322694,27
2401.01335,2024-01-02,16,6.2878585601617845,15,1,6.2878585601617845,69
2401.00909,2024-01-03,8,4.61512051684126,7,0,4.499809670330265,10
2401.00935,2024-01-03,8,4.532599493153256,7,0,4.330733340286331,18
2401.01173,2024-01-03,8,4.59511985013459,7,0,4.59511985013459,12
2401.01614,2024-01-03,8,4.477336814478207,7,0,4.477336814478207,23
2401.01699,2024-01-03,8,4.634728988229636,7,0,4.5217885770490405,8
2401.01827,2024-01-03,8,4.543294782270004,7,0,4.330733340286331,17
2401.01854,2024-01-03,8,4.605170185988092,7,0,4.5217885770490405,11
2401.01862,2024-01-03,8,4.605170185988092,7,0,4.499809670330265,11
2401.01461,2024-01-04,7,4.736198448394496,6,0,4.07753744390572,9
2401.01647,2024-01-04,7,4.700480365792417,6,0,4.07753744390572,13
2401.01702,2024-01-04,7,4.634728988229636,6,0,4.634728988229636,20
2401.01755,2024-01-04,7,4.727387818712341,6,0,4.727387818712341,10
2401.01792,2024-01-04,7,4.718498871295094,6,0,4.07753744390572,11
2401.01808,2024-01-04,7,4.5217885770490405,6,0,4.07753744390572,31
2401.01885,2024-01-04,7,4.553876891600541,6,0,4.553876891600541,28
2401.01952,2024-01-05,14,5.934894195619588,13,0,5.934894195619588,31
2401.01970,2024-01-05,14,5.993961427306569,13,0,5.973809611869261,8
2401.01974,2024-01-05,14,5.996452088619021,13,0,5.8664680569332965,7
2401.02015,2024-01-05,14,5.993961427306569,13,0,5.973809611869261,8
2401.02038,2024-01-05,14,5.840641657373398,13,0,5.66988092298052,65
2401.02072,2024-01-05,14,5.986452005284438,13,0,5.8664680569332965,11
2401.02117,2024-01-05,14,5.929589143389895,13,0,5.929589143389895,33
2401.02330,2024-01-05,14,5.966146739123692,13,0,5.966146739123692,19
2401.02385,2024-01-05,14,5.746203190540153,13,0,5.746203190540153,96
2401.02400,2024-01-05,14,5.986452005284438,13,0,5.986452005284438,11
2401.02411,2024-01-05,14,5.978885764901122,13,0,5.945420608606575,14
2401.02412,2024-01-05,14,5.916202062607435,13,0,5.8664680569332965,38
2401.02415,2024-01-05,14,5.872117789475416,13,0,5.66988092298052,54
2401.02416,2024-01-05,14,5.981414211254481,13,0,5.945420608606575,13
2401.02669,2024-01-07,1,0.0,0,0,0.0,17
2401.02677,2024-01-08,6,5.10594547390058,5,0,4.955827057601261,25
2401.02823,2024-01-08,6,5.0369526024136295,5,0,4.812184355372417,36
2401.02839,2024-01-08,6,5.147494476813453,5,0,5.147494476813453,18
2401.02954,2024-01-08,6,4.897839799950911,5,0,4.897839799950911,56
2401.02955,2024-01-08,6,5.117993812416755,5,0,4.955827057601261,23
2401.02957,2024-01-08,6,5.0689042022202315,5,0,4.812184355372417,31
2401.02987,2024-01-09,11,5.981414211254481,10,0,5.981414211254481,10
2401.02994,2024-01-09,11,5.869296913133774,10,0,5.783825182329737,52
2401.03003,2024-01-09,11,5.971261839790462,10,0,5.971261839790462,14
2401.03065,2024-01-09,11,5.978885764901122,10,0,5.958424693029782,11
2401.03462,2024-01-09,11,5.932245187448011,10,0,5.783825182329737,29
2401.03506,2024-01-09,11,5.966146739123692,10,0,5.966146739123692,16
2401.03804,2024-01-09,11,5.986452005284438,10,0,5.958424693029782,8
2401.04081,2024-01-09,11,5.805134968916488,10,0,5.14166355650266,74
2401.04088,2024-01-09,11,5.501258210544727,10,0,5.14166355650266,161
2401.04092,2024-01-09,11,5.953243334287785,10,0,5.953243334287785,21
2401.04099,2024-01-09,11,5.983936280687191,10,0,5.983936280687191,9
2401.04283,2024-01-10,8,5.2832037287379885,7,0,5.2832037287379885,8
2401.04398,2024-01-10,8,5.19295685089021,7,0,5.030437921392435,25
2401.04468,2024-01-10,8,5.049856007249537,7,0,4.770684624465665,49
2401.04575,2024-01-10,8,5.231108616854587,7,0,4.770684624465665,18
2401.04577,2024-01-10,8,5.081404364984463,7,0,5.081404364984463,44
2401.04658,2024-01-10,8,5.181783550292085,7,0,5.030437921392435,27
2401.04695,2024-01-10,8,5.2574953720277815,7,0,5.2574953720277815,13
2401.04718,2024-01-10,8,5.220355825078324,7,0,4.770684624465665,20
2401.04925,2024-01-11,12,5.752572638825633,11,0,5.752572638825633,18
2401.05033,2024-01-11,12,5.752572638825633,11,0,5.62040086571715,18
2401.05252,2024-01-11,12,5.648974238161206,11,0,5.351858133476067,49
2401.05293,2024-01-11,12,5.771441123130016,11,0,5.771441123130016,12
2401.05314,2024-01-11,12,5.771441123130016,11,0,5.771441123130016,12
2401.05334,2024-01-11,12,5.730099782973574,11,0,5.351858133476067,25
2401.05335,2024-01-11,12,5.717027701406222,11,0,5.351858133476067,29
2401.05391,2024-01-11,12,5.7745515455444085,11,0,5.7745515455444085,11
2401.05561,2024-01-11,12,5.575949103146316,11,0,5.575949103146316,69
2401.05566,2024-01-11,12,5.71042701737487,11,0,5.71042701737487,31
2401.06104,2024-01-11,12,5.683579767338681,11,0,5.62040086571715,39
2401.06129,2024-01-11,12,5.749392985908253,11,0,5.351858133476067,19
2401.05583,2024-01-12,13,5.66988092298052,12,0,5.634789603169249,12
2401.05654,2024-01-12,13,5.641907070938114,12,0,5.641907070938114,20
2401.05675,2024-01-12,13,5.627621113690637,12,0,5.53338948872752,24
2401.05735,2024-01-12,13,5.676753802268282,12,0,5.634789603169249,10
2401.05749,2024-01-12,13,5.680172609017068,12,0,5.575949103146316,9
2401.05811,2024-01-12,13,5.680172609017068,12,0,5.575949103146316,9
2401.06003,2024-01-12,13,5.6240175061873385,12,0,5.53338948872752,25
2401.06066,2024-01-12,13,5.480638923341991,12,0,5.480638923341991,62
2401.06071,2024-01-12,13,5.666426688112432,12,0,5.666426688112432,13
2401.06080,2024-01-12,13,5.616771097666572,12,0,5.537334267018537,27
2401.06102,2024-01-12,13,5.638354669333745,12,0,5.537334267018537,21
2401.06105,2024-01-12,13,5.53338948872752,12,0,5.53338948872752,49
2401.06121,2024-01-12,13,5.641907070938114,12,0,5.575949103146316,20
2401.06951,2024-01-17,9,5.356586274672012,8,0,5.247024072160486,26
2401.07004,2024-01-17,9,5.402677381872279,8,0,5.214935757608986,16
2401.07049,2024-01-17,9,5.407171771460119,8,0,5.356586274672012,15
2401.07519,2024-01-17,9,5.198497031265826,8,0,5.198497031265826,57
2401.07727,2024-01-17,9,5.424950017481403,8,0,5.356586274672012,11
2401.07781,2024-01-17,9,5.407171771460119,8,0,5.407171771460119,15
2401.08417,2024-01-17,9,5.303304908059076,8,0,5.303304908059076,37
2401.08541,2024-01-17,9,5.298317366548036,8,0,5.214935757608986,38
2401.08565,2024-01-17,9,5.375278407684165,8,0,5.247024072160486,22
2401.08671,2024-01-18,15,6.07073772800249,14,0,6.045005314036012,15
2401.08740,2024-01-18,15,6.073044534100405,14,0,5.996452088619021,14
2401.08937,2024-01-18,15,6.0867747269123065,14,0,5.996452088619021,8
2401.08967,2024-01-18,15,6.030685260261263,14,0,6.030685260261263,32
2401.09047,2024-01-18,15,6.073044534100405,14,0,5.996452088619021,14
2401.09048,2024-01-18,15,6.082218910376446,14,0,5.996452088619021,10
2401.09084,2024-01-18,15,6.066108090103747,14,0,5.799092654460526,17
2401.09135,2024-01-18,15,6.077642243349034,14,0,5.991464547107982,12
2401.09340,2024-01-18,15,6.056784013228625,14,0,6.056784013228625,21
2401.09416,2024-01-18,15,6.07993319509559,14,0,6.045005314036012,11
2401.09417,2024-01-18,15,5.955837369464831,14,0,5.799092654460526,62
2401.09419,2024-01-18,15,6.056784013228625,14,0,5.799092654460526,21
2401.09985,2024-01-18,15,6.063785208687608,14,0,5.799092654460526,18
2401.10020,2024-01-18,15,5.676753802268282,14,0,5.676753802268282,156
2401.10225,2024-01-18,15,6.021023349349527,14,0,5.991464547107982,36
2401.09603,2024-01-19,7,4.844187086458591,6,0,3.6109179126442243,17
2401.09865,2024-01-19,7,4.8283137373023015,6,0,3.6109179126442243,19
2401.09962,2024-01-19,7,4.90527477843843,6,0,4.804021044733257,9
2401.10032,2024-01-19,7,4.875197323201151,6,0,4.804021044733257,13
2401.10061,2024-01-19,7,4.727387818712341,6,0,3.6109179126442243,31
2401.10166,2024-01-19,7,4.6443908991413725,6,0,3.6109179126442243,40
2401.10171,2024-01-19,7,4.867534450455582,6,0,4.867534450455582,14
2401.10404,2024-01-21,2,4.110873864173311,1,0,4.110873864173311,10
2401.10774,2024-01-21,2,2.3978952727983707,1,0,2.3978952727983707,60
2401.10241,2024-01-22,6,4.68213122712422,5,0,4.68213122712422,25
2401.10822,2024-01-22,6,4.787491742782046,5,0,4.68213122712422,13
2401.10831,2024-01-22,6,4.820281565605037,5,0,4.820281565605037,9
2401.10838,2024-01-22,6,4.820281565605037,5,0,4.820281565605037,9
2401.10889,2024-01-22,6,4.795790545596741,5,0,4.68213122712422,12
2401.10891,2024-01-22,6,4.23410650459726,5,0,4.23410650459726,64
2401.11002,2024-01-23,20,5.991464547107982,19,0,5.991464547107982,2
2401.11053,2024-01-23,20,5.968707559985366,19,0,5.968707559985366,11
2401.11067,2024-01-23,20,5.953243334287785,19,0,5.730099782973574,17
2401.11078,2024-01-23,20,5.978885764901122,19,0,5.730099782973574,7
2401.11605,2024-01-23,20,5.937536205082426,19,0,5.730099782973574,23
2401.11708,2024-01-23,20,5.918893854273146,19,0,5.673323267171493,30
2401.11739,2024-01-23,20,5.953243334287785,19,0,5.730099782973574,17
2401.11944,2024-01-23,20,5.926926025970411,19,0,5.8377304471659395,27
2401.11985,2024-01-23,20,5.988961416889864,19,0,5.730099782973574,3
2401.12070,2024-01-23,20,5.877735781779639,19,0,5.8377304471659395,45
2401.12168,2024-01-23,20,5.918893854273146,19,0,5.673323267171493,30
2401.12175,2024-01-23,20,5.981414211254481,19,0,5.730099782973574,6
2401.12179,2024-01-23,20,5.942799375126701,19,0,5.730099782973574,21
2401.12187,2024-01-23,20,5.948034989180646,19,0,5.948034989180646,19
2401.12202,2024-01-23,20,5.971261839790462,19,0,5.971261839790462,10
2401.12208,2024-01-23,20,5.940171252720432,19,0,5.673323267171493,22
2401.12244,2024-01-23,20,5.921578419643816,19,0,5.673323267171493,29
2401.12246,2024-01-23,20,5.961005339623274,19,0,5.8377304471659395,14
2401.12474,2024-01-23,20,5.902633333401366,19,0,5.902633333401366,36
2401.12954,2024-01-23,20,5.91350300563827,19,0,5.8377304471659395,32
2401.12503,2024-01-24,6,4.859812404361672,5,0,4.859812404361672,32
2401.12522,2024-01-24,6,5.003946305945459,5,0,5.003946305945459,12
2401.12789,2024-01-24,6,5.0238805208462765,5,0,5.0238805208462765,9
2401.12945,2024-01-24,6,4.31748811353631,5,0,4.189654742026425,86
2401.12963,2024-01-24,6,5.003946305945459,5,0,5.003946305945459,12
2401.12979,2024-01-24,6,5.0238805208462765,5,0,4.189654742026425,9
2401.13160,2024-01-25,11,5.673323267171493,10,0,5.673323267171493,12
2401.13303,2024-01-25,11,5.673323267171493,10,0,5.44673737166631,12
2401.13311,2024-01-25,11,5.673323267171493,10,0,5.393627546352362,12
2401.13388,2024-01-25,11,5.66988092298052,10,0,5.393627546352362,13
2401.13601,2024-01-25,11,5.545177444479562,10,0,5.393627546352362,47
2401.13627,2024-01-25,11,5.41610040220442,10,0,5.41610040220442,78
2401.13660,2024-01-25,11,5.497168225293202,10,0,5.44673737166631,59
2401.13919,2024-01-25,11,5.602118820879701,10,0,5.602118820879701,32
2401.13974,2024-01-25,11,5.666426688112432,10,0,5.6240175061873385,14
2401.14066,2024-01-25,11,5.676753802268282,10,0,5.393627546352362,11
2401.14257,2024-01-25,11,5.673323267171493,10,0,5.6240175061873385,12
2401.13795,2024-01-26,10,5.308267697401205,9,0,5.062595033026967,67
2401.14019,2024-01-26,10,5.5053315359323625,9,0,5.472270673671475,23
2401.14112,2024-01-26,10,5.517452896464707,9,0,5.517452896464707,20
2401.14196,2024-01-26,10,5.278114659230517,9,0,5.278114659230517,73
2401.14367,2024-01-26,10,5.564520407322694,9,0,5.472270673671475,8
2401.14391,2024-01-26,10,5.493061443340548,9,0,5.062595033026967,26
2401.14398,2024-01-26,10,5.556828061699537,9,0,5.556828061699537,10
2401.14403,2024-01-26,10,5.556828061699537,9,0,5.556828061699537,10
2401.14404,2024-01-26,10,5.5254529391317835,9,0,5.062595033026967,18
2401.14405,2024-01-26,10,5.545177444479562,9,0,5.545177444479562,13
2401.15071,2024-01-28,1,0.0,0,0,0.0,37
2401.14673,2024-01-29,6,4.941642422609304,5,0,4.941642422609304,7
2401.14688,2024-01-29,6,4.890349128221754,5,0,4.890349128221754,14
2401.14828,2024-01-29,6,4.919980925828125,5,0,4.919980925828125,10
2401.14953,2024-01-29,6,4.8283137373023015,5,0,3.4657359027997265,22
2401.15024,2024-01-29,6,4.30406509320417,5,0,3.4657359027997265,73
2401.15077,2024-01-29,6,4.844187086458591,5,0,3.4657359027997265,20
2401.15687,2024-01-30,11,5.68697535633982,10,0,5.6240175061873385,24
2401.15688,2024-01-30,11,5.730099782973574,10,0,5.54907608489522,11
2401.15708,2024-01-30,11,5.726847747587197,10,0,5.54907608489522,12
2401.15914,2024-01-30,11,5.7430031878094825,10,0,5.318119993844216,7
2401.15947,2024-01-30,11,5.583496308781699,10,0,5.318119993844216,53
2401.15975,2024-01-30,11,5.707110264748875,10,0,5.6240175061873385,18
2401.15977,2024-01-30,11,5.634789603169249,10,0,5.54907608489522,39
2401.16013,2024-01-30,11,5.680172609017068,10,0,5.680172609017068,26
2401.16158,2024-01-30,11,5.700443573390687,10,0,5.700443573390687,20
2401.16380,2024-01-30,11,5.583496308781699,10,0,5.583496308781699,53
2401.16420,2024-01-30,11,5.575949103146316,10,0,5.318119993844216,55
2401.16467,2024-01-31,14,5.598421958998375,13,0,5.537334267018537,10
2401.16468,2024-01-31,14,5.579729825986222,13,0,5.579729825986222,15
2401.16658,2024-01-31,14,5.583496308781699,13,0,5.583496308781699,14
2401.16677,2024-01-31,14,5.616771097666572,13,0,5.616771097666572,5
2401.16818,2024-01-31,14,5.568344503761097,13,0,5.298317366548036,18
2401.16861,2024-01-31,14,5.583496308781699,13,0,5.583496308781699,14
2401.17053,2024-01-31,14,5.5093883366279774,13,0,5.424950017481403,33
2401.17093,2024-01-31,14,5.560681631015528,13,0,5.424950017481403,20
2401.17181,2024-01-31,14,5.572154032177765,13,0,5.298317366548036,17
2401.17221,2024-01-31,14,5.602118820879701,13,0,5.424950017481403,9
2401.17256,2024-01-31,14,5.575949103146316,13,0,5.537334267018537,16
2401.17264,2024-01-31,14,5.564520407322694,13,0,5.564520407322694,19
2401.17268,2024-01-31,14,5.459585514144159,13,0,5.298317366548036,45
2401.17270,2024-01-31,14,5.4638318050256105,13,0,5.424950017481403,44
2401.17377,2024-02-01,11,5.3981627015177525,10,0,5.3981627015177525,38
2401.17464,2024-02-01,11,5.472270673671475,10,0,5.472270673671475,21
2401.17509,2024-02-01,11,5.488937726156687,10,0,5.420534999272286,17
2401.17574,2024-02-01,11,5.488937726156687,10,0,5.1298987149230735,17
2401.17583,2024-02-01,11,5.4510384535657,10,0,5.4510384535657,26
2401.17807,2024-02-01,11,5.480638923341991,10,0,5.384495062789089,19
2401.17895,2024-02-01,11,5.493061443340548,10,0,5.420534999272286,16
2401.18058,2024-02-01,11,5.455321115357702,10,0,5.1298987149230735,25
2401.18059,2024-02-01,11,5.351858133476067,10,0,5.1298987149230735,48
2401.18075,2024-02-01,11,5.521460917862246,10,0,5.521460917862246,9
2402.00769,2024-02-01,11,5.4680601411351315,10,0,5.384495062789089,22
2402.00159,2024-02-02,10,5.402677381872279,9,0,5.147494476813453,65
2402.00351,2024-02-02,10,5.605802066295998,9,0,5.605802066295998,15
2402.00396,2024-02-02,10,5.579729825986222,9,0,5.579729825986222,22
2402.00518,2024-02-02,10,5.645446897643238,9,0,5.645446897643238,4
2402.00742,2024-02-02,10,5.616771097666572,9,0,5.616771097666572,12
2402.00786,2024-02-02,10,5.564520407322694,9,0,5.147494476813453,26
2402.00838,2024-02-02,10,5.303304908059076,9,0,5.247024072160486,86
2402.00854,2024-02-02,10,5.583496308781699,9,0,5.583496308781699,21
2402.00858,2024-02-02,10,5.572154032177765,9,0,5.147494476813453,24
2402.00867,2024-02-02,10,5.62040086571715,9,0,5.247024072160486,11
2402.00892,2024-02-05,9,5.517452896464707,8,0,5.517452896464707,13
2402.01032,2024-02-05,9,5.4680601411351315,8,0,5.247024072160486,25
2402.01093,2024-02-05,9,5.3706380281276624,8,0,5.247024072160486,47
2402.01118,2024-02-05,9,5.438079308923196,8,0,5.2574953720277815,32
2402.01391,2024-02-05,9,5.389071729816501,8,0,5.389071729816501,43
2402.01521,2024-02-05,9,5.497168225293202,8,0,5.420534999272286,18
2402.01566,2024-02-05,9,5.459585514144159,8,0,5.459585514144159,27
2402.01613,2024-02-05,9,5.497168225293202,8,0,5.420534999272286,18
2402.01622,2024-02-05,9,5.4116460518550396,8,0,5.2574953720277815,38
2402.01739,2024-02-06,15,6.040254711277414,14,0,5.863631175598097,28
2402.01761,2024-02-06,15,6.052089168924417,14,0,5.863631175598097,23
2402.01771,2024-02-06,15,6.0473721790462776,14,0,5.863631175598097,25
2402.01831,2024-02-06,15,6.066108090103747,14,0,6.066108090103747,17
2402.01878,2024-02-06,15,6.059123195581797,14,0,5.863631175598097,20
2402.01935,2024-02-06,15,6.075346031088684,14,0,6.075346031088684,13
2402.02583,2024-02-06,15,6.0867747269123065,14,0,6.0867747269123065,8
2402.02791,2024-02-06,15,6.075346031088684,14,0,6.075346031088684,13
2402.02834,2024-02-06,15,6.066108090103747,14,0,6.066108090103747,17
2402.03040,2024-02-06,15,6.061456918928017,14,0,6.023447592961033,19
2402.03161,2024-02-06,15,6.068425588244111,14,0,6.023447592961033,16
2402.03162,2024-02-06,15,6.059123195581797,14,0,5.8888779583328805,20
2402.03286,2024-02-06,15,5.942799375126701,14,0,5.8888779583328805,67
2402.03300,2024-02-06,15,5.713732805509369,14,0,5.713732805509369,145
2402.03310,2024-02-06,15,6.068425588244111,14,0,6.068425588244111,16
2402.03570,2024-02-07,15,5.91350300563827,14,0,5.840641657373398,8
2402.03620,2024-02-07,15,5.564520407322694,14,0,5.564520407322694,117
2402.03749,2024-02-07,15,5.8944028342648505,14,0,5.8944028342648505,15
2402.03766,2024-02-07,15,5.8944028342648505,14,0,5.869296913133774,15
2402.03908,2024-02-07,15,5.91350300563827,14,0,5.840641657373398,8
2402.03944,2024-02-07,15,5.910796644040527,14,0,5.840641657373398,9
2402.04141,2024-02-07,15,5.908082938168931,14,0,5.908082938168931,10
2402.04177,2024-02-07,15,5.8805329864007,14,0,5.8805329864007,20
2402.04229,2024-02-07,15,5.8888779583328805,14,0,5.8888779583328805,17
2402.04236,2024-02-07,15,5.910796644040527,14,0,5.869296913133774,9
2402.04248,2024-02-07,15,5.846438775057725,14,0,5.69035945432406,32
2402.04252,2024-02-07,15,5.849324779946859,14,0,5.768320995793772,31
2402.04291,2024-02-07,15,5.793013608384144,14,0,5.69035945432406,50
2402.04324,2024-02-07,15,5.860786223465865,14,0,5.768320995793772,27
2402.04379,2024-02-07,15,5.910796644040527,14,0,5.840641657373398,9
2402.04347,2024-02-08,11,5.529429087511423,10,0,5.438079308923196,15
2402.04494,2024-02-08,11,5.2832037287379885,10,0,5.2832037287379885,70
2402.04615,2024-02-08,11,5.402677381872279,10,0,5.1298987149230735,45
2402.04744,2024-02-08,11,5.579729825986222,10,0,5.438079308923196,2
2402.04792,2024-02-08,11,5.44673737166631,10,0,5.44673737166631,35
2402.04825,2024-02-08,11,5.560681631015528,10,0,5.560681631015528,7
2402.04858,2024-02-08,11,5.529429087511423,10,0,5.529429087511423,15
2402.04925,2024-02-08,11,5.572154032177765,10,0,5.572154032177765,4
2402.05008,2024-02-08,11,5.493061443340548,10,0,5.1298987149230735,24
2402.05054,2024-02-08,11,5.472270673671475,10,0,5.1298987149230735,29
2402.05099,2024-02-08,11,5.5093883366279774,10,0,5.438079308923196,20
2402.05120,2024-02-09,15,5.4510384535657,14,0,5.4510384535657,57
2402.05140,2024-02-09,15,5.583496308781699,14,0,5.54907608489522,24
2402.05195,2024-02-09,15,5.602118820879701,14,0,5.53338948872752,19
2402.05403,2024-02-09,15,5.605802066295998,14,0,5.5254529391317835,18
2402.05468,2024-02-09,15,5.648974238161206,14,0,5.598421958998375,6
2402.05472,2024-02-09,15,5.634789603169249,14,0,5.420534999272286,10
2402.05546,2024-02-09,15,5.652489180268651,14,0,5.652489180268651,5
2402.05672,2024-02-09,15,5.594711379601839,14,0,5.5254529391317835,21
2402.05755,2024-02-09,15,5.616771097666572,14,0,5.420534999272286,15
2402.05861,2024-02-09,15,5.638354669333745,14,0,5.54907608489522,9
2402.05929,2024-02-09,15,5.564520407322694,14,0,5.564520407322694,29
2402.05930,2024-02-09,15,5.5254529391317835,14,0,5.420534999272286,39
2402.05932,2024-02-09,15,5.652489180268651,14,0,5.652489180268651,5
2402.05935,2024-02-09,15,5.605802066295998,14,0,5.53338948872752,18
2402.05937,2024-02-09,15,5.62040086571715,14,0,5.598421958998375,14
2402.06071,2024-02-12,13,5.272999558563747,12,0,5.272999558563747,13
2402.06082,2024-02-12,13,5.2832037287379885,12,0,5.2832037287379885,11
2402.06088,2024-02-12,13,5.2832037287379885,12,0,5.214935757608986,11
2402.06102,2024-02-12,13,5.313205979041787,12,0,5.214935757608986,5
2402.06118,2024-02-12,13,5.2574953720277815,12,0,5.2574953720277815,16
2402.06147,2024-02-12,13,5.298317366548036,12,0,5.214935757608986,8
2402.06149,2024-02-12,13,5.247024072160486,12,0,5.247024072160486,18
2402.06155,2024-02-12,13,5.272999558563747,12,0,5.272999558563747,13
2402.06178,2024-02-12,13,5.272999558563747,12,0,5.214935757608986,13
2402.06187,2024-02-12,13,5.2832037287379885,12,0,4.941642422609304,11
2402.06332,2024-02-12,13,5.236441962829949,12,0,5.236441962829949,20
2402.06619,2024-02-12,13,5.017279836814924,12,0,4.941642422609304,57
2402.07896,2024-02-12,13,5.2832037287379885,12,0,5.214935757608986,11
2402.06852,2024-02-13,15,5.572154032177765,14,0,5.37989735354046,32
2402.06859,2024-02-13,15,5.645446897643238,14,0,5.537334267018537,12
2402.07033,2024-02-13,15,5.62040086571715,14,0,5.62040086571715,19
2402.07043,2024-02-13,15,5.634789603169249,14,0,5.568344503761097,15
2402.07207,2024-02-13,15,5.645446897643238,14,0,5.645446897643238,12
2402.07319,2024-02-13,15,5.638354669333745,14,0,5.638354669333745,14
2402.07383,2024-02-13,15,5.634789603169249,14,0,5.634789603169249,15
2402.07456,2024-02-13,15,5.517452896464707,14,0,5.37989735354046,46
2402.07610,2024-02-13,15,5.655991810819852,14,0,5.568344503761097,9
2402.07625,2024-02-13,15,5.6240175061873385,14,0,5.43372200355424,18
2402.07827,2024-02-13,15,5.5093883366279774,14,0,5.43372200355424,48
2402.07865,2024-02-13,15,5.631211781821365,14,0,5.631211781821365,16
2402.07871,2024-02-13,15,5.641907070938114,14,0,5.537334267018537,13
2402.07872,2024-02-13,15,5.631211781821365,14,0,5.537334267018537,16
2402.07876,2024-02-13,15,5.655991810819852,14,0,5.568344503761097,9
2402.07939,2024-02-14,12,5.5093883366279774,11,0,5.5093883366279774,17
2402.08017,2024-02-14,12,5.4680601411351315,11,0,5.4680601411351315,27
2402.08093,2024-02-14,12,5.313205979041787,11,0,4.844187086458591,61
2402.08268,2024-02-14,12,5.4116460518550396,11,0,4.844187086458591,40
2402.08303,2024-02-14,12,5.521460917862246,11,0,5.484796933490655,14
2402.08420,2024-02-14,12,5.541263545158426,11,0,5.484796933490655,9
2402.08609,2024-02-14,12,5.429345628954441,11,0,4.844187086458591,36
2402.08622,2024-02-14,12,5.552959584921617,11,0,5.552959584921617,6
2402.08644,2024-02-14,12,5.537334267018537,11,0,5.4680601411351315,10
2402.08654,2024-02-14,12,5.529429087511423,11,0,5.472270673671475,12
2402.08678,2024-02-14,12,5.5093883366279774,11,0,5.4680601411351315,17
2402.08682,2024-02-14,12,5.521460917862246,11,0,5.472270673671475,14
2402.08714,2024-02-15,9,4.941642422609304,8,0,4.6913478822291435,15
2402.08797,2024-02-15,9,4.941642422609304,8,0,4.941642422609304,15
2402.08855,2024-02-15,9,4.948759890378168,8,0,4.948759890378168,14
2402.08939,2024-02-15,9,4.844187086458591,8,0,4.6913478822291435,28
2402.08958,2024-02-15,9,5.0106352940962555,8,0,5.0106352940962555,5
2402.09052,2024-02-15,9,4.919980925828125,8,0,4.6913478822291435,18
2402.09126,2024-02-15,9,4.948759890378168,8,0,4.948759890378168,14
2402.09368,2024-02-15,9,4.820281565605037,8,0,4.6913478822291435,31
2402.09371,2024-02-15,9,4.948759890378168,8,0,4.948759890378168,14
2402.09470,2024-02-16,13,6.066108090103747,12,0,5.8944028342648505,13
2402.09668,2024-02-16,13,5.993961427306569,12,0,5.993961427306569,43
2402.09727,2024-02-16,13,6.0063531596017325,12,0,5.973809611869261,38
2402.09812,2024-02-16,13,6.059123195581797,12,0,5.8944028342648505,16
2402.09906,2024-02-16,13,5.966146739123692,12,0,5.7899601708972535,54
2402.10009,2024-02-16,13,6.049733455231958,12,0,6.049733455231958,20
2402.10128,2024-02-16,13,6.056784013228625,12,0,5.8944028342648505,17
2402.10171,2024-02-16,13,6.037870919922137,12,0,5.7899601708972535,25
2402.10176,2024-02-16,13,6.0063531596017325,12,0,5.7899601708972535,38
2402.10193,2024-02-16,13,6.0473721790462776,12,0,6.0473721790462776,21
2402.10200,2024-02-16,13,5.811140992976701,12,0,5.811140992976701,110
2402.10210,2024-02-16,13,6.013715156042802,12,0,5.8944028342648505,35
2402.10211,2024-02-16,13,6.066108090103747,12,0,5.973809611869261,13
2402.10259,2024-02-19,12,5.765191102784844,11,0,5.765191102784844,15
2402.10294,2024-02-19,12,5.726847747587197,11,0,5.726847747587197,27
2402.10329,2024-02-19,12,5.765191102784844,11,0,5.662960480135946,15
2402.10379,2024-02-19,12,5.713732805509369,11,0,5.662960480135946,31
2402.10466,2024-02-19,12,5.755742213586912,11,0,5.755742213586912,18
2402.10491,2024-02-19,12,5.75890177387728,11,0,5.703782474656201,17
2402.10524,2024-02-19,12,5.739792912179234,11,0,5.739792912179234,23
2402.10555,2024-02-19,12,5.700443573390687,11,0,5.700443573390687,35
2402.10644,2024-02-19,12,5.53338948872752,11,0,5.53338948872752,81
2402.10790,2024-02-19,12,5.676753802268282,11,0,5.676753802268282,42
2402.10893,2024-02-19,12,5.7745515455444085,11,0,5.7745515455444085,12
2402.10896,2024-02-19,12,5.75890177387728,11,0,5.703782474656201,17
2402.10963,2024-02-20,14,5.8971538676367405,13,0,5.8971538676367405,12
2402.10986,2024-02-20,14,5.680172609017068,13,0,5.332718793265369,83
2402.11131,2024-02-20,14,5.811140992976701,13,0,5.811140992976701,42
2402.11248,2024-02-20,14,5.869296913133774,13,0,5.723585101952381,22
2402.11295,2024-02-20,14,5.863631175598097,13,0,5.332718793265369,24
2402.11450,2024-02-20,14,5.8664680569332965,13,0,5.8664680569332965,23
2402.11550,2024-02-20,14,5.877735781779639,13,0,5.877735781779639,19
2402.11690,2024-02-20,14,5.902633333401366,13,0,5.902633333401366,10
2402.11929,2024-02-20,14,5.8998973535824915,13,0,5.872117789475416,11
2402.12219,2024-02-20,14,5.883322388488279,13,0,5.332718793265369,17
2402.12225,2024-02-20,14,5.905361848054571,13,0,5.905361848054571,9
2402.12226,2024-02-20,14,5.802118375377063,13,0,5.332718793265369,45
2402.12376,2024-02-20,14,5.793013608384144,13,0,5.723585101952381,48
2402.12377,2024-02-20,14,5.902633333401366,13,0,5.872117789475416,10
2402.12659,2024-02-21,13,5.8664680569332965,12,0,5.62040086571715,24
2402.12712,2024-02-21,13,5.883322388488279,12,0,5.814130531825066,18
2402.12847,2024-02-21,13,5.860786223465865,12,0,5.62040086571715,26
2402.12908,2024-02-21,13,5.905361848054571,12,0,5.814130531825066,10
2402.13064,2024-02-21,13,5.786897381366708,12,0,5.62040086571715,51
2402.13144,2024-02-21,13,5.6240175061873385,12,0,5.6240175061873385,100
2402.13217,2024-02-21,13,5.817111159963204,12,0,5.75890177387728,41
2402.13220,2024-02-21,13,5.8944028342648505,12,0,5.846438775057725,14
2402.13232,2024-02-21,13,5.886104031450156,12,0,5.846438775057725,17
2402.13249,2024-02-21,13,5.8916442118257715,12,0,5.814130531825066,15
2402.13250,2024-02-21,13,5.857933154483459,12,0,5.814130531825066,27
2402.13251,2024-02-21,13,5.8944028342648505,12,0,5.814130531825066,14
2402.13252,2024-02-21,13,5.8805329864007,12,0,5.75890177387728,19
2402.12479,2024-02-22,13,5.780743515792329,12,0,5.780743515792329,19
2402.13349,2024-02-22,13,5.7430031878094825,12,0,5.713732805509369,31
2402.13573,2024-02-22,13,5.808142489980444,12,0,5.752572638825633,10
2402.13577,2024-02-22,13,5.811140992976701,12,0,5.713732805509369,9
2402.13598,2024-02-22,13,5.771441123130016,12,0,5.703782474656201,22
2402.13616,2024-02-22,13,5.683579767338681,12,0,5.58724865840025,49
2402.13720,2024-02-22,13,5.817111159963204,12,0,5.777652323222656,7
2402.13753,2024-02-22,13,5.424950017481403,12,0,5.424950017481403,116
2402.13763,2024-02-22,13,5.808142489980444,12,0,5.752572638825633,10
2402.13929,2024-02-22,13,5.755742213586912,12,0,5.58724865840025,27
2402.14017,2024-02-22,13,5.814130531825066,12,0,5.752572638825633,8
2402.14020,2024-02-22,13,5.799092654460526,12,0,5.777652323222656,13
2402.14797,2024-02-22,13,5.7745515455444085,12,0,5.703782474656201,21
2402.14034,2024-02-23,18,5.707110264748875,17,0,5.707110264748875,13
2402.14083,2024-02-23,18,5.58724865840025,17,0,5.541263545158426,47
2402.14086,2024-02-23,18,5.71042701737487,17,0,5.71042701737487,12
2402.14167,2024-02-23,18,5.713732805509369,17,0,5.605802066295998,11
2402.14180,2024-02-23,18,5.726847747587197,17,0,5.648974238161206,7
2402.14194,2024-02-23,18,5.730099782973574,17,0,5.541263545158426,6
2402.14253,2024-02-23,18,5.726847747587197,17,0,5.605802066295998,7
2402.14261,2024-02-23,18,5.717027701406222,17,0,5.717027701406222,10
2402.14289,2024-02-23,18,5.680172609017068,17,0,5.680172609017068,21
2402.14327,2024-02-23,18,5.69035945432406,17,0,5.69035945432406,18
2402.14547,2024-02-23,18,5.703782474656201,17,0,5.648974238161206,14
2402.14590,2024-02-23,18,5.720311776607412,17,0,5.648974238161206,9
2402.14650,2024-02-23,18,5.723585101952381,17,0,5.605802066295998,8
2402.14658,2024-02-23,18,5.438079308923196,17,0,5.438079308923196,84
2402.14792,2024-02-23,18,5.723585101952381,17,0,5.605802066295998,8
2402.14795,2024-02-23,18,5.730099782973574,17,0,5.541263545158426,6
2402.14810,2024-02-23,18,5.723585101952381,17,0,5.605802066295998,8
2402.14818,2024-02-23,18,5.66988092298052,17,0,5.66988092298052,24
2402.14830,2024-02-25,3,3.5263605246161616,2,0,3.5263605246161616,24
2402.15021,2024-02-25,3,3.828641396489095,2,0,3.828641396489095,12
2402.15504,2024-02-25,3,3.6109179126442243,2,0,3.6109179126442243,21
2402.14848,2024-02-26,10,5.834810737062605,9,0,5.834810737062605,19
2402.14904,2024-02-26,10,5.823045895483019,9,0,5.823045895483019,23
2402.14905,2024-02-26,10,5.424950017481403,9,0,4.890349128221754,134
2402.15000,2024-02-26,10,5.823045895483019,9,0,5.777652323222656,23
2402.15220,2024-02-26,10,5.831882477283517,9,0,5.831882477283517,20
2402.15319,2024-02-26,10,5.82600010738045,9,0,4.890349128221754,22
2402.15391,2024-02-26,10,5.666426688112432,9,0,4.890349128221754,72
2402.15491,2024-02-26,10,5.846438775057725,9,0,5.777652323222656,15
2402.15506,2024-02-26,10,5.8377304471659395,9,0,5.8377304471659395,18
2402.15509,2024-02-26,10,5.849324779946859,9,0,5.849324779946859,14
2402.15627,2024-02-27,10,5.66988092298052,9,0,5.66988092298052,36
2402.16107,2024-02-27,10,5.659482215759621,9,0,5.442417710521793,39
2402.16153,2024-02-27,10,5.594711379601839,9,0,5.594711379601839,57
2402.16641,2024-02-27,10,5.733341276897746,9,0,5.627621113690637,17
2402.16671,2024-02-27,10,5.700443573390687,9,0,5.442417710521793,27
2402.16819,2024-02-27,10,5.631211781821365,9,0,5.537334267018537,47
2402.16822,2024-02-27,10,5.733341276897746,9,0,5.733341276897746,17
2402.16837,2024-02-27,10,5.6937321388027,9,0,5.442417710521793,29
2402.16840,2024-02-27,10,5.707110264748875,9,0,5.537334267018537,25
2402.16843,2024-02-27,10,5.68697535633982,9,0,5.627621113690637,31
2402.16936,2024-02-28,15,7.029087564149662,14,1,6.98933526597456,11
2402.17139,2024-02-28,15,7.0192966537150445,14,1,6.705639094860003,22
2402.17177,2024-02-28,15,6.9584483932976555,14,1,6.705639094860003,88
2402.17193,2024-02-28,15,7.014814351275545,14,1,6.040254711277414,27
2402.17245,2024-02-28,15,7.029087564149662,14,1,6.98933526597456,11
2402.17403,2024-02-28,15,7.022868086082641,14,1,6.705639094860003,18
2402.17412,2024-02-28,15,7.018401799069201,14,1,6.98933526597456,23
2402.17427,2024-02-28,15,7.029972911706386,14,1,6.98933526597456,10
2402.17463,2024-02-28,15,7.017506142941256,14,1,6.040254711277414,24
2402.17485,2024-02-28,15,6.851184927493743,14,1,6.705639094860003,195
2402.17553,2024-02-28,15,7.016609683894219,14,1,7.016609683894219,25
2402.17723,2024-02-28,15,7.024649030453636,14,1,7.024649030453636,16
2402.17753,2024-02-28,15,7.02108396428914,14,1,6.040254711277414,20
2402.17759,2024-02-28,15,7.02197642307216,14,1,6.040254711277414,19
2402.17764,2024-02-28,15,6.234410725718371,14,1,6.040254711277414,630
2402.18668,2024-03-01,11,6.061456918928017,10,0,6.061456918928017,20
2402.18734,2024-03-01,11,6.063785208687608,10,0,6.063785208687608,19
2402.18796,2024-03-01,11,6.049733455231958,10,0,5.978885764901122,25
2402.18842,2024-03-01,11,6.073044534100405,10,0,6.073044534100405,15
2402.19155,2024-03-01,11,5.981414211254481,10,0,5.981414211254481,53
2402.19159,2024-03-01,11,6.068425588244111,10,0,5.926926025970411,17
2402.19173,2024-03-01,11,5.680172609017068,10,0,5.680172609017068,156
2402.19427,2024-03-01,11,5.971261839790462,10,0,5.971261839790462,57
2402.19469,2024-03-01,11,6.040254711277414,10,0,5.978885764901122,29
2402.19479,2024-03-01,11,6.025865973825314,10,0,5.926926025970411,35
2402.19481,2024-03-01,11,6.056784013228625,10,0,5.926926025970411,22
2403.00071,2024-03-04,5,4.700480365792417,4,0,4.564348191467836,24
2403.00483,2024-03-04,5,4.770684624465665,4,0,4.770684624465665,16
2403.00504,2024-03-04,5,4.61512051684126,4,0,4.007333185232471,33
2403.00522,2024-03-04,5,4.477336814478207,4,0,4.007333185232471,46
2403.00745,2024-03-04,5,4.787491742782046,4,0,4.564348191467836,14
2403.00818,2024-03-05,14,5.831882477283517,13,0,5.831882477283517,19
2403.01422,2024-03-05,14,5.799092654460526,13,0,5.645446897643238,30
2403.01444,2024-03-05,14,5.869296913133774,13,0,5.802118375377063,6
2403.01487,2024-03-05,14,5.8377304471659395,13,0,5.645446897643238,17
2403.01779,2024-03-05,14,5.799092654460526,13,0,5.645446897643238,30
2403.01800,2024-03-05,14,5.820082930352362,13,0,5.802118375377063,23
2403.01807,2024-03-05,14,5.860786223465865,13,0,5.480638923341991,9
2403.01823,2024-03-05,14,5.860786223465865,13,0,5.860786223465865,9
2403.02084,2024-03-05,14,5.84354441703136,13,0,5.480638923341991,15
2403.02151,2024-03-05,14,5.840641657373398,13,0,5.480638923341991,16
2403.02338,2024-03-05,14,5.8664680569332965,13,0,5.8664680569332965,7
2403.02827,2024-03-05,14,5.860786223465865,13,0,5.480638923341991,9
2403.03163,2024-03-05,14,5.568344503761097,13,0,5.568344503761097,98
2403.03206,2024-03-05,14,5.666426688112432,13,0,5.480638923341991,71
2403.02460,2024-03-06,10,5.0106352940962555,9,0,5.0106352940962555,8
2403.02545,2024-03-06,10,4.948759890378168,9,0,4.948759890378168,17
2403.02626,2024-03-06,10,4.990432586778736,9,0,4.795790545596741,11
2403.02677,2024-03-06,10,4.9344739331306915,9,0,4.9344739331306915,19
2403.02709,2024-03-06,10,5.003946305945459,9,0,5.003946305945459,9
2403.02775,2024-03-06,10,4.976733742420574,9,0,4.976733742420574,13
2403.02884,2024-03-06,10,4.948759890378168,9,0,4.948759890378168,17
2403.03003,2024-03-06,10,4.990432586778736,9,0,4.795790545596741,11
2403.03100,2024-03-06,10,4.795790545596741,9,0,4.795790545596741,37
2403.03194,2024-03-06,10,4.962844630259907,9,0,4.795790545596741,15
2403.03234,2024-03-07,10,6.1463292576688975,9,1,6.1463292576688975,14
2403.03346,2024-03-07,10,6.137727054086234,9,1,6.0473721790462776,18
2403.03507,2024-03-07,10,5.673323267171493,9,0,5.673323267171493,190
2403.03853,2024-03-07,10,6.030685260261263,9,1,5.780743515792329,65
2403.03870,2024-03-07,10,6.131226489483141,9,1,6.131226489483141,21
2403.03883,2024-03-07,10,5.963579343618446,9,1,5.780743515792329,92
2403.03950,2024-03-07,10,6.144185634125646,9,1,6.144185634125646,15
2403.03954,2024-03-07,10,6.148468295917647,9,1,6.148468295917647,13
2403.03956,2024-03-07,10,6.150602768446279,9,1,6.150602768446279,12
2403.04692,2024-03-07,10,6.089044875446846,9,1,6.0473721790462776,40
2403.04116,2024-03-08,9,5.564520407322694,8,0,5.501258210544727,6
2403.04132,2024-03-08,9,5.420534999272286,8,0,5.3230099791384085,41
2403.04437,2024-03-08,9,5.480638923341991,8,0,5.480638923341991,27
2403.04634,2024-03-08,9,5.5254529391317835,8,0,5.501258210544727,16
2403.04642,2024-03-08,9,5.389071729816501,8,0,5.389071729816501,48
2403.04652,2024-03-08,9,5.308267697401205,8,0,5.214935757608986,65
2403.04706,2024-03-08,9,5.517452896464707,8,0,5.214935757608986,18
2403.04732,2024-03-08,9,5.5053315359323625,8,0,5.3230099791384085,21
2403.04746,2024-03-08,9,5.493061443340548,8,0,5.493061443340548,24
2403.05034,2024-03-11,7,5.424950017481403,6,0,4.9344739331306915,21
2403.05121,2024-03-11,7,5.41610040220442,6,0,4.9344739331306915,23
2403.05135,2024-03-11,7,5.313205979041787,6,0,4.9344739331306915,45
2403.05185,2024-03-11,7,5.41610040220442,6,0,5.41610040220442,23
2403.05438,2024-03-11,7,5.429345628954441,6,0,4.9344739331306915,20
2403.05525,2024-03-11,7,5.288267030694535,6,0,4.890349128221754,50
2403.05530,2024-03-11,7,5.209486152841421,6,0,4.890349128221754,65
2403.05812,2024-03-12,9,5.5909869805108565,8,0,5.5909869805108565,19
2403.06098,2024-03-12,9,5.602118820879701,8,0,5.529429087511423,16
2403.06504,2024-03-12,9,5.442417710521793,8,0,5.442417710521793,56
2403.06634,2024-03-12,9,5.2832037287379885,8,0,5.2832037287379885,90
2403.06738,2024-03-12,9,5.54907608489522,8,0,5.303304908059076,30
2403.06764,2024-03-12,9,5.560681631015528,8,0,5.303304908059076,27
2403.06775,2024-03-12,9,5.645446897643238,8,0,5.529429087511423,4
2403.06807,2024-03-12,9,5.605802066295998,8,0,5.529429087511423,15
2403.06977,2024-03-12,9,5.552959584921617,8,0,5.303304908059076,29
2403.07128,2024-03-13,8,5.459585514144159,7,0,5.389071729816501,12
2403.07420,2024-03-13,8,5.4510384535657,7,0,5.4510384535657,14
2403.07487,2024-03-13,8,5.442417710521793,7,0,5.389071729816501,16
2403.07508,2024-03-13,8,5.1298987149230735,7,0,5.1298987149230735,78
2403.07563,2024-03-13,8,5.480638923341991,7,0,5.480638923341991,7
2403.07750,2024-03-13,8,5.407171771460119,7,0,5.407171771460119,24
2403.07815,2024-03-13,8,5.2832037287379885,7,0,5.2832037287379885,50
2403.07816,2024-03-13,8,5.308267697401205,7,0,5.308267697401205,45
2403.07918,2024-03-14,9,5.3706380281276624,8,0,5.3706380281276624,17
2403.08268,2024-03-14,9,5.37989735354046,8,0,5.2574953720277815,15
2403.08295,2024-03-14,9,5.198497031265826,8,0,5.075173815233827,51
2403.08540,2024-03-14,9,5.37989735354046,8,0,5.37989735354046,15
2403.08551,2024-03-14,9,5.3981627015177525,8,0,5.2574953720277815,11
2403.08629,2024-03-14,9,5.384495062789089,8,0,5.2574953720277815,14
2403.08715,2024-03-14,9,5.351858133476067,8,0,5.075173815233827,21
2403.08763,2024-03-14,9,5.198497031265826,8,0,5.198497031265826,51
2403.08764,2024-03-14,9,5.278114659230517,8,0,5.278114659230517,36
2403.08773,2024-03-15,14,6.0867747269123065,13,0,5.961005339623274,10
2403.09029,2024-03-15,14,5.973809611869261,13,0,5.973809611869261,57
2403.09055,2024-03-15,14,6.049733455231958,13,0,5.43372200355424,26
2403.09333,2024-03-15,14,6.075346031088684,13,0,5.961005339623274,15
2403.09334,2024-03-15,14,6.059123195581797,13,0,5.43372200355424,22
2403.09338,2024-03-15,14,6.091309882077698,13,0,6.091309882077698,8
2403.09347,2024-03-15,14,6.059123195581797,13,0,6.059123195581797,22
2403.09394,2024-03-15,14,6.049733455231958,13,0,5.43372200355424,26
2403.09530,2024-03-15,14,6.0867747269123065,13,0,5.961005339623274,10
2403.09611,2024-03-15,14,5.768320995793772,13,0,5.43372200355424,130
2403.09622,2024-03-15,14,6.07073772800249,13,0,5.43372200355424,17
2403.09626,2024-03-15,14,6.075346031088684,13,0,5.961005339623274,15
2403.09629,2024-03-15,14,5.916202062607435,13,0,5.916202062607435,79
2403.09631,2024-03-15,14,6.082218910376446,13,0,5.961005339623274,12
2403.09704,2024-03-18,11,5.488937726156687,10,0,4.997212273764115,32
2403.09919,2024-03-18,11,5.529429087511423,10,0,4.997212273764115,22
2403.09977,2024-03-18,11,5.575949103146316,10,0,5.575949103146316,10
2403.09981,2024-03-18,11,5.58724865840025,10,0,5.442417710521793,7
2403.10131,2024-03-18,11,5.308267697401205,10,0,4.997212273764115,72
2403.10242,2024-03-18,11,5.572154032177765,10,0,5.442417710521793,11
2403.10301,2024-03-18,11,5.393627546352362,10,0,5.393627546352362,54
2403.10395,2024-03-18,11,5.583496308781699,10,0,5.442417710521793,8
2403.10425,2024-03-18,11,5.602118820879701,10,0,5.602118820879701,3
2403.10493,2024-03-18,11,5.54907608489522,10,0,5.442417710521793,17
2403.10517,2024-03-18,11,5.4680601411351315,10,0,5.4680601411351315,37
2403.10615,2024-03-19,13,5.68697535633982,12,0,5.545177444479562,18
2403.10616,2024-03-19,13,5.700443573390687,12,0,5.700443573390687,14
2403.10704,2024-03-19,13,5.53338948872752,12,0,5.393627546352362,60
2403.11207,2024-03-19,13,5.6937321388027,12,0,5.278114659230517,16
2403.11481,2024-03-19,13,5.703782474656201,12,0,5.703782474656201,13
2403.11703,2024-03-19,13,5.68697535633982,12,0,5.68697535633982,18
2403.11781,2024-03-19,13,5.683579767338681,12,0,5.545177444479562,19
2403.11901,2024-03-19,13,5.634789603169249,12,0,5.393627546352362,33
2403.12008,2024-03-19,13,5.680172609017068,12,0,5.545177444479562,20
2403.12015,2024-03-19,13,5.493061443340548,12,0,5.278114659230517,70
2403.12019,2024-03-19,13,5.713732805509369,12,0,5.278114659230517,10
2403.12032,2024-03-19,13,5.697093486505405,12,0,5.278114659230517,15
2403.12034,2024-03-19,13,5.726847747587197,12,0,5.278114659230517,6
2403.12173,2024-03-20,13,5.153291594497779,12,0,4.867534450455582,21
2403.12365,2024-03-20,13,5.204006687076795,12,0,5.003946305945459,12
2403.12409,2024-03-20,13,5.214935757608986,12,0,5.003946305945459,10
2403.12596,2024-03-20,13,5.204006687076795,12,0,5.1647859739235145,12
2403.12706,2024-03-20,13,5.170483995038151,12,0,4.969813299576001,18
2403.12881,2024-03-20,13,5.170483995038151,12,0,4.867534450455582,18
2403.12895,2024-03-20,13,5.087596335232384,12,0,4.969813299576001,32
2403.12906,2024-03-20,13,5.231108616854587,12,0,5.1647859739235145,7
2403.12943,2024-03-20,13,5.187385805840755,12,0,5.187385805840755,15
2403.12957,2024-03-20,13,5.236441962829949,12,0,5.003946305945459,6
2403.12962,2024-03-20,13,5.220355825078324,12,0,5.003946305945459,9
2403.12963,2024-03-20,13,5.225746673713202,12,0,5.003946305945459,8
2403.12968,2024-03-20,13,5.1298987149230735,12,0,4.867534450455582,25
2401.13923,2024-03-21,18,6.329720905522696,17,1,6.329720905522696,9
2403.13043,2024-03-21,18,6.298949246855942,17,1,6.018593214496234,26
2403.13044,2024-03-21,18,6.318968113746434,17,1,6.220590170099739,15
2403.13064,2024-03-21,18,6.289715570908998,17,1,6.289715570908998,31
2403.13187,2024-03-21,18,6.238324625039508,17,1,6.238324625039508,58
2403.13248,2024-03-21,18,6.198478716492308,17,1,6.018593214496234,78
2403.13372,2024-03-21,18,5.958424693029782,17,0,5.958424693029782,183
2403.13447,2024-03-21,18,6.309918278226516,17,1,6.309918278226516,20
2403.13501,2024-03-21,18,6.329720905522696,17,1,6.220590170099739,9
2403.13524,2024-03-21,18,6.331501849893691,17,1,6.220590170099739,8
2403.13535,2024-03-21,18,6.304448802421981,17,1,6.220590170099739,23
2403.13745,2024-03-21,18,6.324358962381311,17,1,6.220590170099739,12
2403.13787,2024-03-21,18,6.306275286948016,17,1,6.293419278846481,22
2403.13788,2024-03-21,18,6.313548046277095,17,1,6.018593214496234,18
2403.13793,2024-03-21,18,6.333279628139691,17,1,6.293419278846481,7
2403.13799,2024-03-21,18,6.322565239927284,17,1,6.322565239927284,13
2403.13802,2024-03-21,18,6.313548046277095,17,1,6.018593214496234,18
2403.13806,2024-03-21,18,6.311734809152915,17,1,6.018593214496234,19
2403.14148,2024-03-22,12,5.529429087511423,11,0,4.897839799950911,21
2403.14186,2024-03-22,12,5.572154032177765,11,0,5.572154032177765,10
2403.14467,2024-03-22,12,5.579729825986222,11,0,5.579729825986222,8
2403.14468,2024-03-22,12,5.5053315359323625,11,0,4.897839799950911,27
2403.14520,2024-03-22,12,5.472270673671475,11,0,5.472270673671475,35
2403.14554,2024-03-22,12,5.556828061699537,11,0,5.327876168789581,14
2403.14599,2024-03-22,12,5.545177444479562,11,0,4.897839799950911,17
2403.14602,2024-03-22,12,5.529429087511423,11,0,4.897839799950911,21
2403.14611,2024-03-22,12,5.560681631015528,11,0,5.560681631015528,13
2403.14613,2024-03-22,12,5.4638318050256105,11,0,5.327876168789581,37
2403.14621,2024-03-22,12,5.54907608489522,11,0,5.327876168789581,16
2403.14624,2024-03-22,12,5.393627546352362,11,0,4.897839799950911,53
2403.14773,2024-03-24,1,0.0,0,0,0.0,11
2403.14714,2024-03-25,12,5.231108616854587,11,0,5.170483995038151,7
2403.14781,2024-03-25,12,5.187385805840755,11,0,5.049856007249537,15
2403.14870,2024-03-25,12,5.19295685089021,11,0,5.19295685089021,14
2403.15042,2024-03-25,12,5.117993812416755,11,0,5.117993812416755,27
2403.15157,2024-03-25,12,5.214935757608986,11,0,5.214935757608986,10
2403.15246,2024-03-25,12,5.209486152841421,11,0,5.209486152841421,11
2403.15360,2024-03-25,12,5.198497031265826,11,0,5.198497031265826,13
2403.15371,2024-03-25,12,5.081404364984463,11,0,5.081404364984463,33
2403.15377,2024-03-25,12,5.10594547390058,11,0,5.10594547390058,29
2403.15382,2024-03-25,12,5.209486152841421,11,0,5.170483995038151,11
2403.15383,2024-03-25,12,5.187385805840755,11,0,5.049856007249537,15
2403.15385,2024-03-25,12,5.225746673713202,11,0,5.049856007249537,8
2403.15447,2024-03-26,8,5.170483995038151,7,0,5.170483995038151,15
2403.15484,2024-03-26,8,5.170483995038151,7,0,5.170483995038151,15
2403.16627,2024-03-26,8,5.1298987149230735,7,0,4.836281906951478,22
2403.16971,2024-03-26,8,4.770684624465665,7,0,4.770684624465665,73
2403.16990,2024-03-26,8,5.117993812416755,7,0,4.836281906951478,24
2403.17001,2024-03-26,8,5.220355825078324,7,0,4.836281906951478,6
2403.17005,2024-03-26,8,5.181783550292085,7,0,4.836281906951478,13
2403.17008,2024-03-26,8,5.1298987149230735,7,0,5.1298987149230735,22
2403.17237,2024-03-27,9,5.41610040220442,8,0,5.278114659230517,11
2403.17297,2024-03-27,9,5.308267697401205,8,0,4.77912349311153,34
2403.17607,2024-03-27,9,5.420534999272286,8,0,5.337538079701318,10
2403.17694,2024-03-27,9,5.4116460518550396,8,0,5.278114659230517,12
2403.17804,2024-03-27,9,5.37989735354046,8,0,5.225746673713202,19
2403.17887,2024-03-27,9,5.030437921392435,8,0,4.77912349311153,83
2403.17888,2024-03-27,9,5.3230099791384085,8,0,5.225746673713202,31
2403.17898,2024-03-27,9,5.389071729816501,8,0,5.278114659230517,17
2403.17920,2024-03-27,9,5.384495062789089,8,0,5.337538079701318,18
2403.18118,2024-03-28,10,5.501258210544727,9,0,5.501258210544727,12
2403.18361,2024-03-28,10,5.303304908059076,9,0,4.3694478524670215,56
2403.18421,2024-03-28,10,5.455321115357702,9,0,5.429345628954441,23
2403.18605,2024-03-28,10,5.5053315359323625,9,0,5.5053315359323625,11
2403.18783,2024-03-28,10,5.5254529391317835,9,0,5.429345628954441,6
2403.18795,2024-03-28,10,5.4680601411351315,9,0,4.3694478524670215,20
2403.18802,2024-03-28,10,5.442417710521793,9,0,5.442417710521793,26
2403.18814,2024-03-28,10,5.337538079701318,9,0,4.3694478524670215,49
2403.18816,2024-03-28,10,5.44673737166631,9,0,4.3694478524670215,25
2403.18818,2024-03-28,10,5.43372200355424,9,0,4.3694478524670215,28
2403.18978,2024-03-29,5,4.543294782270004,4,0,4.382026634673881,15
2403.19046,2024-03-29,5,4.499809670330265,4,0,4.2626798770413155,19
2403.19270,2024-03-29,5,4.219507705176107,4,0,4.219507705176107,41
2403.19319,2024-03-29,5,4.553876891600541,4,0,4.382026634673881,14
2403.19655,2024-03-29,5,4.499809670330265,4,0,4.2626798770413155,19
2403.19851,2024-04-01,10,5.652489180268651,9,0,5.652489180268651,15
2403.19887,2024-04-01,10,5.236441962829949,9,0,4.882801922586371,112
2403.19888,2024-04-01,10,5.662960480135946,9,0,5.484796933490655,12
2403.19928,2024-04-01,10,5.662960480135946,9,0,5.662960480135946,12
2403.20041,2024-04-01,10,5.583496308781699,9,0,4.882801922586371,34
2403.20275,2024-04-01,10,5.66988092298052,9,0,5.66988092298052,10
2403.20309,2024-04-01,10,5.638354669333745,9,0,5.638354669333745,19
2403.20327,2024-04-01,10,5.53338948872752,9,0,5.484796933490655,47
2403.20329,2024-04-01,10,5.627621113690637,9,0,4.882801922586371,22
2403.20331,2024-04-01,10,5.648974238161206,9,0,5.648974238161206,16
2404.00308,2024-04-02,12,5.332718793265369,11,0,5.332718793265369,8
2404.00345,2024-04-02,12,5.278114659230517,11,0,5.187385805840755,19
2404.00399,2024-04-02,12,5.153291594497779,11,0,5.153291594497779,42
2404.00488,2024-04-02,12,5.3230099791384085,11,0,5.3230099791384085,10
2404.00656,2024-04-02,12,5.318119993844216,11,0,5.081404364984463,11
2404.00987,2024-04-02,12,5.2574953720277815,11,0,5.099866427824199,23
2404.01143,2024-04-02,12,5.308267697401205,11,0,5.099866427824199,13
2404.01197,2024-04-02,12,5.214935757608986,11,0,5.081404364984463,31
2404.01258,2024-04-02,12,5.313205979041787,11,0,5.081404364984463,12
2404.01292,2024-04-02,12,5.298317366548036,11,0,5.099866427824199,15
2404.01294,2024-04-02,12,5.288267030694535,11,0,5.187385805840755,17
2404.01297,2024-04-02,12,5.308267697401205,11,0,5.308267697401205,13
2404.01331,2024-04-03,11,5.579729825986222,10,0,5.480638923341991,28
2404.01367,2024-04-03,11,5.602118820879701,10,0,5.602118820879701,22
2404.01475,2024-04-03,11,5.6131281063880705,10,0,5.6131281063880705,19
2404.01617,2024-04-03,11,5.652489180268651,10,0,5.5134287461649825,8
2404.01744,2024-04-03,11,5.459585514144159,10,0,5.459585514144159,58
2404.01856,2024-04-03,11,5.627621113690637,10,0,5.627621113690637,15
2404.01954,2024-04-03,11,5.5909869805108565,10,0,5.480638923341991,25
2404.02060,2024-04-03,11,5.545177444479562,10,0,5.5134287461649825,37
2404.02078,2024-04-03,11,5.5093883366279774,10,0,5.5093883366279774,46
2404.02101,2024-04-03,11,5.594711379601839,10,0,5.594711379601839,24
2404.02125,2024-04-03,11,5.645446897643238,10,0,5.645446897643238,10
2404.02258,2024-04-04,8,5.351858133476067,7,0,5.351858133476067,107
2404.02514,2024-04-04,8,5.726847747587197,7,0,5.605802066295998,11
2404.02575,2024-04-04,8,5.5909869805108565,7,0,5.5909869805108565,50
2404.02733,2024-04-04,8,5.69035945432406,7,0,5.605802066295998,22
2404.02747,2024-04-04,8,5.720311776607412,7,0,5.605802066295998,13
2404.02883,2024-04-04,8,5.700443573390687,7,0,5.41610040220442,19
2404.02893,2024-04-04,8,5.6937321388027,7,0,5.6937321388027,21
2404.02905,2024-04-04,8,5.497168225293202,7,0,5.41610040220442,74
2404.03118,2024-04-05,10,5.594711379601839,9,0,5.332718793265369,25
2404.03204,2024-04-05,10,5.652489180268651,9,0,5.652489180268651,9
2404.03411,2024-04-05,10,5.648974238161206,9,0,5.648974238161206,10
2404.03413,2024-04-05,10,5.58724865840025,9,0,5.332718793265369,27
2404.03543,2024-04-05,10,5.62040086571715,9,0,5.62040086571715,18
2404.03566,2024-04-05,10,5.627621113690637,9,0,5.627621113690637,16
2404.03592,2024-04-05,10,5.262690188904886,9,0,4.948759890378168,101
2404.03626,2024-04-05,10,5.602118820879701,9,0,4.948759890378168,23
2404.03648,2024-04-05,10,5.579729825986222,9,0,4.948759890378168,29
2404.03653,2024-04-05,10,5.556828061699537,9,0,5.332718793265369,35
2404.03673,2024-04-08,9,5.247024072160486,8,0,5.198497031265826,15
2404.03683,2024-04-08,9,5.1647859739235145,8,0,4.727387818712341,30
2404.03715,2024-04-08,9,4.962844630259907,8,0,4.727387818712341,62
2404.03820,2024-04-08,9,5.19295685089021,8,0,5.159055299214529,25
2404.04125,2024-04-08,9,5.170483995038151,8,0,5.170483995038151,29
2404.04167,2024-04-08,9,5.2574953720277815,8,0,5.176149732573829,13
2404.04204,2024-04-08,9,5.247024072160486,8,0,5.176149732573829,15
2404.04211,2024-04-08,9,5.278114659230517,8,0,5.198497031265826,9
2404.04256,2024-04-08,9,5.293304824724492,8,0,5.159055299214529,6
2404.04319,2024-04-09,15,5.811140992976701,14,0,5.075173815233827,25
2404.04346,2024-04-09,15,5.863631175598097,14,0,5.863631175598097,7
2404.04421,2024-04-09,15,5.831882477283517,14,0,5.831882477283517,18
2404.04465,2024-04-09,15,5.840641657373398,14,0,5.572154032177765,15
2404.04478,2024-04-09,15,5.846438775057725,14,0,5.572154032177765,13
2404.04526,2024-04-09,15,5.855071922202427,14,0,5.572154032177765,10
2404.04544,2024-04-09,15,5.817111159963204,14,0,5.075173815233827,23
2404.04860,2024-04-09,15,5.811140992976701,14,0,5.572154032177765,25
2404.05014,2024-04-09,15,5.786897381366708,14,0,5.572154032177765,33
2404.05595,2024-04-09,15,5.814130531825066,14,0,5.075173815233827,24
2404.05666,2024-04-09,15,5.831882477283517,14,0,5.075173815233827,18
2404.05674,2024-04-09,15,5.840641657373398,14,0,5.771441123130016,15
2404.05717,2024-04-09,15,5.808142489980444,14,0,5.075173815233827,26
2404.05719,2024-04-09,15,5.62040086571715,14,0,5.075173815233827,83
2404.05726,2024-04-09,15,5.817111159963204,14,0,5.771441123130016,23
2404.05829,2024-04-10,14,5.780743515792329,13,0,5.780743515792329,13
2404.05875,2024-04-10,14,5.765191102784844,13,0,5.241747015059643,18
2404.05892,2024-04-10,14,5.697093486505405,13,0,5.241747015059643,39
2404.05961,2024-04-10,14,5.602118820879701,13,0,5.241747015059643,66
2404.06091,2024-04-10,14,5.780743515792329,13,0,5.697093486505405,13
2404.06109,2024-04-10,14,5.793013608384144,13,0,5.697093486505405,9
2404.06209,2024-04-10,14,5.805134968916488,13,0,5.805134968916488,5
2404.06212,2024-04-10,14,5.556828061699537,13,0,5.556828061699537,78
2404.06393,2024-04-10,14,5.771441123130016,13,0,5.771441123130016,16
2404.06395,2024-04-10,14,5.7430031878094825,13,0,5.241747015059643,25
2404.06429,2024-04-10,14,5.799092654460526,13,0,5.697093486505405,7
2404.06507,2024-04-10,14,5.802118375377063,13,0,5.802118375377063,6
2404.06512,2024-04-10,14,5.723585101952381,13,0,5.723585101952381,31
2404.06780,2024-04-10,14,5.7899601708972535,13,0,5.697093486505405,10
2404.06654,2024-04-11,10,5.648974238161206,9,0,5.648974238161206,42
2404.06773,2024-04-11,10,5.726847747587197,9,0,5.476463551931511,19
2404.06903,2024-04-11,10,5.720311776607412,9,0,5.476463551931511,21
2404.07143,2024-04-11,10,5.3706380281276624,9,0,5.056245805348308,111
2404.07199,2024-04-11,10,5.700443573390687,9,0,5.476463551931511,27
2404.07204,2024-04-11,10,5.723585101952381,9,0,5.476463551931511,20
2404.07413,2024-04-11,10,5.662960480135946,9,0,5.056245805348308,38
2404.07448,2024-04-11,10,5.749392985908253,9,0,5.749392985908253,12
2404.07544,2024-04-11,10,5.723585101952381,9,0,5.056245805348308,20
2404.07616,2024-04-11,10,5.739792912179234,9,0,5.739792912179234,15
2404.05902,2024-04-12,11,5.942799375126701,10,0,5.942799375126701,22
2404.07503,2024-04-12,11,5.916202062607435,10,0,5.793013608384144,32
2404.07724,2024-04-12,11,5.963579343618446,10,0,5.963579343618446,14
2404.07821,2024-04-12,11,5.966146739123692,10,0,5.966146739123692,13
2404.07839,2024-04-12,11,5.869296913133774,10,0,5.869296913133774,49
2404.07904,2024-04-12,11,5.945420608606575,10,0,5.793013608384144,21
2404.07965,2024-04-12,11,5.730099782973574,10,0,5.730099782973574,95
2404.07972,2024-04-12,11,5.860786223465865,10,0,5.860786223465865,52
2404.07973,2024-04-12,11,5.91350300563827,10,0,5.771441123130016,33
2404.07979,2024-04-12,11,5.942799375126701,10,0,5.793013608384144,22
2404.07987,2024-04-12,11,5.869296913133774,10,0,5.771441123130016,49
2404.08197,2024-04-15,7,4.6913478822291435,6,0,4.6913478822291435,29
2404.08252,2024-04-15,7,4.882801922586371,6,0,4.882801922586371,6
2404.08495,2024-04-15,7,4.852030263919617,6,0,4.852030263919617,10
2404.08540,2024-04-15,7,4.836281906951478,6,0,4.836281906951478,12
2404.08634,2024-04-15,7,4.624972813284271,6,0,4.624972813284271,36
2404.08636,2024-04-15,7,4.820281565605037,6,0,4.820281565605037,14
2404.08639,2024-04-15,7,4.68213122712422,6,0,4.68213122712422,30
2404.08801,2024-04-16,12,5.62040086571715,11,0,4.962844630259907,66
2404.08856,2024-04-16,12,5.796057750765372,11,0,5.796057750765372,13
2404.09173,2024-04-16,12,5.700443573390687,11,0,4.962844630259907,43
2404.09204,2024-04-16,12,5.802118375377063,11,0,5.802118375377063,11
2404.09458,2024-04-16,12,5.814130531825066,11,0,5.75890177387728,7
2404.09656,2024-04-16,12,5.529429087511423,11,0,4.962844630259907,90
2404.09833,2024-04-16,12,5.7430031878094825,11,0,5.673323267171493,30
2404.09937,2024-04-16,12,5.749392985908253,11,0,5.749392985908253,28
2404.09956,2024-04-16,12,5.802118375377063,11,0,5.75890177387728,11
2404.09967,2024-04-16,12,5.771441123130016,11,0,5.673323267171493,21
2404.09990,2024-04-16,12,5.793013608384144,11,0,5.793013608384144,14
2404.09995,2024-04-16,12,5.814130531825066,11,0,5.75890177387728,7
2404.10179,2024-04-17,2,3.332204510175204,1,0,3.332204510175204,28
2404.10301,2024-04-17,2,3.367295829986474,1,0,3.367295829986474,27
2404.12195,2024-04-18,4,4.406719247264253,3,0,4.406719247264253,12
2404.12347,2024-04-18,4,4.394449154672439,3,0,4.394449154672439,13
2404.12387,2024-04-18,4,3.970291913552122,3,0,3.970291913552122,41
2404.12390,2024-04-18,4,4.204692619390966,3,0,4.204692619390966,27
2404.11565,2024-04-19,8,5.2832037287379885,7,0,5.2832037287379885,15
2404.11614,2024-04-19,8,5.111987788356544,7,0,4.9344739331306915,46
2404.11912,2024-04-19,8,5.272999558563747,7,0,5.272999558563747,17
2404.11925,2024-04-19,8,5.241747015059643,7,0,5.241747015059643,23
2404.12241,2024-04-19,8,5.293304824724492,7,0,5.293304824724492,13
2404.12253,2024-04-19,8,5.056245805348308,7,0,5.056245805348308,55
2404.12318,2024-04-19,8,5.2832037287379885,7,0,5.2832037287379885,15
2404.12385,2024-04-19,8,5.220355825078324,7,0,4.9344739331306915,27
2404.12547,2024-04-22,7,4.990432586778736,6,0,4.990432586778736,9
2404.12753,2024-04-22,7,4.727387818712341,6,0,4.727387818712341,43
2404.12803,2024-04-22,7,4.836281906951478,6,0,4.2626798770413155,30
2404.12833,2024-04-22,7,5.003946305945459,6,0,4.927253685157205,7
2404.12872,2024-04-22,7,4.976733742420574,6,0,4.927253685157205,11
2404.13013,2024-04-22,7,4.8283137373023015,6,0,4.2626798770413155,31
2404.13026,2024-04-22,7,4.882801922586371,6,0,4.2626798770413155,24
2404.13050,2024-04-23,11,6.118097198041348,10,1,6.118097198041348,34
2404.13208,2024-04-23,11,6.104793232414985,10,1,6.104793232414985,40
2404.13358,2024-04-23,11,6.161207321695077,10,1,6.161207321695077,14
2404.13686,2024-04-23,11,6.129050210060545,10,1,6.0867747269123065,29
2404.14047,2024-04-23,11,6.093569770045136,10,1,6.093569770045136,45
2404.14219,2024-04-23,11,5.420534999272286,10,0,5.420534999272286,262
2404.14239,2024-04-23,11,6.171700597410915,10,1,6.171700597410915,9
2404.14351,2024-04-23,11,6.1779441140506,10,1,6.1779441140506,6
2404.14394,2024-04-23,11,6.144185634125646,10,1,6.144185634125646,22
2404.14396,2024-04-23,11,6.150602768446279,10,1,6.0867747269123065,19
2404.14405,2024-04-23,11,6.175867270105761,10,1,6.175867270105761,7
2404.14469,2024-04-24,7,5.6937321388027,6,0,4.48863636973214,27
2404.14507,2024-04-24,7,5.707110264748875,6,0,5.707110264748875,23
2404.14619,2024-04-24,7,5.288267030694535,6,0,4.48863636973214,126
2404.14687,2024-04-24,7,5.673323267171493,6,0,5.673323267171493,33
2404.14700,2024-04-24,7,5.676753802268282,6,0,5.676753802268282,32
2404.14994,2024-04-24,7,5.713732805509369,6,0,4.48863636973214,21
2404.15045,2024-04-24,7,5.572154032177765,6,0,4.48863636973214,61
2404.15420,2024-04-25,9,4.875197323201151,8,0,4.653960350157523,11
2404.15449,2024-04-25,9,4.852030263919617,8,0,4.634728988229636,14
2404.15653,2024-04-25,9,4.727387818712341,8,0,4.477336814478207,29
2404.15778,2024-04-25,9,4.875197323201151,8,0,4.875197323201151,11
2404.15789,2024-04-25,9,4.859812404361672,8,0,4.634728988229636,13
2404.16022,2024-04-25,9,4.762173934797756,8,0,4.477336814478207,25
2404.16029,2024-04-25,9,4.867534450455582,8,0,4.634728988229636,12
2404.16030,2024-04-25,9,4.852030263919617,8,0,4.653960350157523,14
2404.16035,2024-04-25,9,4.867534450455582,8,0,4.653960350157523,12
2404.16221,2024-04-26,10,5.700443573390687,9,0,5.568344503761097,15
2404.16375,2024-04-26,10,5.69035945432406,9,0,5.384495062789089,18
2404.16510,2024-04-26,10,5.680172609017068,9,0,5.568344503761097,21
2404.16645,2024-04-26,10,5.69035945432406,9,0,5.484796933490655,18
2404.16710,2024-04-26,10,5.44673737166631,9,0,5.44673737166631,82
2404.16771,2024-04-26,10,5.68697535633982,9,0,5.384495062789089,19
2404.16790,2024-04-26,10,5.717027701406222,9,0,5.717027701406222,10
2404.16811,2024-04-26,10,5.556828061699537,9,0,5.484796933490655,55
2404.16820,2024-04-26,10,5.697093486505405,9,0,5.568344503761097,16
2404.16821,2024-04-26,10,5.541263545158426,9,0,5.384495062789089,59
2404.16845,2024-04-28,2,3.6635616461296463,1,0,3.6635616461296463,7
2404.16994,2024-04-28,2,2.0794415416798357,1,0,2.0794415416798357,38
2404.16873,2024-04-29,2,2.6390573296152584,1,0,2.6390573296152584,29
2404.17569,2024-04-29,2,3.4011973816621555,1,0,3.4011973816621555,13
2401.16465,2024-04-30,8,5.278114659230517,7,0,5.278114659230517,12
2404.17521,2024-04-30,8,5.272999558563747,7,0,5.272999558563747,13
2404.17672,2024-04-30,8,5.241747015059643,7,0,5.241747015059643,19
2404.18243,2024-04-30,8,5.225746673713202,7,0,5.049856007249537,22
2404.18416,2024-04-30,8,5.209486152841421,7,0,5.209486152841421,25
2404.18796,2024-04-30,8,4.919980925828125,7,0,4.919980925828125,71
2404.18911,2024-04-30,8,5.181783550292085,7,0,5.049856007249537,30
2404.18928,2024-04-30,8,5.262690188904886,7,0,5.262690188904886,15
2404.19149,2024-05-01,14,6.373319789577012,13,0,6.335054251498059,14
2404.19296,2024-05-01,14,6.1779441140506,13,0,5.75890177387728,118
2404.19427,2024-05-01,14,6.26530121273771,13,0,6.12029741895095,74
2404.19525,2024-05-01,14,6.380122536899765,13,0,6.335054251498059,10
2404.19553,2024-05-01,14,6.338594078203183,13,0,5.75890177387728,34
2404.19702,2024-05-01,14,6.363028103540465,13,0,6.12029741895095,20
2404.19733,2024-05-01,14,6.309918278226516,13,0,5.75890177387728,50
2404.19737,2024-05-01,14,6.251903883165888,13,0,5.75890177387728,81
2404.19752,2024-05-01,14,6.3561076606958915,13,0,6.12029741895095,24
2404.19753,2024-05-01,14,6.375024819828097,13,0,6.375024819828097,13
2404.19756,2024-05-01,14,6.182084906716632,13,0,6.182084906716632,116
2404.19758,2024-05-01,14,6.376726947898627,13,0,6.335054251498059,12
2404.19759,2024-05-01,14,6.35088571671474,13,0,6.12029741895095,27
2404.19760,2024-05-01,14,6.386879319362645,13,0,6.386879319362645,6
2404.18212,2024-05-02,9,4.962844630259907,8,0,4.962844630259907,30
2405.00029,2024-05-02,9,5.099866427824199,8,0,5.099866427824199,9
2405.00233,2024-05-02,9,5.049856007249537,8,0,4.983606621708336,17
2405.00236,2024-05-02,9,5.099866427824199,8,0,5.099866427824199,9
2405.00263,2024-05-02,9,5.056245805348308,8,0,5.056245805348308,16
2405.00332,2024-05-02,9,4.941642422609304,8,0,4.941642422609304,33
2405.00664,2024-05-02,9,5.030437921392435,8,0,5.030437921392435,20
2405.00675,2024-05-02,9,4.976733742420574,8,0,4.976733742420574,28
2405.00676,2024-05-02,9,5.093750200806762,8,0,4.983606621708336,10
2405.00732,2024-05-03,8,5.857933154483459,7,0,5.111987788356544,122
2405.00983,2024-05-03,8,6.1092475827643655,7,0,6.1092475827643655,22
2405.01434,2024-05-03,8,6.030685260261263,7,0,6.030685260261263,56
2405.01470,2024-05-03,8,6.008813185442595,7,0,6.008813185442595,65
2405.01481,2024-05-03,8,6.091309882077698,7,0,5.111987788356544,30
2405.01525,2024-05-03,8,6.091309882077698,7,0,5.111987788356544,30
2405.01535,2024-05-03,8,5.8522024797744745,7,0,5.111987788356544,124
2405.01536,2024-05-03,8,6.1092475827643655,7,0,6.1092475827643655,22
2405.02246,2024-05-14,9,5.438079308923196,8,0,5.438079308923196,104
2405.06650,2024-05-14,9,5.771441123130016,8,0,5.771441123130016,13
2405.06694,2024-05-14,9,5.69035945432406,8,0,5.69035945432406,38
2405.06932,2024-05-14,9,5.749392985908253,8,0,5.749392985908253,20
2405.07065,2024-05-14,9,5.752572638825633,8,0,5.752572638825633,19
2405.07518,2024-05-14,9,5.726847747587197,8,0,5.726847747587197,27
2405.07526,2024-05-14,9,5.746203190540153,8,0,5.746203190540153,21
2405.07863,2024-05-14,9,5.572154032177765,8,0,5.572154032177765,71
2405.07990,2024-05-14,9,5.749392985908253,8,0,5.749392985908253,20
2405.08054,2024-05-15,8,4.941642422609304,7,0,4.941642422609304,25
2405.08246,2024-05-15,8,4.997212273764115,7,0,4.997212273764115,17
2405.08295,2024-05-15,8,4.983606621708336,7,0,4.983606621708336,19
2405.08317,2024-05-15,8,5.0238805208462765,7,0,5.0238805208462765,13
2405.08344,2024-05-15,8,5.0106352940962555,7,0,5.0106352940962555,15
2405.08448,2024-05-15,8,4.990432586778736,7,0,4.727387818712341,18
2405.08707,2024-05-15,8,4.875197323201151,7,0,4.727387818712341,34
2405.08748,2024-05-15,8,4.955827057601261,7,0,4.955827057601261,23
2405.09062,2024-05-16,4,4.1588830833596715,3,0,4.1588830833596715,13
2405.09215,2024-05-16,4,4.007333185232471,3,0,4.007333185232471,22
2405.09220,2024-05-16,4,3.912023005428146,3,0,3.912023005428146,27
2405.09546,2024-05-16,4,4.143134726391533,3,0,4.143134726391533,14
2405.09673,2024-05-17,8,5.71042701737487,7,0,5.598421958998375,91
2405.09798,2024-05-17,8,5.8888779583328805,7,0,5.598421958998375,32
2405.09818,2024-05-17,8,5.552959584921617,7,0,5.552959584921617,135
2405.09874,2024-05-17,8,5.921578419643816,7,0,5.921578419643816,20
2405.10300,2024-05-17,8,5.8916442118257715,7,0,5.8289456176102075,31
2405.10314,2024-05-17,8,5.846438775057725,7,0,5.846438775057725,47
2405.10315,2024-05-17,8,5.937536205082426,7,0,5.937536205082426,14
2405.10320,2024-05-17,8,5.916202062607435,7,0,5.8289456176102075,22
2405.10370,2024-05-20,5,4.382026634673881,4,0,4.382026634673881,13
2405.10626,2024-05-20,5,4.442651256490317,4,0,4.442651256490317,8
2405.10637,2024-05-20,5,4.2626798770413155,4,0,4.2626798770413155,22
2405.10725,2024-05-20,5,4.060443010546419,4,0,4.060443010546419,35
2405.10938,2024-05-20,5,4.3694478524670215,4,0,4.3694478524670215,14
2405.11143,2024-05-21,8,5.429345628954441,7,0,5.429345628954441,41
2405.11157,2024-05-21,8,5.472270673671475,7,0,5.472270673671475,31
2405.11252,2024-05-21,8,5.53338948872752,7,0,5.53338948872752,16
2405.11473,2024-05-21,8,5.365976015021851,7,0,5.220355825078324,55
2405.11582,2024-05-21,8,5.529429087511423,7,0,5.529429087511423,17
2405.12107,2024-05-21,8,5.480638923341991,7,0,5.220355825078324,29
2405.12130,2024-05-21,8,5.389071729816501,7,0,5.389071729816501,50
2405.12213,2024-05-21,8,5.480638923341991,7,0,5.480638923341991,29
2405.12250,2024-05-22,6,4.727387818712341,5,0,4.61512051684126,157
2405.12399,2024-05-22,6,5.480638923341991,5,0,5.332718793265369,30
2405.12970,2024-05-22,6,5.501258210544727,5,0,5.4510384535657,25
2405.12978,2024-05-22,6,5.552959584921617,5,0,5.4510384535657,12
2405.12979,2024-05-22,6,5.552959584921617,5,0,4.61512051684126,12
2405.12981,2024-05-22,6,5.4680601411351315,5,0,5.332718793265369,33
2405.13195,2024-05-24,17,5.703782474656201,16,0,5.568344503761097,12
2405.13800,2024-05-24,17,5.662960480135946,16,0,5.568344503761097,24
2405.13817,2024-05-24,17,5.69035945432406,16,0,5.545177444479562,16
2405.13865,2024-05-24,17,5.655991810819852,16,0,5.655991810819852,26
2405.14105,2024-05-24,17,5.683579767338681,16,0,5.683579767338681,18
2405.14129,2024-05-24,17,5.697093486505405,16,0,5.568344503761097,14
2405.14224,2024-05-24,17,5.6937321388027,16,0,5.424950017481403,15
2405.14333,2024-05-24,17,5.583496308781699,16,0,5.583496308781699,46
2405.14477,2024-05-24,17,5.676753802268282,16,0,5.676753802268282,20
2405.14598,2024-05-24,17,5.700443573390687,16,0,5.424950017481403,13
2405.14677,2024-05-24,17,5.707110264748875,16,0,5.424950017481403,11
2405.14847,2024-05-24,17,5.71042701737487,16,0,5.71042701737487,10
2405.14857,2024-05-24,17,5.707110264748875,16,0,5.424950017481403,11
2405.14860,2024-05-24,17,5.605802066295998,16,0,5.545177444479562,40
2405.14866,2024-05-24,17,5.713732805509369,16,0,5.424950017481403,9
2405.14867,2024-05-24,17,5.69035945432406,16,0,5.424950017481403,16
2405.14871,2024-05-24,17,5.71042701737487,16,0,5.424950017481403,10
2405.14906,2024-05-27,13,5.780743515792329,12,0,5.780743515792329,26
2405.14908,2024-05-27,13,5.814130531825066,12,0,5.814130531825066,15
2405.14979,2024-05-27,13,5.802118375377063,12,0,5.802118375377063,19
2405.15032,2024-05-27,13,5.755742213586912,12,0,5.662960480135946,34
2405.15071,2024-05-27,13,5.730099782973574,12,0,5.730099782973574,42
2405.15125,2024-05-27,13,5.834810737062605,12,0,5.834810737062605,8
2405.15216,2024-05-27,13,5.814130531825066,12,0,5.814130531825066,15
2405.15223,2024-05-27,13,5.808142489980444,12,0,5.44673737166631,17
2405.15319,2024-05-27,13,5.7745515455444085,12,0,5.662960480135946,28
2405.15574,2024-05-27,13,5.68697535633982,12,0,5.44673737166631,55
2405.15613,2024-05-27,13,5.808142489980444,12,0,5.723585101952381,17
2405.15682,2024-05-27,13,5.777652323222656,12,0,5.723585101952381,27
2405.15738,2024-05-27,13,5.717027701406222,12,0,5.44673737166631,46
2405.15757,2024-05-28,15,5.840641657373398,14,0,5.58724865840025,15
2405.16287,2024-05-28,15,5.8522024797744745,14,0,5.805134968916488,11
2405.16537,2024-05-28,15,5.834810737062605,14,0,5.58724865840025,17
2405.16712,2024-05-28,15,5.811140992976701,14,0,5.493061443340548,25
2405.16759,2024-05-28,15,5.860786223465865,14,0,5.58724865840025,8
2405.16822,2024-05-28,15,5.846438775057725,14,0,5.846438775057725,13
2405.16852,2024-05-28,15,5.849324779946859,14,0,5.58724865840025,12
2405.16888,2024-05-28,15,5.849324779946859,14,0,5.58724865840025,12
2405.17247,2024-05-28,15,5.5909869805108565,14,0,5.493061443340548,91
2405.17258,2024-05-28,15,5.8377304471659395,14,0,5.805134968916488,16
2405.17399,2024-05-28,15,5.720311776607412,14,0,5.720311776607412,54
2405.17405,2024-05-28,15,5.8377304471659395,14,0,5.58724865840025,16
2405.17414,2024-05-28,15,5.849324779946859,14,0,5.58724865840025,12
2405.17428,2024-05-28,15,5.823045895483019,14,0,5.823045895483019,21
2405.17430,2024-05-28,15,5.780743515792329,14,0,5.780743515792329,35
2405.17976,2024-05-29,8,5.062595033026967,7,0,4.919980925828125,21
2405.17991,2024-05-29,8,5.10594547390058,7,0,5.10594547390058,14
2405.18047,2024-05-29,8,5.030437921392435,7,0,4.653960350157523,26
2405.18377,2024-05-29,8,5.062595033026967,7,0,4.919980925828125,21
2405.18386,2024-05-29,8,5.056245805348308,7,0,5.056245805348308,22
2405.18407,2024-05-29,8,4.875197323201151,7,0,4.653960350157523,48
2405.18424,2024-05-29,8,5.135798437050262,7,0,5.135798437050262,9
2405.18426,2024-05-29,8,5.087596335232384,7,0,5.087596335232384,17
2405.18503,2024-05-30,12,5.236441962829949,11,0,5.0106352940962555,9
2405.18515,2024-05-30,12,5.241747015059643,11,0,5.0106352940962555,8
2405.18669,2024-05-30,12,5.220355825078324,11,0,5.220355825078324,12
2405.18750,2024-05-30,12,5.176149732573829,11,0,5.0106352940962555,20
2405.18870,2024-05-30,12,5.19295685089021,11,0,5.043425116919247,17
2405.18991,2024-05-30,12,5.225746673713202,11,0,5.225746673713202,11
2405.19107,2024-05-30,12,5.204006687076795,11,0,5.043425116919247,15
2405.19320,2024-05-30,12,5.231108616854587,11,0,5.043425116919247,10
2405.19325,2024-05-30,12,5.209486152841421,11,0,5.209486152841421,14
2405.19327,2024-05-30,12,5.003946305945459,11,0,5.003946305945459,48
2405.19331,2024-05-30,12,5.231108616854587,11,0,5.0106352940962555,10
2405.19332,2024-05-30,12,5.1647859739235145,11,0,5.1647859739235145,22
2405.19707,2024-05-31,11,5.135798437050262,10,0,5.135798437050262,9
2405.19856,2024-05-31,11,5.1298987149230735,10,0,5.1298987149230735,10
2405.19888,2024-05-31,11,5.147494476813453,10,0,5.147494476813453,7
2405.19893,2024-05-31,11,4.976733742420574,10,0,4.976733742420574,34
2405.19957,2024-05-31,11,5.1298987149230735,10,0,4.90527477843843,10
2405.20204,2024-05-31,11,4.955827057601261,10,0,4.955827057601261,37
2405.20222,2024-05-31,11,5.123963979403259,10,0,4.90527477843843,11
2405.20289,2024-05-31,11,5.123963979403259,10,0,4.90527477843843,11
2405.20327,2024-05-31,11,5.117993812416755,10,0,4.90527477843843,12
2405.20335,2024-05-31,11,5.087596335232384,10,0,5.087596335232384,17
2405.20340,2024-05-31,11,5.0689042022202315,10,0,5.0689042022202315,20
2405.18144,2024-06-03,6,5.0106352940962555,5,0,4.836281906951478,12
2405.20541,2024-06-03,6,4.927253685157205,5,0,4.836281906951478,24
2405.20674,2024-06-03,6,4.990432586778736,5,0,4.875197323201151,15
2405.21048,2024-06-03,6,4.983606621708336,5,0,4.875197323201151,16
2405.21060,2024-06-03,6,4.543294782270004,5,0,4.543294782270004,68
2405.21075,2024-06-03,6,4.912654885736052,5,0,4.912654885736052,26
2406.00153,2024-06-04,6,4.919980925828125,5,0,4.919980925828125,13
2406.00392,2024-06-04,6,4.912654885736052,5,0,4.406719247264253,14
2406.00888,2024-06-04,6,4.762173934797756,5,0,4.762173934797756,33
2406.00908,2024-06-04,6,4.927253685157205,5,0,4.74493212836325,12
2406.01493,2024-06-04,6,4.844187086458591,5,0,4.74493212836325,23
2406.01574,2024-06-04,6,4.564348191467836,5,0,4.406719247264253,54
2406.01660,2024-06-05,8,4.955827057601261,7,0,4.955827057601261,20
2406.02230,2024-06-05,8,4.969813299576001,7,0,4.290459441148391,18
2406.02430,2024-06-05,8,4.820281565605037,7,0,4.290459441148391,38
2406.02507,2024-06-05,8,4.976733742420574,7,0,4.976733742420574,17
2406.02509,2024-06-05,8,5.0238805208462765,7,0,4.290459441148391,10
2406.02511,2024-06-05,8,5.017279836814924,7,0,4.290459441148391,11
2406.02523,2024-06-05,8,5.0106352940962555,7,0,4.290459441148391,12
2406.02543,2024-06-05,8,4.844187086458591,7,0,4.844187086458591,35
2406.01014,2024-06-06,12,5.3706380281276624,11,0,5.159055299214529,33
2406.02539,2024-06-06,12,5.351858133476067,11,0,5.351858133476067,37
2406.02657,2024-06-06,12,5.332718793265369,11,0,5.159055299214529,41
2406.02844,2024-06-06,12,5.459585514144159,11,0,5.459585514144159,13
2406.02856,2024-06-06,12,5.472270673671475,11,0,5.472270673671475,10
2406.02884,2024-06-06,12,5.438079308923196,11,0,5.342334251964811,18
2406.02886,2024-06-06,12,5.472270673671475,11,0,5.402677381872279,10
2406.02897,2024-06-06,12,5.44673737166631,11,0,5.402677381872279,16
2406.02900,2024-06-06,12,5.459585514144159,11,0,5.459585514144159,13
2406.03184,2024-06-06,12,5.424950017481403,11,0,5.342334251964811,21
2406.03215,2024-06-06,12,5.459585514144159,11,0,5.459585514144159,13
2406.03344,2024-06-06,12,5.420534999272286,11,0,5.420534999272286,22
2406.01300,2024-06-07,9,5.556828061699537,8,0,5.556828061699537,17
2406.04151,2024-06-07,9,5.529429087511423,8,0,5.529429087511423,24
2406.04268,2024-06-07,9,5.572154032177765,8,0,5.572154032177765,13
2406.04271,2024-06-07,9,5.5093883366279774,8,0,5.5093883366279774,29
2406.04277,2024-06-07,9,5.5254529391317835,8,0,4.430816798843313,25
2406.04314,2024-06-07,9,5.5053315359323625,8,0,4.430816798843313,30
2406.04324,2024-06-07,9,5.529429087511423,8,0,4.430816798843313,24
2406.04325,2024-06-07,9,5.303304908059076,8,0,4.430816798843313,75
2406.04333,2024-06-07,9,5.472270673671475,8,0,4.430816798843313,38
2406.04370,2024-06-10,9,5.2832037287379885,8,0,5.093750200806762,22
2406.04391,2024-06-10,9,5.351858133476067,8,0,5.351858133476067,8
2406.04485,2024-06-10,9,5.2832037287379885,8,0,5.2832037287379885,22
2406.04520,2024-06-10,9,5.327876168789581,8,0,5.327876168789581,13
2406.04523,2024-06-10,9,5.3230099791384085,8,0,5.3230099791384085,14
2406.04594,2024-06-10,9,5.3612921657094255,8,0,5.093750200806762,6
2406.04692,2024-06-10,9,5.075173815233827,8,0,4.736198448394496,59
2406.04744,2024-06-10,9,5.153291594497779,8,0,4.736198448394496,46
2406.04770,2024-06-10,9,5.25227342804663,8,0,5.093750200806762,28
2406.05370,2024-06-11,14,5.66988092298052,13,0,5.66988092298052,17
2406.05649,2024-06-11,14,5.68697535633982,13,0,5.384495062789089,12
2406.05768,2024-06-11,14,5.683579767338681,13,0,5.384495062789089,13
2406.05814,2024-06-11,14,5.673323267171493,13,0,5.2574953720277815,16
2406.05981,2024-06-11,14,5.676753802268282,13,0,5.676753802268282,15
2406.06040,2024-06-11,14,5.631211781821365,13,0,5.2574953720277815,28
2406.06133,2024-06-11,14,5.68697535633982,13,0,5.384495062789089,12
2406.06216,2024-06-11,14,5.648974238161206,13,0,5.384495062789089,23
2406.06316,2024-06-11,14,5.662960480135946,13,0,5.662960480135946,19
2406.06424,2024-06-11,14,5.676753802268282,13,0,5.384495062789089,15
2406.06469,2024-06-11,14,5.627621113690637,13,0,5.545177444479562,29
2406.06474,2024-06-11,14,5.652489180268651,13,0,5.545177444479562,22
2406.06525,2024-06-11,14,5.4638318050256105,13,0,5.2574953720277815,71
2406.06527,2024-06-11,14,5.680172609017068,13,0,5.384495062789089,14
2406.05629,2024-06-12,16,5.961005339623274,15,0,5.961005339623274,8
2406.06563,2024-06-12,16,5.929589143389895,15,0,5.631211781821365,20
2406.06573,2024-06-12,16,5.953243334287785,15,0,5.953243334287785,11
2406.06592,2024-06-12,16,5.905361848054571,15,0,5.631211781821365,29
2406.06608,2024-06-12,16,5.793013608384144,15,0,5.631211781821365,68
2406.06612,2024-06-12,16,5.940171252720432,15,0,5.940171252720432,16
2406.06911,2024-06-12,16,5.950642552587727,15,0,5.720311776607412,12
2406.07188,2024-06-12,16,5.971261839790462,15,0,5.971261839790462,4
2406.07394,2024-06-12,16,5.905361848054571,15,0,5.905361848054571,29
2406.07436,2024-06-12,16,5.872117789475416,15,0,5.872117789475416,41
2406.07472,2024-06-12,16,5.945420608606575,15,0,5.860786223465865,14
2406.07496,2024-06-12,16,5.8998973535824915,15,0,5.860786223465865,31
2406.07520,2024-06-12,16,5.963579343618446,15,0,5.720311776607412,7
2406.07524,2024-06-12,16,5.950642552587727,15,0,5.720311776607412,12
2406.07547,2024-06-12,16,5.8944028342648505,15,0,5.8944028342648505,33
2406.07550,2024-06-12,16,5.817111159963204,15,0,5.720311776607412,60
2406.04127,2024-06-13,21,6.302618975744905,20,0,6.161207321695077,39
2406.04320,2024-06-13,21,6.354370040797351,20,0,6.354370040797351,10
2406.04329,2024-06-13,21,6.3578422665081,20,0,6.329720905522696,8
2406.04338,2024-06-13,21,6.302618975744905,20,0,5.6937321388027,39
2406.05074,2024-06-13,21,6.354370040797351,20,0,6.354370040797351,10
2406.05132,2024-06-13,21,6.318968113746434,20,0,5.6937321388027,30
2406.05338,2024-06-13,21,6.298949246855942,20,0,5.6937321388027,41
2406.05955,2024-06-13,21,6.322565239927284,20,0,6.248042874508429,28
2406.06282,2024-06-13,21,6.300785794663244,20,0,6.248042874508429,40
2406.06462,2024-06-13,21,6.349138991379798,20,0,6.285998094508865,13
2406.06523,2024-06-13,21,6.2766434893416445,20,0,5.6937321388027,53
2406.07476,2024-06-13,21,6.306275286948016,20,0,5.6937321388027,37
2406.07686,2024-06-13,21,6.342121418721152,20,0,5.6937321388027,17
2406.07792,2024-06-13,21,6.343880434126331,20,0,6.329720905522696,16
2406.07933,2024-06-13,21,6.3561076606958915,20,0,6.3561076606958915,9
2406.08392,2024-06-13,21,6.335054251498059,20,0,6.285998094508865,21
2406.08407,2024-06-13,21,6.322565239927284,20,0,5.6937321388027,28
2406.08414,2024-06-13,21,6.343880434126331,20,0,6.343880434126331,16
2406.08464,2024-06-13,21,6.240275845170769,20,0,6.161207321695077,72
2406.08478,2024-06-13,21,6.295266001439646,20,0,5.6937321388027,43
2406.08487,2024-06-13,21,6.3473892096560105,20,0,6.285998094508865,14
2406.05967,2024-06-14,30,6.416732282512326,29,0,6.289715570908998,6
2406.07457,2024-06-14,30,6.413458957167357,29,0,6.401917196727186,8
2406.07522,2024-06-14,30,6.359573868672378,29,0,6.280395838960195,40
2406.07546,2024-06-14,30,6.411818267709897,29,0,6.124683390894205,9
2406.08479,2024-06-14,30,6.415096959171596,29,0,6.401917196727186,7
2406.08552,2024-06-14,30,6.385194398997726,29,0,6.1070228877422545,25
2406.08587,2024-06-14,30,6.400257445308821,29,0,6.282266746896006,16
2406.08598,2024-06-14,30,6.416732282512326,29,0,6.416732282512326,6
2406.08656,2024-06-14,30,6.411818267709897,29,0,6.403574197934815,9
2406.08657,2024-06-14,30,6.410174881966167,29,0,6.282266746896006,10
2406.08673,2024-06-14,30,6.393590753950631,29,0,6.282266746896006,20
2406.08707,2024-06-14,30,6.398594934535208,29,0,6.289715570908998,17
2406.08862,2024-06-14,30,6.410174881966167,29,0,6.282266746896006,10
2406.09162,2024-06-14,30,6.403574197934815,29,0,6.124683390894205,14
2406.09170,2024-06-14,30,6.3818160174060985,29,0,6.282266746896006,27
2406.09246,2024-06-14,30,6.3473892096560105,29,0,6.124683390894205,47
2406.09297,2024-06-14,30,6.416732282512326,29,0,6.416732282512326,6
2406.09305,2024-06-14,30,6.418364935936212,29,0,6.124683390894205,5
2406.09308,2024-06-14,30,6.352629396319567,29,0,6.280395838960195,44
2406.09356,2024-06-14,30,6.416732282512326,29,0,6.289715570908998,6
2406.09358,2024-06-14,30,6.418364935936212,29,0,6.124683390894205,5
2406.09371,2024-06-14,30,6.418364935936212,29,0,6.403574197934815,5
2406.09403,2024-06-14,30,6.38856140554563,29,0,6.289715570908998,23
2406.09406,2024-06-14,30,6.401917196727186,29,0,6.289715570908998,15
2406.09411,2024-06-14,30,6.395261598115449,29,0,6.1070228877422545,19
2406.09412,2024-06-14,30,6.406879986069314,29,0,6.289715570908998,12
2406.09413,2024-06-14,30,6.393590753950631,29,0,6.1070228877422545,20
2406.09414,2024-06-14,30,6.240275845170769,29,0,6.1070228877422545,105
2406.09415,2024-06-14,30,6.338594078203183,29,0,6.124683390894205,52
2406.09416,2024-06-14,30,6.3784261836515865,29,0,6.124683390894205,29
2406.06263,2024-06-17,21,6.309918278226516,20,0,6.309918278226516,5
2406.07230,2024-06-17,21,6.214608098422191,20,0,6.214608098422191,55
2406.07882,2024-06-17,21,6.295266001439646,20,0,6.295266001439646,13
2406.08418,2024-06-17,21,6.257667587882639,20,0,6.161207321695077,33
2406.08451,2024-06-17,21,6.270988431858299,20,0,6.161207321695077,26
2406.08545,2024-06-17,21,6.304448802421981,20,0,6.26530121273771,8
2406.08659,2024-06-17,21,6.304448802421981,20,0,6.093569770045136,8
2406.08845,2024-06-17,21,6.302618975744905,20,0,6.2766434893416445,9
2406.08920,2024-06-17,21,6.306275286948016,20,0,6.093569770045136,7
2406.08973,2024-06-17,21,6.144185634125646,20,0,6.144185634125646,89
2406.09559,2024-06-17,21,6.309918278226516,20,0,6.2766434893416445,5
2406.09900,2024-06-17,21,6.280395838960195,20,0,6.26530121273771,21
2406.09961,2024-06-17,21,6.214608098422191,20,0,6.214608098422191,55
2406.10111,2024-06-17,21,6.3080984415095305,20,0,6.093569770045136,6
2406.10118,2024-06-17,21,6.259581464064923,20,0,6.259581464064923,32
2406.10126,2024-06-17,21,6.295266001439646,20,0,6.093569770045136,13
2406.10149,2024-06-17,21,6.220590170099739,20,0,6.220590170099739,52
2406.10208,2024-06-17,21,6.278521424165844,20,0,6.161207321695077,22
2406.10209,2024-06-17,21,6.304448802421981,20,0,6.304448802421981,8
2406.10210,2024-06-17,21,6.1675164908883415,20,0,6.093569770045136,78
2406.10227,2024-06-17,21,6.302618975744905,20,0,6.2766434893416445,9
2406.09455,2024-06-18,29,6.297109319933935,28,0,6.251903883165888,16
2406.10023,2024-06-18,29,6.322565239927284,28,0,6.257667587882639,2
2406.10163,2024-06-18,29,6.26530121273771,28,0,5.869296913133774,33
2406.10324,2024-06-18,29,6.302618975744905,28,0,6.251903883165888,13
2406.10328,2024-06-18,29,6.293419278846481,28,0,6.175867270105761,18
2406.10522,2024-06-18,29,6.313548046277095,28,0,6.175867270105761,7
2406.10670,2024-06-18,29,6.318968113746434,28,0,6.318968113746434,4
2406.10803,2024-06-18,29,6.318968113746434,28,0,6.318968113746434,4
2406.10906,2024-06-18,29,6.318968113746434,28,0,6.257667587882639,4
2406.10996,2024-06-18,29,6.261491684321042,28,0,6.222576268071369,35
2406.11069,2024-06-18,29,6.300785794663244,28,0,6.175867270105761,14
2406.11194,2024-06-18,29,6.289715570908998,28,0,6.222576268071369,20
2406.11196,2024-06-18,29,6.311734809152915,28,0,6.251903883165888,8
2406.11202,2024-06-18,29,6.320768294250582,28,0,6.251903883165888,3
2406.11251,2024-06-18,29,6.304448802421981,28,0,6.175867270105761,12
2406.11271,2024-06-18,29,6.285998094508865,28,0,5.869296913133774,22
2406.11402,2024-06-18,29,6.315358001522335,28,0,6.284134161070802,6
2406.11430,2024-06-18,29,6.280395838960195,28,0,6.280395838960195,25
2406.11463,2024-06-18,29,6.313548046277095,28,0,6.313548046277095,7
2406.11768,2024-06-18,29,6.282266746896006,28,0,6.282266746896006,24
2406.11775,2024-06-18,29,6.309918278226516,28,0,6.175867270105761,9
2406.11794,2024-06-18,29,6.220590170099739,28,0,6.220590170099739,56
2406.11813,2024-06-18,29,6.269096283706261,28,0,6.257667587882639,31
2406.11816,2024-06-18,29,6.278521424165844,28,0,5.869296913133774,26
2406.11827,2024-06-18,29,6.295266001439646,28,0,6.284134161070802,17
2406.11831,2024-06-18,29,6.285998094508865,28,0,5.869296913133774,22
2406.11833,2024-06-18,29,6.208590026096629,28,0,5.869296913133774,62
2406.11839,2024-06-18,29,6.251903883165888,28,0,5.869296913133774,40
2406.11840,2024-06-18,29,6.293419278846481,28,0,6.175867270105761,18
2406.09760,2024-06-19,30,6.186208623900494,29,0,5.953243334287785,41
2406.11431,2024-06-19,30,6.259581464064923,29,0,5.953243334287785,4
2406.11687,2024-06-19,30,6.236369590203704,29,0,6.1903154058531475,16
2406.11801,2024-06-19,30,6.236369590203704,29,0,6.226536669287466,16
2406.11811,2024-06-19,30,6.236369590203704,29,0,6.218600119691729,16
2406.11909,2024-06-19,30,6.261491684321042,29,0,6.214608098422191,3
2406.11912,2024-06-19,30,6.214608098422191,29,0,6.214608098422191,27
2406.11931,2024-06-19,30,6.1224928095143865,29,0,5.953243334287785,71
2406.11939,2024-06-19,30,6.251903883165888,29,0,6.1903154058531475,8
2406.12031,2024-06-19,30,6.248042874508429,29,0,6.1903154058531475,10
2406.12042,2024-06-19,30,6.251903883165888,29,0,6.214608098422191,8
2406.12050,2024-06-19,30,6.230481447578482,29,0,5.953243334287785,19
2406.12066,2024-06-19,30,6.251903883165888,29,0,6.220590170099739,8
2406.12168,2024-06-19,30,6.253828811575473,29,0,5.953243334287785,7
2406.12246,2024-06-19,30,6.19644412779452,29,0,6.19644412779452,36
2406.12274,2024-06-19,30,6.236369590203704,29,0,6.220590170099739,16
2406.12275,2024-06-19,30,6.206575926724928,29,0,6.206575926724928,31
2406.12292,2024-06-19,30,6.259581464064923,29,0,6.259581464064923,4
2406.12303,2024-06-19,30,6.259581464064923,29,0,6.214608098422191,4
2406.12311,2024-06-19,30,6.251903883165888,29,0,6.251903883165888,8
2406.12459,2024-06-19,30,6.244166900663736,29,0,6.214608098422191,12
2406.12644,2024-06-19,30,6.257667587882639,29,0,6.226536669287466,5
2406.12673,2024-06-19,30,6.249975242259483,29,0,6.218600119691729,9
2406.12742,2024-06-19,30,6.238324625039508,29,0,6.230481447578482,15
2406.12753,2024-06-19,30,6.234410725718371,29,0,6.118097198041348,17
2406.12793,2024-06-19,30,6.198478716492308,29,0,6.118097198041348,35
2406.12814,2024-06-19,30,6.259581464064923,29,0,6.230481447578482,4
2406.12824,2024-06-19,30,6.226536669287466,29,0,6.118097198041348,21
2406.12831,2024-06-19,30,6.257667587882639,29,0,6.1903154058531475,5
2406.12849,2024-06-19,30,6.1675164908883415,29,0,6.1675164908883415,50
2406.11139,2024-06-20,8,4.718498871295094,7,0,4.718498871295094,13
2406.11230,2024-06-20,8,4.5217885770490405,7,0,4.5217885770490405,33
2406.11612,2024-06-20,8,4.59511985013459,7,0,4.59511985013459,26
2406.11614,2024-06-20,8,4.787491742782046,7,0,4.787491742782046,5
2406.11715,2024-06-20,8,4.770684624465665,7,0,4.624972813284271,7
2406.12034,2024-06-20,8,4.6913478822291435,7,0,4.624972813284271,16
2406.12209,2024-06-20,8,4.762173934797756,7,0,4.762173934797756,8
2406.12649,2024-06-20,8,4.6913478822291435,7,0,4.6913478822291435,16
2406.10601,2024-06-21,24,6.3578422665081,23,0,5.924255797414532,70
2406.11289,2024-06-21,24,6.464588303689961,23,0,6.464588303689961,5
2406.11410,2024-06-21,24,6.408528791059498,23,0,6.39024066706535,40
2406.11817,2024-06-21,24,6.452048954437226,23,0,6.452048954437226,13
2406.11896,2024-06-21,24,6.440946540632921,23,0,6.400257445308821,20
2406.11927,2024-06-21,24,6.455198563340122,23,0,6.39024066706535,11
2406.12045,2024-06-21,24,6.45833828334479,23,0,6.45833828334479,9
2406.12618,2024-06-21,24,6.464588303689961,23,0,5.924255797414532,5
2406.12925,2024-06-21,24,6.432940092739179,23,0,6.400257445308821,25
2406.13099,2024-06-21,24,6.466144724237619,23,0,6.440946540632921,4
2406.13542,2024-06-21,24,6.4457198193855785,23,0,6.349138991379798,17
2406.13621,2024-06-21,24,6.452048954437226,23,0,6.452048954437226,13
2406.13663,2024-06-21,24,6.461468176353717,23,0,6.461468176353717,7
2406.13735,2024-06-21,24,6.46302945692067,23,0,6.440946540632921,6
2406.13923,2024-06-21,24,6.432940092739179,23,0,6.432940092739179,25
2406.14130,2024-06-21,24,6.456769655572163,23,0,6.440946540632921,10
2406.14319,2024-06-21,24,6.448889394146858,23,0,6.448889394146858,15
2406.14347,2024-06-21,24,6.300785794663244,23,0,5.924255797414532,102
2406.14491,2024-06-21,24,6.311734809152915,23,0,5.924255797414532,96
2406.14515,2024-06-21,24,6.419994928147142,23,0,6.313548046277095,33
2406.14539,2024-06-21,24,6.429719478039138,23,0,6.313548046277095,27
2406.14544,2024-06-21,24,6.416732282512326,23,0,6.313548046277095,35
2406.14562,2024-06-21,24,6.428105272684596,23,0,6.349138991379798,28
2406.14563,2024-06-21,24,6.424869023905388,23,0,6.349138991379798,30
2406.11403,2024-06-24,26,5.834810737062605,25,0,5.780743515792329,4
2406.11617,2024-06-24,26,5.817111159963204,25,0,5.817111159963204,10
2406.11654,2024-06-24,26,5.8289456176102075,25,0,5.799092654460526,6
2406.12056,2024-06-24,26,5.82600010738045,25,0,5.799092654460526,7
2406.12564,2024-06-24,26,5.8377304471659395,25,0,5.799092654460526,3
2406.12624,2024-06-24,26,5.733341276897746,25,0,5.4116460518550396,37
2406.13236,2024-06-24,26,5.823045895483019,25,0,5.768320995793772,8
2406.13393,2024-06-24,26,5.831882477283517,25,0,5.752572638825633,5
2406.13457,2024-06-24,26,5.796057750765372,25,0,5.739792912179234,17
2406.13527,2024-06-24,26,5.820082930352362,25,0,5.752572638825633,9
2406.14035,2024-06-24,26,5.808142489980444,25,0,5.780743515792329,13
2406.14213,2024-06-24,26,5.783825182329737,25,0,5.4116460518550396,21
2406.14393,2024-06-24,26,5.808142489980444,25,0,5.768320995793772,13
2406.14596,2024-06-24,26,5.831882477283517,25,0,5.780743515792329,5
2406.14599,2024-06-24,26,5.796057750765372,25,0,5.752572638825633,17
2406.14764,2024-06-24,26,5.834810737062605,25,0,5.69035945432406,4
2406.14783,2024-06-24,26,5.796057750765372,25,0,5.69035945432406,17
2406.14805,2024-06-24,26,5.8377304471659395,25,0,5.802118375377063,3
2406.14835,2024-06-24,26,5.8377304471659395,25,0,5.793013608384144,3
2406.14938,2024-06-24,26,5.780743515792329,25,0,5.69035945432406,22
2406.14972,2024-06-24,26,5.82600010738045,25,0,5.69035945432406,7
2406.15193,2024-06-24,26,5.802118375377063,25,0,5.793013608384144,15
2406.15252,2024-06-24,26,5.793013608384144,25,0,5.739792912179234,18
2406.15275,2024-06-24,26,5.811140992976701,25,0,5.802118375377063,12
2406.15319,2024-06-24,26,5.641907070938114,25,0,5.4116460518550396,64
2406.15349,2024-06-24,26,5.831882477283517,25,0,5.768320995793772,5
2406.13632,2024-06-25,25,6.214608098422191,24,0,6.16541785423142,5
2406.14051,2024-06-25,25,6.206575926724928,24,0,6.206575926724928,9
2406.14540,2024-06-25,25,6.212606095751519,24,0,6.212606095751519,6
2406.14833,2024-06-25,25,6.184148890937483,24,0,6.129050210060545,20
2406.15704,2024-06-25,25,6.212606095751519,24,0,6.16541785423142,6
2406.15718,2024-06-25,25,6.19644412779452,24,0,6.129050210060545,14
2406.15877,2024-06-25,25,6.12029741895095,24,0,6.12029741895095,50
2406.15927,2024-06-25,25,6.19644412779452,24,0,6.16541785423142,14
2406.16008,2024-06-25,25,6.212606095751519,24,0,6.142037405587356,6
2406.16048,2024-06-25,25,6.150602768446279,24,0,6.150602768446279,36
2406.16235,2024-06-25,25,6.202535517187923,24,0,6.142037405587356,11
2406.16254,2024-06-25,25,6.20455776256869,24,0,6.16541785423142,10
2406.16260,2024-06-25,25,6.163314804034641,24,0,6.139884552226255,30
2406.16338,2024-06-25,25,6.171700597410915,24,0,5.963579343618446,26
2406.16683,2024-06-25,25,6.2166061010848646,24,0,6.139884552226255,4
2406.16690,2024-06-25,25,6.1779441140506,24,0,6.142037405587356,23
2406.16714,2024-06-25,25,6.20455776256869,24,0,6.129050210060545,10
2406.16747,2024-06-25,25,6.186208623900494,24,0,6.144185634125646,19
2406.16758,2024-06-25,25,6.184148890937483,24,0,6.144185634125646,20
2406.16768,2024-06-25,25,6.1779441140506,24,0,6.16541785423142,23
2406.16772,2024-06-25,25,6.220590170099739,24,0,6.129050210060545,2
2406.16815,2024-06-25,25,6.210600077024653,24,0,6.139884552226255,7
2406.16852,2024-06-25,25,6.156978985585555,24,0,5.963579343618446,33
2406.16855,2024-06-25,25,6.104793232414985,24,0,5.963579343618446,57
2406.16860,2024-06-25,25,6.091309882077698,24,0,6.091309882077698,63
2406.13144,2024-06-26,19,5.991464547107982,18,0,5.991464547107982,11
2406.15279,2024-06-26,19,6.0063531596017325,18,0,5.958424693029782,5
2406.15339,2024-06-26,19,5.996452088619021,18,0,5.996452088619021,9
2406.16273,2024-06-26,19,5.908082938168931,18,0,5.7745515455444085,43
2406.16377,2024-06-26,19,5.986452005284438,18,0,5.986452005284438,13
2406.16678,2024-06-26,19,5.978885764901122,18,0,5.966146739123692,16
2406.16863,2024-06-26,19,5.991464547107982,18,0,5.991464547107982,11
2406.17055,2024-06-26,19,6.008813185442595,18,0,5.998936561946683,4
2406.17245,2024-06-26,19,5.942799375126701,18,0,5.877735781779639,30
2406.17419,2024-06-26,19,5.976350909297934,18,0,5.976350909297934,17
2406.17557,2024-06-26,19,5.726847747587197,18,0,5.552959584921617,104
2406.17563,2024-06-26,19,6.008813185442595,18,0,5.998936561946683,4
2406.17588,2024-06-26,19,5.961005339623274,18,0,5.552959584921617,23
2406.17636,2024-06-26,19,5.950642552587727,18,0,5.7745515455444085,27
2406.17660,2024-06-26,19,6.0063531596017325,18,0,5.966146739123692,5
2406.17758,2024-06-26,19,5.971261839790462,18,0,5.7745515455444085,19
2406.17763,2024-06-26,19,5.958424693029782,18,0,5.877735781779639,24
2406.17770,2024-06-26,19,5.971261839790462,18,0,5.958424693029782,19
2406.18518,2024-06-26,19,5.953243334287785,18,0,5.552959584921617,26
2406.15334,2024-06-27,14,5.60947179518496,13,0,5.442417710521793,9
2406.16341,2024-06-27,14,5.5909869805108565,13,0,5.537334267018537,14
2406.16793,2024-06-27,14,5.3612921657094255,13,0,5.3612921657094255,69
2406.16979,2024-06-27,14,5.605802066295998,13,0,5.605802066295998,10
2406.17294,2024-06-27,14,5.602118820879701,13,0,5.442417710521793,11
2406.17565,2024-06-27,14,5.627621113690637,13,0,5.627621113690637,4
2406.18082,2024-06-27,14,5.455321115357702,13,0,5.37989735354046,48
2406.18219,2024-06-27,14,5.579729825986222,13,0,5.37989735354046,17
2406.18495,2024-06-27,14,5.5909869805108565,13,0,5.537334267018537,14
2406.18510,2024-06-27,14,5.605802066295998,13,0,5.605802066295998,10
2406.18521,2024-06-27,14,5.5254529391317835,13,0,5.442417710521793,31
2406.18522,2024-06-27,14,5.568344503761097,13,0,5.568344503761097,20
2406.18530,2024-06-27,14,5.598421958998375,13,0,5.598421958998375,12
2406.18532,2024-06-27,14,5.598421958998375,13,0,5.598421958998375,12
2406.08316,2024-06-28,18,5.863631175598097,17,0,5.863631175598097,13
2406.10900,2024-06-28,18,5.869296913133774,17,0,5.736572297479192,11
2406.14629,2024-06-28,18,5.840641657373398,17,0,5.44673737166631,21
2406.14909,2024-06-28,18,5.855071922202427,17,0,5.8377304471659395,16
2406.17513,2024-06-28,18,5.8916442118257715,17,0,5.860786223465865,3
2406.18120,2024-06-28,18,5.8805329864007,17,0,5.8805329864007,7
2406.18125,2024-06-28,18,5.8916442118257715,17,0,5.8916442118257715,3
2406.18629,2024-06-28,18,5.777652323222656,17,0,5.777652323222656,42
2406.18676,2024-06-28,18,5.883322388488279,17,0,5.8377304471659395,6
2406.18790,2024-06-28,18,5.802118375377063,17,0,5.736572297479192,34
2406.19215,2024-06-28,18,5.808142489980444,17,0,5.44673737166631,32
2406.19223,2024-06-28,18,5.869296913133774,17,0,5.860786223465865,11
2406.19226,2024-06-28,18,5.808142489980444,17,0,5.44673737166631,32
2406.19227,2024-06-28,18,5.8289456176102075,17,0,5.44673737166631,25
2406.19263,2024-06-28,18,5.872117789475416,17,0,5.736572297479192,10
2406.19314,2024-06-28,18,5.834810737062605,17,0,5.44673737166631,23
2406.19389,2024-06-28,18,5.739792912179234,17,0,5.66988092298052,54
2406.19395,2024-06-28,18,5.840641657373398,17,0,5.66988092298052,21
2406.16845,2024-07-01,11,5.583496308781699,10,0,5.583496308781699,5
2406.17720,2024-07-01,11,5.572154032177765,10,0,5.572154032177765,8
2406.18462,2024-07-01,11,5.556828061699537,10,0,5.556828061699537,12
2406.19251,2024-07-01,11,5.564520407322694,10,0,5.564520407322694,10
2406.19280,2024-07-01,11,5.337538079701318,10,0,5.288267030694535,63
2406.19320,2024-07-01,11,5.572154032177765,10,0,5.003946305945459,8
2406.19774,2024-07-01,11,5.517452896464707,10,0,5.517452896464707,22
2406.20076,2024-07-01,11,5.564520407322694,10,0,5.288267030694535,10
2406.20094,2024-07-01,11,5.099866427824199,10,0,5.003946305945459,107
2406.20095,2024-07-01,11,5.53338948872752,10,0,5.53338948872752,18
2407.00617,2024-07-01,11,5.575949103146316,10,0,5.003946305945459,7
2406.18009,2024-07-02,27,6.380122536899765,26,0,6.380122536899765,22
2406.18284,2024-07-02,27,6.385194398997726,26,0,6.297109319933935,19
2406.19741,2024-07-02,27,6.313548046277095,26,0,6.313548046277095,60
2406.19997,2024-07-02,27,6.364750756851911,26,0,6.343880434126331,31
2406.19999,2024-07-02,27,6.408528791059498,26,0,6.297109319933935,5
2406.20085,2024-07-02,27,6.395261598115449,26,0,6.376726947898627,13
2406.20086,2024-07-02,27,6.406879986069314,26,0,6.406879986069314,6
2406.20087,2024-07-02,27,6.410174881966167,26,0,6.297109319933935,4
2407.00088,2024-07-02,27,6.396929655216146,26,0,6.343880434126331,12
2407.00106,2024-07-02,27,6.406879986069314,26,0,6.297109319933935,6
2407.00111,2024-07-02,27,6.406879986069314,26,0,6.297109319933935,6
2407.00114,2024-07-02,27,6.395261598115449,26,0,6.333279628139691,13
2407.00320,2024-07-02,27,6.349138991379798,26,0,6.297109319933935,40
2407.00367,2024-07-02,27,6.398594934535208,26,0,6.376726947898627,11
2407.00402,2024-07-02,27,6.380122536899765,26,0,6.226536669287466,22
2407.00468,2024-07-02,27,6.3561076606958915,26,0,6.333279628139691,36
2407.00653,2024-07-02,27,6.395261598115449,26,0,6.3835066348840055,13
2407.00782,2024-07-02,27,6.375024819828097,26,0,6.226536669287466,25
2407.00788,2024-07-02,27,6.376726947898627,26,0,6.297109319933935,24
2407.00837,2024-07-02,27,6.398594934535208,26,0,6.398594934535208,11
2407.01231,2024-07-02,27,6.386879319362645,26,0,6.226536669287466,18
2407.01272,2024-07-02,27,6.403574197934815,26,0,6.297109319933935,8
2407.01284,2024-07-02,27,6.274762021241939,26,0,6.274762021241939,81
2407.01449,2024-07-02,27,6.329720905522696,26,0,6.329720905522696,51
2407.01470,2024-07-02,27,6.405228458030842,26,0,6.3835066348840055,7
2407.01492,2024-07-02,27,6.3473892096560105,26,0,6.226536669287466,41
2407.01519,2024-07-02,27,6.373319789577012,26,0,6.297109319933935,26
2406.19238,2024-07-03,12,5.8664680569332965,11,0,5.817111159963204,16
2406.19568,2024-07-03,12,5.869296913133774,11,0,5.869296913133774,15
2407.01370,2024-07-03,12,5.634789603169249,11,0,5.634789603169249,89
2407.01489,2024-07-03,12,5.717027701406222,11,0,5.717027701406222,65
2407.01494,2024-07-03,12,5.8664680569332965,11,0,5.8664680569332965,16
2407.01791,2024-07-03,12,5.8944028342648505,11,0,5.8944028342648505,6
2407.01920,2024-07-03,12,5.863631175598097,11,0,5.817111159963204,17
2407.02371,2024-07-03,12,5.749392985908253,11,0,5.5254529391317835,55
2407.02398,2024-07-03,12,5.860786223465865,11,0,5.5254529391317835,18
2407.02477,2024-07-03,12,5.84354441703136,11,0,5.5254529391317835,24
2407.02489,2024-07-03,12,5.8522024797744745,11,0,5.5254529391317835,21
2407.02490,2024-07-03,12,5.8377304471659395,11,0,5.8377304471659395,26
2406.19380,2024-07-04,9,5.318119993844216,8,0,5.278114659230517,49
2407.01100,2024-07-04,9,5.501258210544727,8,0,4.852030263919617,8
2407.02392,2024-07-04,9,5.438079308923196,8,0,4.852030263919617,23
2407.02551,2024-07-04,9,5.501258210544727,8,0,5.278114659230517,8
2407.02687,2024-07-04,9,5.43372200355424,8,0,5.43372200355424,24
2407.02869,2024-07-04,9,5.44673737166631,8,0,5.44673737166631,21
2407.03169,2024-07-04,9,5.488937726156687,8,0,5.488937726156687,11
2407.03300,2024-07-04,9,5.476463551931511,8,0,5.476463551931511,14
2407.03320,2024-07-04,9,5.0689042022202315,8,0,4.852030263919617,94
2407.01392,2024-07-05,3,4.204692619390966,2,0,4.204692619390966,44
2407.01906,2024-07-05,3,4.174387269895637,2,0,3.8066624897703196,46
2407.03321,2024-07-05,3,4.51085950651685,2,0,3.8066624897703196,20
2406.08085,2024-07-08,15,5.799092654460526,14,0,5.616771097666572,17
2406.11832,2024-07-08,15,5.676753802268282,14,0,5.616771097666572,55
2407.02855,2024-07-08,15,5.814130531825066,14,0,5.814130531825066,12
2407.03418,2024-07-08,15,5.814130531825066,14,0,5.746203190540153,12
2407.03923,2024-07-08,15,5.823045895483019,14,0,5.823045895483019,9
2407.03958,2024-07-08,15,5.786897381366708,14,0,5.659482215759621,21
2407.03963,2024-07-08,15,5.796057750765372,14,0,5.659482215759621,18
2407.04051,2024-07-08,15,5.726847747587197,14,0,5.726847747587197,40
2407.04078,2024-07-08,15,5.786897381366708,14,0,5.659482215759621,21
2407.04172,2024-07-08,15,5.7745515455444085,14,0,5.662960480135946,25
2407.04363,2024-07-08,15,5.746203190540153,14,0,5.662960480135946,34
2407.04620,2024-07-08,15,5.746203190540153,14,0,5.746203190540153,34
2407.04622,2024-07-08,15,5.805134968916488,14,0,5.746203190540153,15
2407.04952,2024-07-08,15,5.8289456176102075,14,0,5.746203190540153,7
2407.05131,2024-07-08,15,5.771441123130016,14,0,5.771441123130016,26
2407.03471,2024-07-09,17,5.602118820879701,16,0,5.375278407684165,30
2407.03651,2024-07-09,17,5.648974238161206,16,0,5.25227342804663,17
2407.04020,2024-07-09,17,5.697093486505405,16,0,5.676753802268282,3
2407.04604,2024-07-09,17,5.68697535633982,16,0,5.676753802268282,6
2407.04693,2024-07-09,17,5.697093486505405,16,0,5.697093486505405,3
2407.04841,2024-07-09,17,5.583496308781699,16,0,5.25227342804663,35
2407.04842,2024-07-09,17,5.5053315359323625,16,0,5.375278407684165,55
2407.05282,2024-07-09,17,5.655991810819852,16,0,5.560681631015528,15
2407.05463,2024-07-09,17,5.673323267171493,16,0,5.673323267171493,10
2407.05700,2024-07-09,17,5.659482215759621,16,0,5.6240175061873385,14
2407.05975,2024-07-09,17,5.579729825986222,16,0,5.25227342804663,36
2407.06027,2024-07-09,17,5.673323267171493,16,0,5.6240175061873385,10
2407.06076,2024-07-09,17,5.68697535633982,16,0,5.68697535633982,6
2407.06135,2024-07-09,17,5.631211781821365,16,0,5.25227342804663,22
2407.06182,2024-07-09,17,5.662960480135946,16,0,5.560681631015528,13
2407.06191,2024-07-09,17,5.662960480135946,16,0,5.560681631015528,13
2407.06192,2024-07-09,17,5.666426688112432,16,0,5.666426688112432,12
2407.02880,2024-07-10,16,5.796057750765372,15,0,5.7745515455444085,12
2407.03203,2024-07-10,16,5.796057750765372,15,0,5.75890177387728,12
2407.03502,2024-07-10,16,5.66988092298052,15,0,5.327876168789581,51
2407.03618,2024-07-10,16,5.7899601708972535,15,0,5.7899601708972535,14
2407.05015,2024-07-10,16,5.820082930352362,15,0,5.820082930352362,4
2407.06071,2024-07-10,16,5.811140992976701,15,0,5.7745515455444085,7
2407.06189,2024-07-10,16,5.749392985908253,15,0,5.598421958998375,27
2407.06304,2024-07-10,16,5.802118375377063,15,0,5.768320995793772,10
2407.06358,2024-07-10,16,5.7745515455444085,15,0,5.598421958998375,19
2407.06533,2024-07-10,16,5.82600010738045,15,0,5.75890177387728,2
2407.06581,2024-07-10,16,5.54907608489522,15,0,5.327876168789581,84
2407.06723,2024-07-10,16,5.799092654460526,15,0,5.768320995793772,11
2407.06938,2024-07-10,16,5.755742213586912,15,0,5.598421958998375,25
2407.07061,2024-07-10,16,5.746203190540153,15,0,5.746203190540153,28
2407.07071,2024-07-10,16,5.796057750765372,15,0,5.75890177387728,12
2407.07080,2024-07-10,16,5.765191102784844,15,0,5.75890177387728,22
2302.06555,2024-07-11,14,5.552959584921617,13,0,5.541263545158426,9
2407.05528,2024-07-11,14,5.572154032177765,13,0,5.572154032177765,4
2407.05530,2024-07-11,14,5.572154032177765,13,0,5.375278407684165,4
2407.06188,2024-07-11,14,5.575949103146316,13,0,5.541263545158426,3
2407.07304,2024-07-11,14,5.365976015021851,13,0,5.365976015021851,53
2407.07315,2024-07-11,14,5.560681631015528,13,0,5.384495062789089,7
2407.07464,2024-07-11,14,5.521460917862246,13,0,5.521460917862246,17
2407.07565,2024-07-11,14,5.564520407322694,13,0,5.564520407322694,6
2407.07667,2024-07-11,14,5.521460917862246,13,0,5.375278407684165,17
2407.07726,2024-07-11,14,5.267858159063328,13,0,5.267858159063328,73
2407.07788,2024-07-11,14,5.583496308781699,13,0,5.583496308781699,1
2407.07860,2024-07-11,14,5.521460917862246,13,0,5.375278407684165,17
2407.07895,2024-07-11,14,5.41610040220442,13,0,5.384495062789089,42
2407.08674,2024-07-11,14,5.537334267018537,13,0,5.375278407684165,13
2407.06946,2024-07-12,21,6.093569770045136,20,0,6.040254711277414,24
2407.07053,2024-07-12,21,6.040254711277414,20,0,5.998936561946683,47
2407.07176,2024-07-12,21,6.133398042996649,20,0,6.07993319509559,6
2407.08083,2024-07-12,21,6.07073772800249,20,0,5.8805329864007,34
2407.08250,2024-07-12,21,6.118097198041348,20,0,6.07993319509559,13
2407.08296,2024-07-12,21,6.073044534100405,20,0,6.073044534100405,33
2407.08303,2024-07-12,21,6.104793232414985,20,0,5.8805329864007,19
2407.08348,2024-07-12,21,6.028278520230698,20,0,6.008813185442595,52
2407.08447,2024-07-12,21,6.126869184114185,20,0,5.981414211254481,9
2407.08551,2024-07-12,21,6.1092475827643655,20,0,6.1092475827643655,17
2407.08583,2024-07-12,21,6.118097198041348,20,0,6.093569770045136,13
2407.08642,2024-07-12,21,6.1224928095143865,20,0,6.093569770045136,11
2407.08680,2024-07-12,21,6.1224928095143865,20,0,6.1224928095143865,11
2407.08683,2024-07-12,21,6.093569770045136,20,0,5.8805329864007,24
2407.08701,2024-07-12,21,6.118097198041348,20,0,5.981414211254481,13
2407.08711,2024-07-12,21,6.129050210060545,20,0,6.008813185442595,8
2407.08713,2024-07-12,21,6.1092475827643655,20,0,5.998936561946683,17
2407.08726,2024-07-12,21,6.1224928095143865,20,0,6.07993319509559,11
2407.08733,2024-07-12,21,6.095824562432225,20,0,6.040254711277414,23
2407.08737,2024-07-12,21,6.035481432524756,20,0,5.981414211254481,49
2407.08739,2024-07-12,21,6.075346031088684,20,0,5.8805329864007,32
2406.02265,2024-07-15,17,6.018593214496234,16,0,5.855071922202427,7
2407.06397,2024-07-15,17,6.023447592961033,16,0,5.998936561946683,5
2407.07874,2024-07-15,17,5.950642552587727,16,0,5.950642552587727,34
2407.08770,2024-07-15,17,5.983936280687191,16,0,5.955837369464831,21
2407.08892,2024-07-15,17,6.008813185442595,16,0,5.976350909297934,11
2407.09012,2024-07-15,17,6.0112671744041615,16,0,5.998936561946683,10
2407.09025,2024-07-15,17,5.627621113690637,16,0,5.541263545158426,140
2407.09072,2024-07-15,17,6.008813185442595,16,0,5.955837369464831,11
2407.09121,2024-07-15,17,6.021023349349527,16,0,5.937536205082426,6
2407.09276,2024-07-15,17,5.986452005284438,16,0,5.986452005284438,20
2407.09298,2024-07-15,17,5.996452088619021,16,0,5.937536205082426,16
2407.09388,2024-07-15,17,5.993961427306569,16,0,5.937536205082426,17
2407.09413,2024-07-15,17,6.008813185442595,16,0,6.008813185442595,11
2407.09435,2024-07-15,17,5.978885764901122,16,0,5.541263545158426,23
2407.09450,2024-07-15,17,5.87493073085203,16,0,5.855071922202427,62
2407.09473,2024-07-15,17,6.003887067106539,16,0,5.976350909297934,13
2407.09732,2024-07-15,17,6.0112671744041615,16,0,6.0112671744041615,10
2407.07523,2024-07-16,16,5.883322388488279,15,1,5.817111159963204,6
2407.09533,2024-07-16,16,5.877735781779639,15,1,5.877735781779639,8
2407.10058,2024-07-16,16,5.811140992976701,15,1,4.912654885736052,31
2407.10285,2024-07-16,16,5.886104031450156,15,1,5.82600010738045,5
2407.10362,2024-07-16,16,5.8805329864007,15,1,5.8377304471659395,7
2407.10387,2024-07-16,16,5.877735781779639,15,1,5.877735781779639,8
2407.10457,2024-07-16,16,5.831882477283517,15,1,4.912654885736052,24
2407.10671,2024-07-16,16,5.25227342804663,15,0,4.912654885736052,174
2407.10817,2024-07-16,16,5.857933154483459,15,1,5.8377304471659395,15
2407.10827,2024-07-16,16,5.886104031450156,15,1,5.886104031450156,5
2407.10910,2024-07-16,16,5.872117789475416,15,1,5.82600010738045,10
2407.10943,2024-07-16,16,5.8289456176102075,15,1,5.8289456176102075,25
2407.10953,2024-07-16,16,5.886104031450156,15,1,5.886104031450156,5
2407.10956,2024-07-16,16,5.8805329864007,15,1,5.8805329864007,7
2407.10969,2024-07-16,16,5.834810737062605,15,1,5.817111159963204,23
2407.10973,2024-07-16,16,5.869296913133774,15,1,5.82600010738045,11
2407.10718,2024-07-17,19,5.5909869805108565,18,0,5.5909869805108565,19
2407.10759,2024-07-17,19,5.407171771460119,18,0,5.407171771460119,64
2407.10957,2024-07-17,19,5.575949103146316,18,0,5.472270673671475,23
2407.11062,2024-07-17,19,5.6240175061873385,18,0,5.6240175061873385,10
2407.11144,2024-07-17,19,5.6240175061873385,18,0,5.62040086571715,10
2407.11239,2024-07-17,19,5.631211781821365,18,0,5.631211781821365,8
2407.11282,2024-07-17,19,5.655991810819852,18,0,5.62040086571715,1
2407.11385,2024-07-17,19,5.641907070938114,18,0,5.641907070938114,5
2407.11394,2024-07-17,19,5.616771097666572,18,0,5.53338948872752,12
2407.11398,2024-07-17,19,5.6240175061873385,18,0,5.53338948872752,10
2407.11522,2024-07-17,19,5.627621113690637,18,0,5.537334267018537,9
2407.11633,2024-07-17,19,5.564520407322694,18,0,5.472270673671475,26
2407.11691,2024-07-17,19,5.598421958998375,18,0,5.537334267018537,17
2407.11784,2024-07-17,19,5.645446897643238,18,0,5.645446897643238,4
2407.11793,2024-07-17,19,5.648974238161206,18,0,5.53338948872752,3
2407.11828,2024-07-17,19,5.641907070938114,18,0,5.641907070938114,5
2407.11895,2024-07-17,19,5.634789603169249,18,0,5.537334267018537,7
2407.11963,2024-07-17,19,5.493061443340548,18,0,5.493061443340548,44
2407.11966,2024-07-17,19,5.627621113690637,18,0,5.53338948872752,9
2407.09018,2024-07-18,19,5.8805329864007,18,0,5.869296913133774,5
2407.10223,2024-07-18,19,5.883322388488279,18,0,5.869296913133774,4
2407.11298,2024-07-18,19,5.877735781779639,18,0,5.749392985908253,6
2407.11854,2024-07-18,19,5.8888779583328805,18,0,5.8888779583328805,2
2407.12043,2024-07-18,19,5.8805329864007,18,0,5.831882477283517,5
2407.12077,2024-07-18,19,5.726847747587197,18,0,5.605802066295998,56
2407.12306,2024-07-18,19,5.877735781779639,18,0,5.802118375377063,6
2407.12327,2024-07-18,19,5.648974238161206,18,0,5.605802066295998,79
2407.12366,2024-07-18,19,5.883322388488279,18,0,5.605802066295998,4
2407.12504,2024-07-18,19,5.872117789475416,18,0,5.605802066295998,8
2407.12563,2024-07-18,19,5.87493073085203,18,0,5.87493073085203,7
2407.12580,2024-07-18,19,5.768320995793772,18,0,5.749392985908253,43
2407.12581,2024-07-18,19,5.8944028342648505,18,0,5.802118375377063,0
2407.12665,2024-07-18,19,5.846438775057725,18,0,5.831882477283517,17
2407.12679,2024-07-18,19,5.872117789475416,18,0,5.872117789475416,8
2407.12705,2024-07-18,19,5.857933154483459,18,0,5.802118375377063,13
2407.12772,2024-07-18,19,5.793013608384144,18,0,5.605802066295998,35
2407.12781,2024-07-18,19,5.857933154483459,18,0,5.802118375377063,13
2407.12784,2024-07-18,19,5.7430031878094825,18,0,5.7430031878094825,51
2406.07057,2024-07-19,15,5.438079308923196,14,0,5.056245805348308,17
2406.13897,2024-07-19,15,5.459585514144159,14,0,5.459585514144159,12
2407.10424,2024-07-19,15,5.455321115357702,14,0,5.4116460518550396,13
2407.12854,2024-07-19,15,5.375278407684165,14,0,5.2832037287379885,31
2407.12883,2024-07-19,15,5.455321115357702,14,0,5.2832037287379885,13
2407.12982,2024-07-19,15,5.484796933490655,14,0,5.2832037287379885,6
2407.13244,2024-07-19,15,5.501258210544727,14,0,5.480638923341991,2
2407.13481,2024-07-19,15,5.4680601411351315,14,0,5.4116460518550396,10
2407.13623,2024-07-19,15,5.25227342804663,14,0,5.056245805348308,56
2407.13638,2024-07-19,15,5.488937726156687,14,0,5.488937726156687,5
2407.13696,2024-07-19,15,5.488937726156687,14,0,5.480638923341991,5
2407.13709,2024-07-19,15,5.438079308923196,14,0,5.056245805348308,17
2407.13739,2024-07-19,15,5.420534999272286,14,0,5.420534999272286,21
2407.13759,2024-07-19,15,5.43372200355424,14,0,5.43372200355424,18
2407.13764,2024-07-19,15,5.424950017481403,14,0,5.424950017481403,20
2407.10960,2024-07-22,16,5.733341276897746,15,0,5.717027701406222,13
2407.12594,2024-07-22,16,5.713732805509369,15,0,5.459585514144159,19
2407.13168,2024-07-22,16,5.720311776607412,15,0,5.720311776607412,17
2407.13559,2024-07-22,16,5.700443573390687,15,0,5.459585514144159,23
2407.13833,2024-07-22,16,5.736572297479192,15,0,5.736572297479192,12
2407.13976,2024-07-22,16,5.75890177387728,15,0,5.75890177387728,5
2407.14057,2024-07-22,16,5.62040086571715,15,0,5.308267697401205,46
2407.14138,2024-07-22,16,5.746203190540153,15,0,5.746203190540153,9
2407.14177,2024-07-22,16,5.6240175061873385,15,0,5.459585514144159,45
2407.14257,2024-07-22,16,5.75890177387728,15,0,5.736572297479192,5
2407.14329,2024-07-22,16,5.75890177387728,15,0,5.717027701406222,5
2407.14358,2024-07-22,16,5.68697535633982,15,0,5.68697535633982,27
2407.14402,2024-07-22,16,5.730099782973574,15,0,5.730099782973574,14
2407.14435,2024-07-22,16,5.752572638825633,15,0,5.736572297479192,7
2407.14482,2024-07-22,16,5.69035945432406,15,0,5.308267697401205,26
2407.14507,2024-07-22,16,5.6131281063880705,15,0,5.308267697401205,48
2407.13766,2024-07-23,24,5.948034989180646,23,0,5.921578419643816,2
2407.14561,2024-07-23,24,5.857933154483459,23,0,5.730099782973574,35
2407.14622,2024-07-23,24,5.8998973535824915,23,0,5.730099782973574,20
2407.14679,2024-07-23,24,5.84354441703136,23,0,5.739792912179234,40
2407.14931,2024-07-23,24,5.8944028342648505,23,0,5.730099782973574,22
2407.14933,2024-07-23,24,5.91350300563827,23,0,5.905361848054571,15
2407.14958,2024-07-23,24,5.940171252720432,23,0,5.926926025970411,5
2407.15002,2024-07-23,24,5.945420608606575,23,0,5.905361848054571,3
2407.15017,2024-07-23,24,5.860786223465865,23,0,5.739792912179234,34
2407.15060,2024-07-23,24,5.929589143389895,23,0,5.929589143389895,9
2407.15187,2024-07-23,24,5.918893854273146,23,0,5.733341276897746,13
2407.15233,2024-07-23,24,5.934894195619588,23,0,5.733341276897746,7
2407.15272,2024-07-23,24,5.926926025970411,23,0,5.921578419643816,10
2407.15295,2024-07-23,24,5.8916442118257715,23,0,5.71042701737487,23
2407.15337,2024-07-23,24,5.940171252720432,23,0,5.926926025970411,5
2407.15420,2024-07-23,24,5.937536205082426,23,0,5.937536205082426,6
2407.15595,2024-07-23,24,5.916202062607435,23,0,5.733341276897746,14
2407.15642,2024-07-23,24,5.924255797414532,23,0,5.733341276897746,11
2407.15711,2024-07-23,24,5.929589143389895,23,0,5.929589143389895,9
2407.15754,2024-07-23,24,5.8971538676367405,23,0,5.71042701737487,21
2407.15762,2024-07-23,24,5.926926025970411,23,0,5.926926025970411,10
2407.15841,2024-07-23,24,5.846438775057725,23,0,5.71042701737487,39
2407.15842,2024-07-23,24,5.916202062607435,23,0,5.733341276897746,14
2407.15848,2024-07-23,24,5.908082938168931,23,0,5.733341276897746,17
2407.12435,2024-07-24,11,5.438079308923196,10,0,5.351858133476067,14
2407.13301,2024-07-24,11,5.241747015059643,10,0,5.241747015059643,55
2407.14505,2024-07-24,11,5.384495062789089,10,0,5.0689042022202315,26
2407.15447,2024-07-24,11,5.4638318050256105,10,0,5.4638318050256105,8
2407.16198,2024-07-24,11,5.442417710521793,10,0,5.351858133476067,13
2407.16224,2024-07-24,11,5.3706380281276624,10,0,5.0689042022202315,29
2407.16318,2024-07-24,11,5.4680601411351315,10,0,5.4680601411351315,7
2407.16412,2024-07-24,11,5.472270673671475,10,0,5.351858133476067,6
2407.16655,2024-07-24,11,5.365976015021851,10,0,5.0689042022202315,30
2407.16674,2024-07-24,11,5.303304908059076,10,0,5.303304908059076,43
2407.16680,2024-07-24,11,5.44673737166631,10,0,5.44673737166631,12
2406.00856,2024-07-25,13,5.659482215759621,12,0,5.54907608489522,13
2407.14207,2024-07-25,13,5.641907070938114,12,0,5.641907070938114,18
2407.15815,2024-07-25,13,5.655991810819852,12,0,5.655991810819852,14
2407.16154,2024-07-25,13,5.6240175061873385,12,0,5.5909869805108565,23
2407.16312,2024-07-25,13,5.662960480135946,12,0,5.342334251964811,12
2407.16741,2024-07-25,13,5.3981627015177525,12,0,5.342334251964811,79
2407.16988,2024-07-25,13,5.673323267171493,12,0,5.5909869805108565,9
2407.17353,2024-07-25,13,5.659482215759621,12,0,5.659482215759621,13
2407.17365,2024-07-25,13,5.659482215759621,12,0,5.54907608489522,13
2407.17387,2024-07-25,13,5.631211781821365,12,0,5.631211781821365,21
2407.17438,2024-07-25,13,5.6131281063880705,12,0,5.4510384535657,26
2407.17453,2024-07-25,13,5.556828061699537,12,0,5.4510384535657,41
2407.17470,2024-07-25,13,5.645446897643238,12,0,5.54907608489522,17
2407.16607,2024-07-26,12,5.5909869805108565,11,0,5.5909869805108565,23
2407.16637,2024-07-26,12,5.579729825986222,11,0,5.579729825986222,26
2407.16982,2024-07-26,12,5.517452896464707,11,0,5.517452896464707,42
2407.17490,2024-07-26,12,5.560681631015528,11,0,5.384495062789089,31
2407.17535,2024-07-26,12,5.537334267018537,11,0,5.537334267018537,37
2407.17722,2024-07-26,12,5.645446897643238,11,0,5.616771097666572,8
2407.17789,2024-07-26,12,5.517452896464707,11,0,5.384495062789089,42
2407.17952,2024-07-26,12,5.556828061699537,11,0,5.556828061699537,32
2407.18054,2024-07-26,12,5.631211781821365,11,0,5.631211781821365,12
2407.18121,2024-07-26,12,5.6131281063880705,11,0,5.568344503761097,17
2407.18129,2024-07-26,12,5.631211781821365,11,0,5.568344503761097,12
2407.18147,2024-07-26,12,5.645446897643238,11,0,5.616771097666572,8
2407.18559,2024-07-29,7,5.176149732573829,6,0,4.7535901911063645,20
2407.18901,2024-07-29,7,5.087596335232384,6,0,5.087596335232384,35
2407.18902,2024-07-29,7,5.170483995038151,6,0,5.170483995038151,21
2407.18907,2024-07-29,7,5.049856007249537,6,0,4.7535901911063645,41
2407.18908,2024-07-29,7,5.099866427824199,6,0,5.099866427824199,33
2407.18914,2024-07-29,7,5.176149732573829,6,0,4.7535901911063645,20
2407.19669,2024-07-29,7,5.14166355650266,6,0,5.14166355650266,26
2407.16291,2024-07-30,21,6.476972362889683,20,0,6.424869023905388,11
2407.17398,2024-07-30,21,6.459904454377535,20,0,6.4425401664681985,22
2407.18248,2024-07-30,21,6.4425401664681985,20,0,6.4425401664681985,33
2407.18946,2024-07-30,21,6.47543271670409,20,0,6.47543271670409,12
2407.18961,2024-07-30,21,6.431331081933479,20,0,6.431331081933479,40
2407.19340,2024-07-30,21,6.401917196727186,20,0,6.338594078203183,58
2407.19474,2024-07-30,21,6.45833828334479,20,0,6.406879986069314,23
2407.19548,2024-07-30,21,6.452048954437226,20,0,6.304448802421981,27
2407.19584,2024-07-30,21,6.38856140554563,20,0,6.161207321695077,66
2407.19593,2024-07-30,21,6.47543271670409,20,0,6.406879986069314,12
2407.19594,2024-07-30,21,6.461468176353717,20,0,6.424869023905388,21
2407.19672,2024-07-30,21,6.403574197934815,20,0,6.161207321695077,57
2407.19795,2024-07-30,21,6.476972362889683,20,0,6.4425401664681985,11
2407.19835,2024-07-30,21,6.461468176353717,20,0,6.161207321695077,21
2407.19914,2024-07-30,21,6.47543271670409,20,0,6.424869023905388,12
2407.19918,2024-07-30,21,6.413458957167357,20,0,6.304448802421981,51
2407.19985,2024-07-30,21,6.436150368369428,20,0,6.338594078203183,37
2407.20020,2024-07-30,21,6.46302945692067,20,0,6.406879986069314,20
2407.20171,2024-07-30,21,6.437751649736401,20,0,6.304448802421981,36
2407.20179,2024-07-30,21,6.419994928147142,20,0,6.419994928147142,47
2407.20183,2024-07-30,21,6.42648845745769,20,0,6.161207321695077,43
2407.20267,2024-07-31,10,5.58724865840025,9,0,5.501258210544727,32
2407.20445,2024-07-31,10,5.62040086571715,9,0,5.537334267018537,23
2407.20581,2024-07-31,10,5.616771097666572,9,0,4.990432586778736,24
2407.20595,2024-07-31,10,5.6240175061873385,9,0,5.501258210544727,22
2407.20729,2024-07-31,10,5.602118820879701,9,0,4.990432586778736,28
2407.20743,2024-07-31,10,5.442417710521793,9,0,4.990432586778736,68
2407.20750,2024-07-31,10,5.6240175061873385,9,0,5.537334267018537,22
2407.20798,2024-07-31,10,5.616771097666572,9,0,5.616771097666572,24
2407.21017,2024-07-31,10,5.62040086571715,9,0,5.62040086571715,23
2407.21018,2024-07-31,10,5.58724865840025,9,0,4.990432586778736,32
2404.01300,2024-08-01,13,5.552959584921617,12,0,5.497168225293202,4
2407.20229,2024-08-01,13,5.541263545158426,12,0,5.541263545158426,7
2407.21475,2024-08-01,13,5.545177444479562,12,0,5.497168225293202,6
2407.21530,2024-08-01,13,5.529429087511423,12,0,5.529429087511423,10
2407.21630,2024-08-01,13,5.537334267018537,12,0,5.537334267018537,8
2407.21646,2024-08-01,13,5.497168225293202,12,0,5.497168225293202,18
2407.21686,2024-08-01,13,5.537334267018537,12,0,5.497168225293202,8
2407.21705,2024-08-01,13,5.459585514144159,12,0,5.459585514144159,27
2407.21721,2024-08-01,13,5.53338948872752,12,0,5.53338948872752,9
2407.21770,2024-08-01,13,5.480638923341991,12,0,5.480638923341991,22
2407.21772,2024-08-01,13,5.5093883366279774,12,0,5.5093883366279774,15
2407.21781,2024-08-01,13,5.537334267018537,12,0,5.537334267018537,8
2407.21783,2024-08-01,13,4.962844630259907,12,0,4.962844630259907,119
2407.21139,2024-08-02,17,6.0112671744041615,16,0,5.955837369464831,7
2407.21794,2024-08-02,17,6.013715156042802,16,0,5.983936280687191,6
2408.00118,2024-08-02,17,5.817111159963204,16,0,5.817111159963204,79
2408.00167,2024-08-02,17,5.986452005284438,16,0,5.955837369464831,17
2408.00203,2024-08-02,17,5.968707559985366,16,0,5.501258210544727,24
2408.00205,2024-08-02,17,6.016157159698354,16,0,5.955837369464831,5
2408.00298,2024-08-02,17,6.0014148779611505,16,0,5.910796644040527,11
2408.00458,2024-08-02,17,5.998936561946683,16,0,5.983936280687191,12
2408.00584,2024-08-02,17,6.013715156042802,16,0,5.983936280687191,6
2408.00653,2024-08-02,17,5.950642552587727,16,0,5.950642552587727,31
2408.00690,2024-08-02,17,5.966146739123692,16,0,5.910796644040527,25
2408.00714,2024-08-02,17,5.676753802268282,16,0,5.501258210544727,123
2408.00735,2024-08-02,17,5.988961416889864,16,0,5.971261839790462,16
2408.00754,2024-08-02,17,5.971261839790462,16,0,5.501258210544727,23
2408.00760,2024-08-02,17,6.0112671744041615,16,0,5.971261839790462,7
2408.00762,2024-08-02,17,6.003887067106539,16,0,5.910796644040527,10
2408.00765,2024-08-02,17,5.998936561946683,16,0,5.983936280687191,12
2407.20060,2024-08-05,8,4.990432586778736,7,0,4.990432586778736,9
2408.00103,2024-08-05,8,4.882801922586371,7,0,4.882801922586371,24
2408.00113,2024-08-05,8,4.997212273764115,7,0,4.912654885736052,8
2408.00397,2024-08-05,8,4.969813299576001,7,0,4.912654885736052,12
2408.00874,2024-08-05,8,4.6443908991413725,7,0,4.6443908991413725,52
2408.01031,2024-08-05,8,4.859812404361672,7,0,4.859812404361672,27
2408.01291,2024-08-05,8,4.969813299576001,7,0,4.969813299576001,12
2408.01337,2024-08-05,8,4.976733742420574,7,0,4.976733742420574,11
2408.01050,2024-08-06,14,5.860786223465865,13,0,5.860786223465865,9
2408.01584,2024-08-06,14,5.857933154483459,13,0,5.857933154483459,10
2408.01800,2024-08-06,14,5.575949103146316,13,0,5.541263545158426,96
2408.02085,2024-08-06,14,5.831882477283517,13,0,5.723585101952381,19
2408.02210,2024-08-06,14,5.860786223465865,13,0,5.541263545158426,9
2408.02226,2024-08-06,14,5.855071922202427,13,0,5.811140992976701,11
2408.02373,2024-08-06,14,5.872117789475416,13,0,5.872117789475416,5
2408.02545,2024-08-06,14,5.768320995793772,13,0,5.529429087511423,40
2408.02555,2024-08-06,14,5.796057750765372,13,0,5.796057750765372,31
2408.02600,2024-08-06,14,5.855071922202427,13,0,5.855071922202427,11
2408.02622,2024-08-06,14,5.768320995793772,13,0,5.529429087511423,40
2408.02629,2024-08-06,14,5.84354441703136,13,0,5.811140992976701,15
2408.02657,2024-08-06,14,5.783825182329737,13,0,5.723585101952381,35
2408.02666,2024-08-06,14,5.805134968916488,13,0,5.529429087511423,28
2408.01708,2024-08-07,12,5.840641657373398,11,0,5.840641657373398,4
2408.02718,2024-08-07,12,5.659482215759621,11,0,5.225746673713202,61
2408.02752,2024-08-07,12,5.808142489980444,11,0,5.739792912179234,15
2408.02900,2024-08-07,12,5.75890177387728,11,0,5.75890177387728,31
2408.03178,2024-08-07,12,5.730099782973574,11,0,5.225746673713202,40
2408.03209,2024-08-07,12,5.786897381366708,11,0,5.739792912179234,22
2408.03256,2024-08-07,12,5.823045895483019,11,0,5.793013608384144,10
2408.03281,2024-08-07,12,5.823045895483019,11,0,5.793013608384144,10
2408.03284,2024-08-07,12,5.820082930352362,11,0,5.820082930352362,11
2408.03314,2024-08-07,12,5.638354669333745,11,0,5.638354669333745,67
2408.03325,2024-08-07,12,5.808142489980444,11,0,5.808142489980444,15
2408.03326,2024-08-07,12,5.659482215759621,11,0,5.225746673713202,61
2408.03356,2024-08-08,11,5.225746673713202,10,0,5.147494476813453,10
2408.03541,2024-08-08,11,5.0689042022202315,10,0,5.0689042022202315,37
2408.03588,2024-08-08,11,5.236441962829949,10,0,5.181783550292085,8
2408.03615,2024-08-08,11,5.10594547390058,10,0,5.10594547390058,31
2408.03695,2024-08-08,11,5.209486152841421,10,0,5.209486152841421,13
2408.03822,2024-08-08,11,5.204006687076795,10,0,5.147494476813453,14
2408.03837,2024-08-08,11,5.181783550292085,10,0,5.181783550292085,18
2408.03900,2024-08-08,11,5.225746673713202,10,0,5.181783550292085,10
2408.03906,2024-08-08,11,5.123963979403259,10,0,5.123963979403259,28
2408.03910,2024-08-08,11,5.181783550292085,10,0,5.181783550292085,18
2408.03923,2024-08-08,11,5.236441962829949,10,0,5.236441962829949,8
2406.04604,2024-08-09,13,5.998936561946683,12,1,5.998936561946683,4
2407.18245,2024-08-09,13,5.978885764901122,12,1,5.955837369464831,12
2408.02816,2024-08-09,13,5.996452088619021,12,1,5.996452088619021,5
2408.03361,2024-08-09,13,5.7745515455444085,12,1,5.730099782973574,85
2408.04034,2024-08-09,13,5.988961416889864,12,1,5.988961416889864,8
2408.04284,2024-08-09,13,5.945420608606575,12,1,5.886104031450156,25
2408.04303,2024-08-09,13,5.953243334287785,12,1,5.886104031450156,22
2408.04520,2024-08-09,13,5.993961427306569,12,1,5.993961427306569,6
2408.04567,2024-08-09,13,5.942799375126701,12,1,5.942799375126701,26
2408.04594,2024-08-09,13,5.973809611869261,12,1,5.730099782973574,14
2408.04614,2024-08-09,13,5.971261839790462,12,1,5.971261839790462,15
2408.04619,2024-08-09,13,5.44673737166631,12,0,5.44673737166631,175
2408.04631,2024-08-09,13,5.986452005284438,12,1,5.955837369464831,9
2408.04682,2024-08-12,10,5.231108616854587,9,0,5.231108616854587,18
2408.04708,2024-08-12,10,5.2832037287379885,9,0,5.220355825078324,8
2408.04785,2024-08-12,10,5.2832037287379885,9,0,5.2832037287379885,8
2408.04810,2024-08-12,10,5.198497031265826,9,0,4.997212273764115,24
2408.04840,2024-08-12,10,5.147494476813453,9,0,4.997212273764115,33
2408.05086,2024-08-12,10,5.298317366548036,9,0,5.220355825078324,5
2408.05101,2024-08-12,10,5.288267030694535,9,0,5.220355825078324,7
2408.05147,2024-08-12,10,5.093750200806762,9,0,5.093750200806762,42
2408.05205,2024-08-12,10,5.278114659230517,9,0,5.278114659230517,9
2408.05211,2024-08-12,10,5.043425116919247,9,0,5.043425116919247,50
2408.05506,2024-08-13,11,6.040254711277414,10,0,6.040254711277414,9
2408.05939,2024-08-13,11,6.028278520230698,10,0,5.991464547107982,14
2408.06019,2024-08-13,11,6.025865973825314,10,0,5.991464547107982,15
2408.06070,2024-08-13,11,5.924255797414532,10,0,5.87493073085203,55
2408.06072,2024-08-13,11,5.968707559985366,10,0,5.968707559985366,38
2408.06142,2024-08-13,11,5.932245187448011,10,0,5.717027701406222,52
2408.06190,2024-08-13,11,6.018593214496234,10,0,5.87493073085203,18
2408.06195,2024-08-13,11,5.87493073085203,10,0,5.717027701406222,73
2408.06292,2024-08-13,11,5.707110264748875,10,0,5.707110264748875,128
2408.06316,2024-08-13,11,6.040254711277414,10,0,6.040254711277414,9
2408.06327,2024-08-13,11,6.021023349349527,10,0,6.021023349349527,17
2408.05492,2024-08-14,15,5.799092654460526,14,0,5.799092654460526,7
2408.05928,2024-08-14,15,5.802118375377063,14,0,5.730099782973574,6
2408.06273,2024-08-14,15,5.7899601708972535,14,0,5.739792912179234,10
2408.06281,2024-08-14,15,5.793013608384144,14,0,5.793013608384144,9
2408.06396,2024-08-14,15,5.796057750765372,14,0,5.730099782973574,8
2408.06481,2024-08-14,15,5.7899601708972535,14,0,5.7899601708972535,10
2408.06506,2024-08-14,15,5.796057750765372,14,0,5.762051382780177,8
2408.06663,2024-08-14,15,5.771441123130016,14,0,5.739792912179234,16
2408.06693,2024-08-14,15,5.786897381366708,14,0,5.762051382780177,11
2408.06697,2024-08-14,15,5.7745515455444085,14,0,5.730099782973574,15
2408.06793,2024-08-14,15,5.720311776607412,14,0,5.720311776607412,32
2408.06941,2024-08-14,15,5.720311776607412,14,0,5.720311776607412,32
2408.07009,2024-08-14,15,5.616771097666572,14,0,5.616771097666572,62
2408.07055,2024-08-14,15,5.5909869805108565,14,0,5.424950017481403,69
2408.07060,2024-08-14,15,5.69035945432406,14,0,5.424950017481403,41
2408.05366,2024-08-15,8,4.61512051684126,7,0,4.454347296253507,14
2408.07089,2024-08-15,8,4.61512051684126,7,0,4.61512051684126,14
2408.07116,2024-08-15,8,4.553876891600541,7,0,4.31748811353631,20
2408.07246,2024-08-15,8,4.532599493153256,7,0,4.532599493153256,22
2408.07410,2024-08-15,8,4.605170185988092,7,0,4.454347296253507,15
2408.07416,2024-08-15,8,4.68213122712422,7,0,4.31748811353631,7
2408.07540,2024-08-15,8,4.624972813284271,7,0,4.31748811353631,13
2408.07547,2024-08-15,8,4.663439094112067,7,0,4.663439094112067,9
2408.07852,2024-08-16,12,5.41610040220442,11,0,5.384495062789089,16
2408.07990,2024-08-16,12,5.420534999272286,11,0,5.420534999272286,15
2408.08000,2024-08-16,12,5.44673737166631,11,0,5.44673737166631,9
2408.08019,2024-08-16,12,5.438079308923196,11,0,5.438079308923196,11
2408.08072,2024-08-16,12,5.332718793265369,11,0,4.976733742420574,34
2408.08152,2024-08-16,12,5.187385805840755,11,0,4.976733742420574,62
2408.08172,2024-08-16,12,5.384495062789089,11,0,5.187385805840755,23
2408.08189,2024-08-16,12,5.4116460518550396,11,0,5.187385805840755,17
2408.08201,2024-08-16,12,5.389071729816501,11,0,5.187385805840755,22
2408.08274,2024-08-16,12,5.429345628954441,11,0,5.37989735354046,13
2408.08291,2024-08-16,12,5.438079308923196,11,0,5.37989735354046,11
2408.08313,2024-08-16,12,5.455321115357702,11,0,5.384495062789089,7
2408.07888,2024-08-19,7,5.4680601411351315,6,0,5.4680601411351315,13
2408.07931,2024-08-19,7,5.429345628954441,6,0,4.844187086458591,22
2408.08332,2024-08-19,7,5.438079308923196,6,0,5.438079308923196,20
2408.08435,2024-08-19,7,5.3471075307174685,6,0,5.3471075307174685,40
2408.08441,2024-08-19,7,5.488937726156687,6,0,5.488937726156687,8
2408.08459,2024-08-19,7,5.3230099791384085,6,0,5.3230099791384085,45
2408.08872,2024-08-19,7,5.003946305945459,6,0,4.844187086458591,101
2408.08926,2024-08-20,11,5.318119993844216,10,0,5.318119993844216,6
2408.08946,2024-08-20,11,5.288267030694535,10,0,5.288267030694535,12
2408.09085,2024-08-20,11,5.236441962829949,10,0,4.61512051684126,22
2408.09702,2024-08-20,11,5.293304824724492,10,0,5.075173815233827,11
2408.09739,2024-08-20,11,5.303304908059076,10,0,5.075173815233827,9
2408.09858,2024-08-20,11,5.262690188904886,10,0,5.262690188904886,17
2408.10119,2024-08-20,11,5.262690188904886,10,0,5.075173815233827,17
2408.10161,2024-08-20,11,5.272999558563747,10,0,5.272999558563747,15
2408.10188,2024-08-20,11,5.062595033026967,10,0,4.61512051684126,52
2408.10195,2024-08-20,11,5.2832037287379885,10,0,5.075173815233827,13
2408.10198,2024-08-20,11,5.1647859739235145,10,0,4.61512051684126,35
2408.09174,2024-08-21,15,5.3612921657094255,14,0,5.123963979403259,53
2408.09574,2024-08-21,15,5.552959584921617,14,0,5.552959584921617,8
2408.10088,2024-08-21,15,5.575949103146316,14,0,5.575949103146316,2
2408.10446,2024-08-21,15,5.54907608489522,14,0,5.484796933490655,9
2408.10487,2024-08-21,15,5.556828061699537,14,0,5.501258210544727,7
2408.10701,2024-08-21,15,5.537334267018537,14,0,5.521460917862246,12
2408.10764,2024-08-21,15,5.54907608489522,14,0,5.493061443340548,9
2408.10906,2024-08-21,15,5.572154032177765,14,0,5.484796933490655,3
2408.10914,2024-08-21,15,5.3981627015177525,14,0,5.123963979403259,45
2408.10998,2024-08-21,15,5.54907608489522,14,0,5.54907608489522,9
2408.11001,2024-08-21,15,5.53338948872752,14,0,5.484796933490655,13
2408.11039,2024-08-21,15,5.313205979041787,14,0,5.313205979041787,63
2408.11048,2024-08-21,15,5.568344503761097,14,0,5.521460917862246,4
2408.11049,2024-08-21,15,5.529429087511423,14,0,5.493061443340548,14
2408.11054,2024-08-21,15,5.529429087511423,14,0,5.501258210544727,14
2408.08793,2024-08-22,12,5.3230099791384085,11,0,5.3230099791384085,7
2408.11237,2024-08-22,12,5.327876168789581,11,0,5.303304908059076,6
2408.11247,2024-08-22,12,5.332718793265369,11,0,5.303304908059076,5
2408.11318,2024-08-22,12,5.043425116919247,11,0,5.043425116919247,57
2408.11457,2024-08-22,12,5.337538079701318,11,0,5.337538079701318,4
2408.11475,2024-08-22,12,5.267858159063328,11,0,5.198497031265826,18
2408.11706,2024-08-22,12,5.3230099791384085,11,0,5.198497031265826,7
2408.11721,2024-08-22,12,5.327876168789581,11,0,5.198497031265826,6
2408.11745,2024-08-22,12,5.231108616854587,11,0,4.836281906951478,25
2408.11796,2024-08-22,12,5.017279836814924,11,0,4.836281906951478,61
2408.11812,2024-08-22,12,5.327876168789581,11,0,5.327876168789581,6
2408.11817,2024-08-22,12,5.313205979041787,11,0,5.313205979041787,9
2408.09787,2024-08-23,20,6.406879986069314,19,0,6.311734809152915,10
2408.10635,2024-08-23,20,6.400257445308821,19,0,6.380122536899765,14
2408.11813,2024-08-23,20,6.403574197934815,19,0,6.311734809152915,12
2408.11857,2024-08-23,20,6.320768294250582,19,0,5.991464547107982,60
2408.11878,2024-08-23,20,6.313548046277095,19,0,5.991464547107982,64
2408.11915,2024-08-23,20,6.410174881966167,19,0,6.410174881966167,8
2408.12060,2024-08-23,20,6.413458957167357,19,0,6.413458957167357,6
2408.12076,2024-08-23,20,6.403574197934815,19,0,6.380122536899765,12
2408.12114,2024-08-23,20,6.398594934535208,19,0,6.311734809152915,15
2408.12245,2024-08-23,20,6.380122536899765,19,0,5.983936280687191,26
2408.12282,2024-08-23,20,6.411818267709897,19,0,6.352629396319567,7
2408.12480,2024-08-23,20,6.376726947898627,19,0,6.311734809152915,28
2408.12503,2024-08-23,20,6.3784261836515865,19,0,5.991464547107982,27
2408.12528,2024-08-23,20,6.336825731146441,19,0,5.983936280687191,51
2408.12569,2024-08-23,20,6.259581464064923,19,0,5.983936280687191,93
2408.12570,2024-08-23,20,6.368187186350492,19,0,6.368187186350492,33
2408.12588,2024-08-23,20,6.395261598115449,19,0,5.983936280687191,17
2408.12590,2024-08-23,20,6.364750756851911,19,0,6.352629396319567,35
2408.12599,2024-08-23,20,6.311734809152915,19,0,5.991464547107982,65
2408.12601,2024-08-23,20,6.369900982828227,19,0,5.983936280687191,32
2408.10945,2024-08-26,12,5.60947179518496,11,0,5.60947179518496,10
2408.12369,2024-08-26,12,5.627621113690637,11,0,5.627621113690637,5
2408.12418,2024-08-26,12,5.631211781821365,11,0,5.572154032177765,4
2408.12637,2024-08-26,12,5.003946305945459,11,0,4.574710978503383,134
2408.12857,2024-08-26,12,5.5909869805108565,11,0,5.5909869805108565,15
2408.12885,2024-08-26,12,5.598421958998375,11,0,5.598421958998375,13
2408.12894,2024-08-26,12,5.627621113690637,11,0,5.572154032177765,5
2408.13010,2024-08-26,12,5.60947179518496,11,0,5.60947179518496,10
2408.13233,2024-08-26,12,5.560681631015528,11,0,5.560681631015528,23
2408.13239,2024-08-26,12,5.605802066295998,11,0,5.572154032177765,11
2408.13252,2024-08-26,12,5.54907608489522,11,0,4.574710978503383,26
2408.13257,2024-08-26,12,5.54907608489522,11,0,4.574710978503383,26
2408.11727,2024-08-27,14,5.87493073085203,13,0,5.87493073085203,13
2408.12757,2024-08-27,14,5.857933154483459,13,0,5.857933154483459,19
2408.13359,2024-08-27,14,5.846438775057725,13,0,5.846438775057725,23
2408.13402,2024-08-27,14,5.860786223465865,13,0,5.713732805509369,18
2408.13413,2024-08-27,14,5.872117789475416,13,0,5.84354441703136,14
2408.13423,2024-08-27,14,5.846438775057725,13,0,5.648974238161206,23
2408.13467,2024-08-27,14,5.840641657373398,13,0,5.713732805509369,25
2408.13933,2024-08-27,14,5.8664680569332965,13,0,5.8664680569332965,16
2408.13934,2024-08-27,14,5.846438775057725,13,0,5.713732805509369,23
2408.14176,2024-08-27,14,5.726847747587197,13,0,5.648974238161206,62
2408.14211,2024-08-27,14,5.883322388488279,13,0,5.84354441703136,10
2408.14340,2024-08-27,14,5.783825182329737,13,0,5.783825182329737,44
2408.14354,2024-08-27,14,5.793013608384144,13,0,5.793013608384144,41
2408.14468,2024-08-27,14,5.805134968916488,13,0,5.805134968916488,37
2408.13629,2024-08-28,12,6.0867747269123065,11,0,6.0867747269123065,5
2408.13674,2024-08-28,12,6.056784013228625,11,0,6.003887067106539,18
2408.14236,2024-08-28,12,6.0867747269123065,11,0,6.0867747269123065,5
2408.14307,2024-08-28,12,6.0867747269123065,11,0,6.0867747269123065,5
2408.14717,2024-08-28,12,6.037870919922137,11,0,6.037870919922137,26
2408.14805,2024-08-28,12,6.061456918928017,11,0,6.061456918928017,16
2408.14819,2024-08-28,12,6.0473721790462776,11,0,6.003887067106539,22
2408.14837,2024-08-28,12,5.765191102784844,11,0,5.765191102784844,126
2408.14849,2024-08-28,12,6.0867747269123065,11,0,6.0867747269123065,5
2408.14906,2024-08-28,12,5.707110264748875,11,0,5.707110264748875,144
2408.15237,2024-08-28,12,5.998936561946683,11,0,5.998936561946683,42
2408.15239,2024-08-28,12,6.028278520230698,11,0,6.028278520230698,30
2408.15079,2024-08-29,13,5.602118820879701,12,0,5.602118820879701,56
2408.15496,2024-08-29,13,5.752572638825633,12,0,5.552959584921617,12
2408.15518,2024-08-29,13,5.652489180268651,12,0,5.552959584921617,42
2408.15664,2024-08-29,13,5.7430031878094825,12,0,5.552959584921617,15
2408.15708,2024-08-29,13,5.765191102784844,12,0,5.6937321388027,8
2408.15792,2024-08-29,13,5.726847747587197,12,0,5.726847747587197,20
2408.15836,2024-08-29,13,5.746203190540153,12,0,5.713732805509369,14
2408.15881,2024-08-29,13,5.723585101952381,12,0,5.659482215759621,21
2408.15915,2024-08-29,13,5.730099782973574,12,0,5.659482215759621,19
2408.15980,2024-08-29,13,5.75890177387728,12,0,5.713732805509369,10
2408.15991,2024-08-29,13,5.736572297479192,12,0,5.6937321388027,17
2408.15995,2024-08-29,13,5.7745515455444085,12,0,5.6937321388027,5
2408.15998,2024-08-29,13,5.480638923341991,12,0,5.480638923341991,87
2408.14608,2024-08-30,11,5.846438775057725,10,0,5.811140992976701,8
2408.15666,2024-08-30,11,5.834810737062605,10,0,5.811140992976701,12
2408.16046,2024-08-30,11,5.840641657373398,10,0,5.840641657373398,10
2408.16061,2024-08-30,11,5.82600010738045,10,0,5.82600010738045,15
2408.16293,2024-08-30,11,5.7899601708972535,10,0,5.7899601708972535,27
2408.16357,2024-08-30,11,5.556828061699537,10,0,5.303304908059076,95
2408.16500,2024-08-30,11,5.69035945432406,10,0,5.303304908059076,58
2408.16532,2024-08-30,11,5.717027701406222,10,0,5.717027701406222,50
2408.16766,2024-08-30,11,5.817111159963204,10,0,5.62040086571715,18
2408.16767,2024-08-30,11,5.7745515455444085,10,0,5.62040086571715,32
2408.16768,2024-08-30,11,5.786897381366708,10,0,5.62040086571715,28
2408.14572,2024-09-02,16,5.241747015059643,15,0,5.1647859739235145,8
2408.14765,2024-09-02,16,5.204006687076795,15,0,5.14166355650266,15
2408.14886,2024-09-02,16,5.225746673713202,15,0,5.187385805840755,11
2408.15300,2024-09-02,16,5.267858159063328,15,0,5.267858159063328,3
2408.15545,2024-09-02,16,5.0689042022202315,15,0,5.0689042022202315,38
2408.15827,2024-09-02,16,5.247024072160486,15,0,5.187385805840755,7
2408.15914,2024-09-02,16,5.153291594497779,15,0,5.0106352940962555,24
2408.15993,2024-09-02,16,5.241747015059643,15,0,5.14166355650266,8
2408.16176,2024-09-02,16,5.241747015059643,15,0,5.241747015059643,8
2408.16245,2024-09-02,16,5.25227342804663,15,0,5.14166355650266,6
2408.16444,2024-09-02,16,5.241747015059643,15,0,5.241747015059643,8
2408.16667,2024-09-02,16,5.272999558563747,15,0,5.14166355650266,2
2408.16672,2024-09-02,16,5.231108616854587,15,0,5.14166355650266,10
2408.17024,2024-09-02,16,5.209486152841421,15,0,5.1647859739235145,14
2408.17131,2024-09-02,16,5.225746673713202,15,0,5.14166355650266,11
2408.17267,2024-09-02,16,5.159055299214529,15,0,5.0106352940962555,23
2408.16725,2024-09-03,2,3.6888794541139363,1,0,3.6888794541139363,53
2408.17253,2024-09-03,2,3.9889840465642745,1,0,3.9889840465642745,39
2409.00138,2024-09-04,19,6.234410725718371,18,0,6.234410725718371,1
2409.00391,2024-09-04,19,6.226536669287466,18,0,6.226536669287466,5
2409.00447,2024-09-04,19,6.230481447578482,18,0,6.113682179832232,3
2409.00492,2024-09-04,19,6.214608098422191,18,0,6.068425588244111,11
2409.00509,2024-09-04,19,6.150602768446279,18,0,6.113682179832232,42
2409.00558,2024-09-04,19,6.206575926724928,18,0,6.068425588244111,15
2409.00587,2024-09-04,19,6.169610732491456,18,0,6.068425588244111,33
2409.00588,2024-09-04,19,6.19644412779452,18,0,6.19644412779452,20
2409.00729,2024-09-04,19,6.208590026096629,18,0,6.113682179832232,14
2409.01055,2024-09-04,19,6.22455842927536,18,0,6.068425588244111,6
2409.01071,2024-09-04,19,6.182084906716632,18,0,5.796057750765372,27
2409.01199,2024-09-04,19,6.208590026096629,18,0,6.068425588244111,14
2409.01357,2024-09-04,19,6.230481447578482,18,0,6.230481447578482,3
2409.01392,2024-09-04,19,6.218600119691729,18,0,6.218600119691729,9
2409.01437,2024-09-04,19,6.0867747269123065,18,0,6.0867747269123065,71
2409.01704,2024-09-04,19,6.059123195581797,18,0,5.796057750765372,83
2409.02060,2024-09-04,19,6.063785208687608,18,0,6.063785208687608,81
2409.02095,2024-09-04,19,6.159095388491933,18,0,5.796057750765372,38
2409.02097,2024-09-04,19,6.1675164908883415,18,0,5.796057750765372,34
2409.01083,2024-09-05,8,5.6131281063880705,7,0,5.6131281063880705,20
2409.02078,2024-09-05,8,5.645446897643238,7,0,5.645446897643238,11
2409.02245,2024-09-05,8,5.648974238161206,7,0,5.231108616854587,10
2409.02326,2024-09-05,8,5.616771097666572,7,0,5.262690188904886,19
2409.02634,2024-09-05,8,5.2832037287379885,7,0,5.231108616854587,97
2409.02813,2024-09-05,8,5.560681631015528,7,0,5.262690188904886,34
2409.02889,2024-09-05,8,5.480638923341991,7,0,5.480638923341991,54
2409.02897,2024-09-05,8,5.5053315359323625,7,0,5.262690188904886,48
2409.00844,2024-09-06,12,5.955837369464831,11,0,5.955837369464831,12
2409.00921,2024-09-06,12,5.976350909297934,11,0,5.976350909297934,4
2409.01322,2024-09-06,12,5.71042701737487,11,0,5.71042701737487,96
2409.01944,2024-09-06,12,5.8664680569332965,11,0,5.488937726156687,45
2409.02392,2024-09-06,12,5.945420608606575,11,0,5.945420608606575,16
2409.03420,2024-09-06,12,5.918893854273146,11,0,5.918893854273146,26
2409.03512,2024-09-06,12,5.910796644040527,11,0,5.910796644040527,29
2409.03525,2024-09-06,12,5.955837369464831,11,0,5.955837369464831,12
2409.03643,2024-09-06,12,5.937536205082426,11,0,5.863631175598097,19
2409.03718,2024-09-06,12,5.916202062607435,11,0,5.863631175598097,27
2409.03752,2024-09-06,12,5.723585101952381,11,0,5.488937726156687,92
2409.03753,2024-09-06,12,5.937536205082426,11,0,5.488937726156687,19
2409.02076,2024-09-09,6,4.859812404361672,5,0,4.859812404361672,12
2409.02877,2024-09-09,6,4.6913478822291435,5,0,4.6913478822291435,32
2409.03810,2024-09-09,6,4.663439094112067,5,0,4.663439094112067,35
2409.04005,2024-09-09,6,4.804021044733257,5,0,4.653960350157523,19
2409.04196,2024-09-09,6,4.820281565605037,5,0,4.653960350157523,17
2409.04410,2024-09-09,6,4.7535901911063645,5,0,4.7535901911063645,25
2409.02795,2024-09-10,12,5.455321115357702,11,0,4.969813299576001,72
2409.04234,2024-09-10,12,5.6937321388027,11,0,5.6937321388027,9
2409.04269,2024-09-10,12,5.683579767338681,11,0,5.683579767338681,12
2409.04593,2024-09-10,12,5.631211781821365,11,0,4.969813299576001,27
2409.04828,2024-09-10,12,5.641907070938114,11,0,5.384495062789089,24
2409.05152,2024-09-10,12,5.6131281063880705,11,0,4.969813299576001,32
2409.05177,2024-09-10,12,5.697093486505405,11,0,5.697093486505405,8
2409.05591,2024-09-10,12,5.616771097666572,11,0,4.969813299576001,31
2409.05806,2024-09-10,12,5.673323267171493,11,0,5.673323267171493,15
2409.05840,2024-09-10,12,5.54907608489522,11,0,5.384495062789089,49
2409.05862,2024-09-10,12,5.68697535633982,11,0,5.68697535633982,11
2409.05865,2024-09-10,12,5.673323267171493,11,0,5.384495062789089,15
2409.06029,2024-09-11,7,5.0689042022202315,6,0,5.0689042022202315,22
2409.06135,2024-09-11,7,5.10594547390058,6,0,5.10594547390058,16
2409.06210,2024-09-11,7,5.043425116919247,6,0,5.043425116919247,26
2409.06595,2024-09-11,7,4.962844630259907,6,0,4.418840607796598,38
2409.06633,2024-09-11,7,5.111987788356544,6,0,5.093750200806762,15
2409.06666,2024-09-11,7,4.795790545596741,6,0,4.418840607796598,60
2409.06703,2024-09-11,7,5.181783550292085,6,0,5.093750200806762,3
2409.04057,2024-09-12,14,5.648974238161206,13,0,5.170483995038151,18
2409.06185,2024-09-12,14,5.659482215759621,13,0,5.313205979041787,15
2409.06744,2024-09-12,14,5.683579767338681,13,0,5.313205979041787,8
2409.06762,2024-09-12,14,5.68697535633982,13,0,5.552959584921617,7
2409.06765,2024-09-12,14,5.652489180268651,13,0,5.552959584921617,17
2409.06820,2024-09-12,14,5.455321115357702,13,0,5.313205979041787,68
2409.07129,2024-09-12,14,5.683579767338681,13,0,5.552959584921617,8
2409.07146,2024-09-12,14,5.641907070938114,13,0,5.170483995038151,20
2409.07314,2024-09-12,14,5.5053315359323625,13,0,5.170483995038151,56
2409.07429,2024-09-12,14,5.598421958998375,13,0,5.170483995038151,32
2409.07440,2024-09-12,14,5.683579767338681,13,0,5.313205979041787,8
2409.07441,2024-09-12,14,5.66988092298052,13,0,5.552959584921617,12
2409.07450,2024-09-12,14,5.673323267171493,13,0,5.673323267171493,11
2409.07452,2024-09-12,14,5.638354669333745,13,0,5.638354669333745,21
2409.04109,2024-09-13,10,5.41610040220442,9,0,5.318119993844216,48
2409.05162,2024-09-13,10,5.575949103146316,9,0,5.293304824724492,9
2409.07239,2024-09-13,10,5.552959584921617,9,0,5.552959584921617,15
2409.07703,2024-09-13,10,5.332718793265369,9,0,5.0689042022202315,66
2409.08239,2024-09-13,10,5.529429087511423,9,0,5.318119993844216,21
2409.08240,2024-09-13,10,5.5254529391317835,9,0,5.293304824724492,22
2409.08248,2024-09-13,10,5.54907608489522,9,0,5.293304824724492,16
2409.08264,2024-09-13,10,5.41610040220442,9,0,5.0689042022202315,48
2409.08270,2024-09-13,10,5.564520407322694,9,0,5.293304824724492,12
2409.08278,2024-09-13,10,5.552959584921617,9,0,5.293304824724492,15
2409.08272,2024-09-16,7,4.6443908991413725,6,0,4.51085950651685,5
2409.08353,2024-09-16,7,4.574710978503383,6,0,4.574710978503383,12
2409.08513,2024-09-16,7,4.553876891600541,6,0,4.553876891600541,14
2409.08514,2024-09-16,7,4.584967478670572,6,0,4.584967478670572,11
2409.08615,2024-09-16,7,4.499809670330265,6,0,4.499809670330265,19
2409.08857,2024-09-16,7,4.31748811353631,6,0,4.31748811353631,34
2409.08947,2024-09-16,7,4.564348191467836,6,0,4.51085950651685,13
2409.06277,2024-09-17,15,5.5909869805108565,14,0,5.5909869805108565,15
2409.06957,2024-09-17,15,5.616771097666572,14,0,5.568344503761097,8
2409.07012,2024-09-17,15,5.627621113690637,14,0,5.41610040220442,5
2409.08199,2024-09-17,15,5.627621113690637,14,0,5.579729825986222,5
2409.08554,2024-09-17,15,5.634789603169249,14,0,5.634789603169249,3
2409.08831,2024-09-17,15,5.6240175061873385,14,0,5.6240175061873385,6
2409.09213,2024-09-17,15,5.598421958998375,14,0,5.579729825986222,13
2409.09214,2024-09-17,15,5.438079308923196,14,0,5.41610040220442,53
2409.09269,2024-09-17,15,5.616771097666572,14,0,5.616771097666572,8
2409.09502,2024-09-17,15,5.556828061699537,14,0,5.556828061699537,24
2409.10038,2024-09-17,15,5.598421958998375,14,0,5.568344503761097,13
2409.10173,2024-09-17,15,5.5053315359323625,14,0,5.5053315359323625,37
2409.10309,2024-09-17,15,5.631211781821365,14,0,5.631211781821365,4
2409.10516,2024-09-17,15,5.480638923341991,14,0,5.272999558563747,43
2409.10594,2024-09-17,15,5.472270673671475,14,0,5.272999558563747,45
2409.09323,2024-09-18,16,5.934894195619588,15,0,5.934894195619588,5
2409.10568,2024-09-18,16,5.910796644040527,15,0,5.910796644040527,14
2409.10819,2024-09-18,16,5.8998973535824915,15,0,5.8998973535824915,18
2409.10831,2024-09-18,16,5.932245187448011,15,0,5.932245187448011,6
2409.10836,2024-09-18,16,5.934894195619588,15,0,5.480638923341991,5
2409.10923,2024-09-18,16,5.916202062607435,15,0,5.916202062607435,12
2409.11055,2024-09-18,16,5.902633333401366,15,0,5.676753802268282,17
2409.11136,2024-09-18,16,5.886104031450156,15,0,5.886104031450156,23
2409.11211,2024-09-18,16,5.924255797414532,15,0,5.480638923341991,9
2409.11242,2024-09-18,16,5.929589143389895,15,0,5.929589143389895,7
2409.11340,2024-09-18,16,5.5909869805108565,15,0,5.480638923341991,115
2409.11355,2024-09-18,16,5.8664680569332965,15,0,5.786897381366708,30
2409.11367,2024-09-18,16,5.910796644040527,15,0,5.480638923341991,14
2409.11402,2024-09-18,16,5.733341276897746,15,0,5.676753802268282,74
2409.11406,2024-09-18,16,5.87493073085203,15,0,5.786897381366708,27
2409.11733,2024-09-18,16,5.932245187448011,15,0,5.932245187448011,6
2409.08425,2024-09-19,17,6.082218910376446,16,0,6.035481432524756,10
2409.09401,2024-09-19,17,6.089044875446846,16,0,6.035481432524756,7
2409.11074,2024-09-19,17,6.09807428216624,16,0,6.0063531596017325,3
2409.11315,2024-09-19,17,6.09807428216624,16,0,6.035481432524756,3
2409.11363,2024-09-19,17,6.100318952020064,16,0,5.902633333401366,2
2409.11564,2024-09-19,17,6.059123195581797,16,0,5.1647859739235145,20
2409.11901,2024-09-19,17,6.023447592961033,16,0,5.1647859739235145,35
2409.12001,2024-09-19,17,6.093569770045136,16,0,6.093569770045136,5
2409.12106,2024-09-19,17,6.100318952020064,16,0,6.100318952020064,2
2409.12134,2024-09-19,17,6.102558594613569,16,0,6.102558594613569,1
2409.12136,2024-09-19,17,6.066108090103747,16,0,5.1647859739235145,17
2409.12139,2024-09-19,17,6.077642243349034,16,0,6.077642243349034,12
2409.12181,2024-09-19,17,5.998936561946683,16,0,5.1647859739235145,45
2409.12183,2024-09-19,17,6.013715156042802,16,0,6.0063531596017325,39
2409.12186,2024-09-19,17,5.676753802268282,16,0,5.1647859739235145,156
2409.12191,2024-09-19,17,5.908082938168931,16,0,5.902633333401366,80
2409.12193,2024-09-19,17,6.082218910376446,16,0,6.035481432524756,10
2409.08692,2024-09-20,15,5.942799375126701,14,0,5.942799375126701,27
2409.12431,2024-09-20,15,5.978885764901122,14,0,5.8888779583328805,13
2409.12532,2024-09-20,15,5.998936561946683,14,0,5.8888779583328805,5
2409.12568,2024-09-20,15,5.8805329864007,14,0,5.8805329864007,50
2409.12576,2024-09-20,15,5.971261839790462,14,0,5.971261839790462,16
2409.12822,2024-09-20,15,5.983936280687191,14,0,5.983936280687191,11
2409.12892,2024-09-20,15,5.998936561946683,14,0,5.8888779583328805,5
2409.12903,2024-09-20,15,5.955837369464831,14,0,5.929589143389895,22
2409.12917,2024-09-20,15,5.5909869805108565,14,0,5.5909869805108565,140
2409.12957,2024-09-20,15,5.958424693029782,14,0,5.780743515792329,21
2409.12958,2024-09-20,15,5.991464547107982,14,0,5.929589143389895,8
2409.12959,2024-09-20,15,5.91350300563827,14,0,5.780743515792329,38
2409.12960,2024-09-20,15,5.950642552587727,14,0,5.8888779583328805,24
2409.12961,2024-09-20,15,5.948034989180646,14,0,5.780743515792329,25
2409.12962,2024-09-20,15,6.0063531596017325,14,0,5.929589143389895,2
2409.11276,2024-09-23,12,5.6240175061873385,11,0,5.568344503761097,10
2409.11393,2024-09-23,12,5.645446897643238,11,0,5.568344503761097,4
2409.12941,2024-09-23,12,5.568344503761097,11,0,5.568344503761097,25
2409.13216,2024-09-23,12,5.579729825986222,11,0,5.579729825986222,22
2409.13346,2024-09-23,12,5.384495062789089,11,0,5.384495062789089,69
2409.13449,2024-09-23,12,5.62040086571715,11,0,5.568344503761097,11
2409.13591,2024-09-23,12,5.602118820879701,11,0,5.602118820879701,16
2409.13592,2024-09-23,12,5.4680601411351315,11,0,5.4680601411351315,50
2409.13598,2024-09-23,12,5.484796933490655,11,0,5.484796933490655,46
2409.13648,2024-09-23,12,5.62040086571715,11,0,5.62040086571715,11
2409.13689,2024-09-23,12,5.627621113690637,11,0,5.627621113690637,9
2409.13690,2024-09-23,12,5.6131281063880705,11,0,5.6131281063880705,13
2409.13191,2024-09-24,14,5.43372200355424,13,0,5.43372200355424,8
2409.13773,2024-09-24,14,5.438079308923196,13,0,5.19295685089021,7
2409.13910,2024-09-24,14,5.429345628954441,13,0,5.429345628954441,9
2409.13926,2024-09-24,14,5.442417710521793,13,0,5.303304908059076,6
2409.14340,2024-09-24,14,5.459585514144159,13,0,5.303304908059076,2
2409.14393,2024-09-24,14,5.429345628954441,13,0,5.429345628954441,9
2409.14674,2024-09-24,14,5.272999558563747,13,0,5.272999558563747,42
2409.14677,2024-09-24,14,5.402677381872279,13,0,5.303304908059076,15
2409.14713,2024-09-24,14,5.337538079701318,13,0,5.214935757608986,29
2409.14988,2024-09-24,14,5.3706380281276624,13,0,5.3706380281276624,22
2409.15268,2024-09-24,14,5.41610040220442,13,0,5.19295685089021,12
2409.15273,2024-09-24,14,5.4116460518550396,13,0,5.303304908059076,13
2409.15277,2024-09-24,14,5.293304824724492,13,0,5.19295685089021,38
2409.15278,2024-09-24,14,5.3612921657094255,13,0,5.214935757608986,24
2409.12192,2024-09-25,18,5.697093486505405,17,0,5.484796933490655,4
2409.13156,2024-09-25,18,5.6937321388027,17,0,5.673323267171493,5
2409.13882,2024-09-25,18,5.700443573390687,17,0,5.484796933490655,3
2409.14128,2024-09-25,18,5.641907070938114,17,0,5.575949103146316,20
2409.15272,2024-09-25,18,5.605802066295998,17,0,5.442417710521793,30
2409.15360,2024-09-25,18,5.69035945432406,17,0,5.673323267171493,6
2409.15700,2024-09-25,18,5.60947179518496,17,0,5.424950017481403,29
2409.15933,2024-09-25,18,5.697093486505405,17,0,5.697093486505405,4
2409.15997,2024-09-25,18,5.666426688112432,17,0,5.484796933490655,13
2409.16040,2024-09-25,18,5.655991810819852,17,0,5.655991810819852,16
2409.16143,2024-09-25,18,5.648974238161206,17,0,5.575949103146316,18
2409.16160,2024-09-25,18,5.5909869805108565,17,0,5.484796933490655,34
2409.16191,2024-09-25,18,5.564520407322694,17,0,5.442417710521793,41
2409.16211,2024-09-25,18,5.652489180268651,17,0,5.424950017481403,17
2409.16235,2024-09-25,18,5.60947179518496,17,0,5.424950017481403,29
2409.16280,2024-09-25,18,5.648974238161206,17,0,5.6240175061873385,18
2409.16283,2024-09-25,18,5.68697535633982,17,0,5.484796933490655,7
2409.17143,2024-09-25,18,5.68697535633982,17,0,5.6240175061873385,7
2409.15041,2024-09-26,12,5.655991810819852,11,0,5.634789603169249,13
2409.15127,2024-09-26,12,5.634789603169249,11,0,5.634789603169249,19
2409.16288,2024-09-26,12,5.680172609017068,11,0,5.634789603169249,6
2409.16299,2024-09-26,12,5.662960480135946,11,0,5.662960480135946,11
2409.16493,2024-09-26,12,5.666426688112432,11,0,5.666426688112432,10
2409.16629,2024-09-26,12,5.662960480135946,11,0,5.662960480135946,11
2409.16666,2024-09-26,12,5.680172609017068,11,0,5.583496308781699,6
2409.16925,2024-09-26,12,5.673323267171493,11,0,5.673323267171493,8
2409.17058,2024-09-26,12,5.655991810819852,11,0,5.583496308781699,13
2409.17115,2024-09-26,12,5.459585514144159,11,0,5.459585514144159,64
2409.17145,2024-09-26,12,5.652489180268651,11,0,5.583496308781699,14
2409.17146,2024-09-26,12,5.170483995038151,11,0,5.170483995038151,123
2409.14195,2024-09-27,12,5.583496308781699,11,0,5.583496308781699,12
2409.14254,2024-09-27,12,5.517452896464707,11,0,5.4116460518550396,29
2409.14683,2024-09-27,12,5.58724865840025,11,0,5.556828061699537,11
2409.17280,2024-09-27,12,5.5909869805108565,11,0,5.3706380281276624,10
2409.17422,2024-09-27,12,5.53338948872752,11,0,5.4116460518550396,25
2409.17481,2024-09-27,12,5.442417710521793,11,0,5.407171771460119,47
2409.17565,2024-09-27,12,5.552959584921617,11,0,5.3706380281276624,20
2409.17580,2024-09-27,12,5.598421958998375,11,0,5.556828061699537,8
2409.18042,2024-09-27,12,5.472270673671475,11,0,5.318119993844216,40
2409.18121,2024-09-27,12,5.598421958998375,11,0,5.407171771460119,8
2409.18124,2024-09-27,12,5.501258210544727,11,0,5.3706380281276624,33
2409.18125,2024-09-27,12,5.497168225293202,11,0,5.318119993844216,34
2409.16686,2024-09-30,10,5.765191102784844,9,0,5.765191102784844,10
2409.17066,2024-09-30,10,5.707110264748875,9,0,5.707110264748875,28
2409.17433,2024-09-30,10,5.768320995793772,9,0,5.768320995793772,9
2409.17545,2024-09-30,10,5.733341276897746,9,0,5.627621113690637,20
2409.17692,2024-09-30,10,5.62040086571715,9,0,5.176149732573829,53
2409.18786,2024-09-30,10,5.697093486505405,9,0,5.627621113690637,31
2409.18839,2024-09-30,10,5.662960480135946,9,0,5.560681631015528,41
2409.18869,2024-09-30,10,5.438079308923196,9,0,5.176149732573829,99
2409.18957,2024-09-30,10,5.768320995793772,9,0,5.768320995793772,9
2409.18964,2024-09-30,10,5.707110264748875,9,0,5.560681631015528,28
2409.18747,2024-10-01,12,5.2832037287379885,11,0,5.2832037287379885,16
2409.18943,2024-10-01,12,5.225746673713202,11,0,5.225746673713202,27
2409.19020,2024-10-01,12,5.262690188904886,11,0,5.214935757608986,20
2409.19339,2024-10-01,12,5.3230099791384085,11,0,4.919980925828125,8
2409.19606,2024-10-01,12,5.225746673713202,11,0,5.225746673713202,27
2409.19627,2024-10-01,12,5.356586274672012,11,0,5.356586274672012,1
2409.19715,2024-10-01,12,5.313205979041787,11,0,5.313205979041787,10
2409.19808,2024-10-01,12,5.318119993844216,11,0,5.214935757608986,9
2409.19952,2024-10-01,12,5.298317366548036,11,0,5.298317366548036,13
2409.20537,2024-10-01,12,5.298317366548036,11,0,5.298317366548036,13
2409.20551,2024-10-01,12,5.293304824724492,11,0,4.919980925828125,14
2409.20566,2024-10-01,12,5.0689042022202315,11,0,4.919980925828125,54
2409.17912,2024-10-02,14,5.356586274672012,13,0,5.356586274672012,29
2409.18313,2024-10-02,14,5.472270673671475,13,0,5.472270673671475,3
2409.19603,2024-10-02,14,5.402677381872279,13,0,5.402677381872279,19
2409.19946,2024-10-02,14,5.420534999272286,13,0,5.351858133476067,15
2409.19951,2024-10-02,14,5.231108616854587,13,0,5.231108616854587,54
2409.20018,2024-10-02,14,5.438079308923196,13,0,5.407171771460119,11
2409.20563,2024-10-02,14,5.442417710521793,13,0,5.442417710521793,10
2410.00086,2024-10-02,14,5.43372200355424,13,0,5.2832037287379885,12
2410.00231,2024-10-02,14,5.455321115357702,13,0,5.407171771460119,7
2410.00337,2024-10-02,14,5.438079308923196,13,0,5.2832037287379885,11
2410.00418,2024-10-02,14,5.442417710521793,13,0,5.351858133476067,10
2410.00531,2024-10-02,14,5.337538079701318,13,0,5.337538079701318,33
2410.00545,2024-10-02,14,5.4638318050256105,13,0,5.351858133476067,5
2410.00890,2024-10-02,14,5.393627546352362,13,0,5.2832037287379885,21
2409.18111,2024-10-03,24,5.877735781779639,23,0,5.8522024797744745,7
2409.20059,2024-10-03,24,5.8522024797744745,23,0,5.82600010738045,16
2409.20325,2024-10-03,24,5.8888779583328805,23,0,5.8522024797744745,3
2410.00296,2024-10-03,24,5.883322388488279,23,0,5.883322388488279,5
2410.00316,2024-10-03,24,5.877735781779639,23,0,5.8289456176102075,7
2410.01036,2024-10-03,24,5.855071922202427,23,0,5.8289456176102075,15
2410.01044,2024-10-03,24,5.796057750765372,23,0,5.796057750765372,35
2410.01171,2024-10-03,24,5.883322388488279,23,0,5.883322388488279,5
2410.01215,2024-10-03,24,5.783825182329737,23,0,5.783825182329737,39
2410.01257,2024-10-03,24,5.823045895483019,23,0,5.673323267171493,26
2410.01440,2024-10-03,24,5.886104031450156,23,0,5.886104031450156,4
2410.01463,2024-10-03,24,5.846438775057725,23,0,5.673323267171493,18
2410.01481,2024-10-03,24,5.8916442118257715,23,0,5.8289456176102075,2
2410.01518,2024-10-03,24,5.8888779583328805,23,0,5.7899601708972535,3
2410.01647,2024-10-03,24,5.808142489980444,23,0,5.777652323222656,31
2410.01680,2024-10-03,24,5.799092654460526,23,0,5.7899601708972535,34
2410.01691,2024-10-03,24,5.872117789475416,23,0,5.8522024797744745,9
2410.01723,2024-10-03,24,5.886104031450156,23,0,5.777652323222656,4
2410.01731,2024-10-03,24,5.8522024797744745,23,0,5.8522024797744745,16
2410.01744,2024-10-03,24,5.820082930352362,23,0,5.820082930352362,27
2410.01748,2024-10-03,24,5.814130531825066,23,0,5.673323267171493,29
2410.01769,2024-10-03,24,5.860786223465865,23,0,5.8522024797744745,13
2410.01804,2024-10-03,24,5.8805329864007,23,0,5.777652323222656,6
2410.02197,2024-10-03,24,5.872117789475416,23,0,5.82600010738045,9
2409.19291,2024-10-04,27,6.298949246855942,26,0,6.061456918928017,21
2410.00255,2024-10-04,27,6.327936783729195,26,0,6.234410725718371,5
2410.01335,2024-10-04,27,6.327936783729195,26,0,6.317164686747284,5
2410.01679,2024-10-04,27,6.2878585601617845,26,0,6.118097198041348,27
2410.01782,2024-10-04,27,6.318968113746434,26,0,6.300785794663244,10
2410.01946,2024-10-04,27,6.329720905522696,26,0,6.234410725718371,4
2410.02052,2024-10-04,27,6.320768294250582,26,0,6.061456918928017,9
2410.02056,2024-10-04,27,6.326149473155099,26,0,6.311734809152915,6
2410.02073,2024-10-04,27,6.257667587882639,26,0,6.013715156042802,43
2410.02103,2024-10-04,27,6.322565239927284,26,0,6.311734809152915,8
2410.02115,2024-10-04,27,6.318968113746434,26,0,6.300785794663244,10
2410.02367,2024-10-04,27,6.244166900663736,26,0,6.118097198041348,50
2410.02416,2024-10-04,27,6.274762021241939,26,0,6.118097198041348,34
2410.02426,2024-10-04,27,6.329720905522696,26,0,6.234410725718371,4
2410.02458,2024-10-04,27,6.320768294250582,26,0,6.234410725718371,9
2410.02525,2024-10-04,27,6.293419278846481,26,0,6.248042874508429,24
2410.02536,2024-10-04,27,6.326149473155099,26,0,6.317164686747284,6
2410.02678,2024-10-04,27,6.293419278846481,26,0,6.248042874508429,24
2410.02712,2024-10-04,27,6.269096283706261,26,0,6.061456918928017,37
2410.02713,2024-10-04,27,6.261491684321042,26,0,6.013715156042802,41
2410.02724,2024-10-04,27,6.2766434893416445,26,0,6.234410725718371,33
2410.02740,2024-10-04,27,6.236369590203704,26,0,6.061456918928017,54
2410.02746,2024-10-04,27,6.270988431858299,26,0,6.013715156042802,36
2410.02749,2024-10-04,27,6.313548046277095,26,0,6.313548046277095,13
2410.02757,2024-10-04,27,6.270988431858299,26,0,6.013715156042802,36
2410.02762,2024-10-04,27,6.322565239927284,26,0,6.061456918928017,8
2410.02763,2024-10-04,27,6.324358962381311,26,0,6.061456918928017,7
2409.19989,2024-10-07,16,5.908082938168931,15,0,5.733341276897746,18
2410.00907,2024-10-07,16,5.459585514144159,15,0,5.3612921657094255,151
2410.01273,2024-10-07,16,5.924255797414532,15,0,5.924255797414532,12
2410.01699,2024-10-07,16,5.908082938168931,15,0,5.733341276897746,18
2410.01999,2024-10-07,16,5.929589143389895,15,0,5.3612921657094255,10
2410.02241,2024-10-07,16,5.926926025970411,15,0,5.926926025970411,11
2410.02362,2024-10-07,16,5.908082938168931,15,0,5.733341276897746,18
2410.02613,2024-10-07,16,5.8944028342648505,15,0,5.733341276897746,23
2410.02703,2024-10-07,16,5.8888779583328805,15,0,5.805134968916488,25
2410.02760,2024-10-07,16,5.918893854273146,15,0,5.918893854273146,14
2410.03017,2024-10-07,16,5.877735781779639,15,0,5.805134968916488,29
2410.03027,2024-10-07,16,5.872117789475416,15,0,5.872117789475416,31
2410.03051,2024-10-07,16,5.940171252720432,15,0,5.940171252720432,6
2410.03103,2024-10-07,16,5.932245187448011,15,0,5.3612921657094255,9
2410.03535,2024-10-07,16,5.937536205082426,15,0,5.937536205082426,7
2410.03645,2024-10-07,16,5.948034989180646,15,0,5.3612921657094255,3
2410.02675,2024-10-08,23,6.293419278846481,22,1,6.214608098422191,29
2410.02707,2024-10-08,23,6.259581464064923,22,1,6.2285110035911835,47
2410.02884,2024-10-08,23,6.246106765481563,22,1,6.198478716492308,54
2410.03160,2024-10-08,23,6.336825731146441,22,1,6.297109319933935,5
2410.03187,2024-10-08,23,6.331501849893691,22,1,6.297109319933935,8
2410.03617,2024-10-08,23,6.329720905522696,22,1,6.317164686747284,9
2410.03825,2024-10-08,23,6.309918278226516,22,1,6.255750041753367,20
2410.03959,2024-10-08,23,6.338594078203183,22,1,6.300785794663244,4
2410.03960,2024-10-08,23,6.342121418721152,22,1,6.342121418721152,2
2410.04364,2024-10-08,23,6.293419278846481,22,1,6.255750041753367,29
2410.04534,2024-10-08,23,6.311734809152915,22,1,6.278521424165844,19
2410.04698,2024-10-08,23,6.322565239927284,22,1,6.198478716492308,13
2410.04734,2024-10-08,23,6.311734809152915,22,1,6.214608098422191,19
2410.04932,2024-10-08,23,6.329720905522696,22,1,6.297109319933935,9
2410.05046,2024-10-08,23,6.317164686747284,22,1,6.2285110035911835,16
2410.05057,2024-10-08,23,6.333279628139691,22,1,6.317164686747284,7
2410.05080,2024-10-08,23,6.3080984415095305,22,1,6.300785794663244,21
2410.05167,2024-10-08,23,6.313548046277095,22,1,6.278521424165844,18
2410.05229,2024-10-08,23,6.306275286948016,22,1,6.214608098422191,22
2410.05243,2024-10-08,23,6.309918278226516,22,1,6.309918278226516,20
2410.05255,2024-10-08,23,6.336825731146441,22,1,6.297109319933935,5
2410.05258,2024-10-08,23,5.961005339623274,22,0,5.961005339623274,182
2410.05262,2024-10-08,23,6.326149473155099,22,1,6.198478716492308,11
2410.01912,2024-10-09,13,4.890349128221754,12,0,4.890349128221754,14
2410.02705,2024-10-09,13,4.912654885736052,12,0,4.859812404361672,11
2410.02743,2024-10-09,13,4.927253685157205,12,0,4.836281906951478,9
2410.03290,2024-10-09,13,4.941642422609304,12,0,4.882801922586371,7
2410.03399,2024-10-09,13,4.941642422609304,12,0,4.941642422609304,7
2410.03864,2024-10-09,13,4.90527477843843,12,0,4.836281906951478,12
2410.04081,2024-10-09,13,4.941642422609304,12,0,4.859812404361672,7
2410.04199,2024-10-09,13,4.8283137373023015,12,0,4.672828834461906,22
2410.04343,2024-10-09,13,4.919980925828125,12,0,4.867534450455582,10
2410.04422,2024-10-09,13,4.941642422609304,12,0,4.867534450455582,7
2410.04717,2024-10-09,13,4.859812404361672,12,0,4.672828834461906,18
2410.05076,2024-10-09,13,4.9344739331306915,12,0,4.882801922586371,8
2410.05193,2024-10-09,13,4.890349128221754,12,0,4.890349128221754,14
2410.02428,2024-10-10,49,6.871091294610546,48,0,6.822197390620491,8
2410.02465,2024-10-10,49,6.8658910748834385,48,0,6.822197390620491,13
2410.02503,2024-10-10,49,6.871091294610546,48,0,6.852242569051878,8
2410.04223,2024-10-10,49,6.870053411798126,48,0,6.620073206530356,9
2410.05160,2024-10-10,49,6.875232087276577,48,0,6.620073206530356,4
2410.05254,2024-10-10,49,6.787844982309579,48,0,6.787844982309579,85
2410.05295,2024-10-10,49,6.866933284461882,48,0,6.86171134048073,12
2410.05355,2024-10-10,49,6.841615476477592,48,0,6.824373670043086,36
2410.05363,2024-10-10,49,6.831953565565855,48,0,6.484635235635252,45
2410.05591,2024-10-10,49,6.8658910748834385,48,0,6.795705775173514,13
2410.05643,2024-10-10,49,6.870053411798126,48,0,6.822197390620491,9
2410.05651,2024-10-10,49,6.866933284461882,48,0,6.795705775173514,12
2410.05664,2024-10-10,49,6.870053411798126,48,0,6.795705775173514,9
2410.05677,2024-10-10,49,6.86484777797086,48,0,6.795705775173514,14
2410.05791,2024-10-10,49,6.872128101338986,48,0,6.795705775173514,7
2410.05873,2024-10-10,49,6.876264611890766,48,0,6.86171134048073,3
2410.05954,2024-10-10,49,6.837332814685591,48,0,6.484635235635252,40
2410.05993,2024-10-10,49,6.7580945044277305,48,0,6.484635235635252,111
2410.06084,2024-10-10,49,6.8690144506657065,48,0,6.8690144506657065,10
2410.06166,2024-10-10,49,6.8658910748834385,48,0,6.844815479208263,13
2410.06172,2024-10-10,49,6.866933284461882,48,0,6.620073206530356,12
2410.06241,2024-10-10,49,6.8690144506657065,48,0,6.822197390620491,10
2410.06244,2024-10-10,49,6.858565034791365,48,0,6.484635235635252,20
2410.06373,2024-10-10,49,6.841615476477592,48,0,6.484635235635252,36
2410.06458,2024-10-10,49,6.871091294610546,48,0,6.620073206530356,8
2410.06462,2024-10-10,49,6.872128101338986,48,0,6.858565034791365,7
2410.06468,2024-10-10,49,6.877296071497429,48,0,6.86171134048073,2
2410.06524,2024-10-10,49,6.875232087276577,48,0,6.852242569051878,4
2410.06555,2024-10-10,49,6.871091294610546,48,0,6.620073206530356,8
2410.06845,2024-10-10,49,6.874198495453294,48,0,6.822197390620491,5
2410.06885,2024-10-10,49,6.828712071641684,48,0,6.828712071641684,48
2410.06949,2024-10-10,49,6.873163834212518,48,0,6.852242569051878,6
2410.06961,2024-10-10,49,6.862757913051401,48,0,6.824373670043086,16
2410.06985,2024-10-10,49,6.874198495453294,48,0,6.795705775173514,5
2410.07002,2024-10-10,49,6.8658910748834385,48,0,6.858565034791365,13
2410.07062,2024-10-10,49,6.875232087276577,48,0,6.844815479208263,4
2410.07064,2024-10-10,49,6.870053411798126,48,0,6.822197390620491,9
2410.07071,2024-10-10,49,6.872128101338986,48,0,6.870053411798126,7
2410.07073,2024-10-10,49,6.805722553416985,48,0,6.620073206530356,69
2410.07095,2024-10-10,49,6.871091294610546,48,0,6.852242569051878,8
2410.07112,2024-10-10,49,6.876264611890766,48,0,6.620073206530356,3
2410.07113,2024-10-10,49,6.804614520062624,48,0,6.620073206530356,70
2410.07145,2024-10-10,49,6.877296071497429,48,0,6.870053411798126,2
2410.07155,2024-10-10,49,6.8679744089702925,48,0,6.795705775173514,11
2410.07160,2024-10-10,49,6.872128101338986,48,0,6.795705775173514,7
2410.07167,2024-10-10,49,6.838405200847344,48,0,6.620073206530356,39
2410.07170,2024-10-10,49,6.862757913051401,48,0,6.844815479208263,16
2410.07171,2024-10-10,49,6.834108738813838,48,0,6.484635235635252,43
2410.07177,2024-10-10,49,6.856461984594587,48,0,6.484635235635252,22
2410.03437,2024-10-11,26,6.059123195581797,25,0,5.991464547107982,2
2410.03450,2024-10-11,26,5.976350909297934,25,0,5.905361848054571,36
2410.04751,2024-10-11,26,6.025865973825314,25,0,5.855071922202427,16
2410.04808,2024-10-11,26,6.059123195581797,25,0,6.059123195581797,2
2410.05210,2024-10-11,26,6.037870919922137,25,0,5.905361848054571,11
2410.05248,2024-10-11,26,6.042632833682381,25,0,5.991464547107982,9
2410.05265,2024-10-11,26,5.983936280687191,25,0,5.983936280687191,33
2410.05269,2024-10-11,26,6.056784013228625,25,0,6.037870919922137,3
2410.05603,2024-10-11,26,6.037870919922137,25,0,5.991464547107982,11
2410.05629,2024-10-11,26,6.054439346269371,25,0,6.054439346269371,4
2410.06154,2024-10-11,26,6.025865973825314,25,0,5.905361848054571,16
2410.06293,2024-10-11,26,6.052089168924417,25,0,5.855071922202427,5
2410.06508,2024-10-11,26,6.037870919922137,25,0,5.855071922202427,11
2410.07041,2024-10-11,26,6.045005314036012,25,0,6.037870919922137,8
2410.07137,2024-10-11,26,6.045005314036012,25,0,5.991464547107982,8
2410.07303,2024-10-11,26,6.018593214496234,25,0,5.902633333401366,19
2410.07484,2024-10-11,26,5.937536205082426,25,0,5.8664680569332965,51
2410.07707,2024-10-11,26,6.056784013228625,25,0,6.018593214496234,3
2410.07869,2024-10-11,26,5.993961427306569,25,0,5.993961427306569,29
2410.08049,2024-10-11,26,6.045005314036012,25,0,6.045005314036012,8
2410.08115,2024-10-11,26,6.045005314036012,25,0,6.045005314036012,8
2410.08151,2024-10-11,26,6.025865973825314,25,0,6.018593214496234,16
2410.08159,2024-10-11,26,6.0014148779611505,25,0,5.902633333401366,26
2410.08164,2024-10-11,26,6.0014148779611505,25,0,5.8664680569332965,26
2410.08196,2024-10-11,26,5.942799375126701,25,0,5.855071922202427,49
2410.08207,2024-10-11,26,6.018593214496234,25,0,5.902633333401366,19
2410.06264,2024-10-14,20,5.948034989180646,19,0,5.863631175598097,11
2410.06456,2024-10-14,20,5.877735781779639,19,0,5.594711379601839,37
2410.07035,2024-10-14,20,5.932245187448011,19,0,5.87493073085203,17
2410.07133,2024-10-14,20,5.926926025970411,19,0,5.777652323222656,19
2410.07331,2024-10-14,20,5.963579343618446,19,0,5.963579343618446,5
2410.07536,2024-10-14,20,5.963579343618446,19,0,5.863631175598097,5
2410.07656,2024-10-14,20,5.924255797414532,19,0,5.924255797414532,20
2410.08102,2024-10-14,20,5.921578419643816,19,0,5.87493073085203,21
2410.08168,2024-10-14,20,5.953243334287785,19,0,5.863631175598097,9
2410.08193,2024-10-14,20,5.966146739123692,19,0,5.910796644040527,4
2410.08261,2024-10-14,20,5.834810737062605,19,0,5.777652323222656,52
2410.08391,2024-10-14,20,5.945420608606575,19,0,5.934894195619588,12
2410.08565,2024-10-14,20,5.723585101952381,19,0,5.594711379601839,88
2410.08612,2024-10-14,20,5.971261839790462,19,0,5.863631175598097,2
2410.08815,2024-10-14,20,5.849324779946859,19,0,5.849324779946859,47
2410.09008,2024-10-14,20,5.932245187448011,19,0,5.910796644040527,17
2410.09009,2024-10-14,20,5.937536205082426,19,0,5.863631175598097,15
2410.09037,2024-10-14,20,5.966146739123692,19,0,5.910796644040527,4
2410.09038,2024-10-14,20,5.966146739123692,19,0,5.934894195619588,4
2410.09045,2024-10-14,20,5.966146739123692,19,0,5.966146739123692,4
2410.06634,2024-10-15,22,6.210600077024653,21,0,6.169610732491456,9
2410.07752,2024-10-15,22,6.2166061010848646,21,0,5.950642552587727,6
2410.07985,2024-10-15,22,6.163314804034641,21,0,6.056784013228625,32
2410.09223,2024-10-15,22,6.218600119691729,21,0,6.212606095751519,5
2410.09335,2024-10-15,22,6.194405391104672,21,0,6.194405391104672,17
2410.09584,2024-10-15,22,6.129050210060545,21,0,6.056784013228625,48
2410.09637,2024-10-15,22,6.222576268071369,21,0,6.212606095751519,3
2410.09732,2024-10-15,22,6.115892125483034,21,0,5.950642552587727,54
2410.09733,2024-10-15,22,6.212606095751519,21,0,5.950642552587727,8
2410.10139,2024-10-15,22,6.1224928095143865,21,0,5.8522024797744745,51
2410.10306,2024-10-15,22,6.1092475827643655,21,0,5.8522024797744745,57
2410.10563,2024-10-15,22,6.152732694704104,21,0,5.950642552587727,37
2410.10594,2024-10-15,22,6.169610732491456,21,0,6.169610732491456,29
2410.10630,2024-10-15,22,6.18826412308259,21,0,6.169610732491456,20
2410.10774,2024-10-15,22,6.1779441140506,21,0,5.8522024797744745,25
2410.10783,2024-10-15,22,6.175867270105761,21,0,5.8522024797744745,26
2410.10792,2024-10-15,22,6.16541785423142,21,0,6.16541785423142,31
2410.10803,2024-10-15,22,6.214608098422191,21,0,6.214608098422191,7
2410.10813,2024-10-15,22,6.19644412779452,21,0,6.182084906716632,16
2410.10818,2024-10-15,22,6.19644412779452,21,0,5.950642552587727,16
2410.10819,2024-10-15,22,6.214608098422191,21,0,6.182084906716632,7
2410.11758,2024-10-15,22,6.22455842927536,21,0,5.950642552587727,2
2406.15786,2024-10-16,18,5.7430031878094825,17,0,5.7430031878094825,33
2410.06593,2024-10-16,18,5.831882477283517,17,0,5.793013608384144,4
2410.08001,2024-10-16,18,5.831882477283517,17,0,5.8289456176102075,4
2410.09342,2024-10-16,18,5.723585101952381,17,0,5.723585101952381,39
2410.09704,2024-10-16,18,5.802118375377063,17,0,5.802118375377063,14
2410.09745,2024-10-16,18,5.834810737062605,17,0,5.771441123130016,3
2410.09754,2024-10-16,18,5.817111159963204,17,0,5.771441123130016,9
2410.10626,2024-10-16,18,5.723585101952381,17,0,5.43372200355424,39
2410.10814,2024-10-16,18,5.683579767338681,17,0,5.43372200355424,51
2410.10816,2024-10-16,18,5.780743515792329,17,0,5.780743515792329,21
2410.10934,2024-10-16,18,5.7745515455444085,17,0,5.71042701737487,23
2410.11096,2024-10-16,18,5.805134968916488,17,0,5.793013608384144,13
2410.11419,2024-10-16,18,5.808142489980444,17,0,5.771441123130016,12
2410.11619,2024-10-16,18,5.840641657373398,17,0,5.8289456176102075,1
2410.11710,2024-10-16,18,5.783825182329737,17,0,5.71042701737487,20
2410.11779,2024-10-16,18,5.765191102784844,17,0,5.43372200355424,26
2410.11795,2024-10-16,18,5.7899601708972535,17,0,5.7899601708972535,18
2410.11805,2024-10-16,18,5.802118375377063,17,0,5.802118375377063,14
2410.07722,2024-10-17,23,5.87493073085203,22,0,5.87493073085203,15
2410.08584,2024-10-17,23,5.883322388488279,22,0,5.730099782973574,12
2410.08968,2024-10-17,23,5.877735781779639,22,0,5.860786223465865,14
2410.09724,2024-10-17,23,5.908082938168931,22,0,5.886104031450156,3
2410.09870,2024-10-17,23,5.8944028342648505,22,0,5.8944028342648505,8
2410.10672,2024-10-17,23,5.863631175598097,22,0,5.802118375377063,19
2410.11081,2024-10-17,23,5.8664680569332965,22,0,5.8664680569332965,18
2410.11623,2024-10-17,23,5.7745515455444085,22,0,5.517452896464707,49
2410.11817,2024-10-17,23,5.87493073085203,22,0,5.855071922202427,15
2410.11843,2024-10-17,23,5.908082938168931,22,0,5.908082938168931,3
2410.11878,2024-10-17,23,5.8944028342648505,22,0,5.8944028342648505,8
2410.11900,2024-10-17,23,5.905361848054571,22,0,5.886104031450156,4
2410.12109,2024-10-17,23,5.905361848054571,22,0,5.730099782973574,4
2410.12381,2024-10-17,23,5.793013608384144,22,0,5.517452896464707,43
2410.12391,2024-10-17,23,5.8998973535824915,22,0,5.860786223465865,6
2410.12405,2024-10-17,23,5.8805329864007,22,0,5.8805329864007,13
2410.12409,2024-10-17,23,5.840641657373398,22,0,5.840641657373398,27
2410.12490,2024-10-17,23,5.8971538676367405,22,0,5.855071922202427,7
2410.12491,2024-10-17,23,5.905361848054571,22,0,5.886104031450156,4
2410.12613,2024-10-17,23,5.857933154483459,22,0,5.802118375377063,21
2410.12628,2024-10-17,23,5.796057750765372,22,0,5.730099782973574,42
2410.12722,2024-10-17,23,5.902633333401366,22,0,5.730099782973574,5
2410.12787,2024-10-17,23,5.831882477283517,22,0,5.517452896464707,30
2410.09019,2024-10-18,34,6.56244409369372,33,0,6.54534966033442,9
2410.09347,2024-10-18,34,6.568077911411976,33,0,6.568077911411976,5
2410.09426,2024-10-18,34,6.55250788703459,33,0,6.318968113746434,16
2410.10210,2024-10-18,34,6.566672429803241,33,0,6.556778356158042,6
2410.11842,2024-10-18,34,6.54534966033442,33,0,6.318968113746434,21
2410.12183,2024-10-18,34,6.569481420414296,33,0,6.513230110912307,4
2410.12705,2024-10-18,34,6.529418838262226,33,0,6.386879319362645,32
2410.12771,2024-10-18,34,6.565264970035361,33,0,6.556778356158042,7
2410.12781,2024-10-18,34,6.568077911411976,33,0,6.318968113746434,5
2410.12784,2024-10-18,34,6.507277712385012,33,0,6.507277712385012,47
2410.12957,2024-10-18,34,6.5638555265321274,33,0,6.5638555265321274,8
2410.13060,2024-10-18,34,6.569481420414296,33,0,6.318968113746434,4
2410.13085,2024-10-18,34,6.539585955617669,33,0,6.539585955617669,25
2410.13198,2024-10-18,34,6.56244409369372,33,0,6.54534966033442,9
2410.13268,2024-10-18,34,6.52795791762255,33,0,6.386879319362645,33
2410.13293,2024-10-18,34,6.570882962339584,33,0,6.54534966033442,3
2410.13334,2024-10-18,34,6.558197802812269,33,0,6.558197802812269,12
2410.13360,2024-10-18,34,6.56244409369372,33,0,6.513230110912307,9
2410.13618,2024-10-18,34,6.566672429803241,33,0,6.529418838262226,6
2410.13639,2024-10-18,34,6.548219102762372,33,0,6.386879319362645,19
2410.13720,2024-10-18,34,6.424869023905388,33,0,6.318968113746434,100
2410.13754,2024-10-18,34,6.46302945692067,33,0,6.411818267709897,76
2410.13757,2024-10-18,34,6.529418838262226,33,0,6.411818267709897,32
2410.13785,2024-10-18,34,6.548219102762372,33,0,6.386879319362645,19
2410.13804,2024-10-18,34,6.546785410760524,33,0,6.386879319362645,20
2410.13824,2024-10-18,34,6.532334292222349,33,0,6.418364935936212,30
2410.13830,2024-10-18,34,6.53813982376767,33,0,6.529418838262226,26
2410.13832,2024-10-18,34,6.556778356158042,33,0,6.556778356158042,13
2410.13841,2024-10-18,34,6.55250788703459,33,0,6.318968113746434,16
2410.13848,2024-10-18,34,6.522092798170152,33,0,6.418364935936212,37
2410.13852,2024-10-18,34,6.561030665896573,33,0,6.513230110912307,10
2410.13854,2024-10-18,34,6.558197802812269,33,0,6.513230110912307,12
2410.13859,2024-10-18,34,6.5638555265321274,33,0,6.513230110912307,8
2410.13863,2024-10-18,34,6.522092798170152,33,0,6.418364935936212,37
2410.10812,2024-10-21,20,5.905361848054571,19,0,5.905361848054571,18
2410.11190,2024-10-21,20,5.8944028342648505,19,0,5.8944028342648505,22
2410.11331,2024-10-21,20,5.932245187448011,19,0,5.749392985908253,8
2410.12791,2024-10-21,20,5.940171252720432,19,0,5.908082938168931,5
2410.13232,2024-10-21,20,5.831882477283517,19,0,5.7430031878094825,44
2410.13276,2024-10-21,20,5.87493073085203,19,0,5.7430031878094825,29
2410.13370,2024-10-21,20,5.8522024797744745,19,0,5.765191102784844,37
2410.13674,2024-10-21,20,5.908082938168931,19,0,5.765191102784844,17
2410.13726,2024-10-21,20,5.921578419643816,19,0,5.765191102784844,12
2410.13782,2024-10-21,20,5.8944028342648505,19,0,5.82600010738045,22
2410.13787,2024-10-21,20,5.929589143389895,19,0,5.916202062607435,9
2410.13828,2024-10-21,20,5.942799375126701,19,0,5.934894195619588,4
2410.13925,2024-10-21,20,5.8888779583328805,19,0,5.82600010738045,24
2410.14059,2024-10-21,20,5.7745515455444085,19,0,5.749392985908253,63
2410.14208,2024-10-21,20,5.945420608606575,19,0,5.934894195619588,3
2410.14470,2024-10-21,20,5.940171252720432,19,0,5.916202062607435,5
2410.14596,2024-10-21,20,5.945420608606575,19,0,5.945420608606575,3
2410.14669,2024-10-21,20,5.846438775057725,19,0,5.846438775057725,39
2410.14672,2024-10-21,20,5.932245187448011,19,0,5.932245187448011,8
2410.14677,2024-10-21,20,5.921578419643816,19,0,5.908082938168931,12
2410.11711,2024-10-22,23,6.393590753950631,22,0,6.373319789577012,9
2410.12788,2024-10-22,23,6.368187186350492,22,0,6.073044534100405,24
2410.13184,2024-10-22,23,6.403574197934815,22,0,6.280395838960195,3
2410.13218,2024-10-22,23,6.400257445308821,22,0,6.400257445308821,5
2410.13394,2024-10-22,23,6.406879986069314,22,0,6.282266746896006,1
2410.13861,2024-10-22,23,6.311734809152915,22,0,6.1463292576688975,56
2410.14086,2024-10-22,23,6.405228458030842,22,0,6.405228458030842,2
2410.14745,2024-10-22,23,6.327936783729195,22,0,6.326149473155099,47
2410.14940,2024-10-22,23,6.320768294250582,22,0,6.282266746896006,51
2410.15002,2024-10-22,23,6.398594934535208,22,0,6.398594934535208,6
2410.15017,2024-10-22,23,6.405228458030842,22,0,6.405228458030842,2
2410.15316,2024-10-22,23,6.38856140554563,22,0,6.373319789577012,12
2410.15460,2024-10-22,23,6.406879986069314,22,0,6.326149473155099,1
2410.15633,2024-10-22,23,6.396929655216146,22,0,6.282266746896006,7
2410.15735,2024-10-22,23,6.306275286948016,22,0,6.306275286948016,59
2410.15748,2024-10-22,23,6.386879319362645,22,0,6.282266746896006,13
2410.16153,2024-10-22,23,6.333279628139691,22,0,6.073044534100405,44
2410.16184,2024-10-22,23,6.364750756851911,22,0,6.073044534100405,26
2410.16215,2024-10-22,23,6.3784261836515865,22,0,6.073044534100405,18
2410.16256,2024-10-22,23,6.302618975744905,22,0,6.073044534100405,61
2410.16259,2024-10-22,23,6.400257445308821,22,0,6.400257445308821,5
2410.16268,2024-10-22,23,6.285998094508865,22,0,6.280395838960195,70
2410.16271,2024-10-22,23,6.259581464064923,22,0,6.1463292576688975,84
2410.14649,2024-10-23,13,5.476463551931511,12,0,5.375278407684165,8
2410.15926,2024-10-23,13,5.43372200355424,12,0,4.787491742782046,18
2410.16198,2024-10-23,13,5.3981627015177525,12,0,5.3981627015177525,26
2410.16266,2024-10-23,13,5.493061443340548,12,0,5.493061443340548,4
2410.16267,2024-10-23,13,5.43372200355424,12,0,4.787491742782046,18
2410.16392,2024-10-23,13,5.442417710521793,12,0,5.442417710521793,16
2410.16930,2024-10-23,13,5.480638923341991,12,0,5.375278407684165,7
2410.17131,2024-10-23,13,5.407171771460119,12,0,5.407171771460119,24
2410.17215,2024-10-23,13,5.442417710521793,12,0,5.375278407684165,16
2410.17241,2024-10-23,13,5.493061443340548,12,0,5.43372200355424,4
2410.17247,2024-10-23,13,5.298317366548036,12,0,4.787491742782046,47
2410.17249,2024-10-23,13,5.313205979041787,12,0,4.787491742782046,44
2410.17250,2024-10-23,13,5.4510384535657,12,0,5.43372200355424,14
2410.13458,2024-10-24,13,5.123963979403259,12,0,5.123963979403259,7
2410.13816,2024-10-24,13,5.159055299214529,12,0,5.159055299214529,1
2410.13924,2024-10-24,13,5.117993812416755,12,0,5.117993812416755,8
2410.15522,2024-10-24,13,5.093750200806762,12,0,5.093750200806762,12
2410.17242,2024-10-24,13,5.14166355650266,12,0,5.14166355650266,4
2410.17434,2024-10-24,13,4.997212273764115,12,0,4.543294782270004,27
2410.17637,2024-10-24,13,4.941642422609304,12,0,4.543294782270004,35
2410.17883,2024-10-24,13,5.111987788356544,12,0,5.0689042022202315,9
2410.17891,2024-10-24,13,5.056245805348308,12,0,5.056245805348308,18
2410.18013,2024-10-24,13,5.081404364984463,12,0,4.997212273764115,14
2410.18071,2024-10-24,13,5.123963979403259,12,0,5.0689042022202315,7
2410.18072,2024-10-24,13,5.049856007249537,12,0,4.543294782270004,19
2410.18084,2024-10-24,13,5.087596335232384,12,0,4.997212273764115,13
2410.15580,2024-10-25,29,6.336825731146441,28,0,6.297109319933935,8
2410.15999,2024-10-25,29,6.315358001522335,28,0,6.030685260261263,20
2410.16251,2024-10-25,29,6.249975242259483,28,0,6.030685260261263,55
2410.16429,2024-10-25,29,6.342121418721152,28,0,6.298949246855942,5
2410.17243,2024-10-25,29,6.173786103901937,28,0,6.0014148779611505,93
2410.17779,2024-10-25,29,6.336825731146441,28,0,6.313548046277095,8
2410.17897,2024-10-25,29,6.335054251498059,28,0,6.297109319933935,9
2410.18194,2024-10-25,29,6.342121418721152,28,0,6.318968113746434,5
2410.18234,2024-10-25,29,6.343880434126331,28,0,6.324358962381311,4
2410.18252,2024-10-25,29,6.338594078203183,28,0,6.261491684321042,7
2410.18362,2024-10-25,29,6.327936783729195,28,0,6.318968113746434,13
2410.18441,2024-10-25,29,6.338594078203183,28,0,6.298949246855942,7
2410.18451,2024-10-25,29,6.313548046277095,28,0,6.313548046277095,21
2410.18505,2024-10-25,29,6.331501849893691,28,0,6.324358962381311,11
2410.18533,2024-10-25,29,6.272877006546167,28,0,6.030685260261263,43
2410.18538,2024-10-25,29,6.322565239927284,28,0,6.255750041753367,16
2410.18572,2024-10-25,29,6.318968113746434,28,0,6.030685260261263,18
2410.18647,2024-10-25,29,6.340359303727752,28,0,6.297109319933935,6
2410.18693,2024-10-25,29,6.274762021241939,28,0,6.261491684321042,42
2410.18745,2024-10-25,29,6.320768294250582,28,0,6.298949246855942,17
2410.18775,2024-10-25,29,6.333279628139691,28,0,6.255750041753367,10
2410.18785,2024-10-25,29,6.338594078203183,28,0,6.297109319933935,7
2410.18798,2024-10-25,29,6.313548046277095,28,0,6.030685260261263,21
2410.18860,2024-10-25,29,6.331501849893691,28,0,6.331501849893691,11
2410.18958,2024-10-25,29,6.331501849893691,28,0,6.255750041753367,11
2410.18975,2024-10-25,29,6.284134161070802,28,0,6.0014148779611505,37
2410.18976,2024-10-25,29,6.327936783729195,28,0,6.313548046277095,13
2410.18977,2024-10-25,29,6.324358962381311,28,0,6.255750041753367,15
2410.18978,2024-10-25,29,6.280395838960195,28,0,6.0014148779611505,39
2410.16048,2024-10-28,16,5.472270673671475,15,0,5.472270673671475,30
2410.16090,2024-10-28,16,5.560681631015528,15,0,5.560681631015528,8
2410.16270,2024-10-28,16,5.568344503761097,15,0,5.529429087511423,6
2410.17655,2024-10-28,16,5.568344503761097,15,0,5.4638318050256105,6
2410.17856,2024-10-28,16,5.375278407684165,15,0,5.2574953720277815,52
2410.18076,2024-10-28,16,5.575949103146316,15,0,5.4638318050256105,4
2410.18558,2024-10-28,16,5.517452896464707,15,0,5.517452896464707,19
2410.18889,2024-10-28,16,5.53338948872752,15,0,5.53338948872752,15
2410.18912,2024-10-28,16,5.568344503761097,15,0,5.472270673671475,6
2410.19008,2024-10-28,16,5.488937726156687,15,0,5.488937726156687,26
2410.19123,2024-10-28,16,5.53338948872752,15,0,5.53338948872752,15
2410.19133,2024-10-28,16,5.54907608489522,15,0,5.4638318050256105,11
2410.19168,2024-10-28,16,5.497168225293202,15,0,5.2574953720277815,24
2410.19290,2024-10-28,16,5.552959584921617,15,0,5.529429087511423,10
2410.19355,2024-10-28,16,5.497168225293202,15,0,5.472270673671475,24
2410.19730,2024-10-28,16,5.54907608489522,15,0,5.4638318050256105,11
2406.10615,2024-10-29,21,5.993961427306569,20,0,5.993961427306569,2
2410.01968,2024-10-29,21,5.996452088619021,20,0,5.996452088619021,1
2410.18481,2024-10-29,21,5.986452005284438,20,0,5.986452005284438,5
2410.18565,2024-10-29,21,5.877735781779639,20,0,5.318119993844216,46
2410.18603,2024-10-29,21,5.916202062607435,20,0,5.916202062607435,32
2410.18666,2024-10-29,21,5.950642552587727,20,0,5.950642552587727,19
2410.19100,2024-10-29,21,5.983936280687191,20,0,5.932245187448011,6
2410.19313,2024-10-29,21,5.950642552587727,20,0,5.950642552587727,19
2410.20011,2024-10-29,21,5.877735781779639,20,0,5.318119993844216,46
2410.20220,2024-10-29,21,5.986452005284438,20,0,5.8888779583328805,5
2410.20280,2024-10-29,21,5.940171252720432,20,0,5.8888779583328805,23
2410.20290,2024-10-29,21,5.973809611869261,20,0,5.953243334287785,10
2410.20474,2024-10-29,21,5.963579343618446,20,0,5.8888779583328805,14
2410.20636,2024-10-29,21,5.993961427306569,20,0,5.993961427306569,2
2410.20672,2024-10-29,21,5.981414211254481,20,0,5.981414211254481,7
2410.21169,2024-10-29,21,5.921578419643816,20,0,5.921578419643816,30
2410.21220,2024-10-29,21,5.971261839790462,20,0,5.932245187448011,11
2410.21252,2024-10-29,21,5.950642552587727,20,0,5.318119993844216,19
2410.21264,2024-10-29,21,5.976350909297934,20,0,5.932245187448011,9
2410.21271,2024-10-29,21,5.978885764901122,20,0,5.953243334287785,8
2410.21276,2024-10-29,21,5.752572638825633,20,0,5.318119993844216,88
2410.18057,2024-10-30,15,5.272999558563747,14,0,5.170483995038151,209
2410.19482,2024-10-30,15,5.991464547107982,14,1,5.963579343618446,4
2410.19609,2024-10-30,15,5.955837369464831,14,1,5.908082938168931,18
2410.20088,2024-10-30,15,5.991464547107982,14,1,5.963579343618446,4
2410.20305,2024-10-30,15,5.986452005284438,14,1,5.91350300563827,6
2410.20424,2024-10-30,15,5.8971538676367405,14,1,5.8971538676367405,40
2410.21242,2024-10-30,15,5.983936280687191,14,1,5.963579343618446,7
2410.21333,2024-10-30,15,5.971261839790462,14,1,5.91350300563827,12
2410.21411,2024-10-30,15,5.953243334287785,14,1,5.170483995038151,19
2410.21465,2024-10-30,15,5.973809611869261,14,1,5.973809611869261,11
2410.21647,2024-10-30,15,5.955837369464831,14,1,5.955837369464831,18
2410.21845,2024-10-30,15,5.961005339623274,14,1,5.91350300563827,16
2410.22304,2024-10-30,15,5.955837369464831,14,1,5.908082938168931,18
2410.22325,2024-10-30,15,5.976350909297934,14,1,5.976350909297934,10
2410.22330,2024-10-30,15,5.973809611869261,14,1,5.973809611869261,11
2410.20050,2024-10-31,11,5.293304824724492,10,0,4.969813299576001,7
2410.20779,2024-10-31,11,5.247024072160486,10,0,5.247024072160486,16
2410.22391,2024-10-31,11,5.214935757608986,10,0,5.075173815233827,22
2410.22587,2024-10-31,11,5.272999558563747,10,0,5.272999558563747,11
2410.22884,2024-10-31,11,5.247024072160486,10,0,5.247024072160486,16
2410.23090,2024-10-31,11,5.017279836814924,10,0,4.969813299576001,55
2410.23123,2024-10-31,11,5.236441962829949,10,0,5.236441962829949,18
2410.23168,2024-10-31,11,5.204006687076795,10,0,5.075173815233827,24
2410.23277,2024-10-31,11,5.2832037287379885,10,0,5.2832037287379885,9
2410.23287,2024-10-31,11,5.231108616854587,10,0,5.231108616854587,19
2410.23331,2024-10-31,11,5.288267030694535,10,0,5.288267030694535,8
2410.20650,2024-11-01,16,5.811140992976701,15,0,5.799092654460526,17
2410.21666,2024-11-01,16,5.846438775057725,15,0,5.846438775057725,5
2410.21969,2024-11-01,16,5.831882477283517,15,0,5.831882477283517,10
2410.22366,2024-11-01,16,5.58724865840025,15,0,5.58724865840025,84
2410.22394,2024-11-01,16,5.814130531825066,15,0,5.814130531825066,16
2410.22476,2024-11-01,16,5.780743515792329,15,0,5.181783550292085,27
2410.23743,2024-11-01,16,5.659482215759621,15,0,5.181783550292085,64
2410.23825,2024-11-01,16,5.849324779946859,15,0,5.799092654460526,4
2410.23918,2024-11-01,16,5.799092654460526,15,0,5.181783550292085,21
2410.23933,2024-11-01,16,5.808142489980444,15,0,5.181783550292085,18
2410.24032,2024-11-01,16,5.831882477283517,15,0,5.814130531825066,10
2410.24175,2024-11-01,16,5.808142489980444,15,0,5.181783550292085,18
2410.24198,2024-11-01,16,5.786897381366708,15,0,5.181783550292085,25
2410.24211,2024-11-01,16,5.834810737062605,15,0,5.834810737062605,9
2410.24213,2024-11-01,16,5.814130531825066,15,0,5.814130531825066,16
2410.24218,2024-11-01,16,5.84354441703136,15,0,5.814130531825066,6
2411.00412,2024-11-03,1,0.0,0,0,0.0,10
2410.21157,2024-11-04,20,5.662960480135946,19,0,5.5134287461649825,6
2410.22370,2024-11-04,20,5.641907070938114,19,0,5.480638923341991,12
2410.22901,2024-11-04,20,5.655991810819852,19,0,5.5053315359323625,8
2410.23218,2024-11-04,20,5.501258210544727,19,0,5.501258210544727,49
2410.23266,2024-11-04,20,5.6131281063880705,19,0,5.541263545158426,20
2410.23775,2024-11-04,20,5.645446897643238,19,0,5.5053315359323625,11
2410.24159,2024-11-04,20,5.634789603169249,19,0,5.602118820879701,14
2411.00027,2024-11-04,20,5.564520407322694,19,0,5.5134287461649825,33
2411.00030,2024-11-04,20,5.66988092298052,19,0,5.480638923341991,4
2411.00225,2024-11-04,20,5.645446897643238,19,0,5.5053315359323625,11
2411.00233,2024-11-04,20,5.659482215759621,19,0,5.5134287461649825,7
2411.00322,2024-11-04,20,5.598421958998375,19,0,5.480638923341991,24
2411.00369,2024-11-04,20,5.659482215759621,19,0,5.659482215759621,7
2411.00660,2024-11-04,20,5.634789603169249,19,0,5.480638923341991,14
2411.00680,2024-11-04,20,5.652489180268651,19,0,5.602118820879701,9
2411.00762,2024-11-04,20,5.652489180268651,19,0,5.5053315359323625,9
2411.00771,2024-11-04,20,5.652489180268651,19,0,5.5053315359323625,9
2411.00776,2024-11-04,20,5.616771097666572,19,0,5.541263545158426,19
2411.00836,2024-11-04,20,5.631211781821365,19,0,5.631211781821365,15
2411.00918,2024-11-04,20,5.641907070938114,19,0,5.641907070938114,12
2410.24024,2024-11-05,21,5.948034989180646,20,0,5.948034989180646,49
2411.00359,2024-11-05,21,6.054439346269371,20,0,5.937536205082426,6
2411.00492,2024-11-05,21,6.054439346269371,20,0,6.008813185442595,6
2411.00743,2024-11-05,21,6.052089168924417,20,0,6.052089168924417,7
2411.00785,2024-11-05,21,6.049733455231958,20,0,6.049733455231958,8
2411.00860,2024-11-05,21,6.0112671744041615,20,0,6.0112671744041615,24
2411.01106,2024-11-05,21,6.059123195581797,20,0,6.059123195581797,4
2411.01192,2024-11-05,21,6.056784013228625,20,0,6.056784013228625,5
2411.01747,2024-11-05,21,5.978885764901122,20,0,5.978885764901122,37
2411.01798,2024-11-05,21,6.049733455231958,20,0,6.008813185442595,8
2411.02265,2024-11-05,21,6.008813185442595,20,0,5.916202062607435,25
2411.02319,2024-11-05,21,6.021023349349527,20,0,5.8664680569332965,20
2411.02327,2024-11-05,21,6.042632833682381,20,0,6.008813185442595,11
2411.02335,2024-11-05,21,6.042632833682381,20,0,6.042632833682381,11
2411.02336,2024-11-05,21,6.0112671744041615,20,0,5.937536205082426,24
2411.02337,2024-11-05,21,5.981414211254481,20,0,5.916202062607435,36
2411.02355,2024-11-05,21,5.940171252720432,20,0,5.940171252720432,52
2411.02385,2024-11-05,21,5.986452005284438,20,0,5.8664680569332965,34
2411.02394,2024-11-05,21,6.030685260261263,20,0,6.030685260261263,16
2411.02395,2024-11-05,21,6.008813185442595,20,0,5.8664680569332965,25
2411.02397,2024-11-05,21,6.013715156042802,20,0,5.937536205082426,23
2410.23054,2024-11-06,11,5.135798437050262,10,0,4.997212273764115,18
2411.00871,2024-11-06,11,5.111987788356544,10,0,4.997212273764115,22
2411.01493,2024-11-06,11,5.170483995038151,10,0,5.170483995038151,12
2411.01602,2024-11-06,11,5.176149732573829,10,0,5.123963979403259,11
2411.02359,2024-11-06,11,5.159055299214529,10,0,5.117993812416755,14
2411.02393,2024-11-06,11,5.1647859739235145,10,0,5.1647859739235145,13
2411.02657,2024-11-06,11,5.204006687076795,10,0,4.709530201312334,6
2411.02844,2024-11-06,11,5.214935757608986,10,0,5.214935757608986,4
2411.02959,2024-11-06,11,4.762173934797756,10,0,4.709530201312334,71
2411.03047,2024-11-06,11,5.187385805840755,10,0,5.123963979403259,9
2411.03312,2024-11-06,11,5.198497031265826,10,0,5.117993812416755,7
2411.03562,2024-11-07,7,5.327876168789581,6,0,5.278114659230517,70
2411.03590,2024-11-07,7,5.583496308781699,6,0,5.278114659230517,10
2411.03823,2024-11-07,7,5.424950017481403,6,0,5.298317366548036,49
2411.03884,2024-11-07,7,5.5134287461649825,6,0,5.429345628954441,28
2411.04109,2024-11-07,7,5.545177444479562,6,0,5.429345628954441,20
2411.04709,2024-11-07,7,5.517452896464707,6,0,5.298317366548036,27
2411.05003,2024-11-07,7,5.3230099791384085,6,0,5.3230099791384085,71
2411.04075,2024-11-08,16,6.261491684321042,15,0,6.218600119691729,16
2411.04335,2024-11-08,16,6.263398262591624,15,0,6.1224928095143865,15
2411.04496,2024-11-08,16,6.249975242259483,15,0,5.8289456176102075,22
2411.04752,2024-11-08,16,6.261491684321042,15,0,6.261491684321042,16
2411.04905,2024-11-08,16,6.023447592961033,15,0,5.8289456176102075,127
2411.04923,2024-11-08,16,6.248042874508429,15,0,5.950642552587727,23
2411.04928,2024-11-08,16,6.182084906716632,15,0,5.950642552587727,56
2411.04952,2024-11-08,16,6.236369590203704,15,0,5.950642552587727,29
2411.04965,2024-11-08,16,6.154858094016418,15,0,6.1224928095143865,69
2411.04989,2024-11-08,16,6.26530121273771,15,0,6.240275845170769,14
2411.04996,2024-11-08,16,6.192362489474872,15,0,5.8289456176102075,51
2411.04999,2024-11-08,16,6.257667587882639,15,0,6.257667587882639,18
2411.05000,2024-11-08,16,6.249975242259483,15,0,6.218600119691729,22
2411.05001,2024-11-08,16,6.246106765481563,15,0,5.950642552587727,24
2411.05005,2024-11-08,16,6.267200548541362,15,0,6.240275845170769,13
2411.05007,2024-11-08,16,6.246106765481563,15,0,5.950642552587727,24
2411.05738,2024-11-10,1,0.0,0,0,0.0,14
2411.02462,2024-11-11,10,4.897839799950911,9,0,4.897839799950911,10
2411.04097,2024-11-11,10,4.9344739331306915,9,0,4.867534450455582,5
2411.04282,2024-11-11,10,4.672828834461906,9,0,4.672828834461906,37
2411.04425,2024-11-11,10,4.890349128221754,9,0,4.890349128221754,11
2411.04954,2024-11-11,10,4.90527477843843,9,0,4.867534450455582,9
2411.04986,2024-11-11,10,4.9344739331306915,9,0,4.9344739331306915,5
2411.04997,2024-11-11,10,4.653960350157523,9,0,4.653960350157523,39
2411.05288,2024-11-11,10,4.820281565605037,9,0,4.820281565605037,20
2411.05457,2024-11-11,10,4.955827057601261,9,0,4.955827057601261,2
2411.06272,2024-11-11,10,4.9344739331306915,9,0,4.9344739331306915,5
2411.05830,2024-11-12,15,5.7745515455444085,14,0,5.7745515455444085,21
2411.05902,2024-11-12,15,5.780743515792329,14,0,5.043425116919247,19
2411.05945,2024-11-12,15,5.82600010738045,14,0,5.82600010738045,4
2411.05966,2024-11-12,15,5.82600010738045,14,0,5.717027701406222,4
2411.05990,2024-11-12,15,5.811140992976701,14,0,5.796057750765372,9
2411.06176,2024-11-12,15,5.697093486505405,14,0,5.6240175061873385,45
2411.06208,2024-11-12,15,5.7745515455444085,14,0,5.6240175061873385,21
2411.06424,2024-11-12,15,5.823045895483019,14,0,5.823045895483019,5
2411.06481,2024-11-12,15,5.823045895483019,14,0,5.823045895483019,5
2411.07126,2024-11-12,15,5.746203190540153,14,0,5.043425116919247,30
2411.07140,2024-11-12,15,5.730099782973574,14,0,5.717027701406222,35
2411.07180,2024-11-12,15,5.823045895483019,14,0,5.796057750765372,5
2411.07199,2024-11-12,15,5.680172609017068,14,0,5.043425116919247,50
2411.07231,2024-11-12,15,5.7745515455444085,14,0,5.043425116919247,21
2411.07232,2024-11-12,15,5.616771097666572,14,0,5.043425116919247,68
2411.05197,2024-11-13,8,5.030437921392435,7,0,5.030437921392435,4
2411.06307,2024-11-13,8,5.017279836814924,7,0,5.017279836814924,6
2411.07133,2024-11-13,8,4.77912349311153,7,0,4.77912349311153,38
2411.07184,2024-11-13,8,4.852030263919617,7,0,4.290459441148391,29
2411.07461,2024-11-13,8,4.897839799950911,7,0,4.290459441148391,23
2411.07975,2024-11-13,8,4.8283137373023015,7,0,4.290459441148391,32
2411.08017,2024-11-13,8,4.983606621708336,7,0,4.890349128221754,11
2411.08034,2024-11-13,8,4.969813299576001,7,0,4.890349128221754,13
2411.07618,2024-11-14,7,4.820281565605037,6,0,4.820281565605037,17
2411.08147,2024-11-14,7,4.330733340286331,6,0,4.330733340286331,65
2411.08307,2024-11-14,7,4.897839799950911,6,0,4.897839799950911,7
2411.08328,2024-11-14,7,4.912654885736052,6,0,4.709530201312334,5
2411.08380,2024-11-14,7,4.7535901911063645,6,0,4.709530201312334,25
2411.08790,2024-11-14,7,4.890349128221754,6,0,4.890349128221754,8
2411.08868,2024-11-14,7,4.852030263919617,6,0,4.852030263919617,13
2411.06469,2024-11-15,7,5.4510384535657,6,0,5.4510384535657,17
2411.06490,2024-11-15,7,5.493061443340548,6,0,5.493061443340548,7
2411.08768,2024-11-15,7,5.484796933490655,6,0,5.081404364984463,9
2411.08954,2024-11-15,7,5.480638923341991,6,0,5.480638923341991,10
2411.09009,2024-11-15,7,5.303304908059076,6,0,4.820281565605037,49
2411.09595,2024-11-15,7,5.153291594497779,6,0,4.820281565605037,77
2411.09703,2024-11-15,7,5.135798437050262,6,0,5.081404364984463,80
2411.08033,2024-11-17,2,4.882801922586371,1,0,4.882801922586371,25
2411.10440,2024-11-17,2,3.258096538021482,1,0,3.258096538021482,131
2411.06558,2024-11-18,5,4.330733340286331,4,0,4.330733340286331,36
2411.10083,2024-11-18,5,4.584967478670572,4,0,4.584967478670572,14
2411.10323,2024-11-18,5,4.356708826689592,4,0,4.356708826689592,34
2411.10332,2024-11-18,5,4.584967478670572,4,0,4.584967478670572,14
2411.10438,2024-11-18,5,4.59511985013459,4,0,4.59511985013459,13
2411.07641,2024-11-19,16,5.645446897643238,15,0,5.645446897643238,24
2411.09213,2024-11-19,16,5.703782474656201,15,0,5.703782474656201,7
2411.09661,2024-11-19,16,5.6937321388027,15,0,5.6937321388027,10
2411.09944,2024-11-19,16,5.68697535633982,15,0,5.648974238161206,12
2411.10168,2024-11-19,16,5.71042701737487,15,0,5.71042701737487,5
2411.10499,2024-11-19,16,5.683579767338681,15,0,5.627621113690637,13
2411.10510,2024-11-19,16,5.697093486505405,15,0,5.627621113690637,9
2411.10640,2024-11-19,16,5.564520407322694,15,0,5.5254529391317835,46
2411.10669,2024-11-19,16,5.6937321388027,15,0,5.5254529391317835,10
2411.10836,2024-11-19,16,5.645446897643238,15,0,5.327876168789581,24
2411.11024,2024-11-19,16,5.703782474656201,15,0,5.627621113690637,7
2411.11045,2024-11-19,16,5.69035945432406,15,0,5.648974238161206,11
2411.11171,2024-11-19,16,5.700443573390687,15,0,5.700443573390687,8
2411.11504,2024-11-19,16,5.645446897643238,15,0,5.645446897643238,24
2411.11767,2024-11-19,16,5.662960480135946,15,0,5.662960480135946,19
2411.11844,2024-11-19,16,5.438079308923196,15,0,5.327876168789581,77
2411.10161,2024-11-20,9,5.10594547390058,8,0,5.017279836814924,9
2411.10818,2024-11-20,9,4.997212273764115,8,0,4.997212273764115,26
2411.11909,2024-11-20,9,5.0238805208462765,8,0,5.0238805208462765,22
2411.11925,2024-11-20,9,5.062595033026967,8,0,5.062595033026967,16
2411.12044,2024-11-20,9,5.075173815233827,8,0,5.017279836814924,14
2411.12240,2024-11-20,9,5.117993812416755,8,0,5.117993812416755,7
2411.12275,2024-11-20,9,5.093750200806762,8,0,5.093750200806762,11
2411.12372,2024-11-20,9,4.7535901911063645,8,0,4.7535901911063645,58
2411.12734,2024-11-20,9,5.099866427824199,8,0,5.099866427824199,10
2411.06559,2024-11-21,12,5.351858133476067,11,0,5.351858133476067,16
2411.10867,2024-11-21,12,5.384495062789089,11,0,5.2832037287379885,9
2411.10913,2024-11-21,12,5.407171771460119,11,0,5.0369526024136295,4
2411.10958,2024-11-21,12,5.135798437050262,11,0,5.0369526024136295,57
2411.11922,2024-11-21,12,5.337538079701318,11,0,5.159055299214529,19
2411.12811,2024-11-21,12,5.3706380281276624,11,0,5.0369526024136295,12
2411.12925,2024-11-21,12,5.402677381872279,11,0,5.402677381872279,5
2411.13025,2024-11-21,12,5.41610040220442,11,0,5.41610040220442,2
2411.13281,2024-11-21,12,5.327876168789581,11,0,5.2832037287379885,21
2411.13476,2024-11-21,12,5.351858133476067,11,0,5.351858133476067,16
2411.13503,2024-11-21,12,5.262690188904886,11,0,5.159055299214529,34
2411.14251,2024-11-21,12,5.278114659230517,11,0,5.278114659230517,31
2411.10442,2024-11-22,14,5.7899601708972535,13,0,5.634789603169249,87
2411.12364,2024-11-22,14,5.968707559985366,13,0,5.968707559985366,23
2411.13082,2024-11-22,14,6.008813185442595,13,0,6.008813185442595,7
2411.13676,2024-11-22,14,5.8998973535824915,13,0,5.860786223465865,49
2411.13807,2024-11-22,14,5.998936561946683,13,0,5.918893854273146,11
2411.14199,2024-11-22,14,5.940171252720432,13,0,5.765191102784844,34
2411.14257,2024-11-22,14,5.991464547107982,13,0,5.860786223465865,14
2411.14343,2024-11-22,14,6.008813185442595,13,0,6.008813185442595,7
2411.14347,2024-11-22,14,5.983936280687191,13,0,5.918893854273146,17
2411.14384,2024-11-22,14,6.003887067106539,13,0,5.918893854273146,9
2411.14402,2024-11-22,14,5.905361848054571,13,0,5.634789603169249,47
2411.14405,2024-11-22,14,5.8664680569332965,13,0,5.765191102784844,61
2411.14430,2024-11-22,14,5.971261839790462,13,0,5.918893854273146,22
2411.14432,2024-11-22,14,5.963579343618446,13,0,5.918893854273146,25
2411.14793,2024-11-24,1,0.0,0,0,0.0,39
2411.12946,2024-11-25,16,5.846438775057725,15,0,5.627621113690637,22
2411.13127,2024-11-25,16,5.8971538676367405,15,0,5.8971538676367405,4
2411.13543,2024-11-25,16,5.855071922202427,15,0,5.855071922202427,19
2411.14208,2024-11-25,16,5.8805329864007,15,0,5.730099782973574,10
2411.14486,2024-11-25,16,5.8888779583328805,15,0,5.860786223465865,7
2411.14521,2024-11-25,16,5.84354441703136,15,0,5.365976015021851,23
2411.14762,2024-11-25,16,5.877735781779639,15,0,5.730099782973574,11
2411.14794,2024-11-25,16,5.872117789475416,15,0,5.84354441703136,13
2411.14982,2024-11-25,16,5.855071922202427,15,0,5.365976015021851,19
2411.15033,2024-11-25,16,5.8998973535824915,15,0,5.860786223465865,3
2411.15098,2024-11-25,16,5.726847747587197,15,0,5.365976015021851,61
2411.15115,2024-11-25,16,5.8805329864007,15,0,5.84354441703136,10
2411.15124,2024-11-25,16,5.703782474656201,15,0,5.627621113690637,68
2411.15131,2024-11-25,16,5.8888779583328805,15,0,5.860786223465865,7
2411.15138,2024-11-25,16,5.75890177387728,15,0,5.365976015021851,51
2411.15466,2024-11-25,16,5.796057750765372,15,0,5.730099782973574,39
2411.12814,2024-11-26,24,6.144185634125646,23,0,6.115892125483034,23
2411.13550,2024-11-26,24,6.1779441140506,23,0,6.115892125483034,7
2411.14522,2024-11-26,24,6.1092475827643655,23,0,5.849324779946859,39
2411.14525,2024-11-26,24,6.152732694704104,23,0,5.849324779946859,19
2411.14740,2024-11-26,24,6.156978985585555,23,0,6.118097198041348,17
2411.15221,2024-11-26,24,6.129050210060545,23,0,6.089044875446846,30
2411.15611,2024-11-26,24,6.159095388491933,23,0,6.137727054086234,16
2411.15671,2024-11-26,24,6.175867270105761,23,0,6.175867270105761,8
2411.15862,2024-11-26,24,6.173786103901937,23,0,6.173786103901937,9
2411.16034,2024-11-26,24,6.154858094016418,23,0,5.849324779946859,18
2411.16035,2024-11-26,24,6.1779441140506,23,0,6.148468295917647,7
2411.16085,2024-11-26,24,6.154858094016418,23,0,6.089044875446846,18
2411.16205,2024-11-26,24,6.137727054086234,23,0,6.035481432524756,26
2411.16318,2024-11-26,24,6.133398042996649,23,0,5.849324779946859,28
2411.16341,2024-11-26,24,6.163314804034641,23,0,6.148468295917647,14
2411.16443,2024-11-26,24,6.169610732491456,23,0,6.118097198041348,11
2411.16489,2024-11-26,24,6.095824562432225,23,0,6.035481432524756,45
2411.16508,2024-11-26,24,6.171700597410915,23,0,6.137727054086234,10
2411.16594,2024-11-26,24,6.1092475827643655,23,0,6.1092475827643655,39
2411.16657,2024-11-26,24,6.152732694704104,23,0,5.849324779946859,19
2411.16665,2024-11-26,24,6.180016653652572,23,0,6.115892125483034,6
2411.16681,2024-11-26,24,6.152732694704104,23,0,5.849324779946859,19
2411.17116,2024-11-26,24,6.077642243349034,23,0,6.077642243349034,53
2411.17223,2024-11-26,24,6.1779441140506,23,0,6.118097198041348,7
2411.14721,2024-11-27,20,6.089044875446846,19,0,6.089044875446846,5
2411.15241,2024-11-27,20,6.0844994130751715,19,0,6.054439346269371,7
2411.15296,2024-11-27,20,6.052089168924417,19,0,5.973809611869261,21
2411.15411,2024-11-27,20,6.082218910376446,19,0,5.973809611869261,8
2411.16173,2024-11-27,20,6.07993319509559,19,0,6.07993319509559,9
2411.16754,2024-11-27,20,6.091309882077698,19,0,6.091309882077698,4
2411.16801,2024-11-27,20,6.093569770045136,19,0,5.739792912179234,3
2411.16819,2024-11-27,20,6.013715156042802,19,0,5.4638318050256105,37
2411.16856,2024-11-27,20,6.07073772800249,19,0,5.973809611869261,13
2411.17188,2024-11-27,20,6.054439346269371,19,0,5.4638318050256105,20
2411.17383,2024-11-27,20,6.0844994130751715,19,0,5.739792912179234,7
2411.17440,2024-11-27,20,6.0112671744041615,19,0,5.739792912179234,38
2411.17451,2024-11-27,20,6.075346031088684,19,0,5.973809611869261,11
2411.17465,2024-11-27,20,5.87493073085203,19,0,5.4638318050256105,90
2411.17467,2024-11-27,20,6.07993319509559,19,0,6.07993319509559,9
2411.17673,2024-11-27,20,6.059123195581797,19,0,5.4638318050256105,18
2411.17686,2024-11-27,20,6.056784013228625,19,0,5.4638318050256105,19
2411.17691,2024-11-27,20,6.07073772800249,19,0,6.054439346269371,13
2411.17945,2024-11-27,20,6.040254711277414,19,0,5.4638318050256105,26
2411.17949,2024-11-27,20,5.883322388488279,19,0,5.739792912179234,87
2411.14951,2024-11-28,19,5.480638923341991,18,0,5.480638923341991,2
2411.14974,2024-11-28,19,5.424950017481403,18,0,5.159055299214529,15
2411.15139,2024-11-28,19,5.424950017481403,18,0,5.159055299214529,15
2411.15872,2024-11-28,19,5.4680601411351315,18,0,5.41610040220442,5
2411.16781,2024-11-28,19,5.43372200355424,18,0,5.41610040220442,13
2411.16832,2024-11-28,19,5.480638923341991,18,0,5.159055299214529,2
2411.17698,2024-11-28,19,5.44673737166631,18,0,5.402677381872279,10
2411.17769,2024-11-28,19,5.455321115357702,18,0,5.159055299214529,8
2411.17786,2024-11-28,19,5.438079308923196,18,0,5.159055299214529,12
2411.17787,2024-11-28,19,5.438079308923196,18,0,5.41610040220442,12
2411.17991,2024-11-28,19,5.4680601411351315,18,0,5.407171771460119,5
2411.18104,2024-11-28,19,5.476463551931511,18,0,5.476463551931511,3
2411.18197,2024-11-28,19,5.429345628954441,18,0,5.407171771460119,14
2411.18279,2024-11-28,19,5.356586274672012,18,0,5.356586274672012,30
2411.18363,2024-11-28,19,5.44673737166631,18,0,5.402677381872279,10
2411.18412,2024-11-28,19,5.472270673671475,18,0,5.41610040220442,4
2411.18462,2024-11-28,19,5.4638318050256105,18,0,5.4638318050256105,6
2411.18613,2024-11-28,19,5.209486152841421,18,0,5.209486152841421,59
2411.18616,2024-11-28,19,5.420534999272286,18,0,5.159055299214529,16
2411.15640,2024-11-29,7,4.890349128221754,6,0,4.795790545596741,6
2411.17041,2024-11-29,7,4.836281906951478,6,0,4.836281906951478,13
2411.17176,2024-11-29,7,4.74493212836325,6,0,4.31748811353631,24
2411.17190,2024-11-29,7,4.820281565605037,6,0,4.564348191467836,15
2411.17863,2024-11-29,7,4.844187086458591,6,0,4.795790545596741,12
2411.18203,2024-11-29,7,4.59511985013459,6,0,4.31748811353631,40
2411.18350,2024-11-29,7,4.709530201312334,6,0,4.564348191467836,28
2411.18092,2024-12-02,21,5.918893854273146,20,0,5.840641657373398,1
2411.18478,2024-12-02,21,5.817111159963204,20,0,5.648974238161206,37
2411.18552,2024-12-02,21,5.872117789475416,20,0,5.739792912179234,18
2411.18664,2024-12-02,21,5.855071922202427,20,0,5.739792912179234,24
2411.18665,2024-12-02,21,5.91350300563827,20,0,5.736572297479192,3
2411.18673,2024-12-02,21,5.8998973535824915,20,0,5.736572297479192,8
2411.18915,2024-12-02,21,5.8998973535824915,20,0,5.8998973535824915,8
2411.19108,2024-12-02,21,5.8664680569332965,20,0,5.739792912179234,20
2411.19146,2024-12-02,21,5.8664680569332965,20,0,5.8664680569332965,20
2411.19189,2024-12-02,21,5.811140992976701,20,0,5.736572297479192,39
2411.19309,2024-12-02,21,5.786897381366708,20,0,5.786897381366708,47
2411.19324,2024-12-02,21,5.886104031450156,20,0,5.736572297479192,13
2411.19460,2024-12-02,21,5.8916442118257715,20,0,5.840641657373398,11
2411.19527,2024-12-02,21,5.8916442118257715,20,0,5.840641657373398,11
2411.19638,2024-12-02,21,5.905361848054571,20,0,5.905361848054571,6
2411.19842,2024-12-02,21,5.8888779583328805,20,0,5.8888779583328805,12
2411.19865,2024-12-02,21,5.857933154483459,20,0,5.648974238161206,23
2411.19870,2024-12-02,21,5.905361848054571,20,0,5.840641657373398,6
2411.19930,2024-12-02,21,5.8377304471659395,20,0,5.8377304471659395,30
2411.19950,2024-12-02,21,5.905361848054571,20,0,5.905361848054571,6
2412.01253,2024-12-02,21,5.840641657373398,20,0,5.648974238161206,29
2411.17459,2024-12-03,29,6.202535517187923,28,0,6.068425588244111,12
2411.18499,2024-12-03,29,6.1903154058531475,28,0,5.673323267171493,18
2411.18671,2024-12-03,29,6.186208623900494,28,0,6.186208623900494,20
2411.18933,2024-12-03,29,6.192362489474872,28,0,6.192362489474872,17
2411.19415,2024-12-03,29,6.2166061010848646,28,0,6.068425588244111,5
2411.19477,2024-12-03,29,6.214608098422191,28,0,6.206575926724928,6
2411.19799,2024-12-03,29,6.192362489474872,28,0,6.192362489474872,17
2411.19939,2024-12-03,29,6.206575926724928,28,0,6.133398042996649,10
2412.00100,2024-12-03,29,6.192362489474872,28,0,6.068425588244111,17
2412.00131,2024-12-03,29,6.159095388491933,28,0,6.159095388491933,33
2412.00154,2024-12-03,29,6.135564891081739,28,0,6.135564891081739,44
2412.00174,2024-12-03,29,6.180016653652572,28,0,5.673323267171493,23
2412.00176,2024-12-03,29,6.208590026096629,28,0,6.068425588244111,9
2412.00319,2024-12-03,29,6.222576268071369,28,0,6.218600119691729,2
2412.00568,2024-12-03,29,6.173786103901937,28,0,6.173786103901937,26
2412.00869,2024-12-03,29,6.218600119691729,28,0,6.206575926724928,4
2412.00927,2024-12-03,29,6.1675164908883415,28,0,5.673323267171493,29
2412.00947,2024-12-03,29,6.210600077024653,28,0,6.133398042996649,8
2412.01064,2024-12-03,29,6.129050210060545,28,0,5.673323267171493,47
2412.01199,2024-12-03,29,6.198478716492308,28,0,6.068425588244111,14
2412.01250,2024-12-03,29,6.2166061010848646,28,0,6.133398042996649,5
2412.01316,2024-12-03,29,6.206575926724928,28,0,6.068425588244111,10
2412.01408,2024-12-03,29,6.222576268071369,28,0,6.218600119691729,2
2412.01718,2024-12-03,29,6.220590170099739,28,0,6.068425588244111,3
2412.01800,2024-12-03,29,6.214608098422191,28,0,6.133398042996649,6
2412.01819,2024-12-03,29,6.156978985585555,28,0,5.673323267171493,34
2412.01821,2024-12-03,29,6.218600119691729,28,0,6.068425588244111,4
2412.01822,2024-12-03,29,6.194405391104672,28,0,6.133398042996649,16
2412.01824,2024-12-03,29,6.091309882077698,28,0,5.673323267171493,64
2411.19067,2024-12-04,16,5.902633333401366,15,0,5.902633333401366,8
2411.19542,2024-12-04,16,5.910796644040527,15,0,5.910796644040527,5
2411.19655,2024-12-04,16,5.869296913133774,15,0,5.673323267171493,20
2411.19943,2024-12-04,16,5.739792912179234,15,0,5.673323267171493,63
2412.00239,2024-12-04,16,5.910796644040527,15,0,5.910796644040527,5
2412.01292,2024-12-04,16,5.8888779583328805,15,0,5.877735781779639,13
2412.01558,2024-12-04,16,5.91350300563827,15,0,5.877735781779639,4
2412.01928,2024-12-04,16,5.793013608384144,15,0,5.683579767338681,46
2412.01981,2024-12-04,16,5.8289456176102075,15,0,5.683579767338681,34
2412.02114,2024-12-04,16,5.886104031450156,15,0,5.840641657373398,14
2412.02259,2024-12-04,16,5.749392985908253,15,0,5.476463551931511,60
2412.02592,2024-12-04,16,5.857933154483459,15,0,5.476463551931511,24
2412.02611,2024-12-04,16,5.855071922202427,15,0,5.476463551931511,25
2412.02632,2024-12-04,16,5.8971538676367405,15,0,5.8971538676367405,10
2412.02700,2024-12-04,16,5.8805329864007,15,0,5.840641657373398,16
2412.03248,2024-12-04,16,5.8522024797744745,15,0,5.476463551931511,26
2411.19103,2024-12-05,19,6.317164686747284,18,0,5.135798437050262,21
2412.00177,2024-12-05,19,6.340359303727752,18,0,6.218600119691729,8
2412.00493,2024-12-05,19,6.324358962381311,18,0,6.282266746896006,17
2412.01106,2024-12-05,19,6.311734809152915,18,0,5.135798437050262,24
2412.02030,2024-12-05,19,6.320768294250582,18,0,6.218600119691729,19
2412.02186,2024-12-05,19,6.313548046277095,18,0,6.282266746896006,23
2412.02687,2024-12-05,19,6.133398042996649,18,0,5.135798437050262,114
2412.02980,2024-12-05,19,6.327936783729195,18,0,6.306275286948016,15
2412.03069,2024-12-05,19,6.293419278846481,18,0,5.135798437050262,34
2412.03085,2024-12-05,19,6.333279628139691,18,0,6.218600119691729,12
2412.03187,2024-12-05,19,6.333279628139691,18,0,6.306275286948016,12
2412.03205,2024-12-05,19,6.320768294250582,18,0,6.320768294250582,19
2412.03439,2024-12-05,19,6.331501849893691,18,0,6.218600119691729,13
2412.03515,2024-12-05,19,6.306275286948016,18,0,5.135798437050262,27
2412.03517,2024-12-05,19,6.318968113746434,18,0,5.135798437050262,20
2412.03552,2024-12-05,19,6.302618975744905,18,0,5.135798437050262,29
2412.03555,2024-12-05,19,6.0844994130751715,18,0,5.135798437050262,136
2412.03558,2024-12-05,19,6.317164686747284,18,0,6.218600119691729,21
2412.03565,2024-12-05,19,6.336825731146441,18,0,6.336825731146441,10
2411.19574,2024-12-06,31,6.658011045870748,30,0,6.650279048587422,8
2412.01169,2024-12-06,31,6.651571873589727,30,0,6.556778356158042,13
2412.01339,2024-12-06,31,6.639875833826536,30,0,6.556778356158042,22
2412.01506,2024-12-06,31,6.546785410760524,30,0,5.998936561946683,90
2412.01820,2024-12-06,31,6.654152520183219,30,0,6.643789733147672,11
2412.02142,2024-12-06,31,6.651571873589727,30,0,6.467698726104354,13
2412.03304,2024-12-06,31,6.642486801367256,30,0,6.579251212010101,20
2412.03632,2024-12-06,31,6.637258031284457,30,0,5.998936561946683,24
2412.03679,2024-12-06,31,6.606650186198215,30,0,6.579251212010101,47
2412.03704,2024-12-06,31,6.660575149839686,30,0,6.467698726104354,6
2412.03895,2024-12-06,31,6.630683385642372,30,0,5.998936561946683,29
2412.04003,2024-12-06,31,6.655440350367647,30,0,6.633318433280377,10
2412.04062,2024-12-06,31,6.658011045870748,30,0,6.643789733147672,8
2412.04106,2024-12-06,31,6.661854740545311,30,0,6.467698726104354,5
2412.04139,2024-12-06,31,6.651571873589727,30,0,6.642486801367256,13
2412.04146,2024-12-06,31,6.638567789166521,30,0,6.556778356158042,23
2412.04262,2024-12-06,31,6.663132695990803,30,0,6.650279048587422,4
2412.04280,2024-12-06,31,6.651571873589727,30,0,6.633318433280377,13
2412.04315,2024-12-06,31,6.643789733147672,30,0,6.643789733147672,19
2412.04363,2024-12-06,31,6.663132695990803,30,0,6.633318433280377,4
2412.04378,2024-12-06,31,6.655440350367647,30,0,6.467698726104354,10
2412.04403,2024-12-06,31,6.665683717782408,30,0,6.650279048587422,2
2412.04424,2024-12-06,31,6.586171654854675,30,0,5.998936561946683,62
2412.04431,2024-12-06,31,6.646390514847729,30,0,6.556778356158042,17
2412.04448,2024-12-06,31,6.655440350367647,30,0,6.655440350367647,10
2412.04449,2024-12-06,31,6.659293919683638,30,0,6.642486801367256,7
2412.04454,2024-12-06,31,6.573680166960646,30,0,6.467698726104354,71
2412.04455,2024-12-06,31,6.618738983517219,30,0,6.467698726104354,38
2412.04462,2024-12-06,31,6.658011045870748,30,0,6.556778356158042,8
2412.04467,2024-12-06,31,6.505784060128229,30,0,5.998936561946683,118
2412.04468,2024-12-06,31,6.587550014824796,30,0,5.998936561946683,61
2412.03428,2024-12-09,16,6.238324625039508,15,0,6.184148890937483,10
2412.04301,2024-12-09,16,6.1779441140506,15,0,5.6131281063880705,40
2412.04440,2024-12-09,16,6.214608098422191,15,0,6.133398042996649,22
2412.04445,2024-12-09,16,6.214608098422191,15,0,6.214608098422191,22
2412.04626,2024-12-09,16,6.230481447578482,15,0,6.133398042996649,14
2412.04814,2024-12-09,16,6.16541785423142,15,0,5.6131281063880705,46
2412.04827,2024-12-09,16,6.238324625039508,15,0,6.238324625039508,10
2412.04862,2024-12-09,16,6.152732694704104,15,0,6.152732694704104,52
2412.04887,2024-12-09,16,6.22455842927536,15,0,6.184148890937483,17
2412.04905,2024-12-09,16,6.2422232654551655,15,0,6.2422232654551655,8
2412.05237,2024-12-09,16,6.16541785423142,15,0,6.16541785423142,46
2412.05243,2024-12-09,16,6.2166061010848646,15,0,6.133398042996649,21
2412.05263,2024-12-09,16,6.238324625039508,15,0,6.184148890937483,10
2412.05270,2024-12-09,16,6.184148890937483,15,0,6.184148890937483,37
2412.05271,2024-12-09,16,5.886104031450156,15,0,5.6131281063880705,162
2412.05718,2024-12-09,16,6.249975242259483,15,0,6.133398042996649,4
2412.03123,2024-12-10,16,6.008813185442595,15,0,5.991464547107982,6
2412.04144,2024-12-10,16,6.008813185442595,15,0,6.008813185442595,6
2412.04432,2024-12-10,16,5.983936280687191,15,0,5.834810737062605,16
2412.04470,2024-12-10,16,6.013715156042802,15,0,5.834810737062605,4
2412.05355,2024-12-10,16,6.003887067106539,15,0,5.834810737062605,8
2412.05600,2024-12-10,16,6.0063531596017325,15,0,5.991464547107982,7
2412.05939,2024-12-10,16,5.986452005284438,15,0,5.986452005284438,15
2412.06464,2024-12-10,16,5.981414211254481,15,0,5.981414211254481,17
2412.06531,2024-12-10,16,5.831882477283517,15,0,5.831882477283517,72
2412.06559,2024-12-10,16,5.783825182329737,15,0,5.442417710521793,88
2412.06699,2024-12-10,16,5.993961427306569,15,0,5.834810737062605,12
2412.06767,2024-12-10,16,6.003887067106539,15,0,6.003887067106539,8
2412.06769,2024-12-10,16,5.765191102784844,15,0,5.442417710521793,94
2412.06781,2024-12-10,16,5.963579343618446,15,0,5.834810737062605,24
2412.06782,2024-12-10,16,6.0063531596017325,15,0,5.834810737062605,7
2412.07112,2024-12-10,16,5.953243334287785,15,0,5.953243334287785,28
2412.03548,2024-12-11,26,6.218600119691729,25,0,6.003887067106539,17
2412.04653,2024-12-11,26,6.192362489474872,25,0,5.720311776607412,30
2412.04835,2024-12-11,26,6.248042874508429,25,0,6.1224928095143865,2
2412.05148,2024-12-11,26,6.2285110035911835,25,0,6.003887067106539,12
2412.05210,2024-12-11,26,6.154858094016418,25,0,6.131226489483141,48
2412.05983,2024-12-11,26,6.234410725718371,25,0,6.234410725718371,9
2412.06089,2024-12-11,26,6.244166900663736,25,0,6.1224928095143865,4
2412.06578,2024-12-11,26,6.2166061010848646,25,0,5.720311776607412,18
2412.06673,2024-12-11,26,6.230481447578482,25,0,6.003887067106539,11
2412.06674,2024-12-11,26,6.226536669287466,25,0,6.226536669287466,13
2412.06845,2024-12-11,26,6.230481447578482,25,0,6.131226489483141,11
2412.07187,2024-12-11,26,6.246106765481563,25,0,6.246106765481563,3
2412.07282,2024-12-11,26,6.244166900663736,25,0,6.244166900663736,4
2412.07334,2024-12-11,26,6.218600119691729,25,0,6.218600119691729,17
2412.07338,2024-12-11,26,6.248042874508429,25,0,6.248042874508429,2
2412.07583,2024-12-11,26,6.212606095751519,25,0,5.720311776607412,20
2412.07589,2024-12-11,26,6.154858094016418,25,0,5.720311776607412,48
2412.07626,2024-12-11,26,6.192362489474872,25,0,5.720311776607412,30
2412.07674,2024-12-11,26,6.212606095751519,25,0,5.720311776607412,20
2412.07720,2024-12-11,26,6.1903154058531475,25,0,6.1224928095143865,31
2412.07721,2024-12-11,26,6.234410725718371,25,0,6.1224928095143865,9
2412.07724,2024-12-11,26,6.212606095751519,25,0,6.212606095751519,20
2412.07730,2024-12-11,26,6.09807428216624,25,0,6.003887067106539,74
2412.07759,2024-12-11,26,6.2166061010848646,25,0,5.720311776607412,18
2412.07774,2024-12-11,26,6.192362489474872,25,0,5.720311776607412,30
2412.07776,2024-12-11,26,6.218600119691729,25,0,6.1224928095143865,17
2412.05467,2024-12-12,18,5.817111159963204,17,0,5.817111159963204,24
2412.06016,2024-12-12,18,5.8289456176102075,17,0,5.5093883366279774,20
2412.06071,2024-12-12,18,5.855071922202427,17,0,5.820082930352362,11
2412.06234,2024-12-12,18,5.831882477283517,17,0,5.5093883366279774,19
2412.06676,2024-12-12,18,5.860786223465865,17,0,5.805134968916488,9
2412.07147,2024-12-12,18,5.872117789475416,17,0,5.805134968916488,5
2412.07744,2024-12-12,18,5.8289456176102075,17,0,5.5093883366279774,20
2412.07760,2024-12-12,18,5.720311776607412,17,0,5.472270673671475,55
2412.07797,2024-12-12,18,5.855071922202427,17,0,5.855071922202427,11
2412.07825,2024-12-12,18,5.8522024797744745,17,0,5.820082930352362,12
2412.08443,2024-12-12,18,5.7745515455444085,17,0,5.7745515455444085,38
2412.08467,2024-12-12,18,5.869296913133774,17,0,5.805134968916488,6
2412.08486,2024-12-12,18,5.780743515792329,17,0,5.5093883366279774,36
2412.08503,2024-12-12,18,5.863631175598097,17,0,5.805134968916488,8
2412.08580,2024-12-12,18,5.752572638825633,17,0,5.472270673671475,45
2412.08629,2024-12-12,18,5.849324779946859,17,0,5.472270673671475,13
2412.08646,2024-12-12,18,5.834810737062605,17,0,5.5093883366279774,18
2412.09551,2024-12-12,18,5.860786223465865,17,0,5.472270673671475,9
2412.05552,2024-12-13,26,6.466144724237619,25,0,6.466144724237619,6
2412.05994,2024-12-13,26,6.4457198193855785,25,0,6.4457198193855785,19
2412.06329,2024-12-13,26,6.45833828334479,25,0,6.302618975744905,11
2412.06745,2024-12-13,26,6.466144724237619,25,0,6.148468295917647,6
2412.08635,2024-12-13,26,6.396929655216146,25,0,6.056784013228625,49
2412.08687,2024-12-13,26,6.455198563340122,25,0,6.148468295917647,13
2412.08737,2024-12-13,26,6.38856140554563,25,0,6.148468295917647,54
2412.08905,2024-12-13,26,6.26530121273771,25,0,6.056784013228625,123
2412.08972,2024-12-13,26,6.45833828334479,25,0,6.45833828334479,11
2412.09013,2024-12-13,26,6.455198563340122,25,0,6.302618975744905,13
2412.09025,2024-12-13,26,6.4692503167957724,25,0,6.459904454377535,4
2412.09349,2024-12-13,26,6.46302945692067,25,0,6.302618975744905,8
2412.09370,2024-12-13,26,6.459904454377535,25,0,6.432940092739179,10
2412.09405,2024-12-13,26,6.455198563340122,25,0,6.302618975744905,13
2412.09460,2024-12-13,26,6.461468176353717,25,0,6.432940092739179,9
2412.09501,2024-12-13,26,6.398594934535208,25,0,6.363028103540465,48
2412.09569,2024-12-13,26,6.444131256700441,25,0,6.056784013228625,20
2412.09573,2024-12-13,26,6.46302945692067,25,0,6.432940092739179,8
2412.09585,2024-12-13,26,6.45833828334479,25,0,6.148468295917647,11
2412.09586,2024-12-13,26,6.466144724237619,25,0,6.459904454377535,6
2412.09593,2024-12-13,26,6.447305862541213,25,0,6.302618975744905,18
2412.09596,2024-12-13,26,6.313548046277095,25,0,6.148468295917647,97
2412.09605,2024-12-13,26,6.428105272684596,25,0,6.056784013228625,30
2412.09618,2024-12-13,26,6.4425401664681985,25,0,6.363028103540465,21
2412.09619,2024-12-13,26,6.424869023905388,25,0,6.302618975744905,32
2412.09622,2024-12-13,26,6.46302945692067,25,0,6.302618975744905,8
2412.07517,2024-12-16,18,6.159095388491933,17,0,6.139884552226255,11
2412.07769,2024-12-16,18,6.118097198041348,17,0,6.075346031088684,30
2412.08347,2024-12-16,18,6.173786103901937,17,0,6.139884552226255,4
2412.08645,2024-12-16,18,6.156978985585555,17,0,6.059123195581797,12
2412.09283,2024-12-16,18,6.142037405587356,17,0,6.075346031088684,19
2412.09428,2024-12-16,18,6.1675164908883415,17,0,6.07993319509559,7
2412.09604,2024-12-16,18,6.100318952020064,17,0,6.07993319509559,38
2412.09611,2024-12-16,18,6.159095388491933,17,0,6.059123195581797,11
2412.09624,2024-12-16,18,5.955837369464831,17,0,5.955837369464831,98
2412.09626,2024-12-16,18,6.137727054086234,17,0,6.059123195581797,21
2412.09722,2024-12-16,18,6.171700597410915,17,0,6.139884552226255,5
2412.09856,2024-12-16,18,6.159095388491933,17,0,6.059123195581797,11
2412.09910,2024-12-16,18,6.180016653652572,17,0,6.059123195581797,1
2412.10047,2024-12-16,18,6.104793232414985,17,0,6.104793232414985,36
2412.10208,2024-12-16,18,6.142037405587356,17,0,6.142037405587356,19
2412.10319,2024-12-16,18,6.159095388491933,17,0,6.159095388491933,11
2412.10345,2024-12-16,18,6.1779441140506,17,0,6.07993319509559,2
2412.10360,2024-12-16,18,5.820082930352362,17,0,5.820082930352362,147
2412.09645,2024-12-17,28,6.056784013228625,27,0,5.8289456176102075,36
2412.09858,2024-12-17,28,6.133398042996649,27,0,5.796057750765372,2
2412.09871,2024-12-17,28,5.872117789475416,27,0,5.796057750765372,108
2412.09982,2024-12-17,28,6.1224928095143865,27,0,5.963579343618446,7
2412.10316,2024-12-17,28,6.054439346269371,27,0,5.8289456176102075,37
2412.10447,2024-12-17,28,6.126869184114185,27,0,6.1224928095143865,5
2412.11100,2024-12-17,28,6.1224928095143865,27,0,5.963579343618446,7
2412.11231,2024-12-17,28,6.075346031088684,27,0,5.988961416889864,28
2412.11258,2024-12-17,28,6.1092475827643655,27,0,6.1092475827643655,13
2412.11279,2024-12-17,28,6.1092475827643655,27,0,5.963579343618446,13
2412.11314,2024-12-17,28,6.133398042996649,27,0,6.133398042996649,2
2412.11423,2024-12-17,28,6.133398042996649,27,0,5.963579343618446,2
2412.11449,2024-12-17,28,6.129050210060545,27,0,6.129050210060545,4
2412.11457,2024-12-17,28,6.124683390894205,27,0,5.963579343618446,6
2412.11586,2024-12-17,28,6.113682179832232,27,0,5.963579343618446,11
2412.11605,2024-12-17,28,6.09807428216624,27,0,6.073044534100405,18
2412.11689,2024-12-17,28,6.133398042996649,27,0,6.1224928095143865,2
2412.11815,2024-12-17,28,6.077642243349034,27,0,5.8289456176102075,27
2412.11834,2024-12-17,28,6.12029741895095,27,0,6.111467339502679,8
2412.11863,2024-12-17,28,6.129050210060545,27,0,6.111467339502679,4
2412.11919,2024-12-17,28,6.056784013228625,27,0,5.988961416889864,36
2412.11974,2024-12-17,28,6.115892125483034,27,0,5.796057750765372,10
2412.12004,2024-12-17,28,6.115892125483034,27,0,5.796057750765372,10
2412.12083,2024-12-17,28,6.111467339502679,27,0,5.963579343618446,12
2412.12091,2024-12-17,28,6.102558594613569,27,0,5.963579343618446,16
2412.12094,2024-12-17,28,6.113682179832232,27,0,6.073044534100405,11
2412.12095,2024-12-17,28,6.0867747269123065,27,0,5.8289456176102075,23
2412.12098,2024-12-17,28,6.129050210060545,27,0,5.796057750765372,4
2412.10533,2024-12-18,13,5.662960480135946,12,0,5.662960480135946,5
2412.10704,2024-12-18,13,5.6240175061873385,12,0,5.529429087511423,16
2412.11713,2024-12-18,13,5.659482215759621,12,0,5.659482215759621,6
2412.12276,2024-12-18,13,5.627621113690637,12,0,5.627621113690637,15
2412.12527,2024-12-18,13,5.666426688112432,12,0,5.652489180268651,4
2412.12606,2024-12-18,13,5.529429087511423,12,0,5.0689042022202315,41
2412.12877,2024-12-18,13,5.666426688112432,12,0,5.652489180268651,4
2412.13018,2024-12-18,13,5.529429087511423,12,0,5.37989735354046,41
2412.13147,2024-12-18,13,5.298317366548036,12,0,5.0689042022202315,93
2412.13171,2024-12-18,13,5.552959584921617,12,0,5.37989735354046,35
2412.13180,2024-12-18,13,5.634789603169249,12,0,5.529429087511423,13
2412.13194,2024-12-18,13,5.638354669333745,12,0,5.529429087511423,12
2412.13389,2024-12-18,13,5.655991810819852,12,0,5.655991810819852,7
2412.11634,2024-12-19,22,6.413458957167357,21,0,6.3561076606958915,4
2412.11768,2024-12-19,22,6.3473892096560105,21,0,6.311734809152915,43
2412.12571,2024-12-19,22,6.406879986069314,21,0,6.3561076606958915,8
2412.12953,2024-12-19,22,6.401917196727186,21,0,6.3561076606958915,11
2412.13061,2024-12-19,22,6.406879986069314,21,0,6.406879986069314,8
2412.13303,2024-12-19,22,6.285998094508865,21,0,6.040254711277414,77
2412.13501,2024-12-19,22,6.369900982828227,21,0,6.369900982828227,30
2412.13663,2024-12-19,22,6.1070228877422545,21,0,5.986452005284438,165
2412.13670,2024-12-19,22,6.410174881966167,21,0,6.410174881966167,6
2412.13746,2024-12-19,22,6.405228458030842,21,0,6.405228458030842,9
2412.13795,2024-12-19,22,6.386879319362645,21,0,6.311734809152915,20
2412.13871,2024-12-19,22,6.39024066706535,21,0,6.040254711277414,18
2412.14015,2024-12-19,22,6.400257445308821,21,0,6.39024066706535,12
2412.14042,2024-12-19,22,6.410174881966167,21,0,6.39024066706535,6
2412.14093,2024-12-19,22,6.403574197934815,21,0,6.386879319362645,10
2412.14123,2024-12-19,22,6.401917196727186,21,0,6.401917196727186,11
2412.14161,2024-12-19,22,6.333279628139691,21,0,5.986452005284438,51
2412.14168,2024-12-19,22,6.391917113392602,21,0,6.040254711277414,17
2412.14169,2024-12-19,22,6.395261598115449,21,0,6.3561076606958915,15
2412.14171,2024-12-19,22,6.380122536899765,21,0,6.040254711277414,24
2412.14172,2024-12-19,22,6.403574197934815,21,0,6.386879319362645,10
2412.14173,2024-12-19,22,6.320768294250582,21,0,6.040254711277414,58
2412.13185,2024-12-20,17,6.568077911411976,16,1,6.499787040655854,2
2412.13377,2024-12-20,17,6.566672429803241,16,1,6.548219102762372,3
2412.14233,2024-12-20,17,6.561030665896573,16,1,6.561030665896573,7
2412.14283,2024-12-20,17,6.566672429803241,16,1,6.499787040655854,3
2412.14462,2024-12-20,17,6.54965074223381,16,1,6.499787040655854,15
2412.14475,2024-12-20,17,6.484635235635252,16,1,6.440946540632921,59
2412.14642,2024-12-20,17,6.565264970035361,16,1,6.565264970035361,4
2412.14689,2024-12-20,17,6.493753839851686,16,1,6.486160788944089,53
2412.14835,2024-12-20,17,6.46302945692067,16,1,5.402677381872279,73
2412.15084,2024-12-20,17,6.55250788703459,16,1,6.548219102762372,13
2412.15115,2024-12-20,17,5.811140992976701,16,0,5.402677381872279,380
2412.15191,2024-12-20,17,6.5638555265321274,16,1,6.499787040655854,5
2412.15200,2024-12-20,17,6.558197802812269,16,1,6.499787040655854,9
2412.15204,2024-12-20,17,6.51471269087253,16,1,5.402677381872279,39
2412.15213,2024-12-20,17,6.530877627725885,16,1,6.440946540632921,28
2412.15214,2024-12-20,17,6.54965074223381,16,1,6.499787040655854,15
2412.15216,2024-12-20,17,6.5638555265321274,16,1,6.486160788944089,5
2412.11525,2024-12-23,13,5.389071729816501,12,0,5.389071729816501,11
2412.13649,2024-12-23,13,5.342334251964811,12,0,5.342334251964811,21
2412.14294,2024-12-23,13,5.37989735354046,12,0,5.003946305945459,13
2412.14590,2024-12-23,13,5.3706380281276624,12,0,5.003946305945459,15
2412.14963,2024-12-23,13,5.4116460518550396,12,0,5.4116460518550396,6
2412.15035,2024-12-23,13,5.420534999272286,12,0,5.393627546352362,4
2412.15119,2024-12-23,13,5.176149732573829,12,0,5.003946305945459,53
2412.15322,2024-12-23,13,5.3471075307174685,12,0,5.231108616854587,20
2412.15450,2024-12-23,13,5.420534999272286,12,0,5.236441962829949,4
2412.15484,2024-12-23,13,5.3706380281276624,12,0,5.3706380281276624,15
2412.15487,2024-12-23,13,5.4116460518550396,12,0,5.393627546352362,6
2412.16112,2024-12-23,13,5.332718793265369,12,0,5.231108616854587,23
2412.16145,2024-12-23,13,5.2574953720277815,12,0,5.236441962829949,38
2412.14470,2024-12-24,17,6.133398042996649,16,0,6.07073772800249,12
2412.14922,2024-12-24,17,5.953243334287785,16,0,5.634789603169249,88
2412.15118,2024-12-24,17,6.118097198041348,16,0,5.634789603169249,19
2412.16429,2024-12-24,17,6.1092475827643655,16,0,6.089044875446846,23
2412.16686,2024-12-24,17,6.142037405587356,16,0,6.142037405587356,8
2412.16720,2024-12-24,17,6.075346031088684,16,0,6.054439346269371,38
2412.16849,2024-12-24,17,6.139884552226255,16,0,6.054439346269371,9
2412.16926,2024-12-24,17,6.089044875446846,16,0,5.634789603169249,32
2412.17153,2024-12-24,17,6.073044534100405,16,0,6.016157159698354,39
2412.17256,2024-12-24,17,6.054439346269371,16,0,6.054439346269371,47
2412.17295,2024-12-24,17,6.139884552226255,16,0,6.089044875446846,9
2412.17451,2024-12-24,17,6.066108090103747,16,0,6.066108090103747,42
2412.17498,2024-12-24,17,6.111467339502679,16,0,5.634789603169249,22
2412.17589,2024-12-24,17,6.129050210060545,16,0,6.07073772800249,14
2412.17747,2024-12-24,17,6.089044875446846,16,0,5.634789603169249,32
2412.17767,2024-12-24,17,6.129050210060545,16,0,6.07073772800249,14
2412.17805,2024-12-24,17,6.1070228877422545,16,0,6.016157159698354,24
2412.14711,2024-12-25,11,5.384495062789089,10,0,5.384495062789089,16
2412.15443,2024-12-25,11,5.4116460518550396,10,0,5.4116460518550396,10
2412.15797,2024-12-25,11,5.375278407684165,10,0,5.293304824724492,18
2412.16153,2024-12-25,11,5.429345628954441,10,0,5.2574953720277815,6
2412.17739,2024-12-25,11,5.262690188904886,10,0,5.262690188904886,41
2412.17758,2024-12-25,11,5.37989735354046,10,0,5.293304824724492,17
2412.17847,2024-12-25,11,5.3981627015177525,10,0,5.214935757608986,13
2412.18153,2024-12-25,11,5.288267030694535,10,0,5.2574953720277815,36
2412.18450,2024-12-25,11,5.2832037287379885,10,0,5.214935757608986,37
2412.18597,2024-12-25,11,5.365976015021851,10,0,5.272999558563747,20
2412.18608,2024-12-25,11,5.3706380281276624,10,0,5.272999558563747,19
2412.17726,2024-12-26,7,4.852030263919617,6,0,4.852030263919617,9
2412.17780,2024-12-26,7,4.882801922586371,6,0,4.882801922586371,5
2412.17998,2024-12-26,7,4.836281906951478,6,0,4.762173934797756,11
2412.18319,2024-12-26,7,4.584967478670572,6,0,4.394449154672439,39
2412.18495,2024-12-26,7,4.852030263919617,6,0,4.762173934797756,9
2412.18547,2024-12-26,7,4.51085950651685,6,0,4.51085950651685,46
2412.18609,2024-12-26,7,4.787491742782046,6,0,4.394449154672439,17
2412.17483,2024-12-27,4,4.61512051684126,3,0,3.5553480614894135,34
2412.17743,2024-12-27,4,4.23410650459726,3,0,3.5553480614894135,66
2412.18072,2024-12-27,4,4.762173934797756,3,0,4.762173934797756,18
2412.18176,2024-12-27,4,4.77912349311153,3,0,4.77912349311153,16
2412.17606,2024-12-30,11,5.857933154483459,10,0,5.575949103146316,5
2412.17762,2024-12-30,11,5.834810737062605,10,0,5.796057750765372,13
2412.18605,2024-12-30,11,5.811140992976701,10,0,5.755742213586912,21
2412.18619,2024-12-30,11,5.69035945432406,10,0,5.69035945432406,59
2412.18653,2024-12-30,11,5.594711379601839,10,0,5.575949103146316,86
2412.18702,2024-12-30,11,5.849324779946859,10,0,5.849324779946859,8
2412.18925,2024-12-30,11,5.5134287461649825,10,0,5.5134287461649825,107
2412.19326,2024-12-30,11,5.820082930352362,10,0,5.755742213586912,18
2412.19512,2024-12-30,11,5.846438775057725,10,0,5.846438775057725,9
2412.19645,2024-12-30,11,5.834810737062605,10,0,5.796057750765372,13
2412.19712,2024-12-30,11,5.8289456176102075,10,0,5.8289456176102075,15
2412.18525,2024-12-31,13,5.749392985908253,12,0,5.44673737166631,74
2412.20005,2024-12-31,13,5.916202062607435,12,0,5.802118375377063,17
2412.20070,2024-12-31,13,5.846438775057725,12,0,5.802118375377063,42
2412.20422,2024-12-31,13,5.849324779946859,12,0,5.44673737166631,41
2412.20631,2024-12-31,13,5.921578419643816,12,0,5.802118375377063,15
2412.20993,2024-12-31,13,5.863631175598097,12,0,5.863631175598097,36
2412.21037,2024-12-31,13,5.8971538676367405,12,0,5.8971538676367405,24
2412.21079,2024-12-31,13,5.902633333401366,12,0,5.44673737166631,22
2412.21139,2024-12-31,13,5.8916442118257715,12,0,5.8916442118257715,26
2412.21140,2024-12-31,13,5.91350300563827,12,0,5.91350300563827,18
2412.21187,2024-12-31,13,5.8522024797744745,12,0,5.802118375377063,40
2412.21199,2024-12-31,13,5.926926025970411,12,0,5.926926025970411,13
2412.21206,2024-12-31,13,5.910796644040527,12,0,5.44673737166631,19
2412.19638,2025-01-02,5,4.867534450455582,4,0,4.867534450455582,27
2412.19723,2025-01-02,5,4.248495242049359,4,0,3.912023005428146,87
2412.20735,2025-01-02,5,4.983606621708336,4,0,4.983606621708336,11
2412.20750,2025-01-02,5,4.919980925828125,4,0,3.912023005428146,20
2412.20800,2025-01-02,5,4.983606621708336,4,0,4.983606621708336,11
2412.21015,2025-01-03,19,6.297109319933935,18,0,6.285998094508865,9
2501.00103,2025-01-03,19,6.2166061010848646,18,0,5.886104031450156,51
2501.00192,2025-01-03,19,6.255750041753367,18,0,5.886104031450156,31
2501.00316,2025-01-03,19,6.270988431858299,18,0,6.240275845170769,23
2501.00599,2025-01-03,19,6.226536669287466,18,0,5.886104031450156,46
2501.00658,2025-01-03,19,6.300785794663244,18,0,6.29156913955832,7
2501.00712,2025-01-03,19,6.302618975744905,18,0,6.285998094508865,6
2501.00910,2025-01-03,19,6.302618975744905,18,0,6.171700597410915,6
2501.00958,2025-01-03,19,6.091309882077698,18,0,6.091309882077698,110
2501.01054,2025-01-03,19,6.284134161070802,18,0,6.240275845170769,16
2501.01149,2025-01-03,19,6.272877006546167,18,0,6.272877006546167,22
2501.01245,2025-01-03,19,6.304448802421981,18,0,6.29156913955832,5
2501.01257,2025-01-03,19,6.2166061010848646,18,0,6.163314804034641,51
2501.01264,2025-01-03,19,6.26530121273771,18,0,6.163314804034641,26
2501.01320,2025-01-03,19,6.2878585601617845,18,0,6.171700597410915,14
2501.01407,2025-01-03,19,6.293419278846481,18,0,6.293419278846481,11
2501.01423,2025-01-03,19,6.230481447578482,18,0,5.886104031450156,44
2501.01426,2025-01-03,19,6.2766434893416445,18,0,5.886104031450156,20
2501.01427,2025-01-03,19,6.212606095751519,18,0,6.171700597410915,53
2412.21059,2025-01-06,8,5.262690188904886,7,0,5.262690188904886,20
2501.00874,2025-01-06,8,5.298317366548036,7,0,5.298317366548036,13
2501.01073,2025-01-06,8,5.272999558563747,7,0,5.272999558563747,18
2501.01540,2025-01-06,8,5.332718793265369,7,0,5.332718793265369,6
2501.01821,2025-01-06,8,5.262690188904886,7,0,5.262690188904886,20
2501.01895,2025-01-06,8,5.062595033026967,7,0,5.062595033026967,55
2501.01904,2025-01-06,8,5.19295685089021,7,0,4.890349128221754,33
2501.01957,2025-01-06,8,5.111987788356544,7,0,4.890349128221754,47
2501.00912,2025-01-07,19,6.0112671744041615,18,0,5.910796644040527,8
2501.01790,2025-01-07,19,6.0112671744041615,18,0,5.910796644040527,8
2501.01830,2025-01-07,19,5.988961416889864,18,0,5.953243334287785,17
2501.02045,2025-01-07,19,5.973809611869261,18,0,5.973809611869261,23
2501.02157,2025-01-07,19,5.950642552587727,18,0,5.831882477283517,32
2501.02423,2025-01-07,19,5.966146739123692,18,0,5.966146739123692,26
2501.02497,2025-01-07,19,5.916202062607435,18,0,5.916202062607435,45
2501.02506,2025-01-07,19,6.003887067106539,18,0,6.003887067106539,11
2501.02576,2025-01-07,19,5.993961427306569,18,0,5.910796644040527,15
2501.02690,2025-01-07,19,5.991464547107982,18,0,5.910796644040527,16
2501.02832,2025-01-07,19,6.0112671744041615,18,0,6.0112671744041615,8
2501.02976,2025-01-07,19,5.886104031450156,18,0,5.627621113690637,56
2501.03006,2025-01-07,19,5.968707559985366,18,0,5.627621113690637,25
2501.03059,2025-01-07,19,5.976350909297934,18,0,5.627621113690637,22
2501.03124,2025-01-07,19,5.996452088619021,18,0,5.953243334287785,14
2501.03218,2025-01-07,19,5.942799375126701,18,0,5.627621113690637,35
2501.03220,2025-01-07,19,6.021023349349527,18,0,6.021023349349527,4
2501.03225,2025-01-07,19,6.013715156042802,18,0,6.013715156042802,7
2501.03226,2025-01-07,19,5.921578419643816,18,0,5.831882477283517,43
2501.02260,2025-01-08,15,6.111467339502679,14,0,5.996452088619021,5
2501.02376,2025-01-08,15,6.118097198041348,14,0,5.996452088619021,2
2501.02393,2025-01-08,15,6.1070228877422545,14,0,6.089044875446846,7
2501.02790,2025-01-08,15,6.104793232414985,14,0,6.089044875446846,8
2501.02955,2025-01-08,15,6.021023349349527,14,0,5.43372200355424,44
2501.03262,2025-01-08,15,5.863631175598097,14,0,5.863631175598097,104
2501.03575,2025-01-08,15,5.924255797414532,14,0,5.43372200355424,82
2501.03714,2025-01-08,15,6.102558594613569,14,0,5.996452088619021,9
2501.03847,2025-01-08,15,6.07073772800249,14,0,5.996452088619021,23
2501.03895,2025-01-08,15,6.0014148779611505,14,0,5.43372200355424,52
2501.03916,2025-01-08,15,6.0867747269123065,14,0,6.0867747269123065,16
2501.03931,2025-01-08,15,6.089044875446846,14,0,5.996452088619021,15
2501.03936,2025-01-08,15,6.07073772800249,14,0,6.07073772800249,23
2501.04001,2025-01-08,15,6.008813185442595,14,0,5.43372200355424,49
2501.04561,2025-01-08,15,6.0867747269123065,14,0,6.0867747269123065,16
2501.02772,2025-01-09,13,6.655440350367647,12,1,6.655440350367647,21
2501.03271,2025-01-09,13,6.669498089857879,12,1,6.535241271013659,10
2501.04144,2025-01-09,13,6.658011045870748,12,1,6.658011045870748,19
2501.04227,2025-01-09,13,6.553933404025811,12,1,6.553933404025811,96
2501.04306,2025-01-09,13,6.637258031284457,12,1,6.159095388491933,35
2501.04519,2025-01-09,13,6.230481447578482,12,0,6.159095388491933,290
2501.04575,2025-01-09,13,6.650279048587422,12,1,6.505784060128229,25
2501.04652,2025-01-09,13,6.669498089857879,12,1,6.669498089857879,10
2501.04682,2025-01-09,13,6.54965074223381,12,1,6.535241271013659,99
2501.04686,2025-01-09,13,6.61338421837956,12,1,6.61338421837956,53
2501.04689,2025-01-09,13,6.660575149839686,12,1,6.660575149839686,17
2501.04694,2025-01-09,13,6.659293919683638,12,1,6.659293919683638,18
2501.05366,2025-01-09,13,6.542471960506805,12,1,6.505784060128229,104
2501.03489,2025-01-10,9,5.666426688112432,8,0,5.666426688112432,14
2501.04003,2025-01-10,9,5.62040086571715,8,0,5.459585514144159,27
2501.04377,2025-01-10,9,5.666426688112432,8,0,5.25227342804663,14
2501.04828,2025-01-10,9,5.673323267171493,8,0,5.673323267171493,12
2501.05032,2025-01-10,9,5.484796933490655,8,0,5.402677381872279,62
2501.05040,2025-01-10,9,5.662960480135946,8,0,5.662960480135946,15
2501.05122,2025-01-10,9,5.648974238161206,8,0,5.402677381872279,19
2501.05441,2025-01-10,9,5.3230099791384085,8,0,5.25227342804663,98
2501.05453,2025-01-10,9,5.568344503761097,8,0,5.459585514144159,41
2501.03841,2025-01-13,13,5.955837369464831,12,0,5.955837369464831,56
2501.04698,2025-01-13,13,6.056784013228625,12,0,6.023447592961033,15
2501.04961,2025-01-13,13,6.066108090103747,12,0,6.066108090103747,11
2501.05452,2025-01-13,13,6.056784013228625,12,0,5.996452088619021,15
2501.05510,2025-01-13,13,5.986452005284438,12,0,5.986452005284438,44
2501.05542,2025-01-13,13,6.061456918928017,12,0,5.996452088619021,13
2501.05707,2025-01-13,13,6.045005314036012,12,0,5.771441123130016,20
2501.05727,2025-01-13,13,5.91350300563827,12,0,5.771441123130016,72
2501.05767,2025-01-13,13,6.023447592961033,12,0,5.771441123130016,29
2501.05874,2025-01-13,13,5.905361848054571,12,0,5.71042701737487,75
2501.06186,2025-01-13,13,5.932245187448011,12,0,5.71042701737487,65
2501.06187,2025-01-13,13,6.059123195581797,12,0,6.023447592961033,14
2501.06250,2025-01-13,13,6.063785208687608,12,0,5.996452088619021,12
2501.06173,2025-01-14,12,6.1224928095143865,11,0,5.993961427306569,31
2501.06252,2025-01-14,12,6.068425588244111,11,0,6.068425588244111,55
2501.06282,2025-01-14,12,6.073044534100405,11,0,5.231108616854587,53
2501.06425,2025-01-14,12,5.981414211254481,11,0,5.231108616854587,91
2501.06458,2025-01-14,12,6.1224928095143865,11,0,5.231108616854587,31
2501.06590,2025-01-14,12,6.16541785423142,11,0,6.16541785423142,11
2501.06708,2025-01-14,12,6.1779441140506,11,0,6.1779441140506,5
2501.06842,2025-01-14,12,6.154858094016418,11,0,6.154858094016418,16
2501.07171,2025-01-14,12,6.068425588244111,11,0,5.993961427306569,55
2501.07301,2025-01-14,12,5.955837369464831,11,0,5.231108616854587,101
2501.07572,2025-01-14,12,6.137727054086234,11,0,5.231108616854587,24
2501.07574,2025-01-14,12,6.161207321695077,11,0,6.161207321695077,13
2501.05131,2025-01-15,18,6.448889394146858,17,1,6.448889394146858,37
2501.06751,2025-01-15,18,6.456769655572163,17,1,6.368187186350492,32
2501.07556,2025-01-15,18,6.495265555937008,17,1,6.495265555937008,7
2501.07730,2025-01-15,18,6.478509642208569,17,1,6.368187186350492,18
2501.07888,2025-01-15,18,6.483107351457199,17,1,6.483107351457199,15
2501.08120,2025-01-15,18,6.4967749901858625,17,1,6.4967749901858625,6
2501.08167,2025-01-15,18,6.4967749901858625,17,1,6.470799503782602,6
2501.08187,2025-01-15,18,6.464588303689961,17,1,5.765191102784844,27
2501.08197,2025-01-15,18,6.492239835020471,17,1,6.47543271670409,9
2501.08225,2025-01-15,18,6.47543271670409,17,1,6.315358001522335,20
2501.08284,2025-01-15,18,6.493753839851686,17,1,6.493753839851686,8
2501.08292,2025-01-15,18,6.480044561926653,17,1,6.470799503782602,17
2501.08313,2025-01-15,18,5.8998973535824915,17,0,5.765191102784844,304
2501.08316,2025-01-15,18,6.450470422144176,17,1,6.368187186350492,36
2501.08319,2025-01-15,18,6.489204931325317,17,1,6.47543271670409,11
2501.08326,2025-01-15,18,6.453624998892692,17,1,6.315358001522335,34
2501.08328,2025-01-15,18,6.476972362889683,17,1,5.765191102784844,19
2501.08332,2025-01-15,18,6.408528791059498,17,1,6.315358001522335,62
2412.19412,2025-01-16,11,5.19295685089021,10,0,5.111987788356544,4
2501.04693,2025-01-16,11,5.19295685089021,10,0,5.111987788356544,4
2501.07783,2025-01-16,11,5.170483995038151,10,0,5.170483995038151,8
2501.08365,2025-01-16,11,4.804021044733257,10,0,4.804021044733257,62
2501.08809,2025-01-16,11,5.159055299214529,10,0,5.159055299214529,10
2501.08828,2025-01-16,11,5.0369526024136295,10,0,5.0369526024136295,30
2501.08970,2025-01-16,11,5.181783550292085,10,0,5.181783550292085,6
2501.08983,2025-01-16,11,5.087596335232384,10,0,5.087596335232384,22
2501.08994,2025-01-16,11,5.1298987149230735,10,0,5.056245805348308,15
2501.09012,2025-01-16,11,5.159055299214529,10,0,5.111987788356544,10
2501.09019,2025-01-16,11,5.147494476813453,10,0,5.056245805348308,12
2501.08617,2025-01-17,12,5.831882477283517,11,0,5.831882477283517,10
2501.09038,2025-01-17,12,5.75890177387728,11,0,5.147494476813453,34
2501.09433,2025-01-17,12,5.808142489980444,11,0,5.147494476813453,18
2501.09484,2025-01-17,12,5.805134968916488,11,0,5.655991810819852,19
2501.09503,2025-01-17,12,5.820082930352362,11,0,5.820082930352362,14
2501.09653,2025-01-17,12,5.82600010738045,11,0,5.82600010738045,12
2501.09686,2025-01-17,12,5.736572297479192,11,0,5.736572297479192,41
2501.09732,2025-01-17,12,5.631211781821365,11,0,5.147494476813453,72
2501.09747,2025-01-17,12,5.7745515455444085,11,0,5.7745515455444085,29
2501.09751,2025-01-17,12,5.720311776607412,11,0,5.655991810819852,46
2501.09755,2025-01-17,12,5.755742213586912,11,0,5.147494476813453,35
2501.09756,2025-01-17,12,5.802118375377063,11,0,5.147494476813453,20
2501.09775,2025-01-20,9,5.568344503761097,8,0,5.480638923341991,32
2501.09825,2025-01-20,9,5.634789603169249,8,0,5.541263545158426,14
2501.09891,2025-01-20,9,5.187385805840755,8,0,5.187385805840755,115
2501.09978,2025-01-20,9,5.662960480135946,8,0,5.662960480135946,6
2501.10020,2025-01-20,9,5.594711379601839,8,0,5.541263545158426,25
2501.10021,2025-01-20,9,5.634789603169249,8,0,5.598421958998375,14
2501.10045,2025-01-20,9,5.648974238161206,8,0,5.598421958998375,10
2501.10120,2025-01-20,9,5.476463551931511,8,0,5.476463551931511,55
2501.10132,2025-01-20,9,5.605802066295998,8,0,5.480638923341991,22
2501.08325,2025-01-21,3,3.6375861597263857,2,0,2.3978952727983707,68
2501.09284,2025-01-21,3,4.564348191467836,2,0,4.564348191467836,10
2501.09781,2025-01-21,3,4.3694478524670215,2,0,2.3978952727983707,27
2501.08331,2025-01-22,20,6.495265555937008,19,0,6.20455776256869,20
2501.10057,2025-01-22,20,6.51025834052315,19,0,6.371611847231857,10
2501.10573,2025-01-22,20,6.511745329644728,19,0,6.481577129276431,9
2501.10687,2025-01-22,20,6.502790045915623,19,0,6.464588303689961,15
2501.10893,2025-01-22,20,6.486160788944089,19,0,6.376726947898627,26
2501.11223,2025-01-22,20,6.47543271670409,19,0,6.47543271670409,33
2501.11425,2025-01-22,20,6.35088571671474,19,0,6.35088571671474,109
2501.11733,2025-01-22,20,6.483107351457199,19,0,6.483107351457199,28
2501.11873,2025-01-22,20,6.419994928147142,19,0,6.376726947898627,68
2501.11900,2025-01-22,20,6.516193076042964,19,0,6.481577129276431,6
2501.12202,2025-01-22,20,6.447305862541213,19,0,6.20455776256869,51
2501.12206,2025-01-22,20,6.519147287940395,19,0,6.371611847231857,4
2501.12224,2025-01-22,20,6.452048954437226,19,0,6.20455776256869,48
2501.12273,2025-01-22,20,6.504288173536645,19,0,6.481577129276431,14
2501.12326,2025-01-22,20,6.42648845745769,19,0,6.42648845745769,64
2501.12368,2025-01-22,20,6.456769655572163,19,0,6.20455776256869,45
2501.12375,2025-01-22,20,6.490723534502507,19,0,6.20455776256869,23
2501.12380,2025-01-22,20,6.395261598115449,19,0,6.371611847231857,83
2501.12389,2025-01-22,20,6.51025834052315,19,0,6.464588303689961,10
2501.12390,2025-01-22,20,6.502790045915623,19,0,6.464588303689961,15
2501.11067,2025-01-23,10,6.823286122355687,9,1,6.823286122355687,13
2501.12570,2025-01-23,10,6.806829360392176,9,1,6.806829360392176,28
2501.12599,2025-01-23,10,6.68586094706836,9,1,6.68586094706836,131
2501.12895,2025-01-23,10,6.769641976852503,9,1,5.641907070938114,61
2501.12909,2025-01-23,10,6.754604099487962,9,1,5.641907070938114,74
2501.12948,2025-01-23,10,6.173786103901937,9,0,5.641907070938114,452
2501.13007,2025-01-23,10,6.816735880594968,9,1,5.641907070938114,19
2501.13074,2025-01-23,10,6.78897174299217,9,1,5.641907070938114,44
2501.13106,2025-01-23,10,6.733401891837359,9,1,6.733401891837359,92
2501.13928,2025-01-23,10,6.818924065275521,9,1,6.818924065275521,17
2501.10018,2025-01-24,17,5.872117789475416,16,0,5.7745515455444085,17
2501.10283,2025-01-24,17,5.908082938168931,16,0,5.7745515455444085,4
2501.10799,2025-01-24,17,5.877735781779639,16,0,5.84354441703136,15
2501.10979,2025-01-24,17,5.902633333401366,16,0,5.84354441703136,6
2501.11858,2025-01-24,17,5.8998973535824915,16,0,5.877735781779639,7
2501.13075,2025-01-24,17,5.902633333401366,16,0,5.84354441703136,6
2501.13124,2025-01-24,17,5.8998973535824915,16,0,5.8998973535824915,7
2501.13200,2025-01-24,17,5.71042701737487,16,0,5.71042701737487,70
2501.13452,2025-01-24,17,5.8971538676367405,16,0,5.877735781779639,8
2501.13554,2025-01-24,17,5.8916442118257715,16,0,5.7745515455444085,10
2501.13629,2025-01-24,17,5.780743515792329,16,0,5.780743515792329,48
2501.13824,2025-01-24,17,5.8916442118257715,16,0,5.8916442118257715,10
2501.13826,2025-01-24,17,5.8522024797744745,16,0,5.429345628954441,24
2501.13918,2025-01-24,17,5.762051382780177,16,0,5.429345628954441,54
2501.13919,2025-01-24,17,5.855071922202427,16,0,5.429345628954441,23
2501.13920,2025-01-24,17,5.8664680569332965,16,0,5.7745515455444085,19
2501.13926,2025-01-24,17,5.796057750765372,16,0,5.429345628954441,43
2403.14614,2025-01-27,12,5.564520407322694,11,0,5.529429087511423,2
2406.18516,2025-01-27,12,5.556828061699537,11,0,5.537334267018537,4
2411.19458,2025-01-27,12,5.54907608489522,11,0,5.54907608489522,6
2501.11325,2025-01-27,12,5.552959584921617,11,0,5.537334267018537,5
2501.13687,2025-01-27,12,5.537334267018537,11,0,5.537334267018537,9
2501.13925,2025-01-27,12,5.541263545158426,11,0,5.541263545158426,8
2501.13953,2025-01-27,12,5.455321115357702,11,0,5.332718793265369,29
2501.14176,2025-01-27,12,5.459585514144159,11,0,5.062595033026967,28
2501.14249,2025-01-27,12,5.225746673713202,11,0,5.062595033026967,77
2501.14342,2025-01-27,12,5.3230099791384085,11,0,5.3230099791384085,58
2501.14492,2025-01-27,12,5.4638318050256105,11,0,5.332718793265369,27
2501.14726,2025-01-27,12,5.537334267018537,11,0,5.529429087511423,9
2403.09193,2025-01-28,14,5.6240175061873385,13,0,5.6240175061873385,9
2501.12370,2025-01-28,14,5.6131281063880705,13,0,5.594711379601839,12
2501.14723,2025-01-28,14,5.62040086571715,13,0,5.598421958998375,10
2501.14912,2025-01-28,14,5.638354669333745,13,0,5.638354669333745,5
2501.15368,2025-01-28,14,5.41610040220442,13,0,5.0238805208462765,61
2501.15369,2025-01-28,14,5.60947179518496,13,0,5.5134287461649825,13
2501.15383,2025-01-28,14,5.3612921657094255,13,0,5.0238805208462765,73
2501.15420,2025-01-28,14,5.627621113690637,13,0,5.594711379601839,8
2501.15427,2025-01-28,14,5.634789603169249,13,0,5.598421958998375,6
2501.15570,2025-01-28,14,5.564520407322694,13,0,5.5134287461649825,25
2501.15907,2025-01-28,14,5.5909869805108565,13,0,5.5909869805108565,18
2501.16142,2025-01-28,14,5.541263545158426,13,0,5.541263545158426,31
2501.16273,2025-01-28,14,5.638354669333745,13,0,5.594711379601839,5
2501.16295,2025-01-28,14,5.6240175061873385,13,0,5.594711379601839,9
2501.14417,2025-01-29,10,5.594711379601839,9,0,5.594711379601839,3
2501.15747,2025-01-29,10,5.579729825986222,9,0,5.564520407322694,7
2501.16372,2025-01-29,10,5.560681631015528,9,0,5.560681631015528,12
2501.16496,2025-01-29,10,5.521460917862246,9,0,5.365976015021851,22
2501.16764,2025-01-29,10,5.521460917862246,9,0,5.521460917862246,22
2501.16937,2025-01-29,10,5.575949103146316,9,0,5.575949103146316,8
2501.16975,2025-01-29,10,5.480638923341991,9,0,5.480638923341991,32
2501.17116,2025-01-29,10,5.4638318050256105,9,0,5.365976015021851,36
2501.17117,2025-01-29,10,5.5909869805108565,9,0,5.564520407322694,4
2501.17161,2025-01-29,10,4.990432586778736,9,0,4.990432586778736,125
2501.14334,2025-01-30,7,5.017279836814924,6,0,5.017279836814924,20
2501.15654,2025-01-30,7,5.043425116919247,6,0,5.043425116919247,16
2501.15891,2025-01-30,7,5.043425116919247,6,0,5.043425116919247,16
2501.17195,2025-01-30,7,4.912654885736052,6,0,4.343805421853684,35
2501.17433,2025-01-30,7,5.081404364984463,6,0,4.990432586778736,10
2501.17703,2025-01-30,7,4.718498871295094,6,0,4.343805421853684,59
2501.17749,2025-01-30,7,5.056245805348308,6,0,4.990432586778736,14
2501.16411,2025-01-31,10,5.707110264748875,9,0,5.616771097666572,19
2501.16609,2025-01-31,10,5.746203190540153,9,0,5.746203190540153,7
2501.18009,2025-01-31,10,5.6937321388027,9,0,5.6937321388027,23
2501.18362,2025-01-31,10,5.6937321388027,9,0,5.6937321388027,23
2501.18427,2025-01-31,10,5.683579767338681,9,0,5.616771097666572,26
2501.18438,2025-01-31,10,5.6937321388027,9,0,5.6937321388027,23
2501.18492,2025-01-31,10,5.44673737166631,9,0,5.44673737166631,88
2501.18511,2025-01-31,10,5.703782474656201,9,0,5.703782474656201,20
2501.18512,2025-01-31,10,5.673323267171493,9,0,5.438079308923196,29
2501.18585,2025-01-31,10,5.556828061699537,9,0,5.438079308923196,61
2404.07097,2025-02-03,16,5.780743515792329,15,0,5.780743515792329,4
2411.04983,2025-02-03,16,5.752572638825633,15,0,5.752572638825633,13
2501.14677,2025-02-03,16,5.683579767338681,15,0,5.6240175061873385,34
2501.18052,2025-02-03,16,5.768320995793772,15,0,5.752572638825633,8
2501.18119,2025-02-03,16,5.713732805509369,15,0,4.727387818712341,25
2501.18128,2025-02-03,16,5.780743515792329,15,0,5.780743515792329,4
2501.18753,2025-02-03,16,5.783825182329737,15,0,5.783825182329737,3
2501.18804,2025-02-03,16,5.777652323222656,15,0,5.752572638825633,5
2501.18837,2025-02-03,16,5.762051382780177,15,0,5.762051382780177,10
2501.18841,2025-02-03,16,5.780743515792329,15,0,5.771441123130016,4
2501.18965,2025-02-03,16,5.771441123130016,15,0,5.771441123130016,7
2501.19324,2025-02-03,16,5.666426688112432,15,0,4.727387818712341,39
2501.19339,2025-02-03,16,5.739792912179234,15,0,5.6240175061873385,17
2501.19393,2025-02-03,16,5.308267697401205,15,0,4.727387818712341,126
2501.19399,2025-02-03,16,5.713732805509369,15,0,4.727387818712341,25
2502.00299,2025-02-03,16,5.783825182329737,15,0,5.771441123130016,3
2501.18055,2025-02-04,26,6.643789733147672,25,1,6.6293632534374485,3
2501.18636,2025-02-04,26,6.606650186198215,25,1,6.606650186198215,31
2502.00094,2025-02-04,26,6.62273632394984,25,1,6.2166061010848646,19
2502.00314,2025-02-04,26,6.643789733147672,25,1,6.6293632534374485,3
2502.00698,2025-02-04,26,6.616065185132817,25,1,6.582025138892826,24
2502.00987,2025-02-04,26,6.635946555686647,25,1,6.618738983517219,9
2502.01061,2025-02-04,26,6.302618975744905,25,0,6.2166061010848646,225
2502.01068,2025-02-04,26,6.6240652277998935,25,1,6.2878585601617845,18
2502.01081,2025-02-04,26,6.630683385642372,25,1,6.618738983517219,13
2502.01100,2025-02-04,26,6.620073206530356,25,1,6.587550014824796,21
2502.01126,2025-02-04,26,6.642486801367256,25,1,6.587550014824796,4
2502.01142,2025-02-04,26,6.61472560020376,25,1,6.582025138892826,25
2502.01208,2025-02-04,26,6.633318433280377,25,1,6.587550014824796,11
2502.01237,2025-02-04,26,6.489204931325317,25,1,6.2878585601617845,113
2502.01341,2025-02-04,26,6.595780513961311,25,1,6.56244409369372,39
2502.01441,2025-02-04,26,6.637258031284457,25,1,6.60934924316738,8
2502.01456,2025-02-04,26,6.5638555265321274,25,1,6.2878585601617845,62
2502.01534,2025-02-04,26,6.594413459749778,25,1,6.2878585601617845,40
2502.01572,2025-02-04,26,6.620073206530356,25,1,6.60934924316738,21
2502.01584,2025-02-04,26,6.635946555686647,25,1,6.587550014824796,9
2502.01591,2025-02-04,26,6.634633357861686,25,1,6.634633357861686,10
2502.01619,2025-02-04,26,6.642486801367256,25,1,6.642486801367256,4
2502.01636,2025-02-04,26,6.642486801367256,25,1,6.6293632534374485,4
2502.01637,2025-02-04,26,6.616065185132817,25,1,6.56244409369372,24
2502.01639,2025-02-04,26,6.61338421837956,25,1,6.2166061010848646,26
2502.02095,2025-02-04,26,6.642486801367256,25,1,6.6293632534374485,4
2501.19054,2025-02-05,14,5.4680601411351315,13,0,5.3981627015177525,9
2501.19066,2025-02-05,14,5.4510384535657,13,0,5.41610040220442,13
2501.19389,2025-02-05,14,5.480638923341991,13,0,5.3981627015177525,6
2502.00674,2025-02-05,14,5.4510384535657,13,0,5.4510384535657,13
2502.00840,2025-02-05,14,5.5053315359323625,13,0,5.5053315359323625,0
2502.01362,2025-02-05,14,5.384495062789089,13,0,5.384495062789089,28
2502.01718,2025-02-05,14,5.375278407684165,13,0,5.375278407684165,30
2502.01720,2025-02-05,14,5.472270673671475,13,0,5.41610040220442,8
2502.01839,2025-02-05,14,5.4638318050256105,13,0,5.3981627015177525,10
2502.01941,2025-02-05,14,5.442417710521793,13,0,5.3706380281276624,15
2502.02492,2025-02-05,14,5.19295685089021,13,0,5.19295685089021,66
2502.02508,2025-02-05,14,5.4116460518550396,13,0,5.4116460518550396,22
2502.02584,2025-02-05,14,5.438079308923196,13,0,5.3706380281276624,16
2502.02589,2025-02-05,14,5.4680601411351315,13,0,5.4680601411351315,9
2502.00226,2025-02-06,14,6.302618975744905,13,1,6.302618975744905,0
2502.00306,2025-02-06,14,6.293419278846481,13,1,6.293419278846481,5
2502.01105,2025-02-06,14,6.263398262591624,13,1,6.263398262591624,21
2502.01154,2025-02-06,14,6.284134161070802,13,1,6.272877006546167,10
2502.01506,2025-02-06,14,6.2285110035911835,13,1,6.2285110035911835,39
2502.01618,2025-02-06,14,6.284134161070802,13,1,6.169610732491456,10
2502.02339,2025-02-06,14,6.259581464064923,13,1,5.204006687076795,23
2502.02421,2025-02-06,14,6.29156913955832,13,1,6.272877006546167,6
2502.02671,2025-02-06,14,6.267200548541362,13,1,6.267200548541362,19
2502.02737,2025-02-06,14,5.655991810819852,13,0,5.204006687076795,260
2502.02928,2025-02-06,14,6.278521424165844,13,1,6.278521424165844,13
2502.03275,2025-02-06,14,6.269096283706261,13,1,5.204006687076795,18
2502.03373,2025-02-06,14,6.1903154058531475,13,1,6.169610732491456,58
2502.03387,2025-02-06,14,6.180016653652572,13,1,5.204006687076795,63
2501.19085,2025-02-07,22,6.152732694704104,21,0,6.152732694704104,5
2502.00473,2025-02-07,22,6.111467339502679,21,0,5.991464547107982,24
2502.00988,2025-02-07,22,6.150602768446279,21,0,6.150602768446279,6
2502.00989,2025-02-07,22,6.1463292576688975,21,0,6.1463292576688975,8
2502.02358,2025-02-07,22,6.1224928095143865,21,0,5.937536205082426,19
2502.03032,2025-02-07,22,6.028278520230698,21,0,6.028278520230698,60
2502.03544,2025-02-07,22,6.066108090103747,21,0,6.066108090103747,44
2502.03621,2025-02-07,22,6.09807428216624,21,0,5.937536205082426,30
2502.03639,2025-02-07,22,6.144185634125646,21,0,5.991464547107982,9
2502.03860,2025-02-07,22,6.1092475827643655,21,0,6.082218910376446,25
2502.04128,2025-02-07,22,6.104793232414985,21,0,6.104793232414985,27
2502.04153,2025-02-07,22,6.111467339502679,21,0,6.0112671744041615,24
2502.04235,2025-02-07,22,6.113682179832232,21,0,6.0112671744041615,23
2502.04270,2025-02-07,22,6.137727054086234,21,0,6.082218910376446,12
2502.04295,2025-02-07,22,6.135564891081739,21,0,6.061456918928017,13
2502.04296,2025-02-07,22,6.150602768446279,21,0,5.991464547107982,6
2502.04299,2025-02-07,22,6.124683390894205,21,0,5.937536205082426,18
2502.04306,2025-02-07,22,6.12029741895095,21,0,6.0112671744041615,20
2502.04313,2025-02-07,22,6.091309882077698,21,0,6.061456918928017,33
2502.04320,2025-02-07,22,6.0844994130751715,21,0,5.991464547107982,36
2502.04322,2025-02-07,22,6.156978985585555,21,0,6.156978985585555,3
2502.04328,2025-02-07,22,6.100318952020064,21,0,5.937536205082426,29
2501.12387,2025-02-10,27,6.53813982376767,26,0,6.51025834052315,4
2502.02692,2025-02-10,27,6.543911845564792,26,0,6.543911845564792,0
2502.02909,2025-02-10,27,6.541029999189903,26,0,6.52649485957079,2
2502.03512,2025-02-10,27,6.536691597591305,26,0,6.3473892096560105,5
2502.03738,2025-02-10,27,6.52795791762255,26,0,6.52795791762255,11
2502.03771,2025-02-10,27,6.539585955617669,26,0,6.522092798170152,3
2502.04327,2025-02-10,27,6.5337888379333435,26,0,6.51025834052315,7
2502.04350,2025-02-10,27,6.52795791762255,26,0,6.489204931325317,11
2502.04363,2025-02-10,27,6.52649485957079,26,0,6.3473892096560105,12
2502.04376,2025-02-10,27,6.539585955617669,26,0,6.489204931325317,3
2502.04403,2025-02-10,27,6.51025834052315,26,0,6.489204931325317,23
2502.04404,2025-02-10,27,6.507277712385012,26,0,6.473890696352274,25
2502.04416,2025-02-10,27,6.52649485957079,26,0,6.522092798170152,12
2502.04507,2025-02-10,27,6.467698726104354,26,0,6.246106765481563,51
2502.04520,2025-02-10,27,6.529418838262226,26,0,6.52649485957079,10
2502.04689,2025-02-10,27,6.530877627725885,26,0,6.530877627725885,9
2502.04728,2025-02-10,27,6.516193076042964,26,0,6.516193076042964,19
2502.04896,2025-02-10,27,6.376726947898627,26,0,6.3473892096560105,107
2502.04959,2025-02-10,27,6.52649485957079,26,0,6.51025834052315,12
2502.05003,2025-02-10,27,6.478509642208569,26,0,6.20455776256869,44
2502.05092,2025-02-10,27,6.532334292222349,26,0,6.517671272912275,8
2502.05163,2025-02-10,27,6.511745329644728,26,0,6.473890696352274,22
2502.05171,2025-02-10,27,6.289715570908998,26,0,6.20455776256869,156
2502.05173,2025-02-10,27,6.447305862541213,26,0,6.246106765481563,64
2502.05176,2025-02-10,27,6.484635235635252,26,0,6.246106765481563,40
2502.05178,2025-02-10,27,6.529418838262226,26,0,6.517671272912275,10
2502.05179,2025-02-10,27,6.508769136971682,26,0,6.246106765481563,24
2411.18676,2025-02-11,26,6.489204931325317,25,0,6.439350371100098,2
2502.03628,2025-02-11,26,6.473890696352274,25,0,6.439350371100098,12
2502.04370,2025-02-11,26,6.483107351457199,25,0,6.439350371100098,6
2502.05415,2025-02-11,26,6.461468176353717,25,0,6.461468176353717,20
2502.05431,2025-02-11,26,6.483107351457199,25,0,6.483107351457199,6
2502.05609,2025-02-11,26,6.464588303689961,25,0,5.666426688112432,18
2502.05664,2025-02-11,26,6.455198563340122,25,0,6.368187186350492,24
2502.05795,2025-02-11,26,6.429719478039138,25,0,6.376726947898627,40
2502.05957,2025-02-11,26,6.467698726104354,25,0,6.368187186350492,16
2502.06023,2025-02-11,26,6.478509642208569,25,0,6.386879319362645,9
2502.06049,2025-02-11,26,6.4425401664681985,25,0,5.666426688112432,32
2502.06060,2025-02-11,26,6.434546518787453,25,0,6.368187186350492,37
2502.06155,2025-02-11,26,6.476972362889683,25,0,6.386879319362645,10
2502.06282,2025-02-11,26,6.483107351457199,25,0,6.483107351457199,6
2502.06394,2025-02-11,26,6.3473892096560105,25,0,5.666426688112432,89
2502.06527,2025-02-11,26,6.47543271670409,25,0,6.386879319362645,11
2502.06635,2025-02-11,26,6.483107351457199,25,0,6.483107351457199,6
2502.06703,2025-02-11,26,6.230481447578482,25,0,5.666426688112432,152
2502.06764,2025-02-11,26,6.473890696352274,25,0,6.386879319362645,12
2502.06772,2025-02-11,26,6.45833828334479,25,0,5.666426688112432,22
2502.06776,2025-02-11,26,6.478509642208569,25,0,6.386879319362645,9
2502.06781,2025-02-11,26,6.400257445308821,25,0,5.666426688112432,58
2502.06782,2025-02-11,26,6.4692503167957724,25,0,6.386879319362645,15
2502.06786,2025-02-11,26,6.4425401664681985,25,0,6.376726947898627,32
2502.06788,2025-02-11,26,6.470799503782602,25,0,6.439350371100098,14
2502.06867,2025-02-11,26,6.490723534502507,25,0,6.490723534502507,1
2502.03492,2025-02-12,26,6.398594934535208,25,0,6.2766434893416445,24
2502.03997,2025-02-12,26,6.419994928147142,25,0,6.3835066348840055,11
2502.04223,2025-02-12,26,6.421622267806518,25,0,6.3835066348840055,10
2502.04465,2025-02-12,26,6.432940092739179,25,0,6.432940092739179,3
2502.05364,2025-02-12,26,6.421622267806518,25,0,6.405228458030842,10
2502.05878,2025-02-12,26,6.371611847231857,25,0,5.942799375126701,40
2502.05932,2025-02-12,26,6.431331081933479,25,0,6.431331081933479,4
2502.06329,2025-02-12,26,6.198478716492308,25,0,5.942799375126701,133
2502.06428,2025-02-12,26,6.421622267806518,25,0,6.3835066348840055,10
2502.06589,2025-02-12,26,6.403574197934815,25,0,5.942799375126701,21
2502.06755,2025-02-12,26,6.424869023905388,25,0,6.424869023905388,8
2502.06807,2025-02-12,26,6.320768294250582,25,0,6.2766434893416445,69
2502.06857,2025-02-12,26,6.398594934535208,25,0,6.398594934535208,24
2502.06884,2025-02-12,26,6.434546518787453,25,0,6.3835066348840055,2
2502.07316,2025-02-12,26,6.354370040797351,25,0,5.942799375126701,50
2502.07374,2025-02-12,26,6.371611847231857,25,0,6.336825731146441,40
2502.07445,2025-02-12,26,6.419994928147142,25,0,6.3835066348840055,11
2502.07490,2025-02-12,26,6.421622267806518,25,0,6.405228458030842,10
2502.07508,2025-02-12,26,6.403574197934815,25,0,6.354370040797351,21
2502.07527,2025-02-12,26,6.405228458030842,25,0,6.336825731146441,20
2502.07531,2025-02-12,26,6.418364935936212,25,0,6.3835066348840055,12
2502.07617,2025-02-12,26,6.39024066706535,25,0,6.354370040797351,29
2502.07640,2025-02-12,26,6.421622267806518,25,0,6.3835066348840055,10
2502.07701,2025-02-12,26,6.376726947898627,25,0,6.359573868672378,37
2502.07776,2025-02-12,26,6.429719478039138,25,0,6.429719478039138,5
2502.07785,2025-02-12,26,6.421622267806518,25,0,6.359573868672378,10
2502.00963,2025-02-13,22,6.3080984415095305,21,0,6.3080984415095305,16
2502.04411,2025-02-13,22,6.329720905522696,21,0,6.244166900663736,4
2502.05167,2025-02-13,22,6.3080984415095305,21,0,6.280395838960195,16
2502.05282,2025-02-13,22,6.336825731146441,21,0,6.336825731146441,0
2502.06145,2025-02-13,22,6.304448802421981,21,0,6.222576268071369,18
2502.06533,2025-02-13,22,6.306275286948016,21,0,6.077642243349034,17
2502.06872,2025-02-13,22,6.322565239927284,21,0,6.322565239927284,8
2502.07346,2025-02-13,22,6.238324625039508,21,0,6.077642243349034,53
2502.07563,2025-02-13,22,6.295266001439646,21,0,6.139884552226255,23
2502.07599,2025-02-13,22,6.309918278226516,21,0,6.280395838960195,15
2502.07737,2025-02-13,22,6.320768294250582,21,0,6.236369590203704,9
2502.07864,2025-02-13,22,6.206575926724928,21,0,6.206575926724928,69
2502.07870,2025-02-13,22,6.253828811575473,21,0,6.236369590203704,45
2502.07985,2025-02-13,22,6.331501849893691,21,0,6.244166900663736,3
2502.08047,2025-02-13,22,6.285998094508865,21,0,6.285998094508865,28
2502.08127,2025-02-13,22,6.226536669287466,21,0,6.077642243349034,59
2502.08168,2025-02-13,22,6.315358001522335,21,0,6.315358001522335,12
2502.08213,2025-02-13,22,6.327936783729195,21,0,6.327936783729195,5
2502.08524,2025-02-13,22,6.282266746896006,21,0,6.139884552226255,30
2502.08590,2025-02-13,22,6.257667587882639,21,0,6.244166900663736,43
2502.08606,2025-02-13,22,6.248042874508429,21,0,6.139884552226255,48
2502.08639,2025-02-13,22,6.257667587882639,21,0,6.222576268071369,43
2502.05761,2025-02-14,21,6.648984550024776,20,1,6.432940092739179,7
2502.05979,2025-02-14,21,6.646390514847729,20,1,6.52649485957079,9
2502.06608,2025-02-14,21,6.606650186198215,20,1,6.52649485957079,39
2502.08468,2025-02-14,21,6.637258031284457,20,1,6.553933404025811,16
2502.08680,2025-02-14,21,6.643789733147672,20,1,6.535241271013659,11
2502.08690,2025-02-14,21,6.601230118728877,20,1,6.52649485957079,43
2502.08910,2025-02-14,21,6.444131256700441,20,1,6.432940092739179,150
2502.08946,2025-02-14,21,6.373319789577012,20,0,6.184148890937483,193
2502.09042,2025-02-14,21,6.637258031284457,20,1,6.535241271013659,16
2502.09056,2025-02-14,21,6.616065185132817,20,1,6.184148890937483,32
2502.09082,2025-02-14,21,6.616065185132817,20,1,6.184148890937483,32
2502.09100,2025-02-14,21,6.626717749249025,20,1,6.535241271013659,24
2502.09390,2025-02-14,21,6.637258031284457,20,1,6.535241271013659,16
2502.09560,2025-02-14,21,6.612041034833092,20,1,6.553933404025811,35
2502.09601,2025-02-14,21,6.639875833826536,20,1,6.535241271013659,14
2502.09604,2025-02-14,21,6.60934924316738,20,1,6.184148890937483,37
2502.09613,2025-02-14,21,6.651571873589727,20,1,6.52649485957079,5
2502.09614,2025-02-14,21,6.646390514847729,20,1,6.535241271013659,9
2502.09619,2025-02-14,21,6.610696044717759,20,1,6.610696044717759,36
2502.09620,2025-02-14,21,6.6240652277998935,20,1,6.553933404025811,26
2502.09621,2025-02-14,21,6.621405651764134,20,1,6.621405651764134,28
2502.07586,2025-02-17,23,6.270988431858299,22,0,6.259581464064923,11
2502.07780,2025-02-17,23,6.257667587882639,22,0,6.2285110035911835,18
2502.07856,2025-02-17,23,6.282266746896006,22,0,6.144185634125646,5
2502.08130,2025-02-17,23,6.274762021241939,22,0,6.274762021241939,9
2502.08235,2025-02-17,23,6.175867270105761,22,0,6.175867270105761,59
2502.08769,2025-02-17,23,6.282266746896006,22,0,6.236369590203704,5
2502.09411,2025-02-17,23,6.249975242259483,22,0,6.045005314036012,22
2502.09638,2025-02-17,23,6.280395838960195,22,0,6.259581464064923,6
2502.09696,2025-02-17,23,6.208590026096629,22,0,6.045005314036012,43
2502.09741,2025-02-17,23,6.263398262591624,22,0,6.236369590203704,15
2502.09935,2025-02-17,23,6.269096283706261,22,0,6.144185634125646,12
2502.09955,2025-02-17,23,6.257667587882639,22,0,6.238324625039508,18
2502.09980,2025-02-17,23,6.280395838960195,22,0,6.238324625039508,6
2502.09992,2025-02-17,23,6.021023349349527,22,0,5.934894195619588,128
2502.10140,2025-02-17,23,6.274762021241939,22,0,6.2285110035911835,9
2502.10173,2025-02-17,23,6.284134161070802,22,0,6.238324625039508,4
2502.10177,2025-02-17,23,6.280395838960195,22,0,6.280395838960195,6
2502.10235,2025-02-17,23,6.274762021241939,22,0,6.236369590203704,9
2502.10248,2025-02-17,23,6.180016653652572,22,0,6.144185634125646,57
2502.10362,2025-02-17,23,6.284134161070802,22,0,6.284134161070802,4
2502.10389,2025-02-17,23,6.18826412308259,22,0,6.045005314036012,53
2502.10391,2025-02-17,23,6.226536669287466,22,0,5.934894195619588,34
2502.10392,2025-02-17,23,6.280395838960195,22,0,6.2285110035911835,6
2502.08441,2025-02-18,38,6.4692503167957724,37,0,6.423246963533519,2
2502.08745,2025-02-18,38,6.440946540632921,37,0,6.0844994130751715,20
2502.08820,2025-02-18,38,6.464588303689961,37,0,6.444131256700441,5
2502.08826,2025-02-18,38,6.4457198193855785,37,0,6.327936783729195,17
2502.09061,2025-02-18,38,6.439350371100098,37,0,6.439350371100098,21
2502.09083,2025-02-18,38,6.466144724237619,37,0,6.423246963533519,4
2502.09509,2025-02-18,38,6.45833828334479,37,0,6.331501849893691,9
2502.09969,2025-02-18,38,6.470799503782602,37,0,6.331501849893691,1
2502.10454,2025-02-18,38,6.461468176353717,37,0,6.416732282512326,7
2502.10458,2025-02-18,38,6.411818267709897,37,0,6.327936783729195,38
2502.10550,2025-02-18,38,6.459904454377535,37,0,6.416732282512326,8
2502.11085,2025-02-18,38,6.467698726104354,37,0,6.423246963533519,3
2502.11089,2025-02-18,38,6.169610732491456,37,0,6.0844994130751715,169
2502.11098,2025-02-18,38,6.452048954437226,37,0,6.444131256700441,13
2502.11157,2025-02-18,38,6.461468176353717,37,0,6.423246963533519,7
2502.11167,2025-02-18,38,6.456769655572163,37,0,6.440946540632921,10
2502.11177,2025-02-18,38,6.456769655572163,37,0,6.440946540632921,10
2502.11190,2025-02-18,38,6.424869023905388,37,0,6.331501849893691,30
2502.11196,2025-02-18,38,6.436150368369428,37,0,6.331501849893691,23
2502.11275,2025-02-18,38,6.461468176353717,37,0,6.331501849893691,7
2502.11330,2025-02-18,38,6.448889394146858,37,0,6.423246963533519,15
2502.11336,2025-02-18,38,6.470799503782602,37,0,6.331501849893691,1
2502.11357,2025-02-18,38,6.455198563340122,37,0,6.327936783729195,11
2502.11438,2025-02-18,38,6.459904454377535,37,0,6.331501849893691,8
2502.11574,2025-02-18,38,6.466144724237619,37,0,6.416732282512326,4
2502.11578,2025-02-18,38,6.472346294500901,37,0,6.440946540632921,0
2502.11748,2025-02-18,38,6.466144724237619,37,0,6.327936783729195,4
2502.11775,2025-02-18,38,6.45833828334479,37,0,6.416732282512326,9
2502.11831,2025-02-18,38,6.440946540632921,37,0,6.440946540632921,20
2502.11901,2025-02-18,38,6.46302945692067,37,0,6.331501849893691,6
2502.12054,2025-02-18,38,6.461468176353717,37,0,6.416732282512326,7
2502.12115,2025-02-18,38,6.398594934535208,37,0,6.398594934535208,46
2502.12135,2025-02-18,38,6.459904454377535,37,0,6.421622267806518,8
2502.12146,2025-02-18,38,6.447305862541213,37,0,6.421622267806518,16
2502.12148,2025-02-18,38,6.4457198193855785,37,0,6.327936783729195,17
2502.12152,2025-02-18,38,6.403574197934815,37,0,6.403574197934815,43
2502.12154,2025-02-18,38,6.459904454377535,37,0,6.421622267806518,8
2502.12982,2025-02-18,38,6.4425401664681985,37,0,6.0844994130751715,19
2502.08869,2025-02-19,32,6.597145701886651,31,0,6.363028103540465,2
2502.09245,2025-02-19,32,6.548219102762372,31,0,6.439350371100098,37
2502.09838,2025-02-19,32,6.586171654854675,31,0,6.363028103540465,10
2502.10708,2025-02-19,32,6.594413459749778,31,0,6.584791392385716,4
2502.10852,2025-02-19,32,6.597145701886651,31,0,6.431331081933479,2
2502.10990,2025-02-19,32,6.590301048196686,31,0,6.584791392385716,7
2502.11079,2025-02-19,32,6.517671272912275,31,0,6.517671272912275,58
2502.11271,2025-02-19,32,6.573680166960646,31,0,6.439350371100098,19
2502.11433,2025-02-19,32,6.54965074223381,31,0,6.54965074223381,36
2502.11564,2025-02-19,32,6.525029657843462,31,0,6.439350371100098,53
2502.12018,2025-02-19,32,6.576469569048224,31,0,6.423246963533519,17
2502.12130,2025-02-19,32,6.595780513961311,31,0,6.577861357721047,3
2502.12170,2025-02-19,32,6.583409222158765,31,0,6.539585955617669,12
2502.12215,2025-02-19,32,6.577861357721047,31,0,6.539585955617669,16
2502.12464,2025-02-19,32,6.561030665896573,31,0,6.423246963533519,28
2502.12501,2025-02-19,32,6.591673732008658,31,0,6.52649485957079,6
2502.12513,2025-02-19,32,6.577861357721047,31,0,6.363028103540465,16
2502.12524,2025-02-19,32,6.582025138892826,31,0,6.431331081933479,13
2502.12574,2025-02-19,32,6.582025138892826,31,0,6.431331081933479,13
2502.12659,2025-02-19,32,6.590301048196686,31,0,6.52649485957079,7
2502.12669,2025-02-19,32,6.597145701886651,31,0,6.52649485957079,2
2502.12859,2025-02-19,32,6.579251212010101,31,0,6.539585955617669,15
2502.12900,2025-02-19,32,6.47543271670409,31,0,6.431331081933479,86
2502.12929,2025-02-19,32,6.588926477533519,31,0,6.588926477533519,8
2502.12996,2025-02-19,32,6.590301048196686,31,0,6.590301048196686,7
2502.13063,2025-02-19,32,6.493753839851686,31,0,6.423246963533519,74
2502.13092,2025-02-19,32,6.582025138892826,31,0,6.577861357721047,13
2502.13130,2025-02-19,32,6.517671272912275,31,0,6.363028103540465,58
2502.13131,2025-02-19,32,6.548219102762372,31,0,6.52649485957079,37
2502.13142,2025-02-19,32,6.591673732008658,31,0,6.591673732008658,6
2502.13143,2025-02-19,32,6.556778356158042,31,0,6.363028103540465,31
2502.13145,2025-02-19,32,6.546785410760524,31,0,6.363028103540465,38
2502.11573,2025-02-20,32,6.5722825426940075,31,1,6.5638555265321274,9
2502.11995,2025-02-20,32,6.569481420414296,31,1,6.558197802812269,11
2502.12143,2025-02-20,32,6.52795791762255,31,1,6.52795791762255,40
2502.12638,2025-02-20,32,6.5722825426940075,31,1,6.558197802812269,9
2502.12752,2025-02-20,32,6.579251212010101,31,1,6.558197802812269,4
2502.12852,2025-02-20,32,6.580639137284949,31,1,6.5638555265321274,3
2502.13128,2025-02-20,32,6.52649485957079,31,1,6.52649485957079,41
2502.13138,2025-02-20,32,6.573680166960646,31,1,6.573680166960646,8
2502.13144,2025-02-20,32,6.530877627725885,31,1,6.1463292576688975,38
2502.13173,2025-02-20,32,6.561030665896573,31,1,6.54965074223381,17
2502.13233,2025-02-20,32,6.5638555265321274,31,1,6.466144724237619,15
2502.13270,2025-02-20,32,6.576469569048224,31,1,6.576469569048224,6
2502.13347,2025-02-20,32,6.542471960506805,31,1,6.401917196727186,30
2502.13369,2025-02-20,32,6.582025138892826,31,1,6.466144724237619,2
2502.13533,2025-02-20,32,6.566672429803241,31,1,6.55250788703459,13
2502.13573,2025-02-20,32,6.580639137284949,31,1,6.558197802812269,3
2502.13581,2025-02-20,32,6.577861357721047,31,1,6.558197802812269,5
2502.13595,2025-02-20,32,6.51471269087253,31,1,6.466144724237619,49
2502.13622,2025-02-20,32,6.579251212010101,31,1,6.466144724237619,4
2502.13685,2025-02-20,32,6.5337888379333435,31,1,6.401917196727186,36
2502.13766,2025-02-20,32,6.580639137284949,31,1,6.5638555265321274,3
2502.13791,2025-02-20,32,6.576469569048224,31,1,6.466144724237619,6
2502.13908,2025-02-20,32,6.577861357721047,31,1,6.466144724237619,5
2502.13917,2025-02-20,32,6.576469569048224,31,1,6.558197802812269,6
2502.13922,2025-02-20,32,6.546785410760524,31,1,6.401917196727186,27
2502.13923,2025-02-20,32,6.22455842927536,31,0,6.1463292576688975,219
2502.13943,2025-02-20,32,6.573680166960646,31,1,6.54965074223381,8
2502.13946,2025-02-20,32,6.570882962339584,31,1,6.55250788703459,10
2502.13962,2025-02-20,32,6.54534966033442,31,1,6.401917196727186,28
2502.13965,2025-02-20,32,6.558197802812269,31,1,6.558197802812269,19
2502.14127,2025-02-20,32,6.579251212010101,31,1,6.579251212010101,4
2502.14296,2025-02-20,32,6.520621127558696,31,1,6.520621127558696,45
2502.11262,2025-02-21,29,6.887552571664617,28,1,6.887552571664617,7
2502.12769,2025-02-21,29,6.891625897052253,28,1,6.7661917146603505,3
2502.12853,2025-02-21,29,6.86484777797086,28,1,6.363028103540465,29
2502.13759,2025-02-21,29,6.891625897052253,28,1,6.822197390620491,3
2502.13928,2025-02-21,29,6.890609120147166,28,1,6.821107472256465,4
2502.14044,2025-02-21,29,6.88653164253051,28,1,6.821107472256465,8
2502.14191,2025-02-21,29,6.887552571664617,28,1,6.821107472256465,7
2502.14258,2025-02-21,29,6.8679744089702925,28,1,6.363028103540465,26
2502.14282,2025-02-21,29,6.86484777797086,28,1,6.675823221634848,29
2502.14372,2025-02-21,29,6.85751406254539,28,1,6.822197390620491,36
2502.14377,2025-02-21,29,6.882437470997847,28,1,6.8658910748834385,12
2502.14382,2025-02-21,29,6.828712071641684,28,1,6.828712071641684,63
2502.14409,2025-02-21,29,6.891625897052253,28,1,6.891625897052253,3
2502.14499,2025-02-21,29,6.674561391814426,28,0,6.363028103540465,195
2502.14502,2025-02-21,29,6.796823718274855,28,1,6.363028103540465,92
2502.14541,2025-02-21,29,6.8885724595653635,28,1,6.7661917146603505,6
2502.14638,2025-02-21,29,6.883462586413092,28,1,6.821107472256465,11
2502.14669,2025-02-21,29,6.879355804460439,28,1,6.822197390620491,15
2502.14678,2025-02-21,29,6.876264611890766,28,1,6.363028103540465,18
2502.14739,2025-02-21,29,6.776506992372183,28,1,6.7661917146603505,110
2502.14768,2025-02-21,29,6.84587987526405,28,1,6.363028103540465,47
2502.14786,2025-02-21,29,6.71174039505618,28,1,6.675823221634848,165
2502.14802,2025-02-21,29,6.881411303642535,28,1,6.881411303642535,13
2502.14834,2025-02-21,29,6.870053411798126,28,1,6.821107472256465,24
2502.14842,2025-02-21,29,6.890609120147166,28,1,6.822197390620491,4
2502.14844,2025-02-21,29,6.878326468291325,28,1,6.8658910748834385,16
2502.14846,2025-02-21,29,6.878326468291325,28,1,6.821107472256465,16
2502.14854,2025-02-21,29,6.883462586413092,28,1,6.822197390620491,11
2502.14866,2025-02-21,29,6.881411303642535,28,1,6.881411303642535,13
2403.12959,2025-02-24,34,6.51471269087253,33,1,6.51471269087253,4
2502.11663,2025-02-24,34,6.459904454377535,33,1,6.393590753950631,40
2502.12084,2025-02-24,34,6.467698726104354,33,1,5.823045895483019,35
2502.13189,2025-02-24,34,6.495265555937008,33,1,6.489204931325317,17
2502.13407,2025-02-24,34,6.519147287940395,33,1,6.489204931325317,1
2502.13449,2025-02-24,34,6.453624998892692,33,1,6.453624998892692,44
2502.13502,2025-02-24,34,6.516193076042964,33,1,6.489204931325317,3
2502.13991,2025-02-24,34,6.516193076042964,33,1,6.508769136971682,3
2502.13995,2025-02-24,34,6.507277712385012,33,1,6.481577129276431,9
2502.14122,2025-02-24,34,6.517671272912275,33,1,6.472346294500901,2
2502.14302,2025-02-24,34,6.505784060128229,33,1,6.456769655572163,10
2502.14397,2025-02-24,34,6.45833828334479,33,1,6.393590753950631,41
2502.14494,2025-02-24,34,6.498282149476434,33,1,6.472346294500901,15
2502.14637,2025-02-24,34,6.507277712385012,33,1,6.481577129276431,9
2502.14767,2025-02-24,34,6.51025834052315,33,1,6.502790045915623,7
2502.14776,2025-02-24,34,6.361302477572996,33,1,5.823045895483019,100
2502.14892,2025-02-24,34,6.511745329644728,33,1,6.472346294500901,6
2502.14905,2025-02-24,34,6.505784060128229,33,1,6.467698726104354,10
2502.14922,2025-02-24,34,6.472346294500901,33,1,6.456769655572163,32
2502.14949,2025-02-24,34,6.507277712385012,33,1,6.472346294500901,9
2502.14975,2025-02-24,34,6.520621127558696,33,1,6.456769655572163,0
2502.15007,2025-02-24,34,6.222576268071369,33,0,5.823045895483019,175
2502.15011,2025-02-24,34,6.517671272912275,33,1,6.508769136971682,2
2502.15027,2025-02-24,34,6.51025834052315,33,1,6.472346294500901,7
2502.15069,2025-02-24,34,6.517671272912275,33,1,6.508769136971682,2
2502.15082,2025-02-24,34,6.519147287940395,33,1,6.508769136971682,1
2502.15086,2025-02-24,34,6.4967749901858625,33,1,6.467698726104354,16
2502.15168,2025-02-24,34,6.516193076042964,33,1,6.472346294500901,3
2502.15422,2025-02-24,34,6.505784060128229,33,1,6.472346294500901,10
2502.15589,2025-02-24,34,6.473890696352274,33,1,5.823045895483019,31
2502.15631,2025-02-24,34,6.507277712385012,33,1,6.467698726104354,9
2502.15657,2025-02-24,34,6.513230110912307,33,1,6.502790045915623,5
2502.15681,2025-02-24,34,6.508769136971682,33,1,6.481577129276431,8
2502.16457,2025-02-24,34,6.502790045915623,33,1,6.472346294500901,12
2502.13074,2025-02-25,33,6.459904454377535,32,0,6.401917196727186,2
2502.14132,2025-02-25,33,6.453624998892692,32,0,6.428105272684596,6
2502.14247,2025-02-25,33,6.453624998892692,32,0,6.194405391104672,6
2502.14429,2025-02-25,33,6.456769655572163,32,0,6.401917196727186,4
2502.15122,2025-02-25,33,6.456769655572163,32,0,6.401917196727186,4
2502.15167,2025-02-25,33,6.459904454377535,32,0,6.437751649736401,2
2502.15425,2025-02-25,33,6.448889394146858,32,0,6.421622267806518,9
2502.15799,2025-02-25,33,6.452048954437226,32,0,6.398594934535208,7
2502.15814,2025-02-25,33,6.349138991379798,32,0,6.322565239927284,69
2502.15823,2025-02-25,33,6.452048954437226,32,0,6.322565239927284,7
2502.15872,2025-02-25,33,6.455198563340122,32,0,6.455198563340122,5
2502.15894,2025-02-25,33,6.431331081933479,32,0,6.3818160174060985,20
2502.15919,2025-02-25,33,6.456769655572163,32,0,6.456769655572163,4
2502.15920,2025-02-25,33,6.45833828334479,32,0,6.421622267806518,3
2502.15987,2025-02-25,33,6.444131256700441,32,0,6.401917196727186,12
2502.16033,2025-02-25,33,6.434546518787453,32,0,6.210600077024653,18
2502.16584,2025-02-25,33,6.405228458030842,32,0,6.405228458030842,36
2502.16614,2025-02-25,33,6.419994928147142,32,0,6.210600077024653,27
2502.16622,2025-02-25,33,6.459904454377535,32,0,6.428105272684596,2
2502.16701,2025-02-25,33,6.437751649736401,32,0,6.401917196727186,16
2502.16707,2025-02-25,33,6.440946540632921,32,0,6.437751649736401,14
2502.16810,2025-02-25,33,6.440946540632921,32,0,6.428105272684596,14
2502.16894,2025-02-25,33,6.410174881966167,32,0,6.398594934535208,33
2502.16922,2025-02-25,33,6.450470422144176,32,0,6.322565239927284,8
2502.17055,2025-02-25,33,6.431331081933479,32,0,6.431331081933479,20
2502.17110,2025-02-25,33,6.440946540632921,32,0,6.421622267806518,14
2502.17129,2025-02-25,33,6.342121418721152,32,0,6.210600077024653,73
2502.17157,2025-02-25,33,6.3784261836515865,32,0,6.194405391104672,52
2502.17237,2025-02-25,33,6.455198563340122,32,0,6.455198563340122,5
2502.17258,2025-02-25,33,6.331501849893691,32,0,6.194405391104672,79
2502.17407,2025-02-25,33,6.423246963533519,32,0,6.210600077024653,25
2502.17414,2025-02-25,33,6.440946540632921,32,0,6.194405391104672,14
2502.17435,2025-02-25,33,6.415096959171596,32,0,6.3818160174060985,30
2502.14855,2025-02-26,22,6.07073772800249,21,0,5.981414211254481,7
2502.15499,2025-02-26,22,6.052089168924417,21,0,6.042632833682381,15
2502.15612,2025-02-26,22,6.077642243349034,21,0,6.059123195581797,4
2502.16069,2025-02-26,22,6.040254711277414,21,0,6.040254711277414,20
2502.16794,2025-02-26,22,6.075346031088684,21,0,6.075346031088684,5
2502.16825,2025-02-26,22,6.07073772800249,21,0,6.066108090103747,7
2502.17092,2025-02-26,22,6.07993319509559,21,0,6.025865973825314,3
2502.17262,2025-02-26,22,6.035481432524756,21,0,6.035481432524756,22
2502.17363,2025-02-26,22,5.998936561946683,21,0,5.981414211254481,37
2502.17422,2025-02-26,22,6.07073772800249,21,0,6.025865973825314,7
2502.17425,2025-02-26,22,6.049733455231958,21,0,6.025865973825314,16
2502.17535,2025-02-26,22,6.068425588244111,21,0,6.059123195581797,8
2502.17814,2025-02-26,22,6.077642243349034,21,0,6.042632833682381,4
2502.17910,2025-02-26,22,6.0844994130751715,21,0,6.052089168924417,1
2502.18137,2025-02-26,22,5.940171252720432,21,0,5.940171252720432,60
2502.18302,2025-02-26,22,6.075346031088684,21,0,6.035481432524756,5
2502.18316,2025-02-26,22,6.082218910376446,21,0,6.066108090103747,2
2502.18356,2025-02-26,22,6.054439346269371,21,0,6.052089168924417,14
2502.18364,2025-02-26,22,6.0014148779611505,21,0,5.799092654460526,36
2502.18411,2025-02-26,22,5.902633333401366,21,0,5.799092654460526,74
2502.18449,2025-02-26,22,5.8998973535824915,21,0,5.8998973535824915,75
2502.18461,2025-02-26,22,6.0473721790462776,21,0,6.035481432524756,17
2502.15885,2025-02-27,24,6.236369590203704,23,0,6.236369590203704,2
2502.16284,2025-02-27,24,6.2285110035911835,23,0,6.184148890937483,6
2502.16776,2025-02-27,24,6.2285110035911835,23,0,6.2285110035911835,6
2502.17540,2025-02-27,24,6.234410725718371,23,0,6.2166061010848646,3
2502.17955,2025-02-27,24,6.175867270105761,23,0,5.808142489980444,32
2502.18417,2025-02-27,24,6.100318952020064,23,0,6.100318952020064,67
2502.18418,2025-02-27,24,6.182084906716632,23,0,6.182084906716632,29
2502.18772,2025-02-27,24,6.175867270105761,23,0,5.808142489980444,32
2502.18779,2025-02-27,24,6.230481447578482,23,0,6.230481447578482,5
2502.18864,2025-02-27,24,6.131226489483141,23,0,5.996452088619021,53
2502.18906,2025-02-27,24,6.2166061010848646,23,0,6.182084906716632,12
2502.18934,2025-02-27,24,6.104793232414985,23,0,5.808142489980444,65
2502.19187,2025-02-27,24,6.220590170099739,23,0,6.182084906716632,10
2502.19204,2025-02-27,24,6.218600119691729,23,0,6.206575926724928,11
2502.19261,2025-02-27,24,6.2285110035911835,23,0,6.206575926724928,6
2502.19279,2025-02-27,24,6.218600119691729,23,0,5.996452088619021,11
2502.19312,2025-02-27,24,6.226536669287466,23,0,6.182084906716632,7
2502.19328,2025-02-27,24,6.194405391104672,23,0,5.808142489980444,23
2502.19361,2025-02-27,24,6.184148890937483,23,0,5.808142489980444,28
2502.19400,2025-02-27,24,6.144185634125646,23,0,5.996452088619021,47
2502.19413,2025-02-27,24,6.19644412779452,23,0,6.184148890937483,22
2502.19414,2025-02-27,24,6.20050917404269,23,0,6.20050917404269,20
2502.19870,2025-02-27,24,6.222576268071369,23,0,6.2166061010848646,9
2502.20311,2025-02-27,24,6.2285110035911835,23,0,6.2285110035911835,6
2502.16111,2025-02-28,21,6.19644412779452,20,0,6.175867270105761,9
2502.16645,2025-02-28,21,6.171700597410915,20,0,6.171700597410915,21
2502.16750,2025-02-28,21,6.194405391104672,20,0,6.175867270105761,10
2502.16944,2025-02-28,21,6.194405391104672,20,0,6.1092475827643655,10
2502.17355,2025-02-28,21,6.194405391104672,20,0,6.194405391104672,10
2502.18197,2025-02-28,21,6.20050917404269,20,0,6.1779441140506,7
2502.19459,2025-02-28,21,6.192362489474872,20,0,6.1779441140506,11
2502.19587,2025-02-28,21,6.133398042996649,20,0,6.052089168924417,39
2502.19613,2025-02-28,21,6.035481432524756,20,0,6.035481432524756,82
2502.19634,2025-02-28,21,6.082218910376446,20,0,5.8888779583328805,62
2502.19735,2025-02-28,21,6.19644412779452,20,0,6.1092475827643655,9
2502.20082,2025-02-28,21,6.139884552226255,20,0,6.052089168924417,36
2502.20126,2025-02-28,21,6.175867270105761,20,0,6.077642243349034,19
2502.20127,2025-02-28,21,6.198478716492308,20,0,6.1092475827643655,8
2502.20172,2025-02-28,21,6.154858094016418,20,0,5.8888779583328805,29
2502.20238,2025-02-28,21,6.1675164908883415,20,0,6.1092475827643655,23
2502.20307,2025-02-28,21,6.1779441140506,20,0,5.8888779583328805,18
2502.20321,2025-02-28,21,6.152732694704104,20,0,5.8888779583328805,30
2502.20378,2025-02-28,21,6.20455776256869,20,0,6.20455776256869,5
2502.20388,2025-02-28,21,6.182084906716632,20,0,6.182084906716632,16
2502.20395,2025-02-28,21,6.12029741895095,20,0,6.077642243349034,45
2502.17125,2025-03-03,18,5.820082930352362,17,0,5.662960480135946,14
2502.17941,2025-03-03,18,5.831882477283517,17,0,5.831882477283517,10
2502.18017,2025-03-03,18,5.799092654460526,17,0,5.799092654460526,21
2502.18600,2025-03-03,18,5.707110264748875,17,0,5.41610040220442,50
2502.19577,2025-03-03,18,5.8289456176102075,17,0,5.645446897643238,11
2502.19731,2025-03-03,18,5.840641657373398,17,0,5.41610040220442,7
2502.20380,2025-03-03,18,5.765191102784844,17,0,5.41610040220442,32
2502.20396,2025-03-03,18,5.817111159963204,17,0,5.41610040220442,15
2502.20490,2025-03-03,18,5.84354441703136,17,0,5.802118375377063,6
2502.20545,2025-03-03,18,5.796057750765372,17,0,5.41610040220442,22
2502.20583,2025-03-03,18,5.823045895483019,17,0,5.823045895483019,13
2502.20730,2025-03-03,18,5.746203190540153,17,0,5.662960480135946,38
2502.20811,2025-03-03,18,5.8522024797744745,17,0,5.8522024797744745,3
2502.20900,2025-03-03,18,5.834810737062605,17,0,5.802118375377063,9
2502.20969,2025-03-03,18,5.8289456176102075,17,0,5.662960480135946,11
2502.21291,2025-03-03,18,5.846438775057725,17,0,5.802118375377063,5
2502.21318,2025-03-03,18,5.783825182329737,17,0,5.783825182329737,26
2503.00808,2025-03-03,18,5.683579767338681,17,0,5.645446897643238,57
2502.16779,2025-03-04,28,6.284134161070802,27,0,6.284134161070802,4
2502.18890,2025-03-04,28,6.234410725718371,27,0,6.208590026096629,30
2502.18965,2025-03-04,28,6.238324625039508,27,0,6.238324625039508,28
2502.19402,2025-03-04,28,6.282266746896006,27,0,6.282266746896006,5
2502.20383,2025-03-04,28,6.285998094508865,27,0,6.274762021241939,3
2503.00031,2025-03-04,28,6.263398262591624,27,0,6.180016653652572,15
2503.00455,2025-03-04,28,6.280395838960195,27,0,6.274762021241939,6
2503.00501,2025-03-04,28,6.269096283706261,27,0,6.0844994130751715,12
2503.00714,2025-03-04,28,6.267200548541362,27,0,6.180016653652572,13
2503.00729,2025-03-04,28,6.285998094508865,27,0,6.0844994130751715,3
2503.00784,2025-03-04,28,6.267200548541362,27,0,6.208590026096629,13
2503.01063,2025-03-04,28,6.282266746896006,27,0,6.282266746896006,5
2503.01103,2025-03-04,28,6.282266746896006,27,0,6.246106765481563,5
2503.01183,2025-03-04,28,6.236369590203704,27,0,6.236369590203704,29
2503.01295,2025-03-04,28,6.2766434893416445,27,0,6.257667587882639,8
2503.01307,2025-03-04,28,6.2166061010848646,27,0,6.171700597410915,39
2503.01370,2025-03-04,28,6.263398262591624,27,0,6.246106765481563,15
2503.01496,2025-03-04,28,6.257667587882639,27,0,6.066108090103747,18
2503.01506,2025-03-04,28,6.272877006546167,27,0,6.180016653652572,10
2503.01688,2025-03-04,28,6.249975242259483,27,0,6.171700597410915,22
2503.01714,2025-03-04,28,6.282266746896006,27,0,6.180016653652572,5
2503.01739,2025-03-04,28,6.272877006546167,27,0,6.257667587882639,10
2503.01743,2025-03-04,28,6.1070228877422545,27,0,6.066108090103747,91
2503.01774,2025-03-04,28,6.206575926724928,27,0,6.206575926724928,44
2503.01785,2025-03-04,28,6.118097198041348,27,0,6.0844994130751715,86
2503.01807,2025-03-04,28,6.26530121273771,27,0,6.180016653652572,14
2503.01820,2025-03-04,28,6.2878585601617845,27,0,6.2878585601617845,2
2503.02379,2025-03-04,28,6.284134161070802,27,0,6.246106765481563,4
2502.14856,2025-03-05,26,5.796057750765372,25,0,5.746203190540153,8
2503.00069,2025-03-05,26,5.768320995793772,25,0,5.749392985908253,17
2503.00200,2025-03-05,26,5.777652323222656,25,0,5.717027701406222,14
2503.00735,2025-03-05,26,5.749392985908253,25,0,5.749392985908253,23
2503.00876,2025-03-05,26,5.802118375377063,25,0,5.749392985908253,6
2503.00955,2025-03-05,26,5.733341276897746,25,0,5.666426688112432,28
2503.01328,2025-03-05,26,5.771441123130016,25,0,5.746203190540153,16
2503.01342,2025-03-05,26,5.796057750765372,25,0,5.723585101952381,8
2503.01842,2025-03-05,26,5.811140992976701,25,0,5.703782474656201,3
2503.01935,2025-03-05,26,5.726847747587197,25,0,5.726847747587197,30
2503.02152,2025-03-05,26,5.808142489980444,25,0,5.777652323222656,4
2503.02197,2025-03-05,26,5.793013608384144,25,0,5.703782474656201,9
2503.02268,2025-03-05,26,5.786897381366708,25,0,5.6937321388027,11
2503.02304,2025-03-05,26,5.808142489980444,25,0,5.723585101952381,4
2503.02357,2025-03-05,26,5.799092654460526,25,0,5.717027701406222,7
2503.02368,2025-03-05,26,5.7745515455444085,25,0,5.703782474656201,15
2503.02537,2025-03-05,26,5.783825182329737,25,0,5.717027701406222,12
2503.02682,2025-03-05,26,5.730099782973574,25,0,5.6937321388027,29
2503.02783,2025-03-05,26,5.799092654460526,25,0,5.786897381366708,7
2503.02812,2025-03-05,26,5.7899601708972535,25,0,5.777652323222656,10
2503.02823,2025-03-05,26,5.811140992976701,25,0,5.723585101952381,3
2503.02846,2025-03-05,26,5.75890177387728,25,0,5.666426688112432,20
2503.02876,2025-03-05,26,5.808142489980444,25,0,5.786897381366708,4
2503.02878,2025-03-05,26,5.7899601708972535,25,0,5.703782474656201,10
2503.02879,2025-03-05,26,5.752572638825633,25,0,5.752572638825633,22
2503.03651,2025-03-05,26,5.771441123130016,25,0,5.723585101952381,16
2502.18860,2025-03-06,21,5.793013608384144,20,0,5.733341276897746,6
2502.20317,2025-03-06,21,5.7899601708972535,20,0,5.771441123130016,7
2503.00307,2025-03-06,21,5.777652323222656,20,0,5.768320995793772,11
2503.00329,2025-03-06,21,5.749392985908253,20,0,5.666426688112432,20
2503.00502,2025-03-06,21,5.805134968916488,20,0,5.771441123130016,2
2503.00865,2025-03-06,21,5.598421958998375,20,0,5.209486152841421,64
2503.01372,2025-03-06,21,5.802118375377063,20,0,5.802118375377063,3
2503.01378,2025-03-06,21,5.796057750765372,20,0,5.733341276897746,5
2503.01449,2025-03-06,21,5.799092654460526,20,0,5.799092654460526,4
2503.01729,2025-03-06,21,5.796057750765372,20,0,5.796057750765372,5
2503.01763,2025-03-06,21,5.799092654460526,20,0,5.771441123130016,4
2503.01836,2025-03-06,21,5.762051382780177,20,0,5.762051382780177,16
2503.01933,2025-03-06,21,5.771441123130016,20,0,5.771441123130016,13
2503.02003,2025-03-06,21,5.655991810819852,20,0,5.209486152841421,48
2503.02924,2025-03-06,21,5.802118375377063,20,0,5.768320995793772,3
2503.02951,2025-03-06,21,5.703782474656201,20,0,5.703782474656201,34
2503.02954,2025-03-06,21,5.799092654460526,20,0,5.799092654460526,4
2503.03044,2025-03-06,21,5.793013608384144,20,0,5.793013608384144,6
2503.03278,2025-03-06,21,5.768320995793772,20,0,5.733341276897746,14
2503.03746,2025-03-06,21,5.68697535633982,20,0,5.209486152841421,39
2503.03751,2025-03-06,21,5.733341276897746,20,0,5.666426688112432,25
2502.20258,2025-03-07,21,6.289715570908998,20,0,5.579729825986222,27
2503.01375,2025-03-07,21,6.329720905522696,20,0,6.322565239927284,5
2503.01901,2025-03-07,21,6.324358962381311,20,0,6.289715570908998,8
2503.01917,2025-03-07,21,6.318968113746434,20,0,6.311734809152915,11
2503.02191,2025-03-07,21,6.331501849893691,20,0,6.311734809152915,4
2503.02495,2025-03-07,21,6.322565239927284,20,0,6.289715570908998,9
2503.02972,2025-03-07,21,6.293419278846481,20,0,5.579729825986222,25
2503.03803,2025-03-07,21,6.253828811575473,20,0,6.253828811575473,46
2503.03962,2025-03-07,21,6.331501849893691,20,0,6.322565239927284,4
2503.03983,2025-03-07,21,6.285998094508865,20,0,6.285998094508865,29
2503.04094,2025-03-07,21,6.317164686747284,20,0,6.317164686747284,12
2503.04130,2025-03-07,21,6.150602768446279,20,0,6.118097198041348,97
2503.04222,2025-03-07,21,6.311734809152915,20,0,6.118097198041348,15
2503.04369,2025-03-07,21,6.329720905522696,20,0,6.329720905522696,5
2503.04378,2025-03-07,21,6.320768294250582,20,0,6.289715570908998,10
2503.04598,2025-03-07,21,6.298949246855942,20,0,5.579729825986222,22
2503.04606,2025-03-07,21,6.322565239927284,20,0,6.322565239927284,9
2503.04625,2025-03-07,21,6.115892125483034,20,0,5.579729825986222,113
2503.04644,2025-03-07,21,6.300785794663244,20,0,5.579729825986222,21
2503.04724,2025-03-07,21,6.202535517187923,20,0,5.579729825986222,72
2503.04725,2025-03-07,21,6.300785794663244,20,0,5.579729825986222,21
2502.18968,2025-03-10,24,6.641182169740591,23,0,6.641182169740591,3
2502.21263,2025-03-10,24,6.455198563340122,23,0,6.263398262591624,133
2503.01713,2025-03-10,24,6.635946555686647,23,0,6.618738983517219,7
2503.01840,2025-03-10,24,6.63200177739563,23,0,6.519147287940395,10
2503.02130,2025-03-10,24,6.602587892189336,23,0,6.570882962339584,32
2503.04359,2025-03-10,24,6.637258031284457,23,0,6.637258031284457,6
2503.04504,2025-03-10,24,6.638567789166521,23,0,6.561030665896573,5
2503.04548,2025-03-10,24,6.633318433280377,23,0,6.618738983517219,9
2503.04808,2025-03-10,24,6.621405651764134,23,0,6.263398262591624,18
2503.04824,2025-03-10,24,6.633318433280377,23,0,6.633318433280377,9
2503.04872,2025-03-10,24,6.625392368007956,23,0,6.570882962339584,15
2503.04957,2025-03-10,24,6.617402977974478,23,0,6.565264970035361,21
2503.05085,2025-03-10,24,6.582025138892826,23,0,6.263398262591624,47
2503.05132,2025-03-10,24,6.568077911411976,23,0,6.561030665896573,57
2503.05179,2025-03-10,24,6.583409222158765,23,0,6.263398262591624,46
2503.05236,2025-03-10,24,6.4692503167957724,23,0,6.391917113392602,124
2503.05315,2025-03-10,24,6.628041376179533,23,0,6.618738983517219,13
2503.05379,2025-03-10,24,6.594413459749778,23,0,6.565264970035361,38
2503.05447,2025-03-10,24,6.634633357861686,23,0,6.570882962339584,8
2503.05500,2025-03-10,24,6.5337888379333435,23,0,6.519147287940395,81
2503.05592,2025-03-10,24,6.60934924316738,23,0,6.60934924316738,27
2503.05638,2025-03-10,24,6.617402977974478,23,0,6.391917113392602,21
2503.05639,2025-03-10,24,6.60934924316738,23,0,6.391917113392602,27
2503.05652,2025-03-10,24,6.630683385642372,23,0,6.618738983517219,11
2502.20475,2025-03-11,50,6.872128101338986,49,1,6.8501261661455,3
2503.02199,2025-03-11,50,6.866933284461882,49,1,6.699500340161678,8
2503.02819,2025-03-11,50,6.873163834212518,49,1,6.831953565565855,2
2503.03499,2025-03-11,50,6.870053411798126,49,1,6.8679744089702925,5
2503.03511,2025-03-11,50,6.873163834212518,49,1,6.852242569051878,2
2503.03601,2025-03-11,50,6.598509028614515,49,0,6.432940092739179,234
2503.04629,2025-03-11,50,6.855408798609928,49,1,6.432940092739179,19
2503.04812,2025-03-11,50,6.85751406254539,49,1,6.85751406254539,17
2503.04973,2025-03-11,50,6.846943139585379,49,1,6.432940092739179,27
2503.05244,2025-03-11,50,6.852242569051878,49,1,6.852242569051878,22
2503.05265,2025-03-11,50,6.873163834212518,49,1,6.8501261661455,2
2503.05283,2025-03-11,50,6.871091294610546,49,1,6.871091294610546,4
2503.05578,2025-03-11,50,6.872128101338986,49,1,6.859614903654202,3
2503.05641,2025-03-11,50,6.873163834212518,49,1,6.8679744089702925,2
2503.05856,2025-03-11,50,6.8679744089702925,49,1,6.829793737512425,7
2503.06121,2025-03-11,50,6.870053411798126,49,1,6.8501261661455,5
2503.06141,2025-03-11,50,6.870053411798126,49,1,6.699500340161678,5
2503.06273,2025-03-11,50,6.8690144506657065,49,1,6.8690144506657065,6
2503.06362,2025-03-11,50,6.872128101338986,49,1,6.699500340161678,3
2503.06520,2025-03-11,50,6.863803391452954,49,1,6.85751406254539,11
2503.06580,2025-03-11,50,6.854354502255021,49,1,6.829793737512425,20
2503.06626,2025-03-11,50,6.870053411798126,49,1,6.870053411798126,5
2503.06680,2025-03-11,50,6.854354502255021,49,1,6.852242569051878,20
2503.06698,2025-03-11,50,6.871091294610546,49,1,6.831953565565855,4
2503.06749,2025-03-11,50,6.842683282238422,49,1,6.699500340161678,31
2503.06885,2025-03-11,50,6.871091294610546,49,1,6.699500340161678,4
2503.06960,2025-03-11,50,6.872128101338986,49,1,6.872128101338986,3
2503.07002,2025-03-11,50,6.834108738813838,49,1,6.699500340161678,39
2503.07027,2025-03-11,50,6.843749949006225,49,1,6.633318433280377,30
2503.07067,2025-03-11,50,6.840546529288687,49,1,6.699500340161678,33
2503.07197,2025-03-11,50,6.863803391452954,49,1,6.831953565565855,11
2503.07216,2025-03-11,50,6.842683282238422,49,1,6.842683282238422,31
2503.07265,2025-03-11,50,6.871091294610546,49,1,6.699500340161678,4
2503.07274,2025-03-11,50,6.870053411798126,49,1,6.831953565565855,5
2503.07314,2025-03-11,50,6.828712071641684,49,1,6.633318433280377,44
2503.07334,2025-03-11,50,6.858565034791365,49,1,6.831953565565855,16
2503.07365,2025-03-11,50,6.810142450115136,49,1,6.633318433280377,61
2503.07389,2025-03-11,50,6.872128101338986,49,1,6.831953565565855,3
2503.07413,2025-03-11,50,6.873163834212518,49,1,6.699500340161678,2
2503.07426,2025-03-11,50,6.873163834212518,49,1,6.85751406254539,2
2503.07459,2025-03-11,50,6.858565034791365,49,1,6.829793737512425,16
2503.07465,2025-03-11,50,6.85751406254539,49,1,6.633318433280377,17
2503.07507,2025-03-11,50,6.86484777797086,49,1,6.859614903654202,10
2503.07595,2025-03-11,50,6.871091294610546,49,1,6.85751406254539,4
2503.07597,2025-03-11,50,6.873163834212518,49,1,6.859614903654202,2
2503.07598,2025-03-11,50,6.815639990074331,49,1,6.633318433280377,56
2503.07602,2025-03-11,50,6.860663671448287,49,1,6.8501261661455,14
2503.07603,2025-03-11,50,6.871091294610546,49,1,6.699500340161678,4
2503.07605,2025-03-11,50,6.804614520062624,49,1,6.432940092739179,66
2503.07608,2025-03-11,50,6.851184927493743,49,1,6.699500340161678,23
2503.05689,2025-03-17,27,6.584791392385716,26,0,6.53813982376767,3
2503.06542,2025-03-17,27,6.579251212010101,26,0,6.53813982376767,7
2503.06553,2025-03-17,27,6.579251212010101,26,0,6.556778356158042,7
2503.06674,2025-03-17,27,6.577861357721047,26,0,6.1675164908883415,8
2503.07677,2025-03-17,27,6.46302945692067,26,0,6.1675164908883415,86
2503.08111,2025-03-17,27,6.579251212010101,26,0,6.553933404025811,7
2503.09279,2025-03-17,27,6.582025138892826,26,0,6.53813982376767,5
2503.09330,2025-03-17,27,6.587550014824796,26,0,6.587550014824796,1
2503.10620,2025-03-17,27,6.579251212010101,26,0,6.579251212010101,7
2503.10624,2025-03-17,27,6.57507584059962,26,0,6.566672429803241,10
2503.10632,2025-03-17,27,6.566672429803241,26,0,6.556778356158042,16
2503.10684,2025-03-17,27,6.582025138892826,26,0,6.582025138892826,5
2503.10696,2025-03-17,27,6.577861357721047,26,0,6.1675164908883415,8
2503.10772,2025-03-17,27,6.56244409369372,26,0,6.230481447578482,19
2503.10781,2025-03-17,27,6.566672429803241,26,0,6.558197802812269,16
2503.10970,2025-03-17,27,6.5638555265321274,26,0,6.553933404025811,18
2503.11069,2025-03-17,27,6.53813982376767,26,0,6.53813982376767,36
2503.11207,2025-03-17,27,6.580639137284949,26,0,6.580639137284949,6
2503.11224,2025-03-17,27,6.54965074223381,26,0,6.54965074223381,28
2503.11514,2025-03-17,27,6.5638555265321274,26,0,6.5638555265321274,18
2503.11576,2025-03-17,27,6.338594078203183,26,0,6.230481447578482,161
2503.11579,2025-03-17,27,6.559615237493242,26,0,6.53813982376767,21
2503.11629,2025-03-17,27,6.580639137284949,26,0,6.566672429803241,6
2503.11646,2025-03-17,27,6.541029999189903,26,0,6.541029999189903,34
2503.11647,2025-03-17,27,6.361302477572996,26,0,6.1675164908883415,148
2503.11651,2025-03-17,27,6.5337888379333435,26,0,6.230481447578482,39
2503.11958,2025-03-17,27,6.580639137284949,26,0,6.558197802812269,6
2503.06053,2025-03-18,26,6.19644412779452,25,0,5.82600010738045,138
2503.06269,2025-03-18,26,6.437751649736401,25,0,6.431331081933479,4
2503.08153,2025-03-18,26,6.439350371100098,25,0,6.439350371100098,3
2503.10704,2025-03-18,26,6.436150368369428,25,0,6.338594078203183,5
2503.10719,2025-03-18,26,6.429719478039138,25,0,6.429719478039138,9
2503.11412,2025-03-18,26,6.428105272684596,25,0,6.380122536899765,10
2503.11495,2025-03-18,26,6.421622267806518,25,0,6.421622267806518,14
2503.11751,2025-03-18,26,6.416732282512326,25,0,6.416732282512326,17
2503.12349,2025-03-18,26,6.371611847231857,25,0,6.318968113746434,44
2503.12528,2025-03-18,26,6.437751649736401,25,0,6.431331081933479,4
2503.12530,2025-03-18,26,6.439350371100098,25,0,6.380122536899765,3
2503.12533,2025-03-18,26,6.329720905522696,25,0,6.329720905522696,68
2503.12590,2025-03-18,26,6.371611847231857,25,0,6.338594078203183,44
2503.12605,2025-03-18,26,6.386879319362645,25,0,5.82600010738045,35
2503.12720,2025-03-18,26,6.437751649736401,25,0,6.338594078203183,4
2503.12885,2025-03-18,26,6.373319789577012,25,0,6.373319789577012,43
2503.12937,2025-03-18,26,6.395261598115449,25,0,6.318968113746434,30
2503.12964,2025-03-18,26,6.431331081933479,25,0,6.380122536899765,8
2503.13070,2025-03-18,26,6.428105272684596,25,0,6.338594078203183,10
2503.13082,2025-03-18,26,6.42648845745769,25,0,6.380122536899765,11
2503.13327,2025-03-18,26,6.396929655216146,25,0,5.82600010738045,29
2503.13369,2025-03-18,26,6.432940092739179,25,0,6.380122536899765,7
2503.13399,2025-03-18,26,6.408528791059498,25,0,5.82600010738045,22
2503.13434,2025-03-18,26,6.398594934535208,25,0,5.82600010738045,28
2503.13435,2025-03-18,26,6.415096959171596,25,0,5.82600010738045,18
2503.13444,2025-03-18,26,6.411818267709897,25,0,5.82600010738045,20
2503.08683,2025-03-19,31,6.608000625296087,30,0,6.594413459749778,2
2503.08893,2025-03-19,31,6.602587892189336,30,0,6.594413459749778,6
2503.09443,2025-03-19,31,6.5998704992128365,30,0,6.541029999189903,8
2503.10284,2025-03-19,31,6.6052979209482015,30,0,6.594413459749778,4
2503.10410,2025-03-19,31,6.6052979209482015,30,0,6.6052979209482015,4
2503.10522,2025-03-19,31,6.570882962339584,30,0,6.570882962339584,29
2503.10546,2025-03-19,31,6.606650186198215,30,0,6.541029999189903,3
2503.10905,2025-03-19,31,6.6052979209482015,30,0,6.541029999189903,4
2503.12127,2025-03-19,31,6.606650186198215,30,0,6.541029999189903,3
2503.12271,2025-03-19,31,6.598509028614515,30,0,6.577861357721047,9
2503.12303,2025-03-19,31,6.601230118728877,30,0,6.541029999189903,7
2503.12329,2025-03-19,31,6.5722825426940075,30,0,6.272877006546167,28
2503.12355,2025-03-19,31,6.594413459749778,30,0,6.580639137284949,12
2503.12505,2025-03-19,31,6.595780513961311,30,0,6.541029999189903,11
2503.12545,2025-03-19,31,6.601230118728877,30,0,6.541029999189903,7
2503.12797,2025-03-19,31,6.566672429803241,30,0,6.327936783729195,32
2503.13111,2025-03-19,31,6.601230118728877,30,0,6.541029999189903,7
2503.13265,2025-03-19,31,6.590301048196686,30,0,6.577861357721047,15
2503.13424,2025-03-19,31,6.569481420414296,30,0,6.272877006546167,30
2503.13661,2025-03-19,31,6.6039438246004725,30,0,6.327936783729195,5
2503.14002,2025-03-19,31,6.606650186198215,30,0,6.569481420414296,3
2503.14125,2025-03-19,31,6.580639137284949,30,0,6.580639137284949,22
2503.14151,2025-03-19,31,6.597145701886651,30,0,6.580639137284949,10
2503.14378,2025-03-19,31,6.525029657843462,30,0,6.272877006546167,61
2503.14456,2025-03-19,31,6.380122536899765,30,0,6.380122536899765,153
2503.14476,2025-03-19,31,6.391917113392602,30,0,6.327936783729195,146
2503.14478,2025-03-19,31,6.543911845564792,30,0,6.272877006546167,48
2503.14492,2025-03-19,31,6.583409222158765,30,0,6.272877006546167,20
2503.14495,2025-03-19,31,6.595780513961311,30,0,6.569481420414296,11
2503.14499,2025-03-19,31,6.588926477533519,30,0,6.569481420414296,16
2503.14504,2025-03-19,31,6.57507584059962,30,0,6.272877006546167,26
2503.11227,2025-03-20,23,6.016157159698354,22,0,6.016157159698354,25
2503.11557,2025-03-20,23,6.023447592961033,22,0,5.332718793265369,22
2503.12532,2025-03-20,23,6.035481432524756,22,0,5.332718793265369,17
2503.12769,2025-03-20,23,6.056784013228625,22,0,6.056784013228625,8
2503.12963,2025-03-20,23,6.059123195581797,22,0,6.008813185442595,7
2503.13288,2025-03-20,23,5.950642552587727,22,0,5.950642552587727,51
2503.13360,2025-03-20,23,6.059123195581797,22,0,6.059123195581797,7
2503.13517,2025-03-20,23,6.066108090103747,22,0,6.066108090103747,4
2503.13553,2025-03-20,23,6.066108090103747,22,0,6.066108090103747,4
2503.14434,2025-03-20,23,6.059123195581797,22,0,6.025865973825314,7
2503.14505,2025-03-20,23,6.0473721790462776,22,0,6.008813185442595,12
2503.14830,2025-03-20,23,6.054439346269371,22,0,6.008813185442595,9
2503.14868,2025-03-20,23,6.028278520230698,22,0,5.332718793265369,20
2503.14891,2025-03-20,23,6.023447592961033,22,0,5.978885764901122,22
2503.15055,2025-03-20,23,6.061456918928017,22,0,6.0330862217988015,6
2503.15264,2025-03-20,23,6.025865973825314,22,0,5.332718793265369,21
2503.15265,2025-03-20,23,5.963579343618446,22,0,5.332718793265369,46
2503.15354,2025-03-20,23,6.0330862217988015,22,0,5.978885764901122,18
2503.15417,2025-03-20,23,6.023447592961033,22,0,5.332718793265369,22
2503.15450,2025-03-20,23,6.0473721790462776,22,0,6.0330862217988015,12
2503.15475,2025-03-20,23,6.0014148779611505,22,0,5.332718793265369,31
2503.15478,2025-03-20,23,6.042632833682381,22,0,6.025865973825314,14
2503.15485,2025-03-20,23,5.955837369464831,22,0,5.332718793265369,49
2503.07906,2025-03-21,48,6.99117688712121,47,0,6.860663671448287,4
2503.09949,2025-03-21,48,6.990256500493881,47,0,6.860663671448287,5
2503.10625,2025-03-21,48,6.964135612418245,47,0,6.860663671448287,33
2503.11509,2025-03-21,48,6.992096427415888,47,0,6.956545443151569,3
2503.12689,2025-03-21,48,6.990256500493881,47,0,6.660575149839686,5
2503.13356,2025-03-21,48,6.9865664594064265,47,0,6.860663671448287,9
2503.13358,2025-03-21,48,6.903747257584598,47,0,6.660575149839686,95
2503.13657,2025-03-21,48,6.948897222313312,47,0,6.948897222313312,49
2503.13834,2025-03-21,48,6.990256500493881,47,0,6.956545443151569,5
2503.13891,2025-03-21,48,6.9874902470009905,47,0,6.860663671448287,8
2503.14201,2025-03-21,48,6.99117688712121,47,0,6.97166860472579,4
2503.14237,2025-03-21,48,6.990256500493881,47,0,6.956545443151569,5
2503.14487,2025-03-21,48,6.968850378341948,47,0,6.839476438228843,28
2503.15242,2025-03-21,48,6.984716320118266,47,0,6.8885724595653635,11
2503.15299,2025-03-21,48,6.942156705699469,47,0,6.838405200847344,56
2503.15451,2025-03-21,48,6.97914527506881,47,0,6.839476438228843,17
2503.15558,2025-03-21,48,6.947937068614969,47,0,6.860663671448287,50
2503.15567,2025-03-21,48,6.98933526597456,47,0,6.660575149839686,6
2503.15672,2025-03-21,48,6.992096427415888,47,0,6.898714534329988,3
2503.15851,2025-03-21,48,6.985641817639208,47,0,6.660575149839686,10
2503.15855,2025-03-21,48,6.990256500493881,47,0,6.660575149839686,5
2503.16031,2025-03-21,48,6.992096427415888,47,0,6.992096427415888,3
2503.16055,2025-03-21,48,6.9874902470009905,47,0,6.97166860472579,8
2503.16057,2025-03-21,48,6.98100574072173,47,0,6.660575149839686,15
2503.16091,2025-03-21,48,6.993932975223189,47,0,6.956545443151569,1
2503.16188,2025-03-21,48,6.982862751468942,47,0,6.860663671448287,13
2503.16194,2025-03-21,48,6.9874902470009905,47,0,6.660575149839686,8
2503.16212,2025-03-21,48,6.97166860472579,47,0,6.838405200847344,25
2503.16219,2025-03-21,48,6.946013991099227,47,0,6.8885724595653635,52
2503.16252,2025-03-21,48,6.9650803456014065,47,0,6.8885724595653635,32
2503.16257,2025-03-21,48,6.968850378341948,47,0,6.839476438228843,28
2503.16278,2025-03-21,48,6.988413181999592,47,0,6.660575149839686,7
2503.16302,2025-03-21,48,6.954638864880987,47,0,6.839476438228843,43
2503.16322,2025-03-21,48,6.982862751468942,47,0,6.660575149839686,13
2503.16356,2025-03-21,48,6.98100574072173,47,0,6.8885724595653635,15
2503.16365,2025-03-21,48,6.956545443151569,47,0,6.839476438228843,41
2503.16375,2025-03-21,48,6.985641817639208,47,0,6.660575149839686,10
2503.16397,2025-03-21,48,6.955592608396297,47,0,6.660575149839686,42
2503.16413,2025-03-21,48,6.98100574072173,47,0,6.860663671448287,15
2503.16416,2025-03-21,48,6.901737206656574,47,0,6.898714534329988,97
2503.16418,2025-03-21,48,6.961296045910167,47,0,6.660575149839686,36
2503.16419,2025-03-21,48,6.921658184151129,47,0,6.838405200847344,77
2503.16420,2025-03-21,48,6.96979066990159,47,0,6.956545443151569,27
2503.16421,2025-03-21,48,6.984716320118266,47,0,6.660575149839686,11
2503.16422,2025-03-21,48,6.980075940561763,47,0,6.660575149839686,16
2503.16425,2025-03-21,48,6.980075940561763,47,0,6.660575149839686,16
2503.16428,2025-03-21,48,6.98100574072173,47,0,6.660575149839686,15
2503.16429,2025-03-21,48,6.982862751468942,47,0,6.97166860472579,13
2503.11572,2025-03-24,22,6.218600119691729,21,0,6.19644412779452,8
2503.12821,2025-03-24,22,6.214608098422191,21,0,5.966146739123692,10
2503.14607,2025-03-24,22,6.214608098422191,21,0,5.966146739123692,10
2503.16025,2025-03-24,22,6.206575926724928,21,0,6.206575926724928,14
2503.16282,2025-03-24,22,6.222576268071369,21,0,5.966146739123692,6
2503.16408,2025-03-24,22,6.148468295917647,21,0,5.996452088619021,42
2503.16423,2025-03-24,22,6.222576268071369,21,0,5.966146739123692,6
2503.16430,2025-03-24,22,6.16541785423142,21,0,6.16541785423142,34
2503.16549,2025-03-24,22,6.20455776256869,21,0,5.966146739123692,15
2503.16660,2025-03-24,22,6.07993319509559,21,0,5.966146739123692,73
2503.16867,2025-03-24,22,6.210600077024653,21,0,5.996452088619021,12
2503.16874,2025-03-24,22,6.142037405587356,21,0,5.940171252720432,45
2503.16905,2025-03-24,22,6.1224928095143865,21,0,5.996452088619021,54
2503.16921,2025-03-24,22,6.222576268071369,21,0,6.182084906716632,6
2503.16983,2025-03-24,22,6.20455776256869,21,0,6.182084906716632,15
2503.17032,2025-03-24,22,6.180016653652572,21,0,6.129050210060545,27
2503.17069,2025-03-24,22,6.220590170099739,21,0,6.220590170099739,7
2503.17095,2025-03-24,22,6.22455842927536,21,0,6.182084906716632,5
2503.17126,2025-03-24,22,6.161207321695077,21,0,5.940171252720432,36
2503.17287,2025-03-24,22,6.212606095751519,21,0,6.19644412779452,11
2503.17352,2025-03-24,22,6.186208623900494,21,0,6.129050210060545,24
2503.17407,2025-03-24,22,6.133398042996649,21,0,5.940171252720432,49
2503.13074,2025-03-25,39,6.507277712385012,38,0,6.386879319362645,1
2503.14428,2025-03-25,39,6.4967749901858625,38,0,6.466144724237619,8
2503.14774,2025-03-25,39,6.507277712385012,38,0,6.501289670540389,1
2503.15879,2025-03-25,39,6.499787040655854,38,0,6.499787040655854,6
2503.16426,2025-03-25,39,6.508769136971682,38,0,6.466144724237619,0
2503.16709,2025-03-25,39,6.508769136971682,38,0,6.447305862541213,0
2503.16924,2025-03-25,39,6.48768401848461,38,0,6.386879319362645,14
2503.17359,2025-03-25,39,6.413458957167357,38,0,6.091309882077698,61
2503.17422,2025-03-25,39,6.499787040655854,38,0,6.447305862541213,6
2503.17439,2025-03-25,39,6.486160788944089,38,0,6.466144724237619,15
2503.17489,2025-03-25,39,6.473890696352274,38,0,6.267200548541362,23
2503.17500,2025-03-25,39,6.501289670540389,38,0,6.447305862541213,5
2503.17735,2025-03-25,39,6.504288173536645,38,0,6.447305862541213,3
2503.17760,2025-03-25,39,6.502790045915623,38,0,6.501289670540389,4
2503.17811,2025-03-25,39,6.489204931325317,38,0,6.447305862541213,13
2503.18013,2025-03-25,39,6.478509642208569,38,0,6.091309882077698,20
2503.18018,2025-03-25,39,6.498282149476434,38,0,6.481577129276431,7
2503.18033,2025-03-25,39,6.46302945692067,38,0,6.091309882077698,30
2503.18071,2025-03-25,39,6.504288173536645,38,0,6.478509642208569,3
2503.18102,2025-03-25,39,6.470799503782602,38,0,6.470799503782602,25
2503.18352,2025-03-25,39,6.498282149476434,38,0,6.386879319362645,7
2503.18406,2025-03-25,39,6.504288173536645,38,0,6.386879319362645,3
2503.18470,2025-03-25,39,6.504288173536645,38,0,6.478509642208569,3
2503.18476,2025-03-25,39,6.508769136971682,38,0,6.478509642208569,0
2503.18494,2025-03-25,39,6.505784060128229,38,0,6.505784060128229,2
2503.18559,2025-03-25,39,6.501289670540389,38,0,6.466144724237619,5
2503.18674,2025-03-25,39,6.507277712385012,38,0,6.386879319362645,1
2503.18769,2025-03-25,39,6.492239835020471,38,0,6.481577129276431,11
2503.18813,2025-03-25,39,6.470799503782602,38,0,6.470799503782602,25
2503.18866,2025-03-25,39,6.489204931325317,38,0,6.447305862541213,13
2503.18878,2025-03-25,39,6.309918278226516,38,0,6.267200548541362,121
2503.18886,2025-03-25,39,6.472346294500901,38,0,6.386879319362645,24
2503.18892,2025-03-25,39,6.461468176353717,38,0,6.429719478039138,31
2503.18908,2025-03-25,39,6.478509642208569,38,0,6.429719478039138,20
2503.18923,2025-03-25,39,6.48768401848461,38,0,6.478509642208569,14
2503.18940,2025-03-25,39,6.490723534502507,38,0,6.386879319362645,12
2503.18942,2025-03-25,39,6.364750756851911,38,0,6.091309882077698,90
2503.18945,2025-03-25,39,6.466144724237619,38,0,6.091309882077698,28
2503.18948,2025-03-25,39,6.486160788944089,38,0,6.386879319362645,15
2503.04919,2025-03-26,34,6.045005314036012,33,0,5.616771097666572,8
2503.11849,2025-03-26,34,6.052089168924417,33,0,5.616771097666572,5
2503.13964,2025-03-26,34,6.016157159698354,33,0,6.016157159698354,20
2503.14905,2025-03-26,34,6.016157159698354,33,0,5.713732805509369,20
2503.15667,2025-03-26,34,6.045005314036012,33,0,5.981414211254481,8
2503.16776,2025-03-26,34,6.056784013228625,33,0,5.616771097666572,3
2503.16965,2025-03-26,34,6.054439346269371,33,0,5.616771097666572,4
2503.17237,2025-03-26,34,6.054439346269371,33,0,6.0330862217988015,4
2503.17361,2025-03-26,34,6.052089168924417,33,0,6.052089168924417,5
2503.17973,2025-03-26,34,6.045005314036012,33,0,6.045005314036012,8
2503.17982,2025-03-26,34,6.063785208687608,33,0,6.0330862217988015,0
2503.18446,2025-03-26,34,6.035481432524756,33,0,5.981414211254481,12
2503.18673,2025-03-26,34,6.056784013228625,33,0,6.0330862217988015,3
2503.18712,2025-03-26,34,6.056784013228625,33,0,5.616771097666572,3
2503.18783,2025-03-26,34,6.059123195581797,33,0,6.0330862217988015,2
2503.18893,2025-03-26,34,6.052089168924417,33,0,6.052089168924417,5
2503.18931,2025-03-26,34,5.988961416889864,33,0,5.616771097666572,31
2503.19041,2025-03-26,34,6.052089168924417,33,0,6.035481432524756,5
2503.19065,2025-03-26,34,6.037870919922137,33,0,5.616771097666572,11
2503.19123,2025-03-26,34,6.059123195581797,33,0,6.035481432524756,2
2503.19207,2025-03-26,34,6.054439346269371,33,0,6.0330862217988015,4
2503.19325,2025-03-26,34,5.877735781779639,33,0,5.713732805509369,73
2503.19355,2025-03-26,34,6.059123195581797,33,0,5.616771097666572,2
2503.19356,2025-03-26,34,6.059123195581797,33,0,6.059123195581797,2
2503.19385,2025-03-26,34,5.981414211254481,33,0,5.713732805509369,34
2503.19470,2025-03-26,34,6.018593214496234,33,0,6.018593214496234,19
2503.19622,2025-03-26,34,5.988961416889864,33,0,5.616771097666572,31
2503.19777,2025-03-26,34,6.061456918928017,33,0,6.035481432524756,1
2503.19855,2025-03-26,34,5.993961427306569,33,0,5.993961427306569,29
2503.19881,2025-03-26,34,6.049733455231958,33,0,5.981414211254481,6
2503.19903,2025-03-26,34,5.961005339623274,33,0,5.616771097666572,42
2503.19907,2025-03-26,34,6.045005314036012,33,0,5.981414211254481,8
2503.19910,2025-03-26,34,6.028278520230698,33,0,5.616771097666572,15
2503.20110,2025-03-26,34,6.054439346269371,33,0,6.035481432524756,4
2503.10997,2025-03-27,27,6.413458957167357,26,0,6.234410725718371,1
2503.15893,2025-03-27,27,6.411818267709897,26,0,6.406879986069314,2
2503.16870,2025-03-27,27,6.403574197934815,26,0,6.3835066348840055,7
2503.17358,2025-03-27,27,6.405228458030842,26,0,6.400257445308821,6
2503.17970,2025-03-27,27,6.410174881966167,26,0,6.406879986069314,3
2503.18929,2025-03-27,27,6.408528791059498,26,0,6.373319789577012,4
2503.19462,2025-03-27,27,6.398594934535208,26,0,6.333279628139691,10
2503.19480,2025-03-27,27,6.38856140554563,26,0,6.234410725718371,16
2503.19757,2025-03-27,27,6.327936783729195,26,0,6.327936783729195,51
2503.19786,2025-03-27,27,6.315358001522335,26,0,5.940171252720432,58
2503.19846,2025-03-27,27,6.403574197934815,26,0,6.403574197934815,7
2503.19950,2025-03-27,27,6.395261598115449,26,0,6.3835066348840055,12
2503.19953,2025-03-27,27,6.410174881966167,26,0,6.410174881966167,3
2503.19990,2025-03-27,27,6.3561076606958915,26,0,6.234410725718371,35
2503.20020,2025-03-27,27,6.363028103540465,26,0,6.234410725718371,31
2503.20198,2025-03-27,27,6.408528791059498,26,0,6.234410725718371,4
2503.20201,2025-03-27,27,6.333279628139691,26,0,6.333279628139691,48
2503.20215,2025-03-27,27,6.082218910376446,26,0,5.940171252720432,173
2503.20220,2025-03-27,27,6.410174881966167,26,0,6.400257445308821,3
2503.20240,2025-03-27,27,6.3784261836515865,26,0,6.333279628139691,22
2503.20271,2025-03-27,27,6.403574197934815,26,0,6.234410725718371,7
2503.20314,2025-03-27,27,6.306275286948016,26,0,6.306275286948016,63
2503.20641,2025-03-27,27,6.398594934535208,26,0,6.373319789577012,10
2503.20672,2025-03-27,27,6.391917113392602,26,0,6.333279628139691,14
2503.20731,2025-03-27,27,6.411818267709897,26,0,6.333279628139691,2
2503.20756,2025-03-27,27,6.403574197934815,26,0,6.234410725718371,7
2503.20757,2025-03-27,27,6.396929655216146,26,0,6.373319789577012,11
2503.19904,2025-03-28,22,6.304448802421981,21,0,6.2878585601617845,2
2503.20578,2025-03-28,22,6.297109319933935,21,0,6.251903883165888,6
2503.20776,2025-03-28,22,6.289715570908998,21,0,6.2422232654551655,10
2503.20822,2025-03-28,22,6.278521424165844,21,0,6.251903883165888,16
2503.20853,2025-03-28,22,6.29156913955832,21,0,5.988961416889864,9
2503.20990,2025-03-28,22,6.272877006546167,21,0,6.272877006546167,19
2503.21088,2025-03-28,22,6.293419278846481,21,0,6.251903883165888,8
2503.21144,2025-03-28,22,6.257667587882639,21,0,6.089044875446846,27
2503.21248,2025-03-28,22,6.269096283706261,21,0,6.22455842927536,21
2503.21380,2025-03-28,22,6.236369590203704,21,0,6.236369590203704,38
2503.21460,2025-03-28,22,6.142037405587356,21,0,6.142037405587356,84
2503.21541,2025-03-28,22,6.306275286948016,21,0,6.2422232654551655,1
2503.21620,2025-03-28,22,6.18826412308259,21,0,5.988961416889864,62
2503.21696,2025-03-28,22,6.26530121273771,21,0,6.22455842927536,23
2503.21729,2025-03-28,22,6.253828811575473,21,0,6.253828811575473,29
2503.21749,2025-03-28,22,6.259581464064923,21,0,6.089044875446846,26
2503.21755,2025-03-28,22,6.246106765481563,21,0,6.089044875446846,33
2503.21758,2025-03-28,22,6.267200548541362,21,0,6.089044875446846,22
2503.21765,2025-03-28,22,6.2878585601617845,21,0,6.2422232654551655,11
2503.21774,2025-03-28,22,6.284134161070802,21,0,6.2422232654551655,13
2503.21776,2025-03-28,22,6.152732694704104,21,0,5.988961416889864,79
2503.21780,2025-03-28,22,6.29156913955832,21,0,6.2878585601617845,9
2503.16081,2025-03-31,23,6.124683390894205,22,0,6.124683390894205,29
2503.17827,2025-03-31,23,6.169610732491456,22,0,6.152732694704104,8
2503.18968,2025-03-31,23,6.169610732491456,22,0,6.169610732491456,8
2503.19108,2025-03-31,23,6.133398042996649,22,0,5.932245187448011,25
2503.19693,2025-03-31,23,6.016157159698354,22,0,5.905361848054571,76
2503.20308,2025-03-31,23,6.137727054086234,22,0,6.137727054086234,23
2503.20785,2025-03-31,23,6.139884552226255,22,0,5.932245187448011,22
2503.21332,2025-03-31,23,6.137727054086234,22,0,6.028278520230698,23
2503.21544,2025-03-31,23,6.180016653652572,22,0,6.028278520230698,3
2503.21614,2025-03-31,23,6.093569770045136,22,0,5.905361848054571,43
2503.21732,2025-03-31,23,6.1675164908883415,22,0,6.1675164908883415,9
2503.21751,2025-03-31,23,6.163314804034641,22,0,6.163314804034641,11
2503.21779,2025-03-31,23,6.1779441140506,22,0,6.154858094016418,4
2503.21821,2025-03-31,23,6.142037405587356,22,0,6.142037405587356,21
2503.21851,2025-03-31,23,6.169610732491456,22,0,6.152732694704104,8
2503.22194,2025-03-31,23,6.133398042996649,22,0,5.932245187448011,25
2503.22230,2025-03-31,23,6.089044875446846,22,0,6.028278520230698,45
2503.22236,2025-03-31,23,6.163314804034641,22,0,6.154858094016418,11
2503.22268,2025-03-31,23,6.1463292576688975,22,0,5.932245187448011,19
2503.22329,2025-03-31,23,6.156978985585555,22,0,6.156978985585555,14
2503.22622,2025-03-31,23,6.148468295917647,22,0,5.932245187448011,18
2503.22625,2025-03-31,23,6.1779441140506,22,0,6.1779441140506,4
2503.22675,2025-03-31,23,6.1092475827643655,22,0,6.1092475827643655,36
2503.14941,2025-04-01,27,6.516193076042964,26,0,6.511745329644728,5
2503.18225,2025-04-01,27,6.519147287940395,26,0,6.431331081933479,3
2503.18809,2025-04-01,27,6.51025834052315,26,0,6.376726947898627,9
2503.19794,2025-04-01,27,6.519147287940395,26,0,6.376726947898627,3
2503.19901,2025-04-01,27,6.461468176353717,26,0,6.461468176353717,41
2503.19906,2025-04-01,27,6.511745329644728,26,0,6.431331081933479,8
2503.20286,2025-04-01,27,6.519147287940395,26,0,6.493753839851686,3
2503.21694,2025-04-01,27,6.501289670540389,26,0,6.431331081933479,15
2503.22655,2025-04-01,27,6.466144724237619,26,0,6.419994928147142,38
2503.22668,2025-04-01,27,6.523562306149512,26,0,6.523562306149512,0
2503.22673,2025-04-01,27,6.505784060128229,26,0,6.489204931325317,12
2503.22677,2025-04-01,27,6.516193076042964,26,0,6.431331081933479,5
2503.23022,2025-04-01,27,6.51471269087253,26,0,6.431331081933479,6
2503.23077,2025-04-01,27,6.455198563340122,26,0,6.322565239927284,45
2503.23284,2025-04-01,27,6.489204931325317,26,0,6.431331081933479,23
2503.23307,2025-04-01,27,6.29156913955832,26,0,6.29156913955832,141
2503.23461,2025-04-01,27,6.375024819828097,26,0,6.369900982828227,94
2503.23730,2025-04-01,27,6.519147287940395,26,0,6.511745329644728,3
2503.23829,2025-04-01,27,6.48768401848461,26,0,6.322565239927284,24
2503.23913,2025-04-01,27,6.519147287940395,26,0,6.369900982828227,3
2503.24115,2025-04-01,27,6.507277712385012,26,0,6.489204931325317,11
2503.24235,2025-04-01,27,6.439350371100098,26,0,6.322565239927284,55
2503.24290,2025-04-01,27,6.428105272684596,26,0,6.376726947898627,62
2503.24364,2025-04-01,27,6.498282149476434,26,0,6.493753839851686,17
2503.24370,2025-04-01,27,6.495265555937008,26,0,6.376726947898627,19
2503.24388,2025-04-01,27,6.480044561926653,26,0,6.419994928147142,29
2503.24391,2025-04-01,27,6.51471269087253,26,0,6.51471269087253,6
2503.21860,2025-04-02,29,6.52795791762255,28,0,6.52795791762255,4
2503.22165,2025-04-02,29,6.492239835020471,28,0,6.459904454377535,28
2503.22952,2025-04-02,29,6.508769136971682,28,0,6.240275845170769,17
2503.23145,2025-04-02,29,6.481577129276431,28,0,6.481577129276431,35
2503.23157,2025-04-02,29,6.519147287940395,28,0,6.240275845170769,10
2503.23361,2025-04-02,29,6.52649485957079,28,0,6.52649485957079,5
2503.23434,2025-04-02,29,6.502790045915623,28,0,6.459904454377535,21
2503.23733,2025-04-02,29,6.519147287940395,28,0,6.401917196727186,10
2503.24210,2025-04-02,29,6.530877627725885,28,0,6.530877627725885,2
2503.24219,2025-04-02,29,6.532334292222349,28,0,6.240275845170769,1
2503.24376,2025-04-02,29,6.476972362889683,28,0,6.401917196727186,38
2503.24377,2025-04-02,29,6.507277712385012,28,0,6.369900982828227,18
2503.24379,2025-04-02,29,6.416732282512326,28,0,6.386879319362645,76
2504.00050,2025-04-02,29,6.440946540632921,28,0,6.240275845170769,61
2504.00072,2025-04-02,29,6.525029657843462,28,0,6.525029657843462,6
2504.00294,2025-04-02,29,6.519147287940395,28,0,6.240275845170769,10
2504.00509,2025-04-02,29,6.498282149476434,28,0,6.240275845170769,24
2504.00557,2025-04-02,29,6.511745329644728,28,0,6.476972362889683,15
2504.00595,2025-04-02,29,6.478509642208569,28,0,6.401917196727186,37
2504.00698,2025-04-02,29,6.489204931325317,28,0,6.369900982828227,30
2504.00810,2025-04-02,29,6.493753839851686,28,0,6.240275845170769,27
2504.00869,2025-04-02,29,6.519147287940395,28,0,6.240275845170769,10
2504.00906,2025-04-02,29,6.493753839851686,28,0,6.493753839851686,27
2504.00927,2025-04-02,29,6.448889394146858,28,0,6.369900982828227,56
2504.01005,2025-04-02,29,6.511745329644728,28,0,6.240275845170769,15
2504.01016,2025-04-02,29,6.489204931325317,28,0,6.489204931325317,30
2504.01017,2025-04-02,29,6.484635235635252,28,0,6.484635235635252,33
2504.01019,2025-04-02,29,6.507277712385012,28,0,6.386879319362645,18
2504.01833,2025-04-02,29,6.499787040655854,28,0,6.476972362889683,23
2405.20216,2025-04-03,22,6.484635235635252,21,0,6.0330862217988015,21
2502.18924,2025-04-03,22,6.492239835020471,21,0,6.284134161070802,16
2503.18817,2025-04-03,22,6.511745329644728,21,0,6.3578422665081,3
2503.18950,2025-04-03,22,6.51025834052315,21,0,6.284134161070802,4
2503.20783,2025-04-03,22,6.423246963533519,21,0,6.423246963533519,60
2503.22879,2025-04-03,22,6.502790045915623,21,0,6.486160788944089,9
2503.23135,2025-04-03,22,6.499787040655854,21,0,6.486160788944089,11
2503.23368,2025-04-03,22,6.455198563340122,21,0,6.0330862217988015,40
2503.23573,2025-04-03,22,6.498282149476434,21,0,6.3578422665081,12
2503.23798,2025-04-03,22,6.507277712385012,21,0,6.507277712385012,6
2504.00406,2025-04-03,22,6.504288173536645,21,0,6.504288173536645,8
2504.00824,2025-04-03,22,6.450470422144176,21,0,6.450470422144176,43
2504.00883,2025-04-03,22,6.411818267709897,21,0,6.0330862217988015,67
2504.00999,2025-04-03,22,6.361302477572996,21,0,6.284134161070802,97
2504.01014,2025-04-03,22,6.406879986069314,21,0,6.3578422665081,70
2504.01201,2025-04-03,22,6.511745329644728,21,0,6.511745329644728,3
2504.01204,2025-04-03,22,6.481577129276431,21,0,6.284134161070802,23
2504.01308,2025-04-03,22,6.495265555937008,21,0,6.3578422665081,14
2504.01724,2025-04-03,22,6.410174881966167,21,0,6.0330862217988015,68
2504.01848,2025-04-03,22,6.459904454377535,21,0,6.459904454377535,37
2504.01934,2025-04-03,22,6.483107351457199,21,0,6.0330862217988015,22
2504.01956,2025-04-03,22,6.453624998892692,21,0,6.0330862217988015,41
2503.22444,2025-04-04,23,6.874198495453294,22,1,6.4967749901858625,12
2503.23162,2025-04-04,23,6.876264611890766,22,1,6.756932389247553,10
2503.23377,2025-04-04,23,6.826545223556594,22,1,6.647688373563329,57
2503.23542,2025-04-04,23,6.877296071497429,22,1,6.877296071497429,9
2504.00502,2025-04-04,23,6.859614903654202,22,1,6.647688373563329,26
2504.00891,2025-04-04,23,6.872128101338986,22,1,6.859614903654202,14
2504.00939,2025-04-04,23,6.848005274576363,22,1,6.837332814685591,37
2504.01871,2025-04-04,23,6.874198495453294,22,1,6.859614903654202,12
2504.01943,2025-04-04,23,6.8679744089702925,22,1,6.77078942390898,18
2504.01955,2025-04-04,23,6.882437470997847,22,1,6.882437470997847,4
2504.01990,2025-04-04,23,6.51471269087253,22,0,6.4967749901858625,304
2504.02012,2025-04-04,23,6.881411303642535,22,1,6.881411303642535,5
2504.02119,2025-04-04,23,6.870053411798126,22,1,6.870053411798126,16
2504.02154,2025-04-04,23,6.8679744089702925,22,1,6.647688373563329,18
2504.02398,2025-04-04,23,6.854354502255021,22,1,6.77078942390898,31
2504.02436,2025-04-04,23,6.84587987526405,22,1,6.647688373563329,39
2504.02495,2025-04-04,23,6.825460036255307,22,1,6.77078942390898,58
2504.02507,2025-04-04,23,6.7912214627261855,22,1,6.754604099487962,89
2504.02542,2025-04-04,23,6.831953565565855,22,1,6.756932389247553,52
2504.02587,2025-04-04,23,6.853299093186078,22,1,6.754604099487962,32
2504.02782,2025-04-04,23,6.826545223556594,22,1,6.756932389247553,57
2504.02821,2025-04-04,23,6.876264611890766,22,1,6.837332814685591,10
2504.02826,2025-04-04,23,6.814542897259958,22,1,6.647688373563329,68
2503.22738,2025-04-07,18,5.583496308781699,17,0,5.560681631015528,17
2503.24067,2025-04-07,18,5.568344503761097,17,0,5.568344503761097,21
2503.24310,2025-04-07,18,5.6240175061873385,17,0,5.560681631015528,6
2504.00396,2025-04-07,18,5.634789603169249,17,0,5.54907608489522,3
2504.01328,2025-04-07,18,5.62040086571715,17,0,5.62040086571715,7
2504.02402,2025-04-07,18,5.627621113690637,17,0,5.627621113690637,5
2504.02534,2025-04-07,18,5.634789603169249,17,0,5.594711379601839,3
2504.02605,2025-04-07,18,5.455321115357702,17,0,5.455321115357702,49
2504.02807,2025-04-07,18,5.5134287461649825,17,0,5.220355825078324,35
2504.02949,2025-04-07,18,5.568344503761097,17,0,5.568344503761097,21
2504.03011,2025-04-07,18,5.60947179518496,17,0,5.54907608489522,10
2504.03536,2025-04-07,18,5.598421958998375,17,0,5.54907608489522,13
2504.03553,2025-04-07,18,5.545177444479562,17,0,5.220355825078324,27
2504.03561,2025-04-07,18,5.579729825986222,17,0,5.220355825078324,18
2504.03597,2025-04-07,18,5.631211781821365,17,0,5.631211781821365,4
2504.03600,2025-04-07,18,5.605802066295998,17,0,5.594711379601839,11
2504.03601,2025-04-07,18,5.579729825986222,17,0,5.220355825078324,18
2504.03641,2025-04-07,18,5.594711379601839,17,0,5.594711379601839,14
2504.02812,2025-04-08,22,6.456769655572163,21,1,6.456769655572163,7
2504.02828,2025-04-08,22,6.4425401664681985,21,1,6.424869023905388,16
2504.02882,2025-04-08,22,6.456769655572163,21,1,6.259581464064923,7
2504.03151,2025-04-08,22,6.444131256700441,21,1,6.410174881966167,15
2504.03193,2025-04-08,22,6.461468176353717,21,1,6.410174881966167,4
2504.03770,2025-04-08,22,6.464588303689961,21,1,6.410174881966167,2
2504.03790,2025-04-08,22,6.46302945692067,21,1,6.259581464064923,3
2504.03875,2025-04-08,22,6.45833828334479,21,1,6.429719478039138,6
2504.03947,2025-04-08,22,6.461468176353717,21,1,6.461468176353717,4
2504.03964,2025-04-08,22,6.459904454377535,21,1,6.429719478039138,5
2504.04022,2025-04-08,22,6.335054251498059,21,1,6.259581464064923,80
2504.04152,2025-04-08,22,6.466144724237619,21,1,6.466144724237619,1
2504.04155,2025-04-08,22,6.466144724237619,21,1,6.466144724237619,1
2504.04715,2025-04-08,22,6.447305862541213,21,1,6.429719478039138,13
2504.04718,2025-04-08,22,6.398594934535208,21,1,6.398594934535208,43
2504.04823,2025-04-08,22,6.418364935936212,21,1,6.259581464064923,31
2504.05118,2025-04-08,22,6.42648845745769,21,1,6.016157159698354,26
2504.05288,2025-04-08,22,6.444131256700441,21,1,6.410174881966167,15
2504.05298,2025-04-08,22,6.280395838960195,21,1,6.212606095751519,110
2504.05299,2025-04-08,22,6.077642243349034,21,0,6.016157159698354,208
2504.05304,2025-04-08,22,6.450470422144176,21,1,6.424869023905388,11
2504.05305,2025-04-08,22,6.411818267709897,21,1,6.212606095751519,35
2503.20533,2025-04-09,18,6.467698726104354,17,1,6.419994928147142,12
2504.00043,2025-04-09,18,6.470799503782602,17,1,6.302618975744905,10
2504.02160,2025-04-09,18,6.428105272684596,17,1,6.3818160174060985,37
2504.02792,2025-04-09,18,6.480044561926653,17,1,6.3818160174060985,4
2504.02810,2025-04-09,18,6.464588303689961,17,1,6.419994928147142,14
2504.03755,2025-04-09,18,6.484635235635252,17,1,6.484635235635252,1
2504.05520,2025-04-09,18,6.4692503167957724,17,1,6.419994928147142,11
2504.05535,2025-04-09,18,6.416732282512326,17,1,6.416732282512326,44
2504.05594,2025-04-09,18,6.4692503167957724,17,1,6.3818160174060985,11
2504.05599,2025-04-09,18,6.343880434126331,17,1,6.302618975744905,87
2504.05897,2025-04-09,18,6.453624998892692,17,1,6.263398262591624,21
2504.05979,2025-04-09,18,6.3835066348840055,17,1,6.0063531596017325,64
2504.06122,2025-04-09,18,6.478509642208569,17,1,6.419994928147142,5
2504.06148,2025-04-09,18,6.466144724237619,17,1,6.302618975744905,13
2504.06232,2025-04-09,18,6.466144724237619,17,1,6.3818160174060985,13
2504.06261,2025-04-09,18,6.302618975744905,17,1,6.263398262591624,110
2504.06263,2025-04-09,18,6.152732694704104,17,0,6.0063531596017325,186
2504.07079,2025-04-09,18,6.467698726104354,17,1,6.467698726104354,12
2504.03886,2025-04-10,19,6.016157159698354,18,0,6.0014148779611505,10
2504.04010,2025-04-10,19,6.018593214496234,18,0,5.932245187448011,9
2504.04842,2025-04-10,19,5.953243334287785,18,0,5.545177444479562,35
2504.05287,2025-04-10,19,6.025865973825314,18,0,5.932245187448011,6
2504.05410,2025-04-10,19,6.035481432524756,18,0,6.023447592961033,2
2504.05523,2025-04-10,19,6.028278520230698,18,0,6.023447592961033,5
2504.05541,2025-04-10,19,6.0014148779611505,18,0,5.932245187448011,16
2504.05741,2025-04-10,19,5.8377304471659395,18,0,5.545177444479562,77
2504.06514,2025-04-10,19,5.942799375126701,18,0,5.942799375126701,39
2504.06719,2025-04-10,19,6.021023349349527,18,0,6.021023349349527,8
2504.06947,2025-04-10,19,6.0330862217988015,18,0,6.0330862217988015,3
2504.06958,2025-04-10,19,6.008813185442595,18,0,5.932245187448011,13
2504.07046,2025-04-10,19,5.966146739123692,18,0,5.545177444479562,30
2504.07081,2025-04-10,19,5.993961427306569,18,0,5.780743515792329,19
2504.07083,2025-04-10,19,5.986452005284438,18,0,5.545177444479562,22
2504.07086,2025-04-10,19,5.988961416889864,18,0,5.932245187448011,21
2504.07089,2025-04-10,19,5.988961416889864,18,0,5.932245187448011,21
2504.07092,2025-04-10,19,6.025865973825314,18,0,6.0014148779611505,6
2504.07096,2025-04-10,19,5.8377304471659395,18,0,5.780743515792329,77
2504.04974,2025-04-11,15,6.300785794663244,14,0,6.0014148779611505,18
2504.05579,2025-04-11,15,6.324358962381311,14,0,6.324358962381311,5
2504.06752,2025-04-11,15,6.317164686747284,14,0,6.212606095751519,9
2504.06801,2025-04-11,15,6.326149473155099,14,0,6.326149473155099,4
2504.07128,2025-04-11,15,6.16541785423142,14,0,6.16541785423142,87
2504.07491,2025-04-11,15,6.042632833682381,14,0,5.991464547107982,142
2504.07830,2025-04-11,15,6.300785794663244,14,0,6.300785794663244,18
2504.07934,2025-04-11,15,6.295266001439646,14,0,5.991464547107982,21
2504.07943,2025-04-11,15,6.282266746896006,14,0,6.0014148779611505,28
2504.07951,2025-04-11,15,6.274762021241939,14,0,6.0014148779611505,32
2504.07956,2025-04-11,15,6.248042874508429,14,0,6.0014148779611505,46
2504.07957,2025-04-11,15,6.269096283706261,14,0,6.0014148779611505,35
2504.07960,2025-04-11,15,6.240275845170769,14,0,6.212606095751519,50
2504.07961,2025-04-11,15,6.324358962381311,14,0,6.212606095751519,5
2504.07964,2025-04-11,15,6.2166061010848646,14,0,6.2166061010848646,62
2504.01786,2025-04-14,21,6.056784013228625,20,0,5.908082938168931,5
2504.01883,2025-04-14,21,6.0473721790462776,20,0,6.0473721790462776,9
2504.05262,2025-04-14,21,6.042632833682381,20,0,6.042632833682381,11
2504.05303,2025-04-14,21,6.056784013228625,20,0,5.908082938168931,5
2504.06908,2025-04-14,21,6.054439346269371,20,0,6.028278520230698,6
2504.07405,2025-04-14,21,6.042632833682381,20,0,6.042632833682381,11
2504.07615,2025-04-14,21,5.981414211254481,20,0,5.908082938168931,36
2504.07866,2025-04-14,21,6.042632833682381,20,0,6.028278520230698,11
2504.07891,2025-04-14,21,6.056784013228625,20,0,5.976350909297934,5
2504.07963,2025-04-14,21,6.025865973825314,20,0,5.393627546352362,18
2504.08192,2025-04-14,21,6.061456918928017,20,0,6.061456918928017,3
2504.08366,2025-04-14,21,6.045005314036012,20,0,6.035481432524756,10
2504.08388,2025-04-14,21,5.963579343618446,20,0,5.963579343618446,43
2504.08591,2025-04-14,21,6.025865973825314,20,0,5.393627546352362,18
2504.08600,2025-04-14,21,5.988961416889864,20,0,5.976350909297934,33
2504.08635,2025-04-14,21,6.059123195581797,20,0,6.035481432524756,4
2504.08641,2025-04-14,21,6.054439346269371,20,0,5.908082938168931,6
2504.08685,2025-04-14,21,5.71042701737487,20,0,5.393627546352362,130
2504.08716,2025-04-14,21,6.0473721790462776,20,0,6.0473721790462776,9
2504.08727,2025-04-14,21,6.040254711277414,20,0,5.908082938168931,12
2504.08736,2025-04-14,21,5.955837369464831,20,0,5.393627546352362,46
2504.03767,2025-04-15,28,6.803505257608338,27,1,6.803505257608338,3
2504.05782,2025-04-15,28,6.803505257608338,27,1,6.7661917146603505,3
2504.08003,2025-04-15,28,6.75110146893676,27,1,6.118097198041348,49
2504.08066,2025-04-15,28,6.782192056006791,27,1,6.762729506931879,22
2504.08120,2025-04-15,28,6.803505257608338,27,1,6.75110146893676,3
2504.08791,2025-04-15,28,6.638567789166521,27,1,6.626717749249025,140
2504.08837,2025-04-15,28,6.756932389247553,27,1,6.723832440821209,44
2504.08942,2025-04-15,28,6.775366090936392,27,1,6.723832440821209,28
2504.09130,2025-04-15,28,6.79346613258001,27,1,6.7661917146603505,12
2504.09513,2025-04-15,28,6.805722553416985,27,1,6.805722553416985,1
2504.09518,2025-04-15,28,6.80128303447162,27,1,6.7661917146603505,5
2504.09522,2025-04-15,28,6.799055862058796,27,1,6.792344427470809,7
2504.09641,2025-04-15,28,6.78897174299217,27,1,6.7661917146603505,16
2504.09643,2025-04-15,28,6.76849321164863,27,1,6.7226297948554485,34
2504.09689,2025-04-15,28,6.8001700683022,27,1,6.792344427470809,6
2504.09710,2025-04-15,28,6.785587645007929,27,1,6.75110146893676,19
2504.09763,2025-04-15,28,6.79346613258001,27,1,6.79346613258001,12
2504.09858,2025-04-15,28,6.79346613258001,27,1,6.75110146893676,12
2504.09925,2025-04-15,28,6.762729506931879,27,1,6.118097198041348,39
2504.10068,2025-04-15,28,6.773080375655535,27,1,6.118097198041348,30
2504.10127,2025-04-15,28,6.787844982309579,27,1,6.762729506931879,17
2504.10157,2025-04-15,28,6.787844982309579,27,1,6.7226297948554485,17
2504.10368,2025-04-15,28,6.782192056006791,27,1,6.7226297948554485,22
2504.10415,2025-04-15,28,6.796823718274855,27,1,6.626717749249025,9
2504.10430,2025-04-15,28,6.8001700683022,27,1,6.8001700683022,6
2504.10449,2025-04-15,28,6.790097235513905,27,1,6.75110146893676,15
2504.10471,2025-04-15,28,6.78332520060396,27,1,6.118097198041348,21
2504.10479,2025-04-15,28,6.385194398997726,27,0,6.118097198041348,311
2504.06949,2025-04-16,30,6.352629396319567,29,0,6.336825731146441,3
2504.08672,2025-04-16,30,6.257667587882639,29,0,5.955837369464831,55
2504.08846,2025-04-16,30,6.342121418721152,29,0,6.313548046277095,9
2504.09454,2025-04-16,30,6.338594078203183,29,0,6.270988431858299,11
2504.10049,2025-04-16,30,6.354370040797351,29,0,6.169610732491456,2
2504.10188,2025-04-16,30,6.336825731146441,29,0,6.270988431858299,12
2504.10277,2025-04-16,30,6.340359303727752,29,0,6.340359303727752,10
2504.10337,2025-04-16,30,6.298949246855942,29,0,6.206575926724928,33
2504.10342,2025-04-16,30,6.338594078203183,29,0,6.169610732491456,11
2504.10443,2025-04-16,30,6.352629396319567,29,0,6.206575926724928,3
2504.10462,2025-04-16,30,6.329720905522696,29,0,6.169610732491456,16
2504.10465,2025-04-16,30,6.309918278226516,29,0,6.309918278226516,27
2504.10481,2025-04-16,30,6.198478716492308,29,0,5.955837369464831,85
2504.10559,2025-04-16,30,6.335054251498059,29,0,6.206575926724928,13
2504.10766,2025-04-16,30,6.285998094508865,29,0,6.285998094508865,40
2504.10903,2025-04-16,30,6.320768294250582,29,0,5.955837369464831,21
2504.11001,2025-04-16,30,6.329720905522696,29,0,6.313548046277095,16
2504.11042,2025-04-16,30,6.35088571671474,29,0,6.326149473155099,4
2504.11080,2025-04-16,30,6.3578422665081,29,0,6.322565239927284,0
2504.11326,2025-04-16,30,6.349138991379798,29,0,6.349138991379798,5
2504.11343,2025-04-16,30,6.322565239927284,29,0,6.206575926724928,20
2504.11346,2025-04-16,30,6.2285110035911835,29,0,6.169610732491456,70
2504.11393,2025-04-16,30,6.322565239927284,29,0,6.322565239927284,20
2504.11409,2025-04-16,30,6.342121418721152,29,0,6.336825731146441,9
2504.11427,2025-04-16,30,6.322565239927284,29,0,6.270988431858299,20
2504.11442,2025-04-16,30,6.304448802421981,29,0,5.955837369464831,30
2504.11447,2025-04-16,30,6.35088571671474,29,0,6.270988431858299,4
2504.11455,2025-04-16,30,6.333279628139691,29,0,6.326149473155099,14
2504.11456,2025-04-16,30,6.336825731146441,29,0,6.206575926724928,12
2504.11457,2025-04-16,30,6.3561076606958915,29,0,6.270988431858299,1
2504.09048,2025-04-17,16,5.961005339623274,15,0,5.8888779583328805,7
2504.09081,2025-04-17,16,5.937536205082426,15,0,5.929589143389895,16
2504.09346,2025-04-17,16,5.971261839790462,15,0,5.929589143389895,3
2504.09566,2025-04-17,16,5.950642552587727,15,0,5.697093486505405,11
2504.09702,2025-04-17,16,5.932245187448011,15,0,5.863631175598097,18
2504.10326,2025-04-17,16,5.91350300563827,15,0,5.863631175598097,25
2504.10483,2025-04-17,16,5.921578419643816,15,0,5.783825182329737,22
2504.10514,2025-04-17,16,5.849324779946859,15,0,5.783825182329737,48
2504.11092,2025-04-17,16,5.953243334287785,15,0,5.953243334287785,10
2504.11468,2025-04-17,16,5.8998973535824915,15,0,5.71042701737487,30
2504.11536,2025-04-17,16,5.805134968916488,15,0,5.71042701737487,63
2504.11952,2025-04-17,16,5.948034989180646,15,0,5.948034989180646,12
2504.12240,2025-04-17,16,5.908082938168931,15,0,5.8888779583328805,27
2504.12264,2025-04-17,16,5.955837369464831,15,0,5.955837369464831,9
2504.12285,2025-04-17,16,5.733341276897746,15,0,5.697093486505405,86
2504.13128,2025-04-17,16,5.961005339623274,15,0,5.961005339623274,7
2504.05506,2025-04-18,23,6.306275286948016,22,0,6.253828811575473,25
2504.07959,2025-04-18,23,6.333279628139691,22,0,6.135564891081739,10
2504.09228,2025-04-18,23,6.345636360828596,22,0,6.345636360828596,3
2504.11651,2025-04-18,23,6.295266001439646,22,0,6.295266001439646,31
2504.12157,2025-04-18,23,6.336825731146441,22,0,6.336825731146441,8
2504.12322,2025-04-18,23,6.300785794663244,22,0,6.253828811575473,28
2504.12364,2025-04-18,23,6.311734809152915,22,0,6.282266746896006,22
2504.12369,2025-04-18,23,6.285998094508865,22,0,5.916202062607435,36
2504.12395,2025-04-18,23,6.322565239927284,22,0,6.282266746896006,16
2504.12563,2025-04-18,23,6.343880434126331,22,0,6.282266746896006,4
2504.12626,2025-04-18,23,6.257667587882639,22,0,5.916202062607435,51
2504.12782,2025-04-18,23,6.345636360828596,22,0,6.135564891081739,3
2504.13055,2025-04-18,23,6.317164686747284,22,0,5.916202062607435,19
2504.13079,2025-04-18,23,6.340359303727752,22,0,6.282266746896006,6
2504.13122,2025-04-18,23,6.315358001522335,22,0,5.916202062607435,20
2504.13143,2025-04-18,23,6.338594078203183,22,0,6.338594078203183,7
2504.13145,2025-04-18,23,6.329720905522696,22,0,6.282266746896006,12
2504.13146,2025-04-18,23,6.240275845170769,22,0,6.240275845170769,60
2504.13161,2025-04-18,23,6.163314804034641,22,0,6.135564891081739,98
2504.13169,2025-04-18,23,6.280395838960195,22,0,5.916202062607435,39
2504.13171,2025-04-18,23,6.322565239927284,22,0,6.282266746896006,16
2504.13180,2025-04-18,23,6.313548046277095,22,0,6.313548046277095,21
2504.13181,2025-04-18,23,6.284134161070802,22,0,5.916202062607435,37
2504.09621,2025-04-21,16,5.926926025970411,15,0,5.926926025970411,11
2504.10823,2025-04-21,16,5.916202062607435,15,0,5.908082938168931,15
2504.11544,2025-04-21,16,5.834810737062605,15,0,5.834810737062605,44
2504.11833,2025-04-21,16,5.877735781779639,15,0,5.198497031265826,29
2504.12083,2025-04-21,16,5.948034989180646,15,0,5.198497031265826,3
2504.13072,2025-04-21,16,5.921578419643816,15,0,5.921578419643816,13
2504.13157,2025-04-21,16,5.902633333401366,15,0,5.902633333401366,20
2504.13173,2025-04-21,16,5.8998973535824915,15,0,5.198497031265826,21
2504.13359,2025-04-21,16,5.945420608606575,15,0,5.198497031265826,4
2504.13519,2025-04-21,16,5.950642552587727,15,0,5.908082938168931,2
2504.13626,2025-04-21,16,5.937536205082426,15,0,5.198497031265826,7
2504.13677,2025-04-21,16,5.953243334287785,15,0,5.908082938168931,1
2504.13816,2025-04-21,16,5.908082938168931,15,0,5.7430031878094825,18
2504.13828,2025-04-21,16,5.908082938168931,15,0,5.7430031878094825,18
2504.13835,2025-04-21,16,5.8522024797744745,15,0,5.7430031878094825,38
2504.13837,2025-04-21,16,5.501258210544727,15,0,5.198497031265826,141
2504.08902,2025-04-22,28,6.440946540632921,27,0,6.440946540632921,8
2504.10642,2025-04-22,28,6.450470422144176,27,0,6.246106765481563,2
2504.12186,2025-04-22,28,6.4457198193855785,27,0,6.432940092739179,5
2504.13099,2025-04-22,28,6.437751649736401,27,0,6.429719478039138,10
2504.13203,2025-04-22,28,6.396929655216146,27,0,6.396929655216146,35
2504.13367,2025-04-22,28,6.411818267709897,27,0,6.368187186350492,26
2504.13805,2025-04-22,28,6.436150368369428,27,0,6.3578422665081,11
2504.13941,2025-04-22,28,6.434546518787453,27,0,6.289715570908998,12
2504.13958,2025-04-22,28,6.373319789577012,27,0,6.289715570908998,49
2504.14032,2025-04-22,28,6.4425401664681985,27,0,6.4425401664681985,7
2504.14239,2025-04-22,28,6.431331081933479,27,0,6.246106765481563,14
2504.14396,2025-04-22,28,6.410174881966167,27,0,6.376726947898627,27
2504.14603,2025-04-22,28,6.406879986069314,27,0,6.406879986069314,29
2504.14655,2025-04-22,28,6.419994928147142,27,0,6.26530121273771,21
2504.14717,2025-04-22,28,6.440946540632921,27,0,6.432940092739179,8
2504.14738,2025-04-22,28,6.4457198193855785,27,0,6.429719478039138,5
2504.14870,2025-04-22,28,6.396929655216146,27,0,6.289715570908998,35
2504.14899,2025-04-22,28,6.421622267806518,27,0,6.376726947898627,20
2504.14945,2025-04-22,28,6.304448802421981,27,0,6.26530121273771,88
2504.15047,2025-04-22,28,6.444131256700441,27,0,6.444131256700441,6
2504.15133,2025-04-22,28,6.411818267709897,27,0,6.368187186350492,26
2504.15217,2025-04-22,28,6.436150368369428,27,0,6.38856140554563,11
2504.15257,2025-04-22,28,6.376726947898627,27,0,6.3578422665081,47
2504.15266,2025-04-22,28,6.444131256700441,27,0,6.38856140554563,6
2504.15270,2025-04-22,28,6.439350371100098,27,0,6.246106765481563,9
2504.15271,2025-04-22,28,6.338594078203183,27,0,6.246106765481563,69
2504.15280,2025-04-22,28,6.413458957167357,27,0,6.246106765481563,25
2504.15281,2025-04-22,28,6.416732282512326,27,0,6.38856140554563,23
2504.11703,2025-04-23,21,6.489204931325317,20,0,6.489204931325317,6
2504.13162,2025-04-23,21,6.470799503782602,20,0,6.322565239927284,18
2504.13820,2025-04-23,21,6.473890696352274,20,0,6.45833828334479,16
2504.14538,2025-04-23,21,6.452048954437226,20,0,6.059123195581797,30
2504.14735,2025-04-23,21,6.4967749901858625,20,0,6.4967749901858625,1
2504.14977,2025-04-23,21,6.483107351457199,20,0,6.45833828334479,10
2504.14992,2025-04-23,21,6.467698726104354,20,0,6.059123195581797,20
2504.15120,2025-04-23,21,6.297109319933935,20,0,6.255750041753367,121
2504.15415,2025-04-23,21,6.46302945692067,20,0,6.322565239927284,23
2504.15466,2025-04-23,21,6.429719478039138,20,0,6.429719478039138,44
2504.15485,2025-04-23,21,6.492239835020471,20,0,6.376726947898627,4
2504.15521,2025-04-23,21,6.396929655216146,20,0,6.059123195581797,64
2504.15524,2025-04-23,21,6.493753839851686,20,0,6.493753839851686,3
2504.15681,2025-04-23,21,6.476972362889683,20,0,6.376726947898627,14
2504.15785,2025-04-23,21,6.464588303689961,20,0,6.255750041753367,22
2504.16030,2025-04-23,21,6.439350371100098,20,0,6.376726947898627,38
2504.16072,2025-04-23,21,6.393590753950631,20,0,6.322565239927284,66
2504.16078,2025-04-23,21,6.466144724237619,20,0,6.466144724237619,21
2504.16080,2025-04-23,21,6.47543271670409,20,0,6.376726947898627,15
2504.16082,2025-04-23,21,6.490723534502507,20,0,6.376726947898627,5
2504.16084,2025-04-23,21,6.295266001439646,20,0,6.059123195581797,122
2504.10419,2025-04-24,17,6.045005314036012,16,0,6.045005314036012,3
2504.11919,2025-04-24,17,6.025865973825314,16,0,5.831882477283517,11
2504.13263,2025-04-24,17,6.035481432524756,16,0,6.0014148779611505,7
2504.14509,2025-04-24,17,5.918893854273146,16,0,5.918893854273146,53
2504.15254,2025-04-24,17,6.040254711277414,16,0,5.945420608606575,5
2504.15279,2025-04-24,17,5.849324779946859,16,0,5.777652323222656,78
2504.15431,2025-04-24,17,5.958424693029782,16,0,5.945420608606575,38
2504.15585,2025-04-24,17,6.018593214496234,16,0,6.018593214496234,14
2504.15707,2025-04-24,17,6.0330862217988015,16,0,6.0330862217988015,8
2504.15777,2025-04-24,17,5.908082938168931,16,0,5.831882477283517,57
2504.15843,2025-04-24,17,6.013715156042802,16,0,5.831882477283517,16
2504.16074,2025-04-24,17,5.963579343618446,16,0,5.963579343618446,36
2504.16145,2025-04-24,17,6.0473721790462776,16,0,6.0473721790462776,2
2504.16801,2025-04-24,17,6.018593214496234,16,0,6.0014148779611505,14
2504.16891,2025-04-24,17,5.986452005284438,16,0,5.986452005284438,27
2504.16915,2025-04-24,17,5.993961427306569,16,0,5.777652323222656,24
2504.16929,2025-04-24,17,5.976350909297934,16,0,5.976350909297934,31
2504.15921,2025-04-25,18,6.2422232654551655,17,0,6.2422232654551655,7
2504.16064,2025-04-25,18,6.226536669287466,17,0,6.226536669287466,15
2504.16511,2025-04-25,18,6.210600077024653,17,0,5.924255797414532,23
2504.16828,2025-04-25,18,6.218600119691729,17,0,6.218600119691729,19
2504.16921,2025-04-25,18,6.240275845170769,17,0,6.192362489474872,8
2504.17040,2025-04-25,18,6.230481447578482,17,0,6.169610732491456,13
2504.17069,2025-04-25,18,6.2422232654551655,17,0,6.169610732491456,7
2504.17192,2025-04-25,18,5.983936280687191,17,0,5.924255797414532,124
2504.17207,2025-04-25,18,6.19644412779452,17,0,5.652489180268651,30
2504.17343,2025-04-25,18,6.230481447578482,17,0,6.230481447578482,13
2504.17414,2025-04-25,18,6.220590170099739,17,0,5.652489180268651,18
2504.17432,2025-04-25,18,6.173786103901937,17,0,5.652489180268651,41
2504.17502,2025-04-25,18,6.144185634125646,17,0,5.652489180268651,55
2504.17601,2025-04-25,18,6.251903883165888,17,0,6.251903883165888,2
2504.17670,2025-04-25,18,6.208590026096629,17,0,6.192362489474872,24
2504.17761,2025-04-25,18,6.061456918928017,17,0,5.652489180268651,92
2504.17788,2025-04-25,18,6.244166900663736,17,0,6.244166900663736,6
2504.17789,2025-04-25,18,6.210600077024653,17,0,6.169610732491456,23
2504.12080,2025-04-28,12,5.998936561946683,11,0,5.998936561946683,8
2504.15376,2025-04-28,12,5.537334267018537,11,0,5.14166355650266,157
2504.15716,2025-04-28,12,5.988961416889864,11,0,5.988961416889864,12
2504.16427,2025-04-28,12,5.973809611869261,11,0,5.780743515792329,18
2504.16656,2025-04-28,12,5.863631175598097,11,0,5.14166355650266,59
2504.17025,2025-04-28,12,5.976350909297934,11,0,5.780743515792329,17
2504.17768,2025-04-28,12,5.983936280687191,11,0,5.983936280687191,14
2504.17816,2025-04-28,12,5.986452005284438,11,0,5.986452005284438,13
2504.17821,2025-04-28,12,5.958424693029782,11,0,5.14166355650266,24
2504.18225,2025-04-28,12,5.981414211254481,11,0,5.981414211254481,15
2504.18415,2025-04-28,12,5.883322388488279,11,0,5.780743515792329,52
2504.18425,2025-04-28,12,5.966146739123692,11,0,5.966146739123692,21
2504.15780,2025-04-29,14,5.424950017481403,13,0,5.293304824724492,6
2504.16083,2025-04-29,14,5.41610040220442,13,0,5.293304824724492,8
2504.17258,2025-04-29,14,5.4116460518550396,13,0,5.4116460518550396,9
2504.18589,2025-04-29,14,5.393627546352362,13,0,5.293304824724492,13
2504.18919,2025-04-29,14,5.332718793265369,13,0,5.214935757608986,26
2504.19062,2025-04-29,14,5.424950017481403,13,0,5.424950017481403,6
2504.19093,2025-04-29,14,5.3706380281276624,13,0,5.3706380281276624,18
2504.19144,2025-04-29,14,5.43372200355424,13,0,5.43372200355424,4
2504.19162,2025-04-29,14,5.3706380281276624,13,0,5.3706380281276624,18
2504.19395,2025-04-29,14,5.429345628954441,13,0,5.135798437050262,5
2504.19413,2025-04-29,14,5.1647859739235145,13,0,5.135798437050262,58
2504.19724,2025-04-29,14,5.308267697401205,13,0,5.308267697401205,31
2504.19838,2025-04-29,14,5.3471075307174685,13,0,5.214935757608986,23
2504.19854,2025-04-29,14,5.420534999272286,13,0,5.293304824724492,7
2504.16046,2025-04-30,19,6.0844994130751715,18,0,6.063785208687608,13
2504.16272,2025-04-30,19,6.102558594613569,18,0,5.703782474656201,5
2504.17838,2025-04-30,19,6.104793232414985,18,0,5.703782474656201,4
2504.18087,2025-04-30,19,6.102558594613569,18,0,6.023447592961033,5
2504.18738,2025-04-30,19,6.1092475827643655,18,0,6.035481432524756,2
2504.18942,2025-04-30,19,6.104793232414985,18,0,5.703782474656201,4
2504.20073,2025-04-30,19,6.0867747269123065,18,0,6.0867747269123065,12
2504.20114,2025-04-30,19,6.104793232414985,18,0,5.976350909297934,4
2504.20157,2025-04-30,19,6.028278520230698,18,0,5.703782474656201,37
2504.20571,2025-04-30,19,5.8664680569332965,18,0,5.703782474656201,99
2504.20595,2025-04-30,19,5.986452005284438,18,0,5.976350909297934,54
2504.20630,2025-04-30,19,6.093569770045136,18,0,6.063785208687608,9
2504.20690,2025-04-30,19,6.07073772800249,18,0,6.035481432524756,19
2504.20734,2025-04-30,19,5.966146739123692,18,0,5.966146739123692,62
2504.20769,2025-04-30,19,6.1070228877422545,18,0,5.703782474656201,3
2504.20879,2025-04-30,19,5.940171252720432,18,0,5.940171252720432,72
2504.20995,2025-04-30,19,6.063785208687608,18,0,6.023447592961033,22
2504.20996,2025-04-30,19,6.0844994130751715,18,0,6.035481432524756,13
2504.20998,2025-04-30,19,6.0867747269123065,18,0,6.023447592961033,12
2504.18904,2025-05-01,15,6.021023349349527,14,0,6.021023349349527,9
2504.19043,2025-05-01,15,6.0330862217988015,14,0,6.0330862217988015,4
2504.19056,2025-05-01,15,5.998936561946683,14,0,5.998936561946683,18
2504.19720,2025-05-01,15,6.013715156042802,14,0,6.013715156042802,12
2504.20708,2025-05-01,15,5.986452005284438,14,0,5.262690188904886,23
2504.20966,2025-05-01,15,5.966146739123692,14,0,5.966146739123692,31
2504.21039,2025-05-01,15,6.0014148779611505,14,0,6.0014148779611505,17
2504.21233,2025-05-01,15,5.916202062607435,14,0,5.262690188904886,50
2504.21318,2025-05-01,15,5.8998973535824915,14,0,5.8998973535824915,56
2504.21336,2025-05-01,15,6.030685260261263,14,0,5.963579343618446,5
2504.21635,2025-05-01,15,5.8916442118257715,14,0,5.262690188904886,59
2504.21776,2025-05-01,15,5.8888779583328805,14,0,5.262690188904886,60
2504.21850,2025-05-01,15,5.976350909297934,14,0,5.963579343618446,27
2504.21855,2025-05-01,15,6.0112671744041615,14,0,6.0112671744041615,13
2505.00551,2025-05-01,15,5.953243334287785,14,0,5.262690188904886,36
2504.18715,2025-05-02,12,5.5134287461649825,11,0,5.5134287461649825,7
2504.18983,2025-05-02,12,5.5134287461649825,11,0,5.438079308923196,7
2504.19394,2025-05-02,12,5.488937726156687,11,0,5.429345628954441,13
2504.20406,2025-05-02,12,5.5093883366279774,11,0,5.5093883366279774,8
2504.20605,2025-05-02,12,5.484796933490655,11,0,5.438079308923196,14
2504.21659,2025-05-02,12,5.484796933490655,11,0,5.429345628954441,14
2504.21853,2025-05-02,12,5.342334251964811,11,0,4.997212273764115,46
2505.00234,2025-05-02,12,5.43372200355424,11,0,5.43372200355424,26
2505.00497,2025-05-02,12,5.472270673671475,11,0,4.997212273764115,17
2505.00534,2025-05-02,12,5.5254529391317835,11,0,5.438079308923196,4
2505.00662,2025-05-02,12,5.303304908059076,11,0,5.303304908059076,54
2505.00703,2025-05-02,12,5.351858133476067,11,0,4.997212273764115,44
2504.20438,2025-05-05,9,4.897839799950911,8,0,4.653960350157523,44
2504.20859,2025-05-05,9,5.159055299214529,8,0,5.087596335232384,4
2504.21117,2025-05-05,9,5.0238805208462765,8,0,4.68213122712422,26
2505.00023,2025-05-05,9,5.1298987149230735,8,0,5.10594547390058,9
2505.00174,2025-05-05,9,5.111987788356544,8,0,5.087596335232384,12
2505.00562,2025-05-05,9,5.159055299214529,8,0,5.10594547390058,4
2505.00949,2025-05-05,9,4.897839799950911,8,0,4.68213122712422,44
2505.01079,2025-05-05,9,5.003946305945459,8,0,4.653960350157523,29
2505.01490,2025-05-05,9,5.153291594497779,8,0,5.153291594497779,5
2504.20752,2025-05-06,22,6.251903883165888,21,0,5.983936280687191,96
2505.01043,2025-05-06,22,6.405228458030842,21,0,6.405228458030842,10
2505.01441,2025-05-06,22,6.3561076606958915,21,0,6.19644412779452,39
2505.01456,2025-05-06,22,6.418364935936212,21,0,6.369900982828227,2
2505.01548,2025-05-06,22,6.419994928147142,21,0,6.419994928147142,1
2505.01583,2025-05-06,22,6.408528791059498,21,0,5.983936280687191,8
2505.01658,2025-05-06,22,6.354370040797351,21,0,6.230481447578482,40
2505.02005,2025-05-06,22,6.416732282512326,21,0,6.416732282512326,3
2505.02094,2025-05-06,22,6.391917113392602,21,0,6.274762021241939,18
2505.02130,2025-05-06,22,6.416732282512326,21,0,6.408528791059498,3
2505.02156,2025-05-06,22,6.391917113392602,21,0,6.230481447578482,18
2505.02222,2025-05-06,22,6.352629396319567,21,0,6.274762021241939,41
2505.02370,2025-05-06,22,6.398594934535208,21,0,6.369900982828227,14
2505.02387,2025-05-06,22,6.280395838960195,21,0,5.983936280687191,81
2505.02391,2025-05-06,22,6.380122536899765,21,0,6.274762021241939,25
2505.02471,2025-05-06,22,6.396929655216146,21,0,6.369900982828227,15
2505.02625,2025-05-06,22,6.3835066348840055,21,0,6.230481447578482,23
2505.02707,2025-05-06,22,6.272877006546167,21,0,6.19644412779452,85
2505.02735,2025-05-06,22,6.366470447731438,21,0,5.983936280687191,33
2505.02819,2025-05-06,22,6.3784261836515865,21,0,6.230481447578482,26
2505.02823,2025-05-06,22,6.413458957167357,21,0,6.408528791059498,5
2505.02835,2025-05-06,22,6.375024819828097,21,0,6.375024819828097,28
2504.18373,2025-05-07,19,6.278521424165844,18,1,6.2166061010848646,2
2504.21650,2025-05-07,19,6.251903883165888,18,1,6.251903883165888,16
2504.21798,2025-05-07,19,6.253828811575473,18,1,6.2166061010848646,15
2505.00212,2025-05-07,19,6.26530121273771,18,1,6.2166061010848646,9
2505.02214,2025-05-07,19,6.2324480165505225,18,1,5.666426688112432,26
2505.02311,2025-05-07,19,6.278521424165844,18,1,6.274762021241939,2
2505.02836,2025-05-07,19,6.267200548541362,18,1,6.2166061010848646,8
2505.02872,2025-05-07,19,6.249975242259483,18,1,6.249975242259483,17
2505.02922,2025-05-07,19,6.226536669287466,18,1,5.666426688112432,29
2505.03005,2025-05-07,19,6.214608098422191,18,1,6.214608098422191,35
2505.03052,2025-05-07,19,6.270988431858299,18,1,6.259581464064923,6
2505.03164,2025-05-07,19,6.270988431858299,18,1,6.259581464064923,6
2505.03318,2025-05-07,19,6.089044875446846,18,1,6.030685260261263,94
2505.03335,2025-05-07,19,5.840641657373398,18,0,5.666426688112432,191
2505.03368,2025-05-07,19,6.257667587882639,18,1,6.257667587882639,13
2505.03730,2025-05-07,19,6.2285110035911835,18,1,6.2285110035911835,28
2505.03735,2025-05-07,19,6.234410725718371,18,1,6.030685260261263,25
2505.03739,2025-05-07,19,6.263398262591624,18,1,6.263398262591624,10
2505.04110,2025-05-07,19,6.278521424165844,18,1,6.274762021241939,2
2505.00358,2025-05-08,18,5.840641657373398,17,0,5.840641657373398,26
2505.01449,2025-05-08,18,5.902633333401366,17,0,5.902633333401366,4
2505.02393,2025-05-08,18,5.905361848054571,17,0,5.902633333401366,3
2505.02567,2025-05-08,18,5.662960480135946,17,0,5.293304824724492,82
2505.02820,2025-05-08,18,5.905361848054571,17,0,5.905361848054571,3
2505.03105,2025-05-08,18,5.910796644040527,17,0,5.902633333401366,1
2505.03418,2025-05-08,18,5.8888779583328805,17,0,5.8888779583328805,9
2505.03538,2025-05-08,18,5.908082938168931,17,0,5.908082938168931,2
2505.03570,2025-05-08,18,5.8916442118257715,17,0,5.8664680569332965,8
2505.03821,2025-05-08,18,5.846438775057725,17,0,5.293304824724492,24
2505.03912,2025-05-08,18,5.8888779583328805,17,0,5.8888779583328805,9
2505.04364,2025-05-08,18,5.857933154483459,17,0,5.857933154483459,20
2505.04512,2025-05-08,18,5.811140992976701,17,0,5.293304824724492,36
2505.04528,2025-05-08,18,5.8805329864007,17,0,5.8805329864007,12
2505.04588,2025-05-08,18,5.720311776607412,17,0,5.720311776607412,65
2505.04601,2025-05-08,18,5.831882477283517,17,0,5.293304824724492,29
2505.04606,2025-05-08,18,5.8888779583328805,17,0,5.8664680569332965,9
2505.04622,2025-05-08,18,5.8377304471659395,17,0,5.8377304471659395,27
2504.19314,2025-05-09,20,6.398594934535208,19,1,6.398594934535208,8
2505.02363,2025-05-09,20,6.400257445308821,19,1,6.352629396319567,7
2505.02847,2025-05-09,20,6.361302477572996,19,1,6.361302477572996,30
2505.03422,2025-05-09,20,6.398594934535208,19,1,6.375024819828097,8
2505.03981,2025-05-09,20,6.386879319362645,19,1,6.2166061010848646,15
2505.04620,2025-05-09,20,6.26530121273771,19,1,6.2166061010848646,83
2505.04769,2025-05-09,20,6.395261598115449,19,1,6.2166061010848646,10
2505.04842,2025-05-09,20,6.391917113392602,19,1,6.352629396319567,12
2505.04921,2025-05-09,20,6.045005314036012,19,0,5.948034989180646,187
2505.04955,2025-05-09,20,6.398594934535208,19,1,6.352629396319567,8
2505.05064,2025-05-09,20,6.395261598115449,19,1,6.322565239927284,10
2505.05071,2025-05-09,20,6.3818160174060985,19,1,5.948034989180646,18
2505.05288,2025-05-09,20,6.38856140554563,19,1,6.375024819828097,14
2505.05315,2025-05-09,20,6.368187186350492,19,1,6.368187186350492,26
2505.05327,2025-05-09,20,6.391917113392602,19,1,6.391917113392602,12
2505.05408,2025-05-09,20,6.398594934535208,19,1,6.352629396319567,8
2505.05467,2025-05-09,20,6.39024066706535,19,1,6.322565239927284,13
2505.05469,2025-05-09,20,6.363028103540465,19,1,6.322565239927284,29
2505.05470,2025-05-09,20,6.253828811575473,19,1,6.253828811575473,89
2505.05474,2025-05-09,20,6.376726947898627,19,1,5.948034989180646,21
2504.21467,2025-05-12,8,5.342334251964811,7,0,5.342334251964811,1
2505.02410,2025-05-12,8,5.049856007249537,7,0,4.477336814478207,54
2505.02550,2025-05-12,8,4.955827057601261,7,0,4.477336814478207,68
2505.02686,2025-05-12,8,5.267858159063328,7,0,5.267858159063328,16
2505.05026,2025-05-12,8,5.2574953720277815,7,0,5.2574953720277815,18
2505.05621,2025-05-12,8,5.288267030694535,7,0,5.288267030694535,12
2505.06046,2025-05-12,8,5.272999558563747,7,0,5.272999558563747,15
2505.06111,2025-05-12,8,5.220355825078324,7,0,5.220355825078324,25
2505.00612,2025-05-13,24,6.45833828334479,23,0,6.447305862541213,9
2505.03733,2025-05-13,24,6.4457198193855785,23,0,6.428105272684596,17
2505.04066,2025-05-13,24,6.461468176353717,23,0,6.447305862541213,7
2505.04918,2025-05-13,24,6.4692503167957724,23,0,6.467698726104354,2
2505.06176,2025-05-13,24,6.453624998892692,23,0,6.453624998892692,12
2505.06324,2025-05-13,24,6.467698726104354,23,0,6.467698726104354,3
2505.06548,2025-05-13,24,6.424869023905388,23,0,6.263398262591624,30
2505.07062,2025-05-13,24,6.192362489474872,23,0,5.8998973535824915,158
2505.07086,2025-05-13,24,6.470799503782602,23,0,6.467698726104354,1
2505.07233,2025-05-13,24,6.459904454377535,23,0,6.459904454377535,8
2505.07260,2025-05-13,24,6.45833828334479,23,0,6.453624998892692,9
2505.07263,2025-05-13,24,6.424869023905388,23,0,5.8998973535824915,30
2505.07291,2025-05-13,24,6.448889394146858,23,0,6.302618975744905,15
2505.07293,2025-05-13,24,6.428105272684596,23,0,6.263398262591624,28
2505.07447,2025-05-13,24,6.405228458030842,23,0,6.376726947898627,42
2505.07596,2025-05-13,24,6.455198563340122,23,0,6.428105272684596,11
2505.07608,2025-05-13,24,6.329720905522696,23,0,6.302618975744905,86
2505.07747,2025-05-13,24,6.373319789577012,23,0,5.8998973535824915,61
2505.07787,2025-05-13,24,6.400257445308821,23,0,6.263398262591624,45
2505.07793,2025-05-13,24,6.467698726104354,23,0,6.453624998892692,3
2505.07796,2025-05-13,24,6.4425401664681985,23,0,6.263398262591624,19
2505.07812,2025-05-13,24,6.453624998892692,23,0,6.376726947898627,12
2505.07818,2025-05-13,24,6.419994928147142,23,0,5.8998973535824915,33
2505.07819,2025-05-13,24,6.464588303689961,23,0,6.376726947898627,5
2504.21475,2025-05-14,15,5.556828061699537,14,0,5.517452896464707,8
2505.05464,2025-05-14,15,5.545177444479562,14,0,5.480638923341991,11
2505.07215,2025-05-14,15,5.545177444479562,14,0,5.521460917862246,11
2505.07416,2025-05-14,15,5.579729825986222,14,0,5.480638923341991,2
2505.07591,2025-05-14,15,5.545177444479562,14,0,5.545177444479562,11
2505.07916,2025-05-14,15,4.859812404361672,14,0,4.634728988229636,138
2505.08175,2025-05-14,15,5.484796933490655,14,0,4.634728988229636,26
2505.08311,2025-05-14,15,5.5134287461649825,14,0,5.5134287461649825,19
2505.08445,2025-05-14,15,5.572154032177765,14,0,5.572154032177765,4
2505.08638,2025-05-14,15,5.564520407322694,14,0,5.521460917862246,6
2505.08665,2025-05-14,15,5.568344503761097,14,0,5.517452896464707,5
2505.08712,2025-05-14,15,5.564520407322694,14,0,5.564520407322694,6
2505.08727,2025-05-14,15,5.568344503761097,14,0,5.517452896464707,5
2505.08751,2025-05-14,15,5.53338948872752,14,0,5.480638923341991,14
2505.09027,2025-05-14,15,5.58724865840025,14,0,5.58724865840025,0
2502.12894,2025-05-15,17,5.978885764901122,16,0,5.634789603169249,19
2505.04410,2025-05-15,17,5.91350300563827,16,0,5.883322388488279,44
2505.04793,2025-05-15,17,6.018593214496234,16,0,6.018593214496234,3
2505.05587,2025-05-15,17,6.023447592961033,16,0,5.749392985908253,1
2505.06356,2025-05-15,17,6.018593214496234,16,0,5.883322388488279,3
2505.07849,2025-05-15,17,6.0014148779611505,16,0,6.0014148779611505,10
2505.08084,2025-05-15,17,6.023447592961033,16,0,5.883322388488279,1
2505.08455,2025-05-15,17,6.013715156042802,16,0,5.883322388488279,5
2505.08787,2025-05-15,17,5.991464547107982,16,0,5.991464547107982,14
2505.08910,2025-05-15,17,6.021023349349527,16,0,5.883322388488279,2
2505.09343,2025-05-15,17,5.820082930352362,16,0,5.820082930352362,77
2505.09358,2025-05-15,17,5.958424693029782,16,0,5.634789603169249,27
2505.09439,2025-05-15,17,6.0014148779611505,16,0,5.976350909297934,10
2505.09558,2025-05-15,17,6.0014148779611505,16,0,5.976350909297934,10
2505.09568,2025-05-15,17,5.752572638825633,16,0,5.749392985908253,99
2505.09608,2025-05-15,17,5.929589143389895,16,0,5.634789603169249,38
2505.10557,2025-05-15,17,5.8971538676367405,16,0,5.634789603169249,50
2505.06027,2025-05-16,27,6.413458957167357,26,0,6.066108090103747,18
2505.07096,2025-05-16,27,6.434546518787453,26,0,6.315358001522335,5
2505.07782,2025-05-16,27,6.411818267709897,26,0,6.26530121273771,19
2505.08581,2025-05-16,27,6.428105272684596,26,0,6.416732282512326,9
2505.08617,2025-05-16,27,6.373319789577012,26,0,6.282266746896006,42
2505.09263,2025-05-16,27,6.434546518787453,26,0,6.315358001522335,5
2505.09264,2025-05-16,27,6.434546518787453,26,0,6.434546518787453,5
2505.09265,2025-05-16,27,6.434546518787453,26,0,6.282266746896006,5
2505.09601,2025-05-16,27,6.432940092739179,26,0,6.282266746896006,6
2505.09666,2025-05-16,27,6.322565239927284,26,0,6.322565239927284,71
2505.09694,2025-05-16,27,6.410174881966167,26,0,6.315358001522335,20
2505.09723,2025-05-16,27,6.403574197934815,26,0,6.403574197934815,24
2505.09738,2025-05-16,27,6.42648845745769,26,0,6.42648845745769,10
2505.09926,2025-05-16,27,6.432940092739179,26,0,6.282266746896006,6
2505.09990,2025-05-16,27,6.423246963533519,26,0,6.282266746896006,12
2505.10046,2025-05-16,27,6.428105272684596,26,0,6.315358001522335,9
2505.10167,2025-05-16,27,6.431331081933479,26,0,6.416732282512326,7
2505.10185,2025-05-16,27,6.400257445308821,26,0,6.066108090103747,26
2505.10320,2025-05-16,27,6.403574197934815,26,0,6.403574197934815,24
2505.10468,2025-05-16,27,6.42648845745769,26,0,6.42648845745769,10
2505.10475,2025-05-16,27,6.300785794663244,26,0,6.26530121273771,83
2505.10527,2025-05-16,27,6.386879319362645,26,0,6.066108090103747,34
2505.10554,2025-05-16,27,6.2324480165505225,26,0,6.066108090103747,119
2505.10558,2025-05-16,27,6.416732282512326,26,0,6.315358001522335,16
2505.10562,2025-05-16,27,6.406879986069314,26,0,6.282266746896006,22
2505.10565,2025-05-16,27,6.421622267806518,26,0,6.315358001522335,13
2505.10566,2025-05-16,27,6.431331081933479,26,0,6.315358001522335,7
2505.05678,2025-05-19,20,6.46302945692067,19,1,6.459904454377535,7
2505.07675,2025-05-19,20,6.440946540632921,19,1,6.240275845170769,21
2505.09388,2025-05-19,20,5.726847747587197,19,0,5.726847747587197,341
2505.09924,2025-05-19,20,6.470799503782602,19,1,6.46302945692067,2
2505.10496,2025-05-19,20,6.470799503782602,19,1,6.459904454377535,2
2505.10518,2025-05-19,20,6.452048954437226,19,1,6.452048954437226,14
2505.10610,2025-05-19,20,6.385194398997726,19,1,6.240275845170769,55
2505.10769,2025-05-19,20,6.470799503782602,19,1,6.240275845170769,2
2505.10852,2025-05-19,20,6.46302945692067,19,1,6.46302945692067,7
2505.10962,2025-05-19,20,6.461468176353717,19,1,6.461468176353717,8
2505.11011,2025-05-19,20,6.466144724237619,19,1,6.46302945692067,5
2505.11049,2025-05-19,20,6.375024819828097,19,1,6.375024819828097,61
2505.11107,2025-05-19,20,6.428105272684596,19,1,6.428105272684596,29
2505.11140,2025-05-19,20,6.46302945692067,19,1,6.450470422144176,7
2505.11152,2025-05-19,20,6.4692503167957724,19,1,6.440946540632921,3
2505.11315,2025-05-19,20,6.473890696352274,19,1,6.473890696352274,0
2505.11409,2025-05-19,20,6.3818160174060985,19,1,6.240275845170769,57
2505.11427,2025-05-19,20,6.450470422144176,19,1,6.440946540632921,15
2505.11480,2025-05-19,20,6.461468176353717,19,1,6.450470422144176,8
2505.11493,2025-05-19,20,6.4692503167957724,19,1,6.440946540632921,3
2505.03332,2025-05-20,43,6.786716950605081,42,0,6.71901315438526,1
2505.07704,2025-05-20,43,6.754604099487962,42,0,6.687108607866515,29
2505.10238,2025-05-20,43,6.776506992372183,42,0,6.731018100482083,10
2505.10420,2025-05-20,43,6.785587645007929,42,0,6.776506992372183,2
2505.10831,2025-05-20,43,6.782192056006791,42,0,6.71901315438526,5
2505.11254,2025-05-20,43,6.731018100482083,42,0,6.559615237493242,49
2505.11475,2025-05-20,43,6.78105762593618,42,0,6.71901315438526,6
2505.11484,2025-05-20,43,6.78105762593618,42,0,6.71901315438526,6
2505.11497,2025-05-20,43,6.78332520060396,42,0,6.731018100482083,4
2505.11733,2025-05-20,43,6.779921907472252,42,0,6.71901315438526,7
2505.11820,2025-05-20,43,6.641182169740591,42,0,6.559615237493242,121
2505.11855,2025-05-20,43,6.776506992372183,42,0,6.767343125265392,10
2505.11896,2025-05-20,43,6.720220155135295,42,0,6.628041376179533,58
2505.11932,2025-05-20,43,6.767343125265392,42,0,6.546785410760524,18
2505.11988,2025-05-20,43,6.784457062637643,42,0,6.784457062637643,3
2505.12058,2025-05-20,43,6.78105762593618,42,0,6.777646593635117,6
2505.12081,2025-05-20,43,6.767343125265392,42,0,6.687108607866515,18
2505.12082,2025-05-20,43,6.742880635791903,42,0,6.546785410760524,39
2505.12120,2025-05-20,43,6.778784897685177,42,0,6.776506992372183,8
2505.12257,2025-05-20,43,6.786716950605081,42,0,6.767343125265392,1
2505.12346,2025-05-20,43,6.7661917146603505,42,0,6.679599185844383,19
2505.12504,2025-05-20,43,6.760414691083428,42,0,6.628041376179533,24
2505.12781,2025-05-20,43,6.785587645007929,42,0,6.559615237493242,2
2505.12805,2025-05-20,43,6.762729506931879,42,0,6.628041376179533,22
2505.12849,2025-05-20,43,6.779921907472252,42,0,6.767343125265392,7
2505.12872,2025-05-20,43,6.785587645007929,42,0,6.71901315438526,2
2505.12973,2025-05-20,43,6.784457062637643,42,0,6.777646593635117,3
2505.12992,2025-05-20,43,6.761572768804055,42,0,6.71901315438526,23
2505.12996,2025-05-20,43,6.784457062637643,42,0,6.71901315438526,3
2505.13180,2025-05-20,43,6.773080375655535,42,0,6.71901315438526,13
2505.13181,2025-05-20,43,6.777646593635117,42,0,6.559615237493242,9
2505.13215,2025-05-20,43,6.754604099487962,42,0,6.731018100482083,29
2505.13227,2025-05-20,43,6.734591659972948,42,0,6.679599185844383,46
2505.13308,2025-05-20,43,6.756932389247553,42,0,6.628041376179533,27
2505.13379,2025-05-20,43,6.729824070489475,42,0,6.546785410760524,50
2505.13388,2025-05-20,43,6.775366090936392,42,0,6.71901315438526,11
2505.13389,2025-05-20,43,6.744059186311348,42,0,6.687108607866515,38
2505.13417,2025-05-20,43,6.6895992691789665,42,0,6.546785410760524,83
2505.13427,2025-05-20,43,6.7580945044277305,42,0,6.679599185844383,26
2505.13437,2025-05-20,43,6.78105762593618,42,0,6.731018100482083,6
2505.13444,2025-05-20,43,6.769641976852503,42,0,6.71901315438526,16
2505.13511,2025-05-20,43,6.786716950605081,42,0,6.786716950605081,1
2505.13840,2025-05-20,43,6.759255270663693,42,0,6.71901315438526,25
2505.04388,2025-05-21,50,6.634633357861686,49,0,6.556778356158042,26
2505.06914,2025-05-21,50,6.666956792429207,49,0,6.666956792429207,1
2505.09569,2025-05-21,50,6.659293919683638,49,0,6.642486801367256,7
2505.10176,2025-05-21,50,6.664409020350408,49,0,6.6240652277998935,3
2505.10588,2025-05-21,50,6.663132695990803,49,0,6.634633357861686,4
2505.11365,2025-05-21,50,6.659293919683638,49,0,6.650279048587422,7
2505.11594,2025-05-21,50,6.566672429803241,49,0,6.413458957167357,76
2505.11730,2025-05-21,50,6.661854740545311,49,0,6.483107351457199,5
2505.11754,2025-05-21,50,6.665683717782408,49,0,6.483107351457199,2
2505.11966,2025-05-21,50,6.660575149839686,49,0,6.483107351457199,6
2505.12154,2025-05-21,50,6.664409020350408,49,0,6.6240652277998935,3
2505.12182,2025-05-21,50,6.658011045870748,49,0,6.638567789166521,8
2505.12306,2025-05-21,50,6.663132695990803,49,0,6.638567789166521,4
2505.12448,2025-05-21,50,6.655440350367647,49,0,6.483107351457199,10
2505.13010,2025-05-21,50,6.664409020350408,49,0,6.638567789166521,3
2505.13103,2025-05-21,50,6.660575149839686,49,0,6.650279048587422,6
2505.13138,2025-05-21,50,6.621405651764134,49,0,6.413458957167357,36
2505.13380,2025-05-21,50,6.661854740545311,49,0,6.633318433280377,5
2505.13430,2025-05-21,50,6.655440350367647,49,0,6.5722825426940075,10
2505.13438,2025-05-21,50,6.621405651764134,49,0,6.413458957167357,36
2505.13547,2025-05-21,50,6.650279048587422,49,0,6.633318433280377,14
2505.13559,2025-05-21,50,6.651571873589727,49,0,6.642486801367256,13
2505.13718,2025-05-21,50,6.659293919683638,49,0,6.483107351457199,7
2505.13731,2025-05-21,50,6.665683717782408,49,0,6.6240652277998935,2
2505.13778,2025-05-21,50,6.661854740545311,49,0,6.483107351457199,5
2505.13866,2025-05-21,50,6.646390514847729,49,0,6.483107351457199,17
2505.13946,2025-05-21,50,6.655440350367647,49,0,6.6240652277998935,10
2505.13988,2025-05-21,50,6.658011045870748,49,0,6.633318433280377,8
2505.14135,2025-05-21,50,6.647688373563329,49,0,6.5722825426940075,16
2505.14178,2025-05-21,50,6.665683717782408,49,0,6.483107351457199,2
2505.14246,2025-05-21,50,6.626717749249025,49,0,6.431331081933479,32
2505.14352,2025-05-21,50,6.656726524178391,49,0,6.634633357861686,9
2505.14460,2025-05-21,50,6.625392368007956,49,0,6.5722825426940075,33
2505.14464,2025-05-21,50,6.655440350367647,49,0,6.483107351457199,10
2505.14467,2025-05-21,50,6.666956792429207,49,0,6.650279048587422,1
2505.14489,2025-05-21,50,6.642486801367256,49,0,6.483107351457199,20
2505.14513,2025-05-21,50,6.630683385642372,49,0,6.413458957167357,29
2505.14534,2025-05-21,50,6.658011045870748,49,0,6.638567789166521,8
2505.14556,2025-05-21,50,6.666956792429207,49,0,6.5722825426940075,1
2505.14631,2025-05-21,50,6.642486801367256,49,0,6.556778356158042,20
2505.14633,2025-05-21,50,6.663132695990803,49,0,6.634633357861686,4
2505.14640,2025-05-21,50,6.647688373563329,49,0,6.6240652277998935,16
2505.14648,2025-05-21,50,6.655440350367647,49,0,6.655440350367647,10
2505.14652,2025-05-21,50,6.637258031284457,49,0,6.483107351457199,24
2505.14673,2025-05-21,50,6.652863029353347,49,0,6.5722825426940075,12
2505.14674,2025-05-21,50,6.620073206530356,49,0,6.556778356158042,37
2505.14677,2025-05-21,50,6.648984550024776,49,0,6.483107351457199,15
2505.14680,2025-05-21,50,6.656726524178391,49,0,6.634633357861686,9
2505.14681,2025-05-21,50,6.655440350367647,49,0,6.483107351457199,10
2505.14683,2025-05-21,50,6.481577129276431,49,0,6.431331081933479,134
2505.11080,2025-05-22,42,6.774223886357614,41,0,6.651571873589727,5
2505.11196,2025-05-22,42,6.763884908562435,41,0,6.721425700790643,14
2505.11454,2025-05-22,42,6.774223886357614,41,0,6.651571873589727,5
2505.12650,2025-05-22,42,6.77078942390898,41,0,6.639875833826536,8
2505.13529,2025-05-22,42,6.7661917146603505,41,0,6.651571873589727,12
2505.13909,2025-05-22,42,6.728628613084702,41,0,6.704414354964107,44
2505.13934,2025-05-22,42,6.761572768804055,41,0,6.651571873589727,16
2505.14101,2025-05-22,42,6.776506992372183,41,0,6.741700694652055,3
2505.14157,2025-05-22,42,6.771935555839602,41,0,6.771935555839602,7
2505.14231,2025-05-22,42,6.717804695023691,41,0,6.684611727667927,53
2505.14302,2025-05-22,42,6.68586094706836,41,0,6.634633357861686,79
2505.14336,2025-05-22,42,6.776506992372183,41,0,6.639875833826536,3
2505.14357,2025-05-22,42,6.748759547491679,41,0,6.684611727667927,27
2505.14766,2025-05-22,42,6.733401891837359,41,0,6.634633357861686,40
2505.14818,2025-05-22,42,6.775366090936392,41,0,6.7580945044277305,4
2505.14827,2025-05-22,42,6.76849321164863,41,0,6.740519359606223,10
2505.14887,2025-05-22,42,6.777646593635117,41,0,6.639875833826536,2
2505.14990,2025-05-22,42,6.778784897685177,41,0,6.651571873589727,1
2505.15034,2025-05-22,42,6.773080375655535,41,0,6.651571873589727,6
2505.15045,2025-05-22,42,6.714170529909472,41,0,6.47543271670409,56
2505.15047,2025-05-22,42,6.775366090936392,41,0,6.775366090936392,4
2505.15134,2025-05-22,42,6.771935555839602,41,0,6.651571873589727,7
2505.15141,2025-05-22,42,6.775366090936392,41,0,6.775366090936392,4
2505.15146,2025-05-22,42,6.756932389247553,41,0,6.704414354964107,20
2505.15210,2025-05-22,42,6.7580945044277305,41,0,6.741700694652055,19
2505.15277,2025-05-22,42,6.652863029353347,41,0,6.47543271670409,105
2505.15400,2025-05-22,42,6.75343791859778,41,0,6.651571873589727,23
2505.15404,2025-05-22,42,6.7650389767805414,41,0,6.651571873589727,13
2505.15406,2025-05-22,42,6.774223886357614,41,0,6.774223886357614,5
2505.15524,2025-05-22,42,6.77078942390898,41,0,6.77078942390898,8
2505.15612,2025-05-22,42,6.740519359606223,41,0,6.47543271670409,34
2505.15656,2025-05-22,42,6.762729506931879,41,0,6.7580945044277305,15
2505.15765,2025-05-22,42,6.752270376141742,41,0,6.740519359606223,24
2505.15776,2025-05-22,42,6.767343125265392,41,0,6.741700694652055,11
2505.15778,2025-05-22,42,6.7580945044277305,41,0,6.47543271670409,19
2505.15779,2025-05-22,42,6.763884908562435,41,0,6.721425700790643,14
2505.15781,2025-05-22,42,6.761572768804055,41,0,6.721425700790643,16
2505.15791,2025-05-22,42,6.773080375655535,41,0,6.721425700790643,6
2505.15801,2025-05-22,42,6.760414691083428,41,0,6.47543271670409,17
2505.15809,2025-05-22,42,6.660575149839686,41,0,6.639875833826536,99
2505.15816,2025-05-22,42,6.776506992372183,41,0,6.639875833826536,3
2505.15817,2025-05-22,42,6.759255270663693,41,0,6.651571873589727,18
2505.11711,2025-05-23,47,6.841615476477592,46,0,6.668228248417403,11
2505.13237,2025-05-23,47,6.852242569051878,46,0,6.697034247666484,1
2505.13344,2025-05-23,47,6.84587987526405,46,0,6.804614520062624,7
2505.14395,2025-05-23,47,6.846943139585379,46,0,6.842683282238422,6
2505.14462,2025-05-23,47,6.849066282633458,46,0,6.697034247666484,4
2505.14604,2025-05-23,47,6.828712071641684,46,0,6.78105762593618,23
2505.14625,2025-05-23,47,6.839476438228843,46,0,6.668228248417403,13
2505.14684,2025-05-23,47,6.827629234502852,46,0,6.78105762593618,24
2505.14810,2025-05-23,47,6.785587645007929,46,0,6.668228248417403,62
2505.15263,2025-05-23,47,6.8501261661455,46,0,6.804614520062624,3
2505.15270,2025-05-23,47,6.815639990074331,46,0,6.804614520062624,35
2505.15517,2025-05-23,47,6.84587987526405,46,0,6.697034247666484,7
2505.15865,2025-05-23,47,6.848005274576363,46,0,6.697034247666484,5
2505.15879,2025-05-23,47,6.839476438228843,46,0,6.697034247666484,13
2505.15952,2025-05-23,47,6.831953565565855,46,0,6.626717749249025,20
2505.15960,2025-05-23,47,6.84587987526405,46,0,6.668228248417403,7
2505.15963,2025-05-23,47,6.843749949006225,46,0,6.697034247666484,9
2505.15966,2025-05-23,47,6.795705775173514,46,0,6.626717749249025,53
2505.16048,2025-05-23,47,6.8501261661455,46,0,6.668228248417403,3
2505.16088,2025-05-23,47,6.8501261661455,46,0,6.668228248417403,3
2505.16151,2025-05-23,47,6.843749949006225,46,0,6.697034247666484,9
2505.16170,2025-05-23,47,6.849066282633458,46,0,6.842683282238422,4
2505.16175,2025-05-23,47,6.807934943699926,46,0,6.80128303447162,42
2505.16181,2025-05-23,47,6.827629234502852,46,0,6.626717749249025,24
2505.16186,2025-05-23,47,6.84587987526405,46,0,6.668228248417403,7
2505.16192,2025-05-23,47,6.841615476477592,46,0,6.697034247666484,11
2505.16265,2025-05-23,47,6.844815479208263,46,0,6.668228248417403,8
2505.16400,2025-05-23,47,6.813444599510896,46,0,6.668228248417403,37
2505.16410,2025-05-23,47,6.790097235513905,46,0,6.78105762593618,58
2505.16421,2025-05-23,47,6.833031732786201,46,0,6.78105762593618,19
2505.16612,2025-05-23,47,6.846943139585379,46,0,6.80128303447162,6
2505.16707,2025-05-23,47,6.805722553416985,46,0,6.626717749249025,44
2505.16839,2025-05-23,47,6.838405200847344,46,0,6.697034247666484,14
2505.16854,2025-05-23,47,6.841615476477592,46,0,6.697034247666484,11
2505.16864,2025-05-23,47,6.827629234502852,46,0,6.626717749249025,24
2505.16916,2025-05-23,47,6.835184586147301,46,0,6.835184586147301,17
2505.16925,2025-05-23,47,6.825460036255307,46,0,6.787844982309579,26
2505.16933,2025-05-23,47,6.816735880594968,46,0,6.787844982309579,34
2505.16938,2025-05-23,47,6.716594773520978,46,0,6.716594773520978,121
2505.16944,2025-05-23,47,6.844815479208263,46,0,6.78105762593618,8
2505.16967,2025-05-23,47,6.827629234502852,46,0,6.827629234502852,24
2505.16990,2025-05-23,47,6.829793737512425,46,0,6.697034247666484,22
2505.17012,2025-05-23,47,6.840546529288687,46,0,6.697034247666484,12
2505.17015,2025-05-23,47,6.843749949006225,46,0,6.668228248417403,9
2505.17018,2025-05-23,47,6.837332814685591,46,0,6.697034247666484,15
2505.17019,2025-05-23,47,6.849066282633458,46,0,6.697034247666484,4
2505.17022,2025-05-23,47,6.824373670043086,46,0,6.626717749249025,27
2505.11881,2025-05-26,47,6.9363427358340495,46,0,6.933423025730715,4
2505.12891,2025-05-26,47,6.930494765951626,46,0,6.842683282238422,10
2505.13508,2025-05-26,47,6.92461239604856,46,0,6.842683282238422,16
2505.14146,2025-05-26,47,6.920671504248683,46,0,6.802394763324311,20
2505.14256,2025-05-26,47,6.939253946041508,46,0,6.92951677076365,1
2505.14669,2025-05-26,47,6.86171134048073,46,0,6.706862336602747,78
2505.15182,2025-05-26,47,6.934397209928558,46,0,6.842683282238422,6
2505.15389,2025-05-26,47,6.932447891572509,46,0,6.903747257584598,8
2505.15692,2025-05-26,47,6.926577033222725,46,0,6.842683282238422,14
2505.15805,2025-05-26,47,6.937314081223682,46,0,6.933423025730715,3
2505.15929,2025-05-26,47,6.891625897052253,46,0,6.802394763324311,49
2505.16022,2025-05-26,47,6.9363427358340495,46,0,6.842683282238422,4
2505.16056,2025-05-26,47,6.937314081223682,46,0,6.92951677076365,3
2505.16134,2025-05-26,47,6.922643891475888,46,0,6.8966943316227125,18
2505.16211,2025-05-26,47,6.922643891475888,46,0,6.903747257584598,18
2505.16270,2025-05-26,47,6.933423025730715,46,0,6.92951677076365,7
2505.16293,2025-05-26,47,6.937314081223682,46,0,6.933423025730715,3
2505.16409,2025-05-26,47,6.93828448401696,46,0,6.933423025730715,2
2505.16479,2025-05-26,47,6.92951677076365,46,0,6.8966943316227125,11
2505.16483,2025-05-26,47,6.930494765951626,46,0,6.842683282238422,10
2505.16770,2025-05-26,47,6.928537818164665,46,0,6.842683282238422,12
2505.17016,2025-05-26,47,6.934397209928558,46,0,6.903747257584598,6
2505.17063,2025-05-26,47,6.92951677076365,46,0,6.842683282238422,11
2505.17091,2025-05-26,47,6.93537044601511,46,0,6.903747257584598,5
2505.17225,2025-05-26,47,6.876264611890766,46,0,6.802394763324311,64
2505.17295,2025-05-26,47,6.931471805599453,46,0,6.903747257584598,9
2505.17373,2025-05-26,47,6.93537044601511,46,0,6.842683282238422,5
2505.17399,2025-05-26,47,6.926577033222725,46,0,6.903747257584598,14
2505.17412,2025-05-26,47,6.918695219020472,46,0,6.785587645007929,22
2505.17417,2025-05-26,47,6.926577033222725,46,0,6.903747257584598,14
2505.17508,2025-05-26,47,6.932447891572509,46,0,6.842683282238422,8
2505.17540,2025-05-26,47,6.933423025730715,46,0,6.8966943316227125,7
2505.17552,2025-05-26,47,6.940222469119639,46,0,6.933423025730715,0
2505.17558,2025-05-26,47,6.925595197110468,46,0,6.8966943316227125,15
2505.17561,2025-05-26,47,6.90975328164481,46,0,6.8966943316227125,31
2505.17612,2025-05-26,47,6.858565034791365,46,0,6.672032945461067,81
2505.17618,2025-05-26,47,6.899723107284872,46,0,6.785587645007929,41
2505.17667,2025-05-26,47,6.8501261661455,46,0,6.672032945461067,89
2505.17826,2025-05-26,47,6.930494765951626,46,0,6.930494765951626,10
2505.17873,2025-05-26,47,6.910750787961936,46,0,6.672032945461067,30
2505.17941,2025-05-26,47,6.915723448631314,46,0,6.706862336602747,25
2505.17955,2025-05-26,47,6.918695219020472,46,0,6.785587645007929,22
2505.18078,2025-05-26,47,6.934397209928558,46,0,6.8966943316227125,6
2505.18092,2025-05-26,47,6.897704943128636,46,0,6.672032945461067,43
2505.18125,2025-05-26,47,6.825460036255307,46,0,6.706862336602747,112
2505.18129,2025-05-26,47,6.877296071497429,46,0,6.785587645007929,63
2505.18383,2025-05-26,47,6.93828448401696,46,0,6.933423025730715,2
2505.10887,2025-05-27,50,7.205635176410364,49,1,7.180069874302796,10
2505.13136,2025-05-27,50,7.19668657083435,49,1,6.7912214627261855,22
2505.13426,2025-05-27,50,7.203405521083095,49,1,7.180069874302796,13
2505.15804,2025-05-27,50,7.205635176410364,49,1,7.180069874302796,10
2505.16348,2025-05-27,50,7.173958319756794,49,1,7.140453043101158,52
2505.16886,2025-05-27,50,7.208600337960199,49,1,7.074116816197362,6
2505.16972,2025-05-27,50,7.206377291472252,49,1,7.206377291472252,9
2505.17652,2025-05-27,50,7.208600337960199,49,1,7.074116816197362,6
2505.17894,2025-05-27,50,7.036148493750536,49,0,6.7912214627261855,220
2505.18384,2025-05-27,50,7.207118856207756,49,1,7.140453043101158,8
2505.18454,2025-05-27,50,7.2078598714324755,49,1,7.074116816197362,7
2505.18536,2025-05-27,50,7.199678345691172,49,1,6.7912214627261855,18
2505.18545,2025-05-27,50,7.190676034332207,49,1,7.175489713624222,30
2505.18601,2025-05-27,50,7.1929342212158,49,1,6.7912214627261855,27
2505.18675,2025-05-27,50,7.192182058713246,49,1,7.094234845924755,28
2505.18759,2025-05-27,50,7.202661196523238,49,1,7.074116816197362,14
2505.18773,2025-05-27,50,7.2078598714324755,49,1,7.1853870155804165,7
2505.18822,2025-05-27,50,7.201916317531627,49,1,7.074116816197362,15
2505.18926,2025-05-27,50,7.198183577101943,49,1,7.175489713624222,20
2505.19056,2025-05-27,50,7.208600337960199,49,1,7.1853870155804165,6
2505.19084,2025-05-27,50,7.198183577101943,49,1,7.094234845924755,20
2505.19103,2025-05-27,50,7.203405521083095,49,1,7.203405521083095,13
2505.19147,2025-05-27,50,7.099201743553092,49,1,7.094234845924755,146
2505.19209,2025-05-27,50,7.195937226475569,49,1,6.7912214627261855,23
2505.19223,2025-05-27,50,7.206377291472252,49,1,7.186144304522325,9
2505.19250,2025-05-27,50,7.1785454837637,49,1,7.074116816197362,46
2505.19297,2025-05-27,50,7.148345743900068,49,1,7.094234845924755,85
2505.19386,2025-05-27,50,7.204892510204673,49,1,7.186144304522325,11
2505.19427,2025-05-27,50,7.204892510204673,49,1,7.1853870155804165,11
2505.19439,2025-05-27,50,7.190676034332207,49,1,6.7912214627261855,30
2505.19443,2025-05-27,50,7.201916317531627,49,1,7.140453043101158,15
2505.19457,2025-05-27,50,7.164720378771857,49,1,7.164720378771857,64
2505.19590,2025-05-27,50,7.189922170745808,49,1,7.074116816197362,31
2505.19602,2025-05-27,50,7.203405521083095,49,1,7.1853870155804165,13
2505.19630,2025-05-27,50,7.2078598714324755,49,1,7.140453043101158,7
2505.19640,2025-05-27,50,7.201916317531627,49,1,7.074116816197362,15
2505.19731,2025-05-27,50,7.208600337960199,49,1,7.094234845924755,6
2505.19752,2025-05-27,50,7.201170883281678,49,1,7.186144304522325,16
2505.19788,2025-05-27,50,7.203405521083095,49,1,7.074116816197362,13
2505.19815,2025-05-27,50,7.186144304522325,49,1,6.7912214627261855,36
2505.19914,2025-05-27,50,7.1785454837637,49,1,6.7912214627261855,46
2505.19949,2025-05-27,50,7.201170883281678,49,1,7.074116816197362,16
2505.19955,2025-05-27,50,7.203405521083095,49,1,7.140453043101158,13
2505.20046,2025-05-27,50,7.199678345691172,49,1,7.199678345691172,18
2505.20139,2025-05-27,50,7.198931240688173,49,1,7.198931240688173,19
2505.20152,2025-05-27,50,7.204892510204673,49,1,7.180069874302796,11
2505.20256,2025-05-27,50,7.198931240688173,49,1,7.094234845924755,19
2505.20258,2025-05-27,50,7.179307969504034,49,1,6.7912214627261855,45
2505.20259,2025-05-27,50,7.195187320178709,49,1,7.195187320178709,24
2505.20278,2025-05-27,50,7.2078598714324755,49,1,7.074116816197362,7
2505.11277,2025-05-28,50,7.251344983372214,49,0,7.251344983372214,29
2505.14064,2025-05-28,50,7.257707677160043,49,0,7.062191632286556,20
2505.16459,2025-05-28,50,7.2399325913204695,49,0,7.095893221097532,45
2505.16901,2025-05-28,50,7.237778191923443,49,0,7.237778191923443,48
2505.17332,2025-05-28,50,7.249925536717988,49,0,7.212294468500341,31
2505.17613,2025-05-28,50,7.266128779556451,49,0,7.142036574706803,8
2505.17813,2025-05-28,50,7.2305631534092925,49,0,7.090076835776092,58
2505.17952,2025-05-28,50,7.257002707092073,49,0,7.144407180321139,21
2505.18134,2025-05-28,50,7.267525427828172,49,0,7.142036574706803,6
2505.18445,2025-05-28,50,7.226936018493289,49,0,7.062191632286556,63
2505.18875,2025-05-28,50,7.242082359256962,49,0,7.2254814727822945,42
2505.18943,2025-05-28,50,7.254177846456518,49,0,7.144407180321139,25
2505.19000,2025-05-28,50,7.242082359256962,49,0,7.090076835776092,42
2505.19099,2025-05-28,50,7.266827347520591,49,0,7.142036574706803,7
2505.19641,2025-05-28,50,7.221835825288449,49,0,7.090076835776092,70
2505.19650,2025-05-28,50,7.2682230211595655,49,0,7.142036574706803,5
2505.19897,2025-05-28,50,7.19668657083435,49,0,7.095893221097532,104
2505.20275,2025-05-28,50,7.257707677160043,49,0,7.142036574706803,20
2505.20279,2025-05-28,50,7.2682230211595655,49,0,7.142036574706803,5
2505.20286,2025-05-28,50,7.266128779556451,49,0,7.262628600974241,8
2505.20287,2025-05-28,50,7.257707677160043,49,0,7.062191632286556,20
2505.20289,2025-05-28,50,7.264730177929867,49,0,7.090076835776092,10
2505.20292,2025-05-28,50,7.234898420314831,49,0,7.212294468500341,52
2505.20322,2025-05-28,50,7.261927092702751,49,0,7.261927092702751,14
2505.20325,2025-05-28,50,7.239214973779806,49,0,7.144407180321139,46
2505.20355,2025-05-28,50,7.246368080102461,49,0,7.226936018493289,36
2505.20426,2025-05-28,50,7.266827347520591,49,0,7.142036574706803,7
2505.20561,2025-05-28,50,7.266827347520591,49,0,7.090076835776092,7
2505.20650,2025-05-28,50,7.259819610363186,49,0,7.259819610363186,17
2505.20793,2025-05-28,50,7.262628600974241,49,0,7.142036574706803,13
2505.21070,2025-05-28,50,7.266827347520591,49,0,7.2254814727822945,7
2505.21097,2025-05-28,50,7.2640301428995295,49,0,7.090076835776092,11
2505.21178,2025-05-28,50,7.267525427828172,49,0,7.090076835776092,6
2505.21189,2025-05-28,50,7.227662498728654,49,0,7.144407180321139,62
2505.21297,2025-05-28,50,7.251344983372214,49,0,7.090076835776092,29
2505.21327,2025-05-28,50,7.212294468500341,49,0,7.095893221097532,83
2505.21333,2025-05-28,50,7.244941546337007,49,0,7.062191632286556,38
2505.21334,2025-05-28,50,7.257002707092073,49,0,7.062191632286556,21
2505.21374,2025-05-28,50,7.251344983372214,49,0,7.142036574706803,29
2505.21457,2025-05-28,50,7.260522598089852,49,0,7.142036574706803,16
2505.21471,2025-05-28,50,7.2682230211595655,49,0,7.262628600974241,5
2505.21473,2025-05-28,50,7.260522598089852,49,0,7.260522598089852,16
2505.21491,2025-05-28,50,7.260522598089852,49,0,7.2254814727822945,16
2505.21493,2025-05-28,50,7.252762418053187,49,0,7.226936018493289,27
2505.21494,2025-05-28,50,7.266128779556451,49,0,7.142036574706803,8
2505.21496,2025-05-28,50,7.244941546337007,49,0,7.142036574706803,38
2505.21497,2025-05-28,50,7.192182058713246,49,0,7.062191632286556,110
2505.21500,2025-05-28,50,7.262628600974241,49,0,7.142036574706803,13
2505.21505,2025-05-28,50,7.259116128097101,49,0,7.144407180321139,18
2505.22172,2025-05-28,50,7.267525427828172,49,0,7.090076835776092,6
2505.11821,2025-05-29,50,6.990256500493881,49,0,6.877296071497429,14
2505.12667,2025-05-29,50,6.994849985833071,49,0,6.994849985833071,9
2505.15813,2025-05-29,50,6.9985096422506015,49,0,6.9167150203536085,5
2505.17330,2025-05-29,50,6.982862751468942,49,0,6.976348070447749,22
2505.17663,2025-05-29,50,6.98933526597456,49,0,6.9167150203536085,15
2505.17870,2025-05-29,50,6.9985096422506015,49,0,6.92951677076365,5
2505.18227,2025-05-29,50,6.98933526597456,49,0,6.824373670043086,15
2505.18366,2025-05-29,50,6.980075940561763,49,0,6.947937068614969,25
2505.18600,2025-05-29,50,6.957497370876951,49,0,6.824373670043086,49
2505.18700,2025-05-29,50,6.999422467507961,49,0,6.955592608396297,4
2505.18882,2025-05-29,50,6.98933526597456,49,0,6.92951677076365,15
2505.19051,2025-05-29,50,6.999422467507961,49,0,6.976348070447749,4
2505.19075,2025-05-29,50,6.982862751468942,49,0,6.982862751468942,22
2505.19187,2025-05-29,50,6.99117688712121,49,0,6.955592608396297,13
2505.19253,2025-05-29,50,6.97166860472579,49,0,6.947937068614969,34
2505.20298,2025-05-29,50,6.994849985833071,49,0,6.824373670043086,9
2505.20411,2025-05-29,50,6.911747300251674,49,0,6.877296071497429,96
2505.20444,2025-05-29,50,6.9985096422506015,49,0,6.824373670043086,5
2505.20589,2025-05-29,50,6.9975959829819265,49,0,6.92951677076365,6
2505.20779,2025-05-29,50,6.98933526597456,49,0,6.92951677076365,15
2505.21060,2025-05-29,50,6.999422467507961,49,0,6.999422467507961,4
2505.21136,2025-05-29,50,6.961296045910167,49,0,6.7661917146603505,45
2505.21191,2025-05-29,50,7.00033446027523,49,0,6.976348070447749,3
2505.21582,2025-05-29,50,6.999422467507961,49,0,6.877296071497429,4
2505.21600,2025-05-29,50,6.9363427358340495,49,0,6.9167150203536085,71
2505.21649,2025-05-29,50,7.00033446027523,49,0,6.824373670043086,3
2505.21876,2025-05-29,50,6.994849985833071,49,0,6.968850378341948,9
2505.21887,2025-05-29,50,6.990256500493881,49,0,6.990256500493881,14
2505.21925,2025-05-29,50,6.968850378341948,49,0,6.92951677076365,37
2505.21960,2025-05-29,50,6.9985096422506015,49,0,6.968850378341948,5
2505.22019,2025-05-29,50,6.992096427415888,49,0,6.824373670043086,12
2505.22129,2025-05-29,50,6.988413181999592,49,0,6.968850378341948,16
2505.22202,2025-05-29,50,6.985641817639208,49,0,6.891625897052253,19
2505.22203,2025-05-29,50,6.996681488176539,49,0,6.955592608396297,7
2505.22232,2025-05-29,50,6.9865664594064265,49,0,6.891625897052253,18
2505.22312,2025-05-29,50,6.951772164398911,49,0,6.7661917146603505,55
2505.22334,2025-05-29,50,6.96979066990159,49,0,6.824373670043086,36
2505.22338,2025-05-29,50,6.9957661563048505,49,0,6.955592608396297,8
2505.22453,2025-05-29,50,6.960347729101308,49,0,6.891625897052253,46
2505.22457,2025-05-29,50,6.976348070447749,49,0,6.824373670043086,29
2505.22523,2025-05-29,50,6.996681488176539,49,0,6.968850378341948,7
2505.22525,2025-05-29,50,6.98933526597456,49,0,6.955592608396297,15
2505.22613,2025-05-29,50,6.993932975223189,49,0,6.824373670043086,10
2505.22617,2025-05-29,50,6.875232087276577,49,0,6.7661917146603505,132
2505.22642,2025-05-29,50,6.999422467507961,49,0,6.955592608396297,4
2505.22648,2025-05-29,50,6.9726062513017535,49,0,6.891625897052253,33
2505.22651,2025-05-29,50,6.959398512133975,49,0,6.959398512133975,47
2505.22664,2025-05-29,50,6.996681488176539,49,0,6.824373670043086,7
2505.22960,2025-05-29,50,6.988413181999592,49,0,6.877296071497429,16
2505.23727,2025-05-29,50,6.9985096422506015,49,0,6.824373670043086,5
2505.14321,2025-05-30,50,6.877296071497429,49,0,6.86171134048073,11
2505.17818,2025-05-30,50,6.878326468291325,49,0,6.874198495453294,10
2505.18087,2025-05-30,50,6.880384082186005,49,0,6.75110146893676,8
2505.18962,2025-05-30,50,6.876264611890766,49,0,6.776506992372183,12
2505.20088,2025-05-30,50,6.8679744089702925,49,0,6.535241271013659,20
2505.20282,2025-05-30,50,6.882437470997847,49,0,6.776506992372183,6
2505.20755,2025-05-30,50,6.881411303642535,49,0,6.79794041297493,7
2505.21114,2025-05-30,50,6.875232087276577,49,0,6.79794041297493,13
2505.21190,2025-05-30,50,6.884486652042782,49,0,6.874198495453294,4
2505.21784,2025-05-30,50,6.871091294610546,49,0,6.849066282633458,17
2505.22126,2025-05-30,50,6.884486652042782,49,0,6.75110146893676,4
2505.22255,2025-05-30,50,6.863803391452954,49,0,6.863803391452954,24
2505.22421,2025-05-30,50,6.878326468291325,49,0,6.849066282633458,10
2505.22618,2025-05-30,50,6.839476438228843,49,0,6.535241271013659,47
2505.22653,2025-05-30,50,6.843749949006225,49,0,6.535241271013659,43
2505.22759,2025-05-30,50,6.8690144506657065,49,0,6.535241271013659,19
2505.22765,2025-05-30,50,6.871091294610546,49,0,6.776506992372183,17
2505.22810,2025-05-30,50,6.8690144506657065,49,0,6.776506992372183,19
2505.22854,2025-05-30,50,6.884486652042782,49,0,6.79794041297493,4
2505.22888,2025-05-30,50,6.883462586413092,49,0,6.776506992372183,5
2505.22914,2025-05-30,50,6.848005274576363,49,0,6.720220155135295,39
2505.22918,2025-05-30,50,6.882437470997847,49,0,6.79794041297493,6
2505.22944,2025-05-30,50,6.882437470997847,49,0,6.882437470997847,6
2505.22961,2025-05-30,50,6.880384082186005,49,0,6.776506992372183,8
2505.22988,2025-05-30,50,6.884486652042782,49,0,6.884486652042782,4
2505.23253,2025-05-30,50,6.884486652042782,49,0,6.79794041297493,4
2505.23359,2025-05-30,50,6.849066282633458,49,0,6.720220155135295,38
2505.23380,2025-05-30,50,6.8658910748834385,49,0,6.75110146893676,22
2505.23387,2025-05-30,50,6.880384082186005,49,0,6.776506992372183,8
2505.23416,2025-05-30,50,6.876264611890766,49,0,6.876264611890766,12
2505.23419,2025-05-30,50,6.866933284461882,49,0,6.866933284461882,21
2505.23559,2025-05-30,50,6.877296071497429,49,0,6.849066282633458,11
2505.23585,2025-05-30,50,6.874198495453294,49,0,6.776506992372183,14
2505.23604,2025-05-30,50,6.86484777797086,49,0,6.535241271013659,23
2505.23606,2025-05-30,50,6.874198495453294,49,0,6.75110146893676,14
2505.23621,2025-05-30,50,6.78897174299217,49,0,6.535241271013659,93
2505.23625,2025-05-30,50,6.882437470997847,49,0,6.79794041297493,6
2505.23646,2025-05-30,50,6.863803391452954,49,0,6.535241271013659,24
2505.23660,2025-05-30,50,6.853299093186078,49,0,6.79794041297493,34
2505.23693,2025-05-30,50,6.833031732786201,49,0,6.720220155135295,53
2505.23716,2025-05-30,50,6.856461984594587,49,0,6.856461984594587,31
2505.23735,2025-05-30,50,6.86484777797086,49,0,6.535241271013659,23
2505.23742,2025-05-30,50,6.877296071497429,49,0,6.79794041297493,11
2505.23745,2025-05-30,50,6.884486652042782,49,0,6.75110146893676,4
2505.23747,2025-05-30,50,6.815639990074331,49,0,6.75110146893676,69
2505.23751,2025-05-30,50,6.873163834212518,49,0,6.86171134048073,15
2505.23754,2025-05-30,50,6.873163834212518,49,0,6.776506992372183,15
2505.23758,2025-05-30,50,6.8658910748834385,49,0,6.720220155135295,22
2505.23759,2025-05-30,50,6.883462586413092,49,0,6.75110146893676,5
2505.23762,2025-05-30,50,6.841615476477592,49,0,6.841615476477592,45
2505.13157,2025-06-02,42,6.725033642166843,41,0,6.654152520183219,6
2505.14752,2025-06-02,42,6.670766320845874,41,0,6.654152520183219,50
2505.18842,2025-06-02,42,6.688354713946762,41,0,6.5998704992128365,36
2505.20047,2025-06-02,42,6.728628613084702,41,0,6.654152520183219,3
2505.20873,2025-06-02,42,6.721425700790643,41,0,6.3578422665081,9
2505.20977,2025-06-02,42,6.720220155135295,41,0,6.5998704992128365,10
2505.21437,2025-06-02,42,6.706862336602747,41,0,6.706862336602747,21
2505.21523,2025-06-02,42,6.716594773520978,41,0,6.5998704992128365,13
2505.21749,2025-06-02,42,6.727431724850855,41,0,6.727431724850855,4
2505.21864,2025-06-02,42,6.720220155135295,41,0,6.720220155135295,10
2505.23009,2025-06-02,42,6.710523109452428,41,0,6.710523109452428,18
2505.23832,2025-06-02,42,6.731018100482083,41,0,6.3578422665081,1
2505.23844,2025-06-02,42,6.727431724850855,41,0,6.654152520183219,4
2505.23856,2025-06-02,42,6.729824070489475,41,0,6.5998704992128365,2
2505.23923,2025-06-02,42,6.7226297948554485,41,0,6.720220155135295,8
2505.23926,2025-06-02,42,6.726233402358747,41,0,6.706862336602747,5
2505.23941,2025-06-02,42,6.704414354964107,41,0,6.704414354964107,23
2505.24025,2025-06-02,42,6.698268054115413,41,0,6.516193076042964,28
2505.24098,2025-06-02,42,6.679599185844383,41,0,6.679599185844383,43
2505.24119,2025-06-02,42,6.731018100482083,41,0,6.727431724850855,1
2505.24189,2025-06-02,42,6.726233402358747,41,0,6.71174039505618,5
2505.24196,2025-06-02,42,6.717804695023691,41,0,6.71174039505618,12
2505.24293,2025-06-02,42,6.715383386334681,41,0,6.706862336602747,14
2505.24417,2025-06-02,42,6.716594773520978,41,0,6.698268054115413,13
2505.24517,2025-06-02,42,6.726233402358747,41,0,6.5998704992128365,5
2505.24521,2025-06-02,42,6.714170529909472,41,0,6.698268054115413,15
2505.24581,2025-06-02,42,6.729824070489475,41,0,6.706862336602747,2
2505.24615,2025-06-02,42,6.726233402358747,41,0,6.725033642166843,5
2505.24672,2025-06-02,42,6.728628613084702,41,0,6.727431724850855,3
2505.24782,2025-06-02,42,6.731018100482083,41,0,6.725033642166843,1
2505.24785,2025-06-02,42,6.703188113240863,41,0,6.703188113240863,24
2505.24850,2025-06-02,42,6.721425700790643,41,0,6.3578422665081,9
2505.24858,2025-06-02,42,6.71174039505618,41,0,6.71174039505618,17
2505.24862,2025-06-02,42,6.695798917058491,41,0,6.516193076042964,30
2505.24863,2025-06-02,42,6.60934924316738,41,0,6.3578422665081,97
2505.24864,2025-06-02,42,6.541029999189903,41,0,6.3578422665081,146
2505.24867,2025-06-02,42,6.6293632534374485,41,0,6.516193076042964,82
2505.24869,2025-06-02,42,6.726233402358747,41,0,6.5998704992128365,5
2505.24871,2025-06-02,42,6.704414354964107,41,0,6.516193076042964,23
2505.24875,2025-06-02,42,6.720220155135295,41,0,6.5998704992128365,10
2505.24878,2025-06-02,42,6.704414354964107,41,0,6.5998704992128365,23
2506.00073,2025-06-02,42,6.729824070489475,41,0,6.720220155135295,2
2505.16122,2025-06-03,50,6.951772164398911,49,1,6.8001700683022,5
2505.18128,2025-06-03,50,6.952728644624869,49,1,6.933423025730715,4
2505.19621,2025-06-03,50,6.952728644624869,49,1,6.8001700683022,4
2505.20285,2025-06-03,50,6.953684210870537,49,1,6.926577033222725,3
2505.21179,2025-06-03,50,6.9440872082295275,49,1,6.915723448631314,13
2505.21724,2025-06-03,50,6.951772164398911,49,1,6.8885724595653635,5
2505.22954,2025-06-03,50,6.942156705699469,49,1,6.92951677076365,15
2505.23059,2025-06-03,50,6.9440872082295275,49,1,6.8001700683022,13
2505.23504,2025-06-03,50,6.948897222313312,49,1,6.8885724595653635,8
2505.23590,2025-06-03,50,6.932447891572509,49,1,6.8885724595653635,25
2505.23907,2025-06-03,50,6.945051063725834,49,1,6.915723448631314,12
2505.23977,2025-06-03,50,6.946975992135418,49,1,6.8885724595653635,10
2505.24086,2025-06-03,50,6.951772164398911,49,1,6.915723448631314,5
2505.24183,2025-06-03,50,6.947937068614969,49,1,6.8001700683022,9
2505.24298,2025-06-03,50,6.923628628138427,49,1,6.680854678790215,34
2505.24452,2025-06-03,50,6.951772164398911,49,1,6.933423025730715,5
2505.24523,2025-06-03,50,6.946975992135418,49,1,6.8001700683022,10
2505.24625,2025-06-03,50,6.947937068614969,49,1,6.8885724595653635,9
2505.24760,2025-06-03,50,6.883462586413092,49,1,6.8001700683022,74
2505.24842,2025-06-03,50,6.950814768442584,49,1,6.940222469119639,6
2505.24846,2025-06-03,50,6.942156705699469,49,1,6.8001700683022,15
2506.00338,2025-06-03,50,6.946975992135418,49,1,6.92951677076365,10
2506.00411,2025-06-03,50,6.925595197110468,49,1,6.925595197110468,32
2506.00469,2025-06-03,50,6.952728644624869,49,1,6.933423025730715,4
2506.00512,2025-06-03,50,6.951772164398911,49,1,6.933423025730715,5
2506.00523,2025-06-03,50,6.953684210870537,49,1,6.915723448631314,3
2506.00539,2025-06-03,50,6.927557906278317,49,1,6.661854740545311,30
2506.00577,2025-06-03,50,6.945051063725834,49,1,6.926577033222725,12
2506.00643,2025-06-03,50,6.950814768442584,49,1,6.933423025730715,6
2506.00723,2025-06-03,50,6.953684210870537,49,1,6.92951677076365,3
2506.00789,2025-06-03,50,6.951772164398911,49,1,6.951772164398911,5
2506.00979,2025-06-03,50,6.945051063725834,49,1,6.8885724595653635,12
2506.00996,2025-06-03,50,6.917705609835305,49,1,6.837332814685591,40
2506.01049,2025-06-03,50,6.918695219020472,49,1,6.680854678790215,39
2506.01062,2025-06-03,50,6.951772164398911,49,1,6.8001700683022,5
2506.01074,2025-06-03,50,6.952728644624869,49,1,6.946975992135418,4
2506.01084,2025-06-03,50,6.949856455000773,49,1,6.940222469119639,7
2506.01413,2025-06-03,50,6.940222469119639,49,1,6.8001700683022,17
2506.01484,2025-06-03,50,6.950814768442584,49,1,6.946975992135418,6
2506.01667,2025-06-03,50,6.9363427358340495,49,1,6.837332814685591,21
2506.01713,2025-06-03,50,6.90975328164481,49,1,6.661854740545311,48
2506.01844,2025-06-03,50,6.790097235513905,49,1,6.680854678790215,161
2506.01853,2025-06-03,50,6.925595197110468,49,1,6.837332814685591,32
2506.01863,2025-06-03,50,6.93828448401696,49,1,6.680854678790215,19
2506.01881,2025-06-03,50,6.950814768442584,49,1,6.926577033222725,6
2506.01920,2025-06-03,50,6.952728644624869,49,1,6.940222469119639,4
2506.01928,2025-06-03,50,6.947937068614969,49,1,6.915723448631314,9
2506.01939,2025-06-03,50,6.756932389247553,49,0,6.661854740545311,190
2506.01943,2025-06-03,50,6.932447891572509,49,1,6.837332814685591,25
2506.01952,2025-06-03,50,6.946975992135418,49,1,6.926577033222725,10
2505.16994,2025-06-04,50,7.040536390215956,49,1,6.914730892718563,2
2505.18079,2025-06-04,50,7.037905963447182,49,1,7.037905963447182,5
2505.22704,2025-06-04,50,7.029972911706386,49,1,6.914730892718563,14
2505.23061,2025-06-04,50,7.014814351275545,49,1,6.899723107284872,31
2505.24120,2025-06-04,50,6.9975959829819265,49,1,6.824373670043086,50
2505.24273,2025-06-04,50,7.037905963447182,49,1,6.914730892718563,5
2505.24362,2025-06-04,50,7.040536390215956,49,1,6.914730892718563,2
2505.24714,2025-06-04,50,7.009408932708637,49,1,6.824373670043086,37
2505.24726,2025-06-04,50,6.759255270663693,49,0,6.729824070489475,282
2506.00070,2025-06-04,50,7.016609683894219,49,1,6.824373670043086,29
2506.00123,2025-06-04,50,7.011213987350367,49,1,6.877296071497429,35
2506.00189,2025-06-04,50,7.037027614686276,49,1,6.914730892718563,6
2506.00227,2025-06-04,50,7.0317412587631285,49,1,6.899723107284872,12
2506.00391,2025-06-04,50,7.034387929915503,49,1,6.985641817639208,9
2506.00413,2025-06-04,50,7.033506484287697,49,1,6.899723107284872,10
2506.00910,2025-06-04,50,7.033506484287697,49,1,6.824373670043086,10
2506.01004,2025-06-04,50,7.035268599281097,49,1,6.899723107284872,8
2506.01144,2025-06-04,50,7.029087564149662,49,1,6.899723107284872,15
2506.01265,2025-06-04,50,7.042286171939743,49,1,7.038783541388542,0
2506.01274,2025-06-04,50,7.038783541388542,49,1,6.824373670043086,4
2506.01565,2025-06-04,50,7.039660349862076,49,1,6.824373670043086,3
2506.01674,2025-06-04,50,7.017506142941256,49,1,6.877296071497429,28
2506.01716,2025-06-04,50,7.033506484287697,49,1,6.914730892718563,10
2506.01789,2025-06-04,50,7.029087564149662,49,1,7.029087564149662,15
2506.02096,2025-06-04,50,6.9957661563048505,49,1,6.914730892718563,52
2506.02138,2025-06-04,50,7.04141166379481,49,1,7.04141166379481,1
2506.02281,2025-06-04,50,7.038783541388542,49,1,7.038783541388542,4
2506.02295,2025-06-04,50,7.029972911706386,49,1,6.824373670043086,14
2506.02338,2025-06-04,50,7.037905963447182,49,1,6.914730892718563,5
2506.02387,2025-06-04,50,6.990256500493881,49,1,6.824373670043086,58
2506.02397,2025-06-04,50,7.010311867307229,49,1,6.914730892718563,36
2506.02454,2025-06-04,50,7.036148493750536,49,1,6.824373670043086,7
2506.02497,2025-06-04,50,7.027314514039777,49,1,6.899723107284872,17
2506.02510,2025-06-04,50,7.039660349862076,49,1,6.9874902470009905,3
2506.02528,2025-06-04,50,7.028201432058005,49,1,6.899723107284872,16
2506.02678,2025-06-04,50,7.037905963447182,49,1,6.914730892718563,5
2506.03065,2025-06-04,50,7.018401799069201,49,1,6.877296071497429,27
2506.03079,2025-06-04,50,7.037027614686276,49,1,6.899723107284872,6
2506.03096,2025-06-04,50,7.038783541388542,49,1,6.824373670043086,4
2506.03107,2025-06-04,50,7.040536390215956,49,1,6.899723107284872,2
2506.03119,2025-06-04,50,7.039660349862076,49,1,6.899723107284872,3
2506.03123,2025-06-04,50,7.029972911706386,49,1,6.899723107284872,14
2506.03126,2025-06-04,50,7.022868086082641,49,1,6.877296071497429,22
2506.03131,2025-06-04,50,7.026426808699636,49,1,6.899723107284872,18
2506.03135,2025-06-04,50,7.00669522683704,49,1,6.877296071497429,40
2506.03136,2025-06-04,50,7.020190708311925,49,1,6.729824070489475,25
2506.03143,2025-06-04,50,6.993932975223189,49,1,6.985641817639208,54
2506.03144,2025-06-04,50,7.035268599281097,49,1,6.824373670043086,8
2506.03147,2025-06-04,50,6.990256500493881,49,1,6.9874902470009905,58
2506.03621,2025-06-04,50,7.022868086082641,49,1,6.877296071497429,22
2505.16968,2025-06-05,50,6.597145701886651,49,0,6.597145701886651,40
2505.21541,2025-06-05,50,6.641182169740591,49,0,6.556778356158042,7
2505.23564,2025-06-05,50,6.646390514847729,49,0,6.6039438246004725,3
2505.23807,2025-06-05,50,6.645090969505644,49,0,6.630683385642372,4
2505.24500,2025-06-05,50,6.634633357861686,49,0,6.6039438246004725,12
2506.00482,2025-06-05,50,6.639875833826536,49,0,6.5337888379333435,8
2506.01320,2025-06-05,50,6.6293632534374485,49,0,6.556778356158042,16
2506.01344,2025-06-05,50,6.642486801367256,49,0,6.568077911411976,6
2506.02153,2025-06-05,50,6.617402977974478,49,0,6.617402977974478,25
2506.02294,2025-06-05,50,6.642486801367256,49,0,6.556778356158042,6
2506.02515,2025-06-05,50,6.645090969505644,49,0,6.6039438246004725,4
2506.02592,2025-06-05,50,6.639875833826536,49,0,6.633318433280377,8
2506.02680,2025-06-05,50,6.647688373563329,49,0,6.556778356158042,2
2506.02863,2025-06-05,50,6.639875833826536,49,0,6.568077911411976,8
2506.02921,2025-06-05,50,6.6052979209482015,49,0,6.542471960506805,34
2506.02945,2025-06-05,50,6.643789733147672,49,0,6.633318433280377,5
2506.03099,2025-06-05,50,6.6240652277998935,49,0,6.6240652277998935,20
2506.03106,2025-06-05,50,6.642486801367256,49,0,6.6039438246004725,6
2506.03139,2025-06-05,50,6.628041376179533,49,0,6.546785410760524,17
2506.03150,2025-06-05,50,6.62273632394984,49,0,6.556778356158042,21
2506.03295,2025-06-05,50,6.628041376179533,49,0,6.542471960506805,17
2506.03355,2025-06-05,50,6.642486801367256,49,0,6.492239835020471,6
2506.03448,2025-06-05,50,6.643789733147672,49,0,6.608000625296087,5
2506.03517,2025-06-05,50,6.633318433280377,49,0,6.608000625296087,13
2506.03525,2025-06-05,50,6.642486801367256,49,0,6.6039438246004725,6
2506.03538,2025-06-05,50,6.647688373563329,49,0,6.556778356158042,2
2506.03566,2025-06-05,50,6.642486801367256,49,0,6.642486801367256,6
2506.03569,2025-06-05,50,6.539585955617669,49,0,6.492239835020471,81
2506.03610,2025-06-05,50,6.637258031284457,49,0,6.568077911411976,10
2506.03614,2025-06-05,50,6.647688373563329,49,0,6.492239835020471,2
2506.03817,2025-06-05,50,6.648984550024776,49,0,6.608000625296087,1
2506.03822,2025-06-05,50,6.647688373563329,49,0,6.608000625296087,2
2506.03837,2025-06-05,50,6.645090969505644,49,0,6.608000625296087,4
2506.03930,2025-06-05,50,6.61472560020376,49,0,6.5337888379333435,27
2506.03951,2025-06-05,50,6.647688373563329,49,0,6.608000625296087,2
2506.03956,2025-06-05,50,6.643789733147672,49,0,6.608000625296087,5
2506.04034,2025-06-05,50,6.645090969505644,49,0,6.6039438246004725,4
2506.04089,2025-06-05,50,6.587550014824796,49,0,6.5337888379333435,47
2506.04108,2025-06-05,50,6.635946555686647,49,0,6.630683385642372,11
2506.04133,2025-06-05,50,6.646390514847729,49,0,6.568077911411976,3
2506.04141,2025-06-05,50,6.60934924316738,49,0,6.546785410760524,31
2506.04142,2025-06-05,50,6.61338421837956,49,0,6.542471960506805,28
2506.04158,2025-06-05,50,6.618738983517219,49,0,6.492239835020471,24
2506.04178,2025-06-05,50,6.576469569048224,49,0,6.507277712385012,55
2506.04180,2025-06-05,50,6.6052979209482015,49,0,6.568077911411976,34
2506.04207,2025-06-05,50,6.586171654854675,49,0,6.507277712385012,48
2506.04214,2025-06-05,50,6.647688373563329,49,0,6.556778356158042,2
2506.04225,2025-06-05,50,6.61338421837956,49,0,6.546785410760524,28
2506.04228,2025-06-05,50,6.633318433280377,49,0,6.556778356158042,13
2506.05332,2025-06-05,50,6.646390514847729,49,0,6.5337888379333435,3
2505.20914,2025-06-06,46,6.715383386334681,45,0,6.658011045870748,6
2505.23115,2025-06-06,46,6.720220155135295,45,0,6.658011045870748,2
2505.23656,2025-06-06,46,6.692083742506628,45,0,6.405228458030842,25
2506.00830,2025-06-06,46,6.714170529909472,45,0,6.573680166960646,7
2506.00981,2025-06-06,46,6.721425700790643,45,0,6.721425700790643,1
2506.01011,2025-06-06,46,6.71174039505618,45,0,6.658011045870748,9
2506.02444,2025-06-06,46,6.720220155135295,45,0,6.658011045870748,2
2506.02587,2025-06-06,46,6.71901315438526,45,0,6.674561391814426,3
2506.02620,2025-06-06,46,6.705639094860003,45,0,6.658011045870748,14
2506.02751,2025-06-06,46,6.717804695023691,45,0,6.658011045870748,4
2506.02865,2025-06-06,46,6.680854678790215,45,0,6.573680166960646,34
2506.03077,2025-06-06,46,6.70196036600254,45,0,6.61472560020376,17
2506.03238,2025-06-06,46,6.721425700790643,45,0,6.674561391814426,1
2506.03643,2025-06-06,46,6.717804695023691,45,0,6.573680166960646,4
2506.04209,2025-06-06,46,6.709304340258298,45,0,6.706862336602747,11
2506.04245,2025-06-06,46,6.717804695023691,45,0,6.706862336602747,4
2506.04308,2025-06-06,46,6.669498089857879,45,0,6.573680166960646,43
2506.04405,2025-06-06,46,6.714170529909472,45,0,6.706862336602747,7
2506.04462,2025-06-06,46,6.720220155135295,45,0,6.674561391814426,2
2506.04559,2025-06-06,46,6.720220155135295,45,0,6.706862336602747,2
2506.04598,2025-06-06,46,6.714170529909472,45,0,6.71295620067707,7
2506.04633,2025-06-06,46,6.697034247666484,45,0,6.405228458030842,21
2506.04734,2025-06-06,46,6.697034247666484,45,0,6.697034247666484,21
2506.04956,2025-06-06,46,6.720220155135295,45,0,6.706862336602747,2
2506.04996,2025-06-06,46,6.721425700790643,45,0,6.71295620067707,1
2506.05010,2025-06-06,46,6.618738983517219,45,0,6.618738983517219,82
2506.05046,2025-06-06,46,6.720220155135295,45,0,6.658011045870748,2
2506.05176,2025-06-06,46,6.617402977974478,45,0,6.504288173536645,83
2506.05209,2025-06-06,46,6.646390514847729,45,0,6.504288173536645,61
2506.05229,2025-06-06,46,6.675823221634848,45,0,6.61472560020376,38
2506.05240,2025-06-06,46,6.6895992691789665,45,0,6.674561391814426,27
2506.05278,2025-06-06,46,6.71901315438526,45,0,6.71901315438526,3
2506.05282,2025-06-06,46,6.71901315438526,45,0,6.71901315438526,3
2506.05284,2025-06-06,46,6.652863029353347,45,0,6.405228458030842,56
2506.05287,2025-06-06,46,6.705639094860003,45,0,6.573680166960646,14
2506.05301,2025-06-06,46,6.645090969505644,45,0,6.405228458030842,62
2506.05313,2025-06-06,46,6.720220155135295,45,0,6.658011045870748,2
2506.05327,2025-06-06,46,6.709304340258298,45,0,6.658011045870748,11
2506.05328,2025-06-06,46,6.697034247666484,45,0,6.405228458030842,21
2506.05331,2025-06-06,46,6.706862336602747,45,0,6.573680166960646,13
2506.05333,2025-06-06,46,6.715383386334681,45,0,6.715383386334681,6
2506.05334,2025-06-06,46,6.699500340161678,45,0,6.504288173536645,19
2506.05344,2025-06-06,46,6.70196036600254,45,0,6.405228458030842,17
2506.05345,2025-06-06,46,6.68586094706836,45,0,6.61472560020376,30
2506.05348,2025-06-06,46,6.715383386334681,45,0,6.674561391814426,6
2506.05349,2025-06-06,46,6.693323668269949,45,0,6.405228458030842,24
2505.20698,2025-06-09,24,6.345636360828596,23,0,6.278521424165844,2
2505.21115,2025-06-09,24,6.059123195581797,23,0,6.0330862217988015,144
2506.00649,2025-06-09,24,6.343880434126331,23,0,6.335054251498059,3
2506.01111,2025-06-09,24,6.29156913955832,23,0,6.29156913955832,32
2506.01872,2025-06-09,24,6.306275286948016,23,0,6.306275286948016,24
2506.02327,2025-06-09,24,6.313548046277095,23,0,6.093569770045136,20
2506.03828,2025-06-09,24,6.313548046277095,23,0,6.313548046277095,20
2506.04120,2025-06-09,24,6.336825731146441,23,0,6.3080984415095305,7
2506.04255,2025-06-09,24,6.340359303727752,23,0,6.322565239927284,5
2506.04755,2025-06-09,24,6.282266746896006,23,0,6.2166061010848646,37
2506.05433,2025-06-09,24,6.342121418721152,23,0,6.342121418721152,4
2506.05446,2025-06-09,24,6.3080984415095305,23,0,6.3080984415095305,23
2506.05523,2025-06-09,24,6.2878585601617845,23,0,6.2166061010848646,34
2506.05551,2025-06-09,24,6.340359303727752,23,0,6.335054251498059,5
2506.05573,2025-06-09,24,6.192362489474872,23,0,6.093569770045136,83
2506.05579,2025-06-09,24,6.342121418721152,23,0,6.326149473155099,4
2506.05629,2025-06-09,24,6.282266746896006,23,0,6.278521424165844,37
2506.05673,2025-06-09,24,6.331501849893691,23,0,6.3080984415095305,10
2506.05817,2025-06-09,24,6.331501849893691,23,0,6.322565239927284,10
2506.05984,2025-06-09,24,6.322565239927284,23,0,6.322565239927284,15
2506.06091,2025-06-09,24,6.329720905522696,23,0,6.0330862217988015,11
2506.06199,2025-06-09,24,6.338594078203183,23,0,6.3080984415095305,6
2506.06253,2025-06-09,24,6.333279628139691,23,0,6.326149473155099,9
2506.06276,2025-06-09,24,6.302618975744905,23,0,6.093569770045136,26
2505.23473,2025-06-10,48,6.949856455000773,47,1,6.9363427358340495,2
2505.23760,2025-06-10,48,6.943122422819428,47,1,6.9411900550683745,9
2506.00258,2025-06-10,48,6.948897222313312,47,1,6.875232087276577,3
2506.01241,2025-06-10,48,6.943122422819428,47,1,6.9411900550683745,9
2506.03231,2025-06-10,48,6.948897222313312,47,1,6.934397209928558,3
2506.03690,2025-06-10,48,6.949856455000773,47,1,6.892641641172089,2
2506.04651,2025-06-10,48,6.9440872082295275,47,1,6.934397209928558,8
2506.04807,2025-06-10,48,6.949856455000773,47,1,6.9411900550683745,2
2506.05062,2025-06-10,48,6.937314081223682,47,1,6.937314081223682,15
2506.05598,2025-06-10,48,6.9440872082295275,47,1,6.892641641172089,8
2506.05904,2025-06-10,48,6.949856455000773,47,1,6.9411900550683745,2
2506.06006,2025-06-10,48,6.937314081223682,47,1,6.802394763324311,15
2506.06205,2025-06-10,48,6.922643891475888,47,1,6.922643891475888,30
2506.06266,2025-06-10,48,6.9440872082295275,47,1,6.802394763324311,8
2506.06444,2025-06-10,48,6.879355804460439,47,1,6.852242569051878,73
2506.06485,2025-06-10,48,6.946975992135418,47,1,6.9363427358340495,5
2506.06607,2025-06-10,48,6.948897222313312,47,1,6.802394763324311,3
2506.06658,2025-06-10,48,6.946975992135418,47,1,6.946975992135418,5
2506.06905,2025-06-10,48,6.949856455000773,47,1,6.9363427358340495,2
2506.06941,2025-06-10,48,6.93537044601511,47,1,6.93537044601511,17
2506.07044,2025-06-10,48,6.836259277277067,47,1,6.501289670540389,114
2506.07160,2025-06-10,48,6.948897222313312,47,1,6.892641641172089,3
2506.07240,2025-06-10,48,6.945051063725834,47,1,6.892641641172089,7
2506.07298,2025-06-10,48,6.926577033222725,47,1,6.852242569051878,26
2506.07309,2025-06-10,48,6.942156705699469,47,1,6.942156705699469,10
2506.07434,2025-06-10,48,6.945051063725834,47,1,6.945051063725834,7
2506.07463,2025-06-10,48,6.940222469119639,47,1,6.892641641172089,12
2506.07491,2025-06-10,48,6.901737206656574,47,1,6.80903930604298,51
2506.07527,2025-06-10,48,6.948897222313312,47,1,6.892641641172089,3
2506.07530,2025-06-10,48,6.932447891572509,47,1,6.802394763324311,20
2506.07553,2025-06-10,48,6.937314081223682,47,1,6.875232087276577,15
2506.07564,2025-06-10,48,6.946013991099227,47,1,6.875232087276577,6
2506.07645,2025-06-10,48,6.948897222313312,47,1,6.9363427358340495,3
2506.07712,2025-06-10,48,6.934397209928558,47,1,6.892641641172089,18
2506.07803,2025-06-10,48,6.923628628138427,47,1,6.80903930604298,29
2506.07833,2025-06-10,48,6.947937068614969,47,1,6.9363427358340495,4
2506.07848,2025-06-10,48,6.947937068614969,47,1,6.875232087276577,4
2506.07900,2025-06-10,48,6.852242569051878,47,1,6.802394763324311,99
2506.07971,2025-06-10,48,6.946975992135418,47,1,6.875232087276577,5
2506.07977,2025-06-10,48,6.912742820493176,47,1,6.80903930604298,40
2506.07982,2025-06-10,48,6.945051063725834,47,1,6.892641641172089,7
2506.07986,2025-06-10,48,6.933423025730715,47,1,6.80903930604298,19
2506.08004,2025-06-10,48,6.946975992135418,47,1,6.946975992135418,5
2506.08006,2025-06-10,48,6.945051063725834,47,1,6.934397209928558,7
2506.08007,2025-06-10,48,6.659293919683638,47,0,6.501289670540389,265
2506.08010,2025-06-10,48,6.930494765951626,47,1,6.875232087276577,22
2506.08011,2025-06-10,48,6.937314081223682,47,1,6.875232087276577,15
2506.08012,2025-06-10,48,6.945051063725834,47,1,6.875232087276577,7
2506.04020,2025-06-11,21,5.860786223465865,20,0,5.814130531825066,2
2506.04614,2025-06-11,21,5.811140992976701,20,0,5.749392985908253,19
2506.04688,2025-06-11,21,5.857933154483459,20,0,5.717027701406222,3
2506.05167,2025-06-11,21,5.840641657373398,20,0,5.814130531825066,9
2506.05700,2025-06-11,21,5.855071922202427,20,0,5.855071922202427,4
2506.05928,2025-06-11,21,5.855071922202427,20,0,5.855071922202427,4
2506.06751,2025-06-11,21,5.641907070938114,20,0,5.62040086571715,71
2506.07045,2025-06-11,21,5.84354441703136,20,0,5.717027701406222,8
2506.07047,2025-06-11,21,5.849324779946859,20,0,5.62040086571715,6
2506.07177,2025-06-11,21,5.799092654460526,20,0,5.5254529391317835,23
2506.07927,2025-06-11,21,5.808142489980444,20,0,5.749392985908253,20
2506.07932,2025-06-11,21,5.831882477283517,20,0,5.831882477283517,12
2506.07976,2025-06-11,21,5.849324779946859,20,0,5.849324779946859,6
2506.08002,2025-06-11,21,5.805134968916488,20,0,5.5254529391317835,21
2506.08009,2025-06-11,21,5.7745515455444085,20,0,5.5254529391317835,31
2506.08279,2025-06-11,21,5.786897381366708,20,0,5.5254529391317835,27
2506.08300,2025-06-11,21,5.834810737062605,20,0,5.834810737062605,11
2506.08500,2025-06-11,21,5.846438775057725,20,0,5.814130531825066,7
2506.08672,2025-06-11,21,5.777652323222656,20,0,5.777652323222656,30
2506.08887,2025-06-11,21,5.855071922202427,20,0,5.717027701406222,4
2506.09040,2025-06-11,21,5.765191102784844,20,0,5.717027701406222,34
2506.05309,2025-06-12,28,6.434546518787453,27,0,6.432940092739179,16
2506.05412,2025-06-12,28,6.452048954437226,27,0,6.403574197934815,5
2506.06020,2025-06-12,28,6.45833828334479,27,0,6.432940092739179,1
2506.06395,2025-06-12,28,6.222576268071369,27,0,6.182084906716632,135
2506.08001,2025-06-12,28,6.450470422144176,27,0,6.450470422144176,6
2506.08008,2025-06-12,28,6.448889394146858,27,0,6.403574197934815,7
2506.08570,2025-06-12,28,6.406879986069314,27,0,6.3835066348840055,33
2506.08889,2025-06-12,28,6.423246963533519,27,0,6.300785794663244,23
2506.08900,2025-06-12,28,6.453624998892692,27,0,6.403574197934815,4
2506.09003,2025-06-12,28,6.432940092739179,27,0,6.432940092739179,17
2506.09007,2025-06-12,28,6.45833828334479,27,0,6.45833828334479,1
2506.09113,2025-06-12,28,6.274762021241939,27,0,6.16541785423142,108
2506.09229,2025-06-12,28,6.448889394146858,27,0,6.16541785423142,7
2506.09278,2025-06-12,28,6.452048954437226,27,0,6.452048954437226,5
2506.09350,2025-06-12,28,6.3818160174060985,27,0,6.16541785423142,48
2506.09420,2025-06-12,28,6.459904454377535,27,0,6.432940092739179,0
2506.09501,2025-06-12,28,6.428105272684596,27,0,6.182084906716632,20
2506.09669,2025-06-12,28,6.456769655572163,27,0,6.456769655572163,2
2506.09736,2025-06-12,28,6.4457198193855785,27,0,6.403574197934815,9
2506.09790,2025-06-12,28,6.373319789577012,27,0,6.300785794663244,53
2506.09820,2025-06-12,28,6.431331081933479,27,0,6.300785794663244,18
2506.09937,2025-06-12,28,6.4457198193855785,27,0,6.403574197934815,9
2506.09958,2025-06-12,28,6.45833828334479,27,0,6.403574197934815,1
2506.09980,2025-06-12,28,6.448889394146858,27,0,6.448889394146858,7
2506.09984,2025-06-12,28,6.437751649736401,27,0,6.3835066348840055,14
2506.09991,2025-06-12,28,6.369900982828227,27,0,6.369900982828227,55
2506.09995,2025-06-12,28,6.405228458030842,27,0,6.405228458030842,34
2506.10209,2025-06-12,28,6.459904454377535,27,0,6.300785794663244,0
2506.05982,2025-06-13,41,6.617402977974478,40,0,6.45833828334479,2
2506.06561,2025-06-13,41,6.617402977974478,40,0,6.45833828334479,2
2506.06694,2025-06-13,41,6.617402977974478,40,0,6.573680166960646,2
2506.06950,2025-06-13,41,6.6052979209482015,40,0,6.541029999189903,11
2506.06952,2025-06-13,41,6.608000625296087,40,0,6.45833828334479,9
2506.07795,2025-06-13,41,6.61472560020376,40,0,6.591673732008658,4
2506.08060,2025-06-13,41,6.60934924316738,40,0,6.60934924316738,8
2506.08234,2025-06-13,41,6.608000625296087,40,0,6.541029999189903,9
2506.08373,2025-06-13,41,6.61472560020376,40,0,6.558197802812269,4
2506.08862,2025-06-13,41,6.612041034833092,40,0,6.584791392385716,6
2506.09250,2025-06-13,41,6.583409222158765,40,0,6.541029999189903,27
2506.09344,2025-06-13,41,6.57507584059962,40,0,6.57507584059962,33
2506.09513,2025-06-13,41,6.472346294500901,40,0,6.406879986069314,103
2506.09942,2025-06-13,41,6.61338421837956,40,0,6.541029999189903,5
2506.09952,2025-06-13,41,6.612041034833092,40,0,6.584791392385716,6
2506.09967,2025-06-13,41,6.590301048196686,40,0,6.406879986069314,22
2506.09993,2025-06-13,41,6.558197802812269,40,0,6.403574197934815,45
2506.10036,2025-06-13,41,6.612041034833092,40,0,6.584791392385716,6
2506.10178,2025-06-13,41,6.610696044717759,40,0,6.558197802812269,7
2506.10274,2025-06-13,41,6.576469569048224,40,0,6.573680166960646,32
2506.10357,2025-06-13,41,6.591673732008658,40,0,6.45833828334479,21
2506.10378,2025-06-13,41,6.617402977974478,40,0,6.541029999189903,2
2506.10540,2025-06-13,41,6.569481420414296,40,0,6.490723534502507,37
2506.10568,2025-06-13,41,6.60934924316738,40,0,6.584791392385716,8
2506.10600,2025-06-13,41,6.60934924316738,40,0,6.60934924316738,8
2506.10674,2025-06-13,41,6.616065185132817,40,0,6.541029999189903,3
2506.10728,2025-06-13,41,6.616065185132817,40,0,6.616065185132817,3
2506.10737,2025-06-13,41,6.616065185132817,40,0,6.591673732008658,3
2506.10741,2025-06-13,41,6.583409222158765,40,0,6.403574197934815,27
2506.10821,2025-06-13,41,6.594413459749778,40,0,6.403574197934815,19
2506.10857,2025-06-13,41,6.579251212010101,40,0,6.403574197934815,30
2506.10890,2025-06-13,41,6.608000625296087,40,0,6.45833828334479,9
2506.10910,2025-06-13,41,6.523562306149512,40,0,6.45833828334479,69
2506.10911,2025-06-13,41,6.608000625296087,40,0,6.591673732008658,9
2506.10920,2025-06-13,41,6.61338421837956,40,0,6.591673732008658,5
2506.10952,2025-06-13,41,6.590301048196686,40,0,6.558197802812269,22
2506.10953,2025-06-13,41,6.591673732008658,40,0,6.591673732008658,21
2506.10954,2025-06-13,41,6.54534966033442,40,0,6.490723534502507,54
2506.10960,2025-06-13,41,6.6039438246004725,40,0,6.558197802812269,12
2506.10974,2025-06-13,41,6.594413459749778,40,0,6.406879986069314,19
2506.10978,2025-06-13,41,6.586171654854675,40,0,6.403574197934815,25
2506.03857,2025-06-16,27,5.958424693029782,26,0,5.924255797414532,2
2506.07464,2025-06-16,27,5.926926025970411,26,0,5.662960480135946,14
2506.08477,2025-06-16,27,5.953243334287785,26,0,5.8916442118257715,4
2506.08592,2025-06-16,27,5.905361848054571,26,0,5.855071922202427,22
2506.08915,2025-06-16,27,5.955837369464831,26,0,5.924255797414532,3
2506.08989,2025-06-16,27,5.926926025970411,26,0,5.662960480135946,14
2506.09038,2025-06-16,27,5.948034989180646,26,0,5.662960480135946,6
2506.09366,2025-06-16,27,5.942799375126701,26,0,5.662960480135946,8
2506.09427,2025-06-16,27,5.942799375126701,26,0,5.932245187448011,8
2506.09600,2025-06-16,27,5.857933154483459,26,0,5.857933154483459,39
2506.10056,2025-06-16,27,5.958424693029782,26,0,5.958424693029782,2
2506.10082,2025-06-16,27,5.942799375126701,26,0,5.840641657373398,8
2506.10128,2025-06-16,27,5.905361848054571,26,0,5.805134968916488,22
2506.10387,2025-06-16,27,5.953243334287785,26,0,5.932245187448011,4
2506.10892,2025-06-16,27,5.863631175598097,26,0,5.840641657373398,37
2506.11116,2025-06-16,27,5.950642552587727,26,0,5.8916442118257715,5
2506.11130,2025-06-16,27,5.950642552587727,26,0,5.950642552587727,5
2506.11136,2025-06-16,27,5.937536205082426,26,0,5.924255797414532,10
2506.11274,2025-06-16,27,5.950642552587727,26,0,5.662960480135946,5
2506.11305,2025-06-16,27,5.942799375126701,26,0,5.8916442118257715,8
2506.11474,2025-06-16,27,5.916202062607435,26,0,5.855071922202427,18
2506.11702,2025-06-16,27,5.961005339623274,26,0,5.662960480135946,1
2506.11886,2025-06-16,27,5.910796644040527,26,0,5.910796644040527,20
2506.11924,2025-06-16,27,5.869296913133774,26,0,5.805134968916488,35
2506.11928,2025-06-16,27,5.8971538676367405,26,0,5.8971538676367405,25
2506.11930,2025-06-16,27,5.817111159963204,26,0,5.662960480135946,53
2506.11997,2025-06-16,27,5.937536205082426,26,0,5.8916442118257715,10
2506.03968,2025-06-17,40,6.878326468291325,39,1,6.846943139585379,15
2506.06366,2025-06-17,40,6.884486652042782,39,1,6.835184586147301,9
2506.06454,2025-06-17,40,6.889591308354466,39,1,6.889591308354466,4
2506.06962,2025-06-17,40,6.86484777797086,39,1,6.742880635791903,28
2506.07961,2025-06-17,40,6.881411303642535,39,1,6.824373670043086,12
2506.08343,2025-06-17,40,6.837332814685591,39,1,6.824373670043086,54
2506.09050,2025-06-17,40,6.887552571664617,39,1,6.835184586147301,6
2506.09482,2025-06-17,40,6.846943139585379,39,1,6.742880635791903,45
2506.09968,2025-06-17,40,6.890609120147166,39,1,6.846943139585379,3
2506.10055,2025-06-17,40,6.860663671448287,39,1,6.835184586147301,32
2506.10341,2025-06-17,40,6.884486652042782,39,1,6.835184586147301,9
2506.10521,2025-06-17,40,6.815639990074331,39,1,6.815639990074331,74
2506.11115,2025-06-17,40,6.890609120147166,39,1,6.859614903654202,3
2506.11763,2025-06-17,40,6.814542897259958,39,1,6.194405391104672,75
2506.11991,2025-06-17,40,6.872128101338986,39,1,6.742880635791903,21
2506.12148,2025-06-17,40,6.893656354602635,39,1,6.891625897052253,0
2506.12189,2025-06-17,40,6.8885724595653635,39,1,6.879355804460439,5
2506.12229,2025-06-17,40,6.890609120147166,39,1,6.859614903654202,3
2506.12258,2025-06-17,40,6.890609120147166,39,1,6.890609120147166,3
2506.12299,2025-06-17,40,6.890609120147166,39,1,6.846943139585379,3
2506.12450,2025-06-17,40,6.877296071497429,39,1,6.846943139585379,16
2506.12552,2025-06-17,40,6.890609120147166,39,1,6.846943139585379,3
2506.12571,2025-06-17,40,6.840546529288687,39,1,6.194405391104672,51
2506.12623,2025-06-17,40,6.891625897052253,39,1,6.891625897052253,2
2506.12915,2025-06-17,40,6.873163834212518,39,1,6.194405391104672,20
2506.12953,2025-06-17,40,6.891625897052253,39,1,6.846943139585379,2
2506.13001,2025-06-17,40,6.891625897052253,39,1,6.891625897052253,2
2506.13172,2025-06-17,40,6.893656354602635,39,1,6.879355804460439,0
2506.13277,2025-06-17,40,6.889591308354466,39,1,6.889591308354466,4
2506.13284,2025-06-17,40,6.866933284461882,39,1,6.194405391104672,26
2506.13404,2025-06-17,40,6.885509670034818,39,1,6.879355804460439,8
2506.13430,2025-06-17,40,6.893656354602635,39,1,6.846943139585379,0
2506.13502,2025-06-17,40,6.892641641172089,39,1,6.879355804460439,1
2506.13585,2025-06-17,40,6.56244409369372,39,0,6.194405391104672,278
2506.13654,2025-06-17,40,6.848005274576363,39,1,6.742880635791903,44
2506.13750,2025-06-17,40,6.8658910748834385,39,1,6.859614903654202,27
2506.13752,2025-06-17,40,6.890609120147166,39,1,6.846943139585379,3
2506.13759,2025-06-17,40,6.848005274576363,39,1,6.848005274576363,44
2506.14111,2025-06-17,40,6.84587987526405,39,1,6.194405391104672,46
2506.14202,2025-06-17,40,6.889591308354466,39,1,6.889591308354466,4
2506.03939,2025-06-18,35,6.483107351457199,34,0,6.466144724237619,2
2506.05336,2025-06-18,35,6.470799503782602,34,0,6.395261598115449,10
2506.05426,2025-06-18,35,6.478509642208569,34,0,6.467698726104354,5
2506.09033,2025-06-18,35,6.47543271670409,34,0,6.395261598115449,7
2506.09985,2025-06-18,35,6.436150368369428,34,0,6.436150368369428,32
2506.10038,2025-06-18,35,6.472346294500901,34,0,6.456769655572163,9
2506.10100,2025-06-18,35,6.470799503782602,34,0,6.456769655572163,10
2506.12015,2025-06-18,35,6.480044561926653,34,0,6.467698726104354,4
2506.12278,2025-06-18,35,6.461468176353717,34,0,6.416732282512326,16
2506.12285,2025-06-18,35,6.401917196727186,34,0,6.401917196727186,53
2506.12860,2025-06-18,35,6.45833828334479,34,0,6.395261598115449,18
2506.12880,2025-06-18,35,6.480044561926653,34,0,6.472346294500901,4
2506.12928,2025-06-18,35,6.3835066348840055,34,0,6.251903883165888,64
2506.13363,2025-06-18,35,6.437751649736401,34,0,6.030685260261263,31
2506.13387,2025-06-18,35,6.483107351457199,34,0,6.483107351457199,2
2506.13599,2025-06-18,35,6.481577129276431,34,0,6.466144724237619,3
2506.13642,2025-06-18,35,6.4425401664681985,34,0,6.251903883165888,28
2506.13651,2025-06-18,35,6.473890696352274,34,0,6.473890696352274,8
2506.13901,2025-06-18,35,6.481577129276431,34,0,6.395261598115449,3
2506.13922,2025-06-18,35,6.486160788944089,34,0,6.456769655572163,0
2506.13977,2025-06-18,35,6.470799503782602,34,0,6.470799503782602,10
2506.14002,2025-06-18,35,6.478509642208569,34,0,6.472346294500901,5
2506.14028,2025-06-18,35,6.331501849893691,34,0,6.030685260261263,94
2506.14205,2025-06-18,35,6.473890696352274,34,0,6.466144724237619,8
2506.14234,2025-06-18,35,6.421622267806518,34,0,6.030685260261263,41
2506.14245,2025-06-18,35,6.415096959171596,34,0,6.251903883165888,45
2506.14429,2025-06-18,35,6.416732282512326,34,0,6.030685260261263,44
2506.14603,2025-06-18,35,6.456769655572163,34,0,6.456769655572163,19
2506.14606,2025-06-18,35,6.4692503167957724,34,0,6.416732282512326,11
2506.14629,2025-06-18,35,6.484635235635252,34,0,6.395261598115449,1
2506.14702,2025-06-18,35,6.481577129276431,34,0,6.467698726104354,3
2506.14731,2025-06-18,35,6.473890696352274,34,0,6.395261598115449,8
2506.14755,2025-06-18,35,6.470799503782602,34,0,6.395261598115449,10
2506.14758,2025-06-18,35,6.439350371100098,34,0,6.030685260261263,30
2506.14761,2025-06-18,35,6.459904454377535,34,0,6.416732282512326,17
2506.06279,2025-06-19,19,5.805134968916488,18,0,5.749392985908253,8
2506.11110,2025-06-19,19,5.817111159963204,18,0,5.60947179518496,4
2506.13414,2025-06-19,19,5.783825182329737,18,0,5.783825182329737,15
2506.14315,2025-06-19,19,5.799092654460526,18,0,5.749392985908253,10
2506.14435,2025-06-19,19,5.808142489980444,18,0,5.786897381366708,7
2506.14770,2025-06-19,19,5.808142489980444,18,0,5.786897381366708,7
2506.14824,2025-06-19,19,5.805134968916488,18,0,5.749392985908253,8
2506.14842,2025-06-19,19,5.808142489980444,18,0,5.808142489980444,7
2506.14866,2025-06-19,19,5.814130531825066,18,0,5.6937321388027,5
2506.15050,2025-06-19,19,5.799092654460526,18,0,5.60947179518496,10
2506.15068,2025-06-19,19,5.786897381366708,18,0,5.60947179518496,14
2506.15211,2025-06-19,19,5.707110264748875,18,0,5.60947179518496,39
2506.15461,2025-06-19,19,5.703782474656201,18,0,5.703782474656201,40
2506.15569,2025-06-19,19,5.793013608384144,18,0,5.793013608384144,12
2506.15672,2025-06-19,19,5.783825182329737,18,0,5.6937321388027,15
2506.15675,2025-06-19,19,5.60947179518496,18,0,5.60947179518496,67
2506.15677,2025-06-19,19,5.75890177387728,18,0,5.6937321388027,23
2506.15681,2025-06-19,19,5.6937321388027,18,0,5.6937321388027,43
2506.15682,2025-06-19,19,5.814130531825066,18,0,5.814130531825066,5
2506.09827,2025-06-20,6,4.653960350157523,5,0,4.653960350157523,23
2506.14837,2025-06-20,6,4.770684624465665,5,0,4.770684624465665,10
2506.14965,2025-06-20,6,4.356708826689592,5,0,4.356708826689592,50
2506.15154,2025-06-20,6,4.77912349311153,5,0,4.77912349311153,9
2506.15455,2025-06-20,6,4.820281565605037,5,0,4.820281565605037,4
2506.15564,2025-06-20,6,4.574710978503383,5,0,4.574710978503383,31
2506.09049,2025-06-23,18,6.246106765481563,17,0,6.192362489474872,37
2506.09930,2025-06-23,18,6.300785794663244,17,0,6.192362489474872,8
2506.15442,2025-06-23,18,6.282266746896006,17,0,5.968707559985366,18
2506.15745,2025-06-23,18,6.289715570908998,17,0,6.192362489474872,14
2506.15925,2025-06-23,18,6.306275286948016,17,0,6.306275286948016,5
2506.16035,2025-06-23,18,6.139884552226255,17,0,5.802118375377063,89
2506.16054,2025-06-23,18,6.20050917404269,17,0,5.968707559985366,60
2506.16310,2025-06-23,18,6.267200548541362,17,0,6.267200548541362,26
2506.16349,2025-06-23,18,6.309918278226516,17,0,6.249975242259483,3
2506.16406,2025-06-23,18,6.040254711277414,17,0,5.802118375377063,133
2506.16504,2025-06-23,18,6.255750041753367,17,0,6.249975242259483,32
2506.17090,2025-06-23,18,6.313548046277095,17,0,6.306275286948016,1
2506.17113,2025-06-23,18,6.306275286948016,17,0,6.192362489474872,5
2506.17201,2025-06-23,18,6.210600077024653,17,0,5.968707559985366,55
2506.17202,2025-06-23,18,6.297109319933935,17,0,6.297109319933935,10
2506.17206,2025-06-23,18,6.272877006546167,17,0,6.272877006546167,23
2506.17213,2025-06-23,18,6.3080984415095305,17,0,6.306275286948016,4
2506.17218,2025-06-23,18,6.261491684321042,17,0,5.968707559985366,29
2506.10597,2025-06-24,39,6.473890696352274,38,0,6.45833828334479,4
2506.13905,2025-06-24,39,6.47543271670409,38,0,6.47543271670409,3
2506.15645,2025-06-24,39,6.473890696352274,38,0,6.45833828334479,4
2506.15741,2025-06-24,39,6.424869023905388,38,0,6.424869023905388,35
2506.16123,2025-06-24,39,6.467698726104354,38,0,6.406879986069314,8
2506.16507,2025-06-24,39,6.466144724237619,38,0,6.406879986069314,9
2506.16929,2025-06-24,39,6.476972362889683,38,0,6.447305862541213,2
2506.16962,2025-06-24,39,6.464588303689961,38,0,6.45833828334479,10
2506.17323,2025-06-24,39,6.470799503782602,38,0,6.45833828334479,6
2506.17538,2025-06-24,39,6.4692503167957724,38,0,6.45833828334479,7
2506.17671,2025-06-24,39,6.472346294500901,38,0,6.444131256700441,5
2506.17673,2025-06-24,39,6.4692503167957724,38,0,6.45833828334479,7
2506.17818,2025-06-24,39,6.47543271670409,38,0,6.47543271670409,3
2506.17871,2025-06-24,39,6.470799503782602,38,0,6.406879986069314,6
2506.17939,2025-06-24,39,6.47543271670409,38,0,6.406879986069314,3
2506.18254,2025-06-24,39,6.424869023905388,38,0,6.424869023905388,35
2506.18309,2025-06-24,39,6.46302945692067,38,0,6.406879986069314,11
2506.18349,2025-06-24,39,6.459904454377535,38,0,6.444131256700441,13
2506.18369,2025-06-24,39,6.476972362889683,38,0,6.406879986069314,2
2506.18463,2025-06-24,39,6.447305862541213,38,0,5.8522024797744745,21
2506.18527,2025-06-24,39,6.467698726104354,38,0,6.447305862541213,8
2506.18631,2025-06-24,39,6.4692503167957724,38,0,6.406879986069314,7
2506.18787,2025-06-24,39,6.455198563340122,38,0,6.413458957167357,16
2506.18792,2025-06-24,39,6.432940092739179,38,0,5.8522024797744745,30
2506.18839,2025-06-24,39,6.459904454377535,38,0,6.413458957167357,13
2506.18841,2025-06-24,39,6.39024066706535,38,0,6.340359303727752,56
2506.18851,2025-06-24,39,6.434546518787453,38,0,5.8522024797744745,29
2506.18871,2025-06-24,39,6.352629396319567,38,0,5.8522024797744745,78
2506.18879,2025-06-24,39,6.472346294500901,38,0,6.444131256700441,5
2506.18882,2025-06-24,39,6.333279628139691,38,0,5.8522024797744745,89
2506.18887,2025-06-24,39,6.470799503782602,38,0,6.470799503782602,6
2506.18890,2025-06-24,39,6.470799503782602,38,0,6.470799503782602,6
2506.18896,2025-06-24,39,6.434546518787453,38,0,6.340359303727752,29
2506.18898,2025-06-24,39,6.424869023905388,38,0,5.8522024797744745,35
2506.18900,2025-06-24,39,6.47543271670409,38,0,6.413458957167357,3
2506.18901,2025-06-24,39,6.464588303689961,38,0,6.413458957167357,10
2506.18903,2025-06-24,39,6.4457198193855785,38,0,5.8522024797744745,22
2506.18904,2025-06-24,39,6.46302945692067,38,0,6.447305862541213,11
2506.19028,2025-06-24,39,6.473890696352274,38,0,6.45833828334479,4
2506.14012,2025-06-25,22,6.261491684321042,21,0,6.192362489474872,10
2506.16095,2025-06-25,22,6.272877006546167,21,0,6.251903883165888,4
2506.16141,2025-06-25,22,6.2285110035911835,21,0,5.645446897643238,27
2506.17612,2025-06-25,22,6.150602768446279,21,0,5.645446897643238,65
2506.18701,2025-06-25,22,6.135564891081739,21,0,5.645446897643238,72
2506.18843,2025-06-25,22,6.255750041753367,21,0,6.255750041753367,13
2506.18945,2025-06-25,22,6.19644412779452,21,0,6.19644412779452,43
2506.18951,2025-06-25,22,6.238324625039508,21,0,6.238324625039508,22
2506.19290,2025-06-25,22,6.175867270105761,21,0,6.175867270105761,53
2506.19433,2025-06-25,22,6.274762021241939,21,0,6.220590170099739,3
2506.19467,2025-06-25,22,6.246106765481563,21,0,6.246106765481563,18
2506.19713,2025-06-25,22,6.255750041753367,21,0,6.214608098422191,13
2506.19767,2025-06-25,22,6.251903883165888,21,0,6.192362489474872,15
2506.19794,2025-06-25,22,6.26530121273771,21,0,6.26530121273771,8
2506.19807,2025-06-25,22,6.267200548541362,21,0,6.192362489474872,7
2506.19830,2025-06-25,22,6.255750041753367,21,0,6.192362489474872,13
2506.19838,2025-06-25,22,6.255750041753367,21,0,6.214608098422191,13
2506.19839,2025-06-25,22,6.26530121273771,21,0,6.214608098422191,8
2506.19847,2025-06-25,22,6.259581464064923,21,0,6.251903883165888,11
2506.19848,2025-06-25,22,6.2285110035911835,21,0,5.645446897643238,27
2506.19850,2025-06-25,22,6.226536669287466,21,0,6.220590170099739,28
2506.19851,2025-06-25,22,6.161207321695077,21,0,5.645446897643238,60
2506.16012,2025-06-26,18,5.978885764901122,17,0,5.932245187448011,22
2506.18088,2025-06-26,18,5.988961416889864,17,0,5.932245187448011,18
2506.18095,2025-06-26,18,5.860786223465865,17,0,5.808142489980444,66
2506.18315,2025-06-26,18,6.0063531596017325,17,0,5.971261839790462,11
2506.18403,2025-06-26,18,6.025865973825314,17,0,5.971261839790462,3
2506.18674,2025-06-26,18,6.013715156042802,17,0,5.986452005284438,8
2506.18899,2025-06-26,18,6.018593214496234,17,0,5.910796644040527,6
2506.19103,2025-06-26,18,5.926926025970411,17,0,5.910796644040527,42
2506.19143,2025-06-26,18,6.0014148779611505,17,0,5.976350909297934,13
2506.19502,2025-06-26,18,6.021023349349527,17,0,5.986452005284438,5
2506.19697,2025-06-26,18,5.921578419643816,17,0,5.921578419643816,44
2506.20331,2025-06-26,18,6.018593214496234,17,0,5.986452005284438,6
2506.20452,2025-06-26,18,5.988961416889864,17,0,5.808142489980444,18
2506.20480,2025-06-26,18,6.016157159698354,17,0,6.016157159698354,7
2506.20495,2025-06-26,18,6.008813185442595,17,0,5.976350909297934,10
2506.20512,2025-06-26,18,5.910796644040527,17,0,5.910796644040527,48
2506.20544,2025-06-26,18,6.0063531596017325,17,0,5.971261839790462,11
2506.20920,2025-06-26,18,5.82600010738045,17,0,5.82600010738045,78
2506.15196,2025-06-27,18,5.916202062607435,17,0,5.916202062607435,3
2506.16655,2025-06-27,18,5.87493073085203,17,0,5.87493073085203,18
2506.17533,2025-06-27,18,5.916202062607435,17,0,5.8944028342648505,3
2506.18729,2025-06-27,18,5.91350300563827,17,0,5.777652323222656,4
2506.20430,2025-06-27,18,5.902633333401366,17,0,5.8944028342648505,8
2506.20670,2025-06-27,18,5.736572297479192,17,0,5.707110264748875,64
2506.20703,2025-06-27,18,5.910796644040527,17,0,5.877735781779639,5
2506.20911,2025-06-27,18,5.808142489980444,17,0,5.755742213586912,41
2506.20936,2025-06-27,18,5.8916442118257715,17,0,5.877735781779639,12
2506.21103,2025-06-27,18,5.87493073085203,17,0,5.793013608384144,18
2506.21263,2025-06-27,18,5.91350300563827,17,0,5.91350300563827,4
2506.21272,2025-06-27,18,5.8998973535824915,17,0,5.707110264748875,9
2506.21506,2025-06-27,18,5.7745515455444085,17,0,5.7745515455444085,52
2506.21520,2025-06-27,18,5.823045895483019,17,0,5.777652323222656,36
2506.21539,2025-06-27,18,5.811140992976701,17,0,5.811140992976701,40
2506.21547,2025-06-27,18,5.877735781779639,17,0,5.755742213586912,17
2506.21551,2025-06-27,18,5.846438775057725,17,0,5.793013608384144,28
2506.21552,2025-06-27,18,5.8944028342648505,17,0,5.777652323222656,11
2505.21411,2025-06-30,25,5.8377304471659395,24,0,5.752572638825633,17
2506.15882,2025-06-30,25,5.8805329864007,24,0,5.846438775057725,2
2506.17450,2025-06-30,25,5.69035945432406,24,0,5.572154032177765,64
2506.17859,2025-06-30,25,5.857933154483459,24,0,5.831882477283517,10
2506.18330,2025-06-30,25,5.87493073085203,24,0,5.846438775057725,4
2506.19592,2025-06-30,25,5.883322388488279,24,0,5.840641657373398,1
2506.19741,2025-06-30,25,5.87493073085203,24,0,5.572154032177765,4
2506.20279,2025-06-30,25,5.8289456176102075,24,0,5.62040086571715,20
2506.21355,2025-06-30,25,5.857933154483459,24,0,5.648974238161206,10
2506.21356,2025-06-30,25,5.823045895483019,24,0,5.648974238161206,22
2506.21416,2025-06-30,25,5.805134968916488,24,0,5.62040086571715,28
2506.21458,2025-06-30,25,5.849324779946859,24,0,5.648974238161206,13
2506.21476,2025-06-30,25,5.883322388488279,24,0,5.648974238161206,1
2506.21594,2025-06-30,25,5.863631175598097,24,0,5.846438775057725,8
2506.21628,2025-06-30,25,5.840641657373398,24,0,5.572154032177765,16
2506.21656,2025-06-30,25,5.840641657373398,24,0,5.648974238161206,16
2506.21718,2025-06-30,25,5.869296913133774,24,0,5.869296913133774,6
2506.21862,2025-06-30,25,5.780743515792329,24,0,5.62040086571715,36
2506.21876,2025-06-30,25,5.805134968916488,24,0,5.752572638825633,28
2506.22049,2025-06-30,25,5.8805329864007,24,0,5.8805329864007,2
2506.22149,2025-06-30,25,5.87493073085203,24,0,5.648974238161206,4
2506.22419,2025-06-30,25,5.84354441703136,24,0,5.840641657373398,15
2506.22432,2025-06-30,25,5.849324779946859,24,0,5.572154032177765,13
2506.22434,2025-06-30,25,5.857933154483459,24,0,5.648974238161206,10
2506.22760,2025-06-30,25,5.860786223465865,24,0,5.831882477283517,9
2506.16500,2025-07-01,19,5.805134968916488,18,0,5.723585101952381,17
2506.17080,2025-07-01,19,5.834810737062605,18,0,5.723585101952381,7
2506.17417,2025-07-01,19,5.823045895483019,18,0,5.662960480135946,11
2506.17930,2025-07-01,19,5.799092654460526,18,0,5.723585101952381,19
2506.21448,2025-07-01,19,5.8289456176102075,18,0,5.662960480135946,9
2506.22598,2025-07-01,19,5.823045895483019,18,0,5.823045895483019,11
2506.22694,2025-07-01,19,5.846438775057725,18,0,5.846438775057725,3
2506.22753,2025-07-01,19,5.849324779946859,18,0,5.720311776607412,2
2506.22832,2025-07-01,19,5.7899601708972535,18,0,5.662960480135946,22
2506.22992,2025-07-01,19,5.820082930352362,18,0,5.662960480135946,12
2506.23044,2025-07-01,19,5.655991810819852,18,0,5.438079308923196,63
2506.23135,2025-07-01,19,5.840641657373398,18,0,5.720311776607412,5
2506.23151,2025-07-01,19,5.783825182329737,18,0,5.438079308923196,24
2506.23219,2025-07-01,19,5.834810737062605,18,0,5.662960480135946,7
2506.23394,2025-07-01,19,5.846438775057725,18,0,5.846438775057725,3
2506.23542,2025-07-01,19,5.817111159963204,18,0,5.817111159963204,13
2506.23858,2025-07-01,19,5.75890177387728,18,0,5.438079308923196,32
2506.24119,2025-07-01,19,5.697093486505405,18,0,5.697093486505405,51
2506.24123,2025-07-01,19,5.7430031878094825,18,0,5.720311776607412,37
2506.19852,2025-07-02,18,6.315358001522335,17,1,5.564520407322694,43
2506.20639,2025-07-02,18,6.335054251498059,17,1,6.249975242259483,32
2506.21277,2025-07-02,18,6.366470447731438,17,1,6.329720905522696,14
2506.21545,2025-07-02,18,6.371611847231857,17,1,6.3578422665081,11
2506.22960,2025-07-02,18,6.380122536899765,17,1,6.3578422665081,6
2506.22973,2025-07-02,18,6.385194398997726,17,1,6.373319789577012,3
2506.23009,2025-07-02,18,6.371611847231857,17,1,6.329720905522696,11
2506.23115,2025-07-02,18,6.327936783729195,17,1,5.564520407322694,36
2506.23329,2025-07-02,18,6.376726947898627,17,1,6.329720905522696,8
2506.24019,2025-07-02,18,6.386879319362645,17,1,6.329720905522696,2
2507.00162,2025-07-02,18,6.3784261836515865,17,1,6.373319789577012,7
2507.00339,2025-07-02,18,6.369900982828227,17,1,6.369900982828227,12
2507.00432,2025-07-02,18,6.248042874508429,17,1,6.248042874508429,79
2507.00476,2025-07-02,18,6.386879319362645,17,1,6.3578422665081,2
2507.00606,2025-07-02,18,6.385194398997726,17,1,6.385194398997726,3
2507.00951,2025-07-02,18,6.349138991379798,17,1,6.349138991379798,24
2507.01001,2025-07-02,18,6.309918278226516,17,1,6.249975242259483,46
2507.01006,2025-07-02,18,5.8289456176102075,17,0,5.564520407322694,256
2506.22868,2025-07-03,12,5.981414211254481,11,0,5.926926025970411,5
2506.23552,2025-07-03,12,5.968707559985366,11,0,5.926926025970411,10
2507.00316,2025-07-03,12,5.955837369464831,11,0,5.921578419643816,15
2507.00472,2025-07-03,12,5.966146739123692,11,0,5.926926025970411,11
2507.01544,2025-07-03,12,5.961005339623274,11,0,5.921578419643816,13
2507.01634,2025-07-03,12,5.863631175598097,11,0,4.634728988229636,49
2507.01925,2025-07-03,12,5.8916442118257715,11,0,5.8916442118257715,39
2507.01945,2025-07-03,12,5.786897381366708,11,0,4.634728988229636,75
2507.01949,2025-07-03,12,5.5909869805108565,11,0,4.634728988229636,133
2507.01953,2025-07-03,12,5.948034989180646,11,0,4.634728988229636,18
2507.01957,2025-07-03,12,5.934894195619588,11,0,4.634728988229636,23
2507.02856,2025-07-03,12,5.971261839790462,11,0,5.971261839790462,9
2506.21546,2025-07-04,17,6.395261598115449,16,0,6.395261598115449,2
2506.22813,2025-07-04,17,6.386879319362645,16,0,6.285998094508865,7
2506.23121,2025-07-04,17,6.395261598115449,16,0,6.285998094508865,2
2506.23918,2025-07-04,17,6.236369590203704,16,0,6.021023349349527,90
2507.01004,2025-07-04,17,6.3818160174060985,16,0,6.285998094508865,10
2507.01352,2025-07-04,17,6.293419278846481,16,0,5.981414211254481,60
2507.01663,2025-07-04,17,6.39024066706535,16,0,6.39024066706535,5
2507.02025,2025-07-04,17,6.336825731146441,16,0,6.285998094508865,36
2507.02092,2025-07-04,17,6.274762021241939,16,0,6.274762021241939,70
2507.02321,2025-07-04,17,6.331501849893691,16,0,6.021023349349527,39
2507.02592,2025-07-04,17,6.163314804034641,16,0,5.981414211254481,126
2507.02652,2025-07-04,17,6.354370040797351,16,0,6.354370040797351,26
2507.02694,2025-07-04,17,6.366470447731438,16,0,5.981414211254481,19
2507.02726,2025-07-04,17,6.375024819828097,16,0,6.375024819828097,14
2507.02754,2025-07-04,17,6.3561076606958915,16,0,6.3561076606958915,25
2507.02778,2025-07-04,17,6.3835066348840055,16,0,6.285998094508865,9
2507.02813,2025-07-04,17,6.293419278846481,16,0,6.021023349349527,60
2507.00769,2025-07-07,4,4.290459441148391,3,0,4.290459441148391,5
2507.01853,2025-07-07,4,4.1588830833596715,3,0,4.1588830833596715,14
2507.01955,2025-07-07,4,3.7376696182833684,3,0,3.7376696182833684,36
2507.02608,2025-07-07,4,4.02535169073515,3,0,4.02535169073515,22
2506.21884,2025-07-08,26,6.54965074223381,25,0,6.48768401848461,13
2507.00994,2025-07-08,26,6.447305862541213,25,0,5.902633333401366,81
2507.02029,2025-07-08,26,6.516193076042964,25,0,6.516193076042964,36
2507.02659,2025-07-08,26,6.543911845564792,25,0,6.543911845564792,17
2507.03033,2025-07-08,26,6.553933404025811,25,0,6.553933404025811,10
2507.03253,2025-07-08,26,6.541029999189903,25,0,5.902633333401366,19
2507.03336,2025-07-08,26,6.558197802812269,25,0,6.490723534502507,7
2507.03483,2025-07-08,26,6.5337888379333435,25,0,5.902633333401366,24
2507.03607,2025-07-08,26,6.555356891810665,25,0,6.555356891810665,9
2507.03683,2025-07-08,26,6.54534966033442,25,0,6.54534966033442,16
2507.03724,2025-07-08,26,6.300785794663244,25,0,5.902633333401366,167
2507.03745,2025-07-08,26,6.520621127558696,25,0,6.452048954437226,33
2507.04009,2025-07-08,26,6.48768401848461,25,0,5.902633333401366,55
2507.04036,2025-07-08,26,6.55250788703459,25,0,6.481577129276431,11
2507.04285,2025-07-08,26,6.553933404025811,25,0,6.54965074223381,10
2507.04376,2025-07-08,26,6.56244409369372,25,0,6.541029999189903,4
2507.04447,2025-07-08,26,6.502790045915623,25,0,6.452048954437226,45
2507.04562,2025-07-08,26,6.5638555265321274,25,0,6.54965074223381,3
2507.04590,2025-07-08,26,6.543911845564792,25,0,6.481577129276431,17
2507.04642,2025-07-08,26,6.558197802812269,25,0,6.490723534502507,7
2507.04952,2025-07-08,26,6.55250788703459,25,0,6.481577129276431,11
2507.05108,2025-07-08,26,6.548219102762372,25,0,6.481577129276431,14
2507.05163,2025-07-08,26,6.507277712385012,25,0,6.48768401848461,42
2507.05197,2025-07-08,26,6.511745329644728,25,0,6.490723534502507,39
2507.05257,2025-07-08,26,6.546785410760524,25,0,6.541029999189903,15
2507.05259,2025-07-08,26,6.559615237493242,25,0,6.481577129276431,6
2507.03112,2025-07-09,29,6.664409020350408,28,0,6.456769655572163,34
2507.03698,2025-07-09,29,6.692083742506628,28,0,6.692083742506628,12
2507.03728,2025-07-09,29,6.704414354964107,28,0,6.555356891810665,2
2507.04103,2025-07-09,29,6.641182169740591,28,0,6.434546518787453,52
2507.04569,2025-07-09,29,6.677083461247136,28,0,6.456769655572163,24
2507.04610,2025-07-09,29,6.697034247666484,28,0,6.668228248417403,8
2507.04723,2025-07-09,29,6.692083742506628,28,0,6.668228248417403,12
2507.05101,2025-07-09,29,6.692083742506628,28,0,6.692083742506628,12
2507.05169,2025-07-09,29,6.673297967767654,28,0,6.648984550024776,27
2507.05201,2025-07-09,29,6.687108607866515,28,0,6.687108607866515,16
2507.05240,2025-07-09,29,6.646390514847729,28,0,6.5998704992128365,48
2507.05411,2025-07-09,29,6.704414354964107,28,0,6.704414354964107,2
2507.05566,2025-07-09,29,6.553933404025811,28,0,6.434546518787453,116
2507.05578,2025-07-09,29,6.699500340161678,28,0,6.668228248417403,6
2507.05675,2025-07-09,29,6.673297967767654,28,0,6.594413459749778,27
2507.05791,2025-07-09,29,6.673297967767654,28,0,6.434546518787453,27
2507.05920,2025-07-09,29,6.692083742506628,28,0,6.5998704992128365,12
2507.05963,2025-07-09,29,6.690842277418564,28,0,6.555356891810665,13
2507.06137,2025-07-09,29,6.70073110954781,28,0,6.555356891810665,5
2507.06138,2025-07-09,29,6.678342114654332,28,0,6.5998704992128365,23
2507.06165,2025-07-09,29,6.630683385642372,28,0,6.594413459749778,60
2507.06181,2025-07-09,29,6.650279048587422,28,0,6.456769655572163,45
2507.06203,2025-07-09,29,6.583409222158765,28,0,6.555356891810665,95
2507.06204,2025-07-09,29,6.683360945766275,28,0,6.648984550024776,19
2507.06219,2025-07-09,29,6.680854678790215,28,0,6.680854678790215,21
2507.06223,2025-07-09,29,6.6895992691789665,28,0,6.6895992691789665,14
2507.06229,2025-07-09,29,6.606650186198215,28,0,6.456769655572163,78
2507.06230,2025-07-09,29,6.70073110954781,28,0,6.668228248417403,5
2507.07102,2025-07-09,29,6.704414354964107,28,0,6.704414354964107,2
2505.10251,2025-07-10,22,6.340359303727752,21,0,6.340359303727752,4
2506.24044,2025-07-10,22,6.322565239927284,21,0,6.300785794663244,14
2507.01702,2025-07-10,22,6.340359303727752,21,0,6.300785794663244,4
2507.05455,2025-07-10,22,6.338594078203183,21,0,6.335054251498059,5
2507.05687,2025-07-10,22,6.29156913955832,21,0,6.1903154058531475,31
2507.05980,2025-07-10,22,6.343880434126331,21,0,6.335054251498059,2
2507.06167,2025-07-10,22,6.206575926724928,21,0,6.045005314036012,75
2507.06260,2025-07-10,22,6.336825731146441,21,0,6.300785794663244,6
2507.06415,2025-07-10,22,6.333279628139691,21,0,6.1903154058531475,8
2507.06448,2025-07-10,22,6.259581464064923,21,0,6.045005314036012,48
2507.06457,2025-07-10,22,6.300785794663244,21,0,6.045005314036012,26
2507.06485,2025-07-10,22,6.338594078203183,21,0,6.1903154058531475,5
2507.06607,2025-07-10,22,6.329720905522696,21,0,6.1903154058531475,10
2507.06804,2025-07-10,22,6.318968113746434,21,0,6.318968113746434,16
2507.06853,2025-07-10,22,6.333279628139691,21,0,6.1224928095143865,8
2507.06920,2025-07-10,22,6.295266001439646,21,0,6.1903154058531475,29
2507.07017,2025-07-10,22,6.304448802421981,21,0,6.304448802421981,24
2507.07024,2025-07-10,22,6.329720905522696,21,0,6.329720905522696,10
2507.07095,2025-07-10,22,6.244166900663736,21,0,6.244166900663736,56
2507.07105,2025-07-10,22,6.139884552226255,21,0,6.1224928095143865,107
2507.07106,2025-07-10,22,6.343880434126331,21,0,6.300785794663244,2
2507.07957,2025-07-10,22,6.19644412779452,21,0,6.19644412779452,80
2507.04886,2025-07-11,18,6.504288173536645,17,0,6.498282149476434,3
2507.05241,2025-07-11,18,6.501289670540389,17,0,6.501289670540389,5
2507.05964,2025-07-11,18,6.309918278226516,17,0,5.170483995038151,121
2507.06543,2025-07-11,18,6.478509642208569,17,0,5.170483995038151,20
2507.07129,2025-07-11,18,6.504288173536645,17,0,6.434546518787453,3
2507.07136,2025-07-11,18,6.447305862541213,17,0,5.170483995038151,40
2507.07202,2025-07-11,18,6.470799503782602,17,0,5.170483995038151,25
2507.07484,2025-07-11,18,6.481577129276431,17,0,6.429719478039138,18
2507.07574,2025-07-11,18,6.502790045915623,17,0,6.498282149476434,4
2507.07867,2025-07-11,18,6.505784060128229,17,0,6.505784060128229,2
2507.07955,2025-07-11,18,6.467698726104354,17,0,6.411818267709897,27
2507.07966,2025-07-11,18,6.234410725718371,17,0,5.170483995038151,161
2507.07982,2025-07-11,18,6.456769655572163,17,0,5.170483995038151,34
2507.07984,2025-07-11,18,6.4425401664681985,17,0,5.170483995038151,43
2507.07990,2025-07-11,18,6.439350371100098,17,0,6.434546518787453,45
2507.07996,2025-07-11,18,6.455198563340122,17,0,6.411818267709897,35
2507.07998,2025-07-11,18,6.45833828334479,17,0,6.429719478039138,33
2507.07999,2025-07-11,18,6.429719478039138,17,0,5.170483995038151,51
2507.01951,2025-07-14,17,6.29156913955832,16,0,6.263398262591624,108
2507.04517,2025-07-14,17,6.470799503782602,16,0,6.455198563340122,2
2507.05255,2025-07-14,17,6.352629396319567,16,0,5.918893854273146,74
2507.05397,2025-07-14,17,6.431331081933479,16,0,5.918893854273146,27
2507.06261,2025-07-14,17,6.364750756851911,16,0,6.293419278846481,67
2507.06952,2025-07-14,17,6.46302945692067,16,0,6.46302945692067,7
2507.07151,2025-07-14,17,6.464588303689961,16,0,6.464588303689961,6
2507.07994,2025-07-14,17,6.4692503167957724,16,0,6.4692503167957724,3
2507.08128,2025-07-14,17,6.450470422144176,16,0,6.263398262591624,15
2507.08441,2025-07-14,17,6.373319789577012,16,0,5.918893854273146,62
2507.08771,2025-07-14,17,6.45833828334479,16,0,6.455198563340122,10
2507.08772,2025-07-14,17,6.432940092739179,16,0,5.918893854273146,26
2507.08776,2025-07-14,17,6.385194398997726,16,0,5.918893854273146,55
2507.08794,2025-07-14,17,6.423246963533519,16,0,6.423246963533519,32
2507.08799,2025-07-14,17,6.410174881966167,16,0,6.293419278846481,40
2507.08800,2025-07-14,17,6.340359303727752,16,0,6.340359303727752,81
2507.08801,2025-07-14,17,6.423246963533519,16,0,5.918893854273146,32
2507.04218,2025-07-15,15,5.998936561946683,14,0,5.958424693029782,13
2507.04404,2025-07-15,15,5.976350909297934,14,0,5.976350909297934,22
2507.08267,2025-07-15,15,6.003887067106539,14,0,5.998936561946683,11
2507.08396,2025-07-15,15,5.991464547107982,14,0,5.958424693029782,16
2507.08924,2025-07-15,15,5.986452005284438,14,0,5.62040086571715,18
2507.09074,2025-07-15,15,6.013715156042802,14,0,6.013715156042802,7
2507.09104,2025-07-15,15,5.986452005284438,14,0,5.62040086571715,18
2507.09751,2025-07-15,15,6.025865973825314,14,0,5.998936561946683,2
2507.09862,2025-07-15,15,5.8998973535824915,14,0,5.8289456176102075,51
2507.10065,2025-07-15,15,5.968707559985366,14,0,5.8289456176102075,25
2507.10524,2025-07-15,15,5.834810737062605,14,0,5.62040086571715,74
2507.10532,2025-07-15,15,5.786897381366708,14,0,5.786897381366708,90
2507.10541,2025-07-15,15,5.955837369464831,14,0,5.62040086571715,30
2507.10548,2025-07-15,15,5.937536205082426,14,0,5.937536205082426,37
2507.11137,2025-07-15,15,6.028278520230698,14,0,6.028278520230698,1
2507.04127,2025-07-16,13,5.442417710521793,12,0,5.442417710521793,10
2507.07104,2025-07-16,13,5.272999558563747,12,0,5.272999558563747,46
2507.07186,2025-07-16,13,5.472270673671475,12,0,5.472270673671475,3
2507.08333,2025-07-16,13,5.4638318050256105,12,0,5.4638318050256105,5
2507.08616,2025-07-16,13,5.420534999272286,12,0,5.420534999272286,15
2507.09075,2025-07-16,13,5.402677381872279,12,0,5.075173815233827,19
2507.09082,2025-07-16,13,5.424950017481403,12,0,5.424950017481403,14
2507.09404,2025-07-16,13,5.313205979041787,12,0,5.313205979041787,38
2507.09411,2025-07-16,13,5.4680601411351315,12,0,5.4680601411351315,4
2507.10571,2025-07-16,13,5.472270673671475,12,0,5.37989735354046,3
2507.10787,2025-07-16,13,5.429345628954441,12,0,5.37989735354046,13
2507.11336,2025-07-16,13,5.4510384535657,12,0,5.37989735354046,8
2507.11407,2025-07-16,13,5.187385805840755,12,0,5.075173815233827,62
2507.02857,2025-07-17,16,5.918893854273146,15,0,5.918893854273146,13
2507.05065,2025-07-17,16,5.908082938168931,15,0,5.908082938168931,17
2507.07015,2025-07-17,16,5.950642552587727,15,0,5.950642552587727,1
2507.07451,2025-07-17,16,5.937536205082426,15,0,5.937536205082426,6
2507.09025,2025-07-17,16,5.902633333401366,15,0,5.6240175061873385,19
2507.09477,2025-07-17,16,5.69035945432406,15,0,5.6240175061873385,89
2507.10015,2025-07-17,16,5.948034989180646,15,0,5.948034989180646,2
2507.11412,2025-07-17,16,5.863631175598097,15,0,5.863631175598097,33
2507.11527,2025-07-17,16,5.857933154483459,15,0,5.857933154483459,35
2507.11764,2025-07-17,16,5.945420608606575,15,0,5.945420608606575,3
2507.11949,2025-07-17,16,5.886104031450156,15,0,5.886104031450156,25
2507.12367,2025-07-17,16,5.934894195619588,15,0,5.934894195619588,7
2507.12415,2025-07-17,16,5.834810737062605,15,0,5.834810737062605,43
2507.12462,2025-07-17,16,5.902633333401366,15,0,5.683579767338681,19
2507.12463,2025-07-17,16,5.8805329864007,15,0,5.683579767338681,27
2507.12465,2025-07-17,16,5.8289456176102075,15,0,5.683579767338681,45
2507.04984,2025-07-18,16,6.60934924316738,15,1,6.60934924316738,6
2507.11589,2025-07-18,16,6.602587892189336,15,1,6.588926477533519,11
2507.12142,2025-07-18,16,6.568077911411976,15,1,6.568077911411976,36
2507.12508,2025-07-18,16,6.580639137284949,15,1,6.267200548541362,27
2507.12720,2025-07-18,16,6.6039438246004725,15,1,6.588926477533519,10
2507.12841,2025-07-18,16,6.558197802812269,15,1,6.267200548541362,43
2507.12956,2025-07-18,16,6.583409222158765,15,1,6.267200548541362,25
2507.12990,2025-07-18,16,6.601230118728877,15,1,6.573680166960646,12
2507.13255,2025-07-18,16,6.612041034833092,15,1,6.499787040655854,4
2507.13264,2025-07-18,16,6.569481420414296,15,1,6.569481420414296,35
2507.13300,2025-07-18,16,6.590301048196686,15,1,6.573680166960646,20
2507.13332,2025-07-18,16,6.54965074223381,15,1,6.075346031088684,49
2507.13334,2025-07-18,16,6.182084906716632,15,0,6.075346031088684,264
2507.13344,2025-07-18,16,6.535241271013659,15,1,6.267200548541362,59
2507.13347,2025-07-18,16,6.523562306149512,15,1,6.267200548541362,67
2507.13348,2025-07-18,16,6.505784060128229,15,1,6.499787040655854,79
2507.10605,2025-07-21,11,5.537334267018537,10,0,5.488937726156687,8
2507.11097,2025-07-21,11,5.2832037287379885,10,0,4.969813299576001,65
2507.12455,2025-07-21,11,5.53338948872752,10,0,5.4680601411351315,9
2507.12566,2025-07-21,11,5.5053315359323625,10,0,5.4680601411351315,16
2507.13158,2025-07-21,11,5.472270673671475,10,0,5.472270673671475,24
2507.13302,2025-07-21,11,5.545177444479562,10,0,5.545177444479562,6
2507.13391,2025-07-21,11,5.545177444479562,10,0,5.545177444479562,6
2507.13563,2025-07-21,11,5.342334251964811,10,0,4.969813299576001,53
2507.13984,2025-07-21,11,5.4638318050256105,10,0,5.298317366548036,26
2507.14129,2025-07-21,11,5.521460917862246,10,0,5.488937726156687,12
2507.14137,2025-07-21,11,5.420534999272286,10,0,5.298317366548036,36
2507.10935,2025-07-22,27,6.774223886357614,26,0,6.756932389247553,1
2507.11061,2025-07-22,27,6.732210706467206,26,0,6.530877627725885,37
2507.11539,2025-07-22,27,6.7580945044277305,26,0,6.756932389247553,15
2507.12549,2025-07-22,27,6.761572768804055,26,0,6.7464121285733745,12
2507.12674,2025-07-22,27,6.774223886357614,26,0,6.767343125265392,1
2507.12806,2025-07-22,27,6.75110146893676,26,0,6.717804695023691,21
2507.13428,2025-07-22,27,6.756932389247553,26,0,6.70073110954781,16
2507.14102,2025-07-22,27,6.774223886357614,26,0,6.7464121285733745,1
2507.14119,2025-07-22,27,6.704414354964107,26,0,6.530877627725885,60
2507.14295,2025-07-22,27,6.759255270663693,26,0,6.75343791859778,14
2507.14417,2025-07-22,27,6.742880635791903,26,0,6.717804695023691,28
2507.14683,2025-07-22,27,6.606650186198215,26,0,6.4425401664681985,136
2507.14843,2025-07-22,27,6.673297967767654,26,0,6.486160788944089,85
2507.15028,2025-07-22,27,6.75110146893676,26,0,6.530877627725885,21
2507.15061,2025-07-22,27,6.703188113240863,26,0,6.4425401664681985,61
2507.15375,2025-07-22,27,6.740519359606223,26,0,6.4425401664681985,30
2507.15493,2025-07-22,27,6.720220155135295,26,0,6.70073110954781,47
2507.15550,2025-07-22,27,6.76849321164863,26,0,6.767343125265392,6
2507.15597,2025-07-22,27,6.7357800142423265,26,0,6.530877627725885,34
2507.15629,2025-07-22,27,6.748759547491679,26,0,6.739336627357174,23
2507.15640,2025-07-22,27,6.769641976852503,26,0,6.75343791859778,5
2507.15728,2025-07-22,27,6.7661917146603505,26,0,6.739336627357174,8
2507.15778,2025-07-22,27,6.75110146893676,26,0,6.4425401664681985,21
2507.15815,2025-07-22,27,6.767343125265392,26,0,6.767343125265392,7
2507.15846,2025-07-22,27,6.608000625296087,26,0,6.486160788944089,135
2507.15852,2025-07-22,27,6.731018100482083,26,0,6.530877627725885,38
2507.15856,2025-07-22,27,6.761572768804055,26,0,6.7464121285733745,12
2507.08422,2025-07-23,16,6.115892125483034,15,0,6.035481432524756,36
2507.13541,2025-07-23,16,6.175867270105761,15,0,6.171700597410915,8
2507.15024,2025-07-23,16,6.163314804034641,15,0,6.148468295917647,14
2507.15245,2025-07-23,16,6.169610732491456,15,0,6.169610732491456,11
2507.15454,2025-07-23,16,6.1779441140506,15,0,6.1779441140506,7
2507.15974,2025-07-23,16,6.1779441140506,15,0,6.148468295917647,7
2507.16632,2025-07-23,16,6.025865973825314,15,0,5.420534999272286,75
2507.16713,2025-07-23,16,6.148468295917647,15,0,6.148468295917647,21
2507.16746,2025-07-23,16,6.118097198041348,15,0,6.035481432524756,35
2507.16782,2025-07-23,16,6.173786103901937,15,0,6.173786103901937,9
2507.16784,2025-07-23,16,5.8998973535824915,15,0,5.420534999272286,124
2507.16795,2025-07-23,16,6.18826412308259,15,0,6.171700597410915,2
2507.16812,2025-07-23,16,6.052089168924417,15,0,5.420534999272286,64
2507.16813,2025-07-23,16,6.1675164908883415,15,0,6.075346031088684,12
2507.16814,2025-07-23,16,6.148468295917647,15,0,6.148468295917647,21
2507.16815,2025-07-23,16,6.102558594613569,15,0,6.075346031088684,42
2507.11465,2025-07-24,11,5.932245187448011,10,0,5.932245187448011,18
2507.14241,2025-07-24,11,5.932245187448011,10,0,5.846438775057725,18
2507.16116,2025-07-24,11,5.945420608606575,10,0,5.926926025970411,13
2507.16331,2025-07-24,11,5.921578419643816,10,0,5.817111159963204,22
2507.16725,2025-07-24,11,5.8971538676367405,10,0,5.846438775057725,31
2507.16863,2025-07-24,11,5.786897381366708,10,0,5.786897381366708,69
2507.16880,2025-07-24,11,5.961005339623274,10,0,5.926926025970411,7
2507.17202,2025-07-24,11,5.840641657373398,10,0,5.375278407684165,51
2507.17512,2025-07-24,11,5.8805329864007,10,0,5.817111159963204,37
2507.17744,2025-07-24,11,5.713732805509369,10,0,5.375278407684165,92
2507.17745,2025-07-24,11,5.883322388488279,10,0,5.375278407684165,36
2507.13546,2025-07-25,21,6.440946540632921,20,1,6.373319789577012,126
2507.14958,2025-07-25,21,6.559615237493242,20,1,6.519147287940395,47
2507.14988,2025-07-25,21,6.61338421837956,20,1,6.6052979209482015,8
2507.15595,2025-07-25,21,6.616065185132817,20,1,6.6052979209482015,6
2507.15758,2025-07-25,21,6.576469569048224,20,1,6.576469569048224,35
2507.15807,2025-07-25,21,6.621405651764134,20,1,6.5638555265321274,2
2507.15844,2025-07-25,21,6.601230118728877,20,1,6.519147287940395,17
2507.16038,2025-07-25,21,6.61338421837956,20,1,6.598509028614515,8
2507.16535,2025-07-25,21,6.593044534142437,20,1,6.373319789577012,23
2507.16802,2025-07-25,21,6.612041034833092,20,1,6.612041034833092,9
2507.17402,2025-07-25,21,6.617402977974478,20,1,6.617402977974478,5
2507.18013,2025-07-25,21,6.60934924316738,20,1,6.519147287940395,11
2507.18071,2025-07-25,21,6.07073772800249,20,0,6.07073772800249,320
2507.18103,2025-07-25,21,6.61338421837956,20,1,6.598509028614515,8
2507.18192,2025-07-25,21,6.61338421837956,20,1,6.597145701886651,8
2507.18405,2025-07-25,21,6.617402977974478,20,1,6.617402977974478,5
2507.18464,2025-07-25,21,6.608000625296087,20,1,6.597145701886651,12
2507.18537,2025-07-25,21,6.5998704992128365,20,1,6.373319789577012,18
2507.18546,2025-07-25,21,6.570882962339584,20,1,6.570882962339584,39
2507.18565,2025-07-25,21,6.620073206530356,20,1,6.598509028614515,3
2507.18634,2025-07-25,21,6.566672429803241,20,1,6.5638555265321274,42
2507.10510,2025-07-28,11,5.521460917862246,10,0,5.493061443340548,5
2507.16075,2025-07-28,11,5.231108616854587,10,0,5.117993812416755,68
2507.16534,2025-07-28,11,5.5053315359323625,10,0,5.480638923341991,9
2507.17596,2025-07-28,11,5.5134287461649825,10,0,5.493061443340548,7
2507.17957,2025-07-28,11,5.53338948872752,10,0,5.53338948872752,2
2507.18392,2025-07-28,11,5.459585514144159,10,0,5.117993812416755,20
2507.18553,2025-07-28,11,5.3612921657094255,10,0,5.3612921657094255,42
2507.18742,2025-07-28,11,5.517452896464707,10,0,5.480638923341991,6
2507.19457,2025-07-28,11,5.3981627015177525,10,0,5.3981627015177525,34
2507.19478,2025-07-28,11,5.402677381872279,10,0,5.267858159063328,33
2507.20198,2025-07-28,11,5.424950017481403,10,0,5.267858159063328,28
2507.16806,2025-07-29,22,6.4692503167957724,21,0,6.3784261836515865,7
2507.17189,2025-07-29,22,6.45833828334479,21,0,6.363028103540465,14
2507.19058,2025-07-29,22,6.459904454377535,21,0,6.3784261836515865,13
2507.19399,2025-07-29,22,6.476972362889683,21,0,6.466144724237619,2
2507.19766,2025-07-29,22,6.456769655572163,21,0,6.3784261836515865,15
2507.19804,2025-07-29,22,6.461468176353717,21,0,6.3784261836515865,12
2507.19849,2025-07-29,22,6.19644412779452,21,0,6.1092475827643655,161
2507.20025,2025-07-29,22,6.448889394146858,21,0,6.411818267709897,20
2507.20152,2025-07-29,22,6.472346294500901,21,0,6.472346294500901,5
2507.20187,2025-07-29,22,6.439350371100098,21,0,6.439350371100098,26
2507.20527,2025-07-29,22,6.4692503167957724,21,0,6.466144724237619,7
2507.20673,2025-07-29,22,6.429719478039138,21,0,6.3784261836515865,32
2507.20880,2025-07-29,22,6.46302945692067,21,0,6.46302945692067,11
2507.20900,2025-07-29,22,6.46302945692067,21,0,6.46302945692067,11
2507.20939,2025-07-29,22,6.386879319362645,21,0,6.363028103540465,58
2507.20984,2025-07-29,22,6.386879319362645,21,0,6.386879319362645,58
2507.21033,2025-07-29,22,6.444131256700441,21,0,6.411818267709897,23
2507.21035,2025-07-29,22,6.47543271670409,21,0,6.47543271670409,3
2507.21045,2025-07-29,22,6.419994928147142,21,0,6.3784261836515865,38
2507.21046,2025-07-29,22,6.340359303727752,21,0,6.340359303727752,85
2507.21049,2025-07-29,22,6.415096959171596,21,0,6.1092475827643655,41
2507.21848,2025-07-29,22,6.466144724237619,21,0,6.3784261836515865,9
2507.14111,2025-07-30,10,5.598421958998375,9,0,5.598421958998375,25
2507.20240,2025-07-30,10,5.652489180268651,9,0,5.631211781821365,10
2507.20254,2025-07-30,10,5.6131281063880705,9,0,5.455321115357702,21
2507.21183,2025-07-30,10,5.634789603169249,9,0,5.53338948872752,15
2507.21364,2025-07-30,10,5.66988092298052,9,0,5.66988092298052,5
2507.21503,2025-07-30,10,5.676753802268282,9,0,5.676753802268282,3
2507.21809,2025-07-30,10,5.030437921392435,9,0,5.030437921392435,142
2507.21990,2025-07-30,10,5.5909869805108565,9,0,5.53338948872752,27
2507.22058,2025-07-30,10,5.541263545158426,9,0,5.455321115357702,40
2507.22061,2025-07-30,10,5.666426688112432,9,0,5.631211781821365,6
2507.13985,2025-07-31,12,6.0014148779611505,11,0,6.0014148779611505,7
2507.19427,2025-07-31,12,5.963579343618446,11,0,5.963579343618446,22
2507.20976,2025-07-31,12,5.991464547107982,11,0,5.991464547107982,11
2507.21493,2025-07-31,12,5.846438775057725,11,0,5.846438775057725,65
2507.21802,2025-07-31,12,5.968707559985366,11,0,5.968707559985366,20
2507.22062,2025-07-31,12,5.921578419643816,11,0,5.8944028342648505,38
2507.22448,2025-07-31,12,5.8289456176102075,11,0,5.8289456176102075,71
2507.22565,2025-07-31,12,5.996452088619021,11,0,5.971261839790462,9
2507.22607,2025-07-31,12,5.8971538676367405,11,0,5.575949103146316,47
2507.22827,2025-07-31,12,5.739792912179234,11,0,5.575949103146316,100
2507.22853,2025-07-31,12,5.993961427306569,11,0,5.971261839790462,10
2507.22886,2025-07-31,12,5.993961427306569,11,0,5.8944028342648505,10
2507.14793,2025-08-01,16,5.924255797414532,15,0,5.902633333401366,3
2507.20519,2025-08-01,16,5.910796644040527,15,0,5.8805329864007,8
2507.21509,2025-08-01,16,5.8377304471659395,15,0,5.762051382780177,34
2507.21584,2025-08-01,16,5.902633333401366,15,0,5.8805329864007,11
2507.22879,2025-08-01,16,5.82600010738045,15,0,5.817111159963204,38
2507.22968,2025-08-01,16,5.863631175598097,15,0,5.762051382780177,25
2507.23257,2025-08-01,16,5.926926025970411,15,0,5.902633333401366,2
2507.23277,2025-08-01,16,5.84354441703136,15,0,5.808142489980444,32
2507.23374,2025-08-01,16,5.8998973535824915,15,0,5.808142489980444,12
2507.23404,2025-08-01,16,5.924255797414532,15,0,5.817111159963204,3
2507.23436,2025-08-01,16,5.916202062607435,15,0,5.902633333401366,6
2507.23632,2025-08-01,16,5.916202062607435,15,0,5.916202062607435,6
2507.23682,2025-08-01,16,5.8664680569332965,15,0,5.8664680569332965,24
2507.23698,2025-08-01,16,5.902633333401366,15,0,5.902633333401366,11
2507.23726,2025-08-01,16,5.568344503761097,15,0,5.568344503761097,115
2507.23779,2025-08-01,16,5.802118375377063,15,0,5.802118375377063,46
2507.19634,2025-08-04,14,5.762051382780177,13,0,5.652489180268651,10
2507.22720,2025-08-04,14,5.771441123130016,13,0,5.771441123130016,7
2507.23268,2025-08-04,14,5.62040086571715,13,0,5.62040086571715,52
2507.23348,2025-08-04,14,5.755742213586912,13,0,5.308267697401205,12
2507.23361,2025-08-04,14,5.749392985908253,13,0,5.308267697401205,14
2507.23478,2025-08-04,14,5.739792912179234,13,0,5.652489180268651,17
2508.00265,2025-08-04,14,5.765191102784844,13,0,5.652489180268651,9
2508.00414,2025-08-04,14,5.44673737166631,13,0,5.308267697401205,96
2508.00454,2025-08-04,14,5.762051382780177,13,0,5.762051382780177,10
2508.00632,2025-08-04,14,5.780743515792329,13,0,5.308267697401205,4
2508.00782,2025-08-04,14,5.771441123130016,13,0,5.652489180268651,7
2508.00819,2025-08-04,14,5.575949103146316,13,0,5.575949103146316,64
2508.00823,2025-08-04,14,5.7745515455444085,13,0,5.7745515455444085,6
2508.02124,2025-08-04,14,5.733341276897746,13,0,5.733341276897746,19
2507.16290,2025-08-05,24,6.447305862541213,23,1,6.436150368369428,9
2507.17520,2025-08-05,24,6.437751649736401,23,1,6.391917113392602,15
2508.00024,2025-08-05,24,6.450470422144176,23,1,6.436150368369428,7
2508.00890,2025-08-05,24,6.450470422144176,23,1,6.424869023905388,7
2508.00910,2025-08-05,24,6.447305862541213,23,1,6.424869023905388,9
2508.01059,2025-08-05,24,6.406879986069314,23,1,6.406879986069314,34
2508.01109,2025-08-05,24,6.455198563340122,23,1,6.391917113392602,4
2508.01151,2025-08-05,24,6.448889394146858,23,1,6.421622267806518,8
2508.01287,2025-08-05,24,6.450470422144176,23,1,6.424869023905388,7
2508.01408,2025-08-05,24,6.4457198193855785,23,1,6.391917113392602,10
2508.01415,2025-08-05,24,6.448889394146858,23,1,6.448889394146858,8
2508.01548,2025-08-05,24,6.439350371100098,23,1,6.391917113392602,14
2508.01691,2025-08-05,24,6.4457198193855785,23,1,6.4457198193855785,10
2508.01773,2025-08-05,24,6.459904454377535,23,1,6.400257445308821,1
2508.01959,2025-08-05,24,6.361302477572996,23,1,6.320768294250582,61
2508.02137,2025-08-05,24,6.423246963533519,23,1,6.3561076606958915,24
2508.02150,2025-08-05,24,6.401917196727186,23,1,6.400257445308821,37
2508.02268,2025-08-05,24,6.456769655572163,23,1,6.456769655572163,3
2508.02271,2025-08-05,24,6.437751649736401,23,1,6.437751649736401,15
2508.02276,2025-08-05,24,6.396929655216146,23,1,6.3561076606958915,40
2508.02317,2025-08-05,24,6.424869023905388,23,1,6.320768294250582,23
2508.02324,2025-08-05,24,5.8971538676367405,23,0,5.8971538676367405,276
2508.02558,2025-08-05,24,6.4425401664681985,23,1,6.421622267806518,12
2508.02605,2025-08-05,24,6.453624998892692,23,1,6.421622267806518,5
2507.23284,2025-08-06,21,6.1092475827643655,20,0,5.87493073085203,3
2508.00367,2025-08-06,21,6.07993319509559,20,0,6.07993319509559,16
2508.00477,2025-08-06,21,6.091309882077698,20,0,6.054439346269371,11
2508.01119,2025-08-06,21,6.091309882077698,20,0,5.87493073085203,11
2508.01126,2025-08-06,21,6.102558594613569,20,0,6.054439346269371,6
2508.01780,2025-08-06,21,6.068425588244111,20,0,6.030685260261263,21
2508.02063,2025-08-06,21,6.113682179832232,20,0,6.113682179832232,1
2508.02079,2025-08-06,21,6.1092475827643655,20,0,6.1092475827643655,3
2508.02091,2025-08-06,21,6.0867747269123065,20,0,6.030685260261263,13
2508.02193,2025-08-06,21,5.749392985908253,20,0,5.616771097666572,139
2508.02455,2025-08-06,21,6.1070228877422545,20,0,6.07073772800249,4
2508.02629,2025-08-06,21,6.102558594613569,20,0,5.87493073085203,6
2508.02630,2025-08-06,21,6.104793232414985,20,0,5.87493073085203,5
2508.03012,2025-08-06,21,6.07073772800249,20,0,6.07073772800249,20
2508.03050,2025-08-06,21,6.093569770045136,20,0,6.054439346269371,10
2508.03164,2025-08-06,21,6.100318952020064,20,0,5.87493073085203,7
2508.03320,2025-08-06,21,5.961005339623274,20,0,5.87493073085203,65
2508.03613,2025-08-06,21,6.07993319509559,20,0,6.07073772800249,16
2508.03686,2025-08-06,21,6.025865973825314,20,0,5.616771097666572,39
2508.03694,2025-08-06,21,5.991464547107982,20,0,5.991464547107982,53
2508.03793,2025-08-06,21,6.1092475827643655,20,0,6.030685260261263,3
2507.21974,2025-08-07,38,6.968850378341948,37,1,6.9440872082295275,5
2507.23313,2025-08-07,38,6.97354301952014,37,1,6.964135612418245,0
2507.23785,2025-08-07,38,6.956545443151569,37,1,6.956545443151569,18
2508.00109,2025-08-07,38,6.96979066990159,37,1,6.968850378341948,4
2508.00222,2025-08-07,38,6.967909201801884,37,1,6.9440872082295275,6
2508.00428,2025-08-07,38,6.970730078143525,37,1,6.816735880594968,3
2508.00599,2025-08-07,38,6.966967138613983,37,1,6.964135612418245,7
2508.01191,2025-08-07,38,6.71901315438526,37,0,6.71901315438526,240
2508.01197,2025-08-07,38,6.968850378341948,37,1,6.816735880594968,5
2508.01226,2025-08-07,38,6.9726062513017535,37,1,6.816735880594968,1
2508.01311,2025-08-07,38,6.97166860472579,37,1,6.97166860472579,2
2508.01630,2025-08-07,38,6.956545443151569,37,1,6.945051063725834,18
2508.01778,2025-08-07,38,6.970730078143525,37,1,6.964135612418245,3
2508.01858,2025-08-07,38,6.954638864880987,37,1,6.932447891572509,20
2508.01928,2025-08-07,38,6.9650803456014065,37,1,6.9650803456014065,9
2508.02215,2025-08-07,38,6.962243464266207,37,1,6.945051063725834,12
2508.02694,2025-08-07,38,6.889591308354466,37,1,6.725033642166843,86
2508.02807,2025-08-07,38,6.961296045910167,37,1,6.816735880594968,13
2508.02951,2025-08-07,38,6.9726062513017535,37,1,6.816735880594968,1
2508.03159,2025-08-07,38,6.951772164398911,37,1,6.893656354602635,23
2508.03178,2025-08-07,38,6.968850378341948,37,1,6.9440872082295275,5
2508.03448,2025-08-07,38,6.966967138613983,37,1,6.9584483932976555,7
2508.03501,2025-08-07,38,6.9167150203536085,37,1,6.893656354602635,59
2508.03560,2025-08-07,38,6.950814768442584,37,1,6.816735880594968,24
2508.03680,2025-08-07,38,6.831953565565855,37,1,6.725033642166843,141
2508.03789,2025-08-07,38,6.953684210870537,37,1,6.816735880594968,21
2508.03905,2025-08-07,38,6.951772164398911,37,1,6.932447891572509,23
2508.03970,2025-08-07,38,6.9726062513017535,37,1,6.968850378341948,1
2508.03983,2025-08-07,38,6.9650803456014065,37,1,6.9584483932976555,9
2508.04010,2025-08-07,38,6.966024187106113,37,1,6.725033642166843,8
2508.04026,2025-08-07,38,6.806829360392176,37,1,6.806829360392176,164
2508.04280,2025-08-07,38,6.940222469119639,37,1,6.816735880594968,35
2508.04295,2025-08-07,38,6.966967138613983,37,1,6.966967138613983,7
2508.04440,2025-08-07,38,6.9650803456014065,37,1,6.954638864880987,9
2508.04586,2025-08-07,38,6.963189985870238,37,1,6.954638864880987,11
2508.04632,2025-08-07,38,6.97166860472579,37,1,6.9440872082295275,2
2508.04664,2025-08-07,38,6.961296045910167,37,1,6.9440872082295275,13
2508.04700,2025-08-07,38,6.923628628138427,37,1,6.816735880594968,52
2508.01650,2025-08-08,26,6.493753839851686,25,1,6.486160788944089,6
2508.02038,2025-08-08,26,6.478509642208569,25,1,6.476972362889683,16
2508.02120,2025-08-08,26,6.472346294500901,25,1,6.401917196727186,20
2508.02243,2025-08-08,26,6.499787040655854,25,1,6.470799503782602,2
2508.03404,2025-08-08,26,6.4967749901858625,25,1,6.470799503782602,4
2508.03644,2025-08-08,26,6.464588303689961,25,1,6.464588303689961,25
2508.03923,2025-08-08,26,6.483107351457199,25,1,6.483107351457199,13
2508.03990,2025-08-08,26,6.46302945692067,25,1,6.401917196727186,26
2508.04017,2025-08-08,26,6.486160788944089,25,1,6.470799503782602,11
2508.04107,2025-08-08,26,6.4967749901858625,25,1,6.470799503782602,4
2508.04190,2025-08-08,26,6.501289670540389,25,1,6.48768401848461,1
2508.04423,2025-08-08,26,6.489204931325317,25,1,6.489204931325317,9
2508.04699,2025-08-08,26,6.499787040655854,25,1,6.401917196727186,2
2508.04939,2025-08-08,26,6.499787040655854,25,1,6.499787040655854,2
2508.04946,2025-08-08,26,6.501289670540389,25,1,6.476972362889683,1
2508.04979,2025-08-08,26,6.495265555937008,25,1,6.486160788944089,5
2508.05004,2025-08-08,26,6.282266746896006,25,1,5.846438775057725,132
2508.05128,2025-08-08,26,6.4967749901858625,25,1,6.4967749901858625,4
2508.05405,2025-08-08,26,6.400257445308821,25,1,6.400257445308821,65
2508.05496,2025-08-08,26,6.489204931325317,25,1,6.401917196727186,9
2508.05545,2025-08-08,26,6.499787040655854,25,1,6.499787040655854,2
2508.05609,2025-08-08,26,6.45833828334479,25,1,6.45833828334479,29
2508.05618,2025-08-08,26,6.492239835020471,25,1,6.401917196727186,7
2508.05629,2025-08-08,26,6.169610732491456,25,0,5.846438775057725,189
2508.05630,2025-08-08,26,6.489204931325317,25,1,6.48768401848461,9
2508.05635,2025-08-08,26,6.386879319362645,25,1,6.386879319362645,73
2507.22025,2025-08-11,14,6.0867747269123065,13,1,6.023447592961033,4
2508.01242,2025-08-11,14,6.07073772800249,13,1,6.07073772800249,11
2508.02095,2025-08-11,14,6.073044534100405,13,1,6.023447592961033,10
2508.02831,2025-08-11,14,6.068425588244111,13,1,6.059123195581797,12
2508.03616,2025-08-11,14,6.052089168924417,13,1,5.986452005284438,19
2508.04482,2025-08-11,14,6.075346031088684,13,1,6.075346031088684,9
2508.04825,2025-08-11,14,5.950642552587727,13,1,5.950642552587727,60
2508.05502,2025-08-11,14,6.082218910376446,13,1,6.023447592961033,6
2508.05547,2025-08-11,14,6.07073772800249,13,1,6.023447592961033,11
2508.05731,2025-08-11,14,6.0330862217988015,13,1,5.986452005284438,27
2508.05988,2025-08-11,14,6.045005314036012,13,1,6.045005314036012,22
2508.06433,2025-08-11,14,6.0112671744041615,13,1,5.278114659230517,36
2508.06471,2025-08-11,14,5.44673737166631,13,0,5.278114659230517,212
2508.06494,2025-08-11,14,6.0867747269123065,13,1,6.059123195581797,4
2507.22034,2025-08-12,29,6.739336627357174,28,0,6.739336627357174,30
2507.23701,2025-08-12,29,6.77078942390898,28,0,6.588926477533519,3
2508.03346,2025-08-12,29,6.7650389767805414,28,0,6.516193076042964,8
2508.03365,2025-08-12,29,6.76849321164863,28,0,6.745236349484363,5
2508.03542,2025-08-12,29,6.767343125265392,28,0,6.745236349484363,6
2508.05257,2025-08-12,29,6.759255270663693,28,0,6.759255270663693,13
2508.05305,2025-08-12,29,6.717804695023691,28,0,6.467698726104354,48
2508.05614,2025-08-12,29,6.75110146893676,28,0,6.467698726104354,20
2508.05909,2025-08-12,29,6.74993119378857,28,0,6.467698726104354,21
2508.05954,2025-08-12,29,6.767343125265392,28,0,6.745236349484363,6
2508.06026,2025-08-12,29,6.756932389247553,28,0,6.516193076042964,15
2508.06059,2025-08-12,29,6.769641976852503,28,0,6.588926477533519,4
2508.06426,2025-08-12,29,6.762729506931879,28,0,6.762729506931879,10
2508.06600,2025-08-12,29,6.725033642166843,28,0,6.588926477533519,42
2508.06601,2025-08-12,29,6.7661917146603505,28,0,6.7661917146603505,7
2508.06811,2025-08-12,29,6.767343125265392,28,0,6.755768921984255,6
2508.07050,2025-08-12,29,6.630683385642372,28,0,6.516193076042964,117
2508.07101,2025-08-12,29,6.7580945044277305,28,0,6.7580945044277305,14
2508.07407,2025-08-12,29,6.654152520183219,28,0,6.588926477533519,99
2508.07493,2025-08-12,29,6.7650389767805414,28,0,6.745236349484363,8
2508.07629,2025-08-12,29,6.723832440821209,28,0,6.723832440821209,43
2508.07662,2025-08-12,29,6.763884908562435,28,0,6.516193076042964,9
2508.07785,2025-08-12,29,6.739336627357174,28,0,6.467698726104354,30
2508.07917,2025-08-12,29,6.721425700790643,28,0,6.721425700790643,45
2508.07981,2025-08-12,29,6.699500340161678,28,0,6.661854740545311,63
2508.07999,2025-08-12,29,6.637258031284457,28,0,6.467698726104354,112
2508.08134,2025-08-12,29,6.762729506931879,28,0,6.755768921984255,10
2508.08189,2025-08-12,29,6.739336627357174,28,0,6.661854740545311,30
2508.08221,2025-08-12,29,6.715383386334681,28,0,6.516193076042964,50
2508.03936,2025-08-13,35,6.573680166960646,34,0,6.428105272684596,9
2508.04195,2025-08-13,35,6.583409222158765,34,0,6.568077911411976,2
2508.04676,2025-08-13,35,6.580639137284949,34,0,6.577861357721047,4
2508.05399,2025-08-13,35,6.56244409369372,34,0,6.543911845564792,17
2508.05615,2025-08-13,35,6.555356891810665,34,0,6.428105272684596,22
2508.05748,2025-08-13,35,6.366470447731438,34,0,6.3080984415095305,143
2508.05769,2025-08-13,35,6.586171654854675,34,0,6.57507584059962,0
2508.05813,2025-08-13,35,6.580639137284949,34,0,6.573680166960646,4
2508.06485,2025-08-13,35,6.584791392385716,34,0,6.577861357721047,1
2508.06813,2025-08-13,35,6.577861357721047,34,0,6.428105272684596,6
2508.06964,2025-08-13,35,6.573680166960646,34,0,6.573680166960646,9
2508.07409,2025-08-13,35,6.530877627725885,34,0,6.368187186350492,39
2508.07485,2025-08-13,35,6.5722825426940075,34,0,6.428105272684596,10
2508.07976,2025-08-13,35,6.51025834052315,34,0,6.505784060128229,53
2508.08086,2025-08-13,35,6.47543271670409,34,0,6.368187186350492,76
2508.08088,2025-08-13,35,6.54534966033442,34,0,6.54534966033442,29
2508.08113,2025-08-13,35,6.570882962339584,34,0,6.570882962339584,11
2508.08180,2025-08-13,35,6.583409222158765,34,0,6.573680166960646,2
2508.08244,2025-08-13,35,6.568077911411976,34,0,6.543911845564792,13
2508.08248,2025-08-13,35,6.548219102762372,34,0,6.368187186350492,27
2508.08292,2025-08-13,35,6.584791392385716,34,0,6.428105272684596,1
2508.08665,2025-08-13,35,6.565264970035361,34,0,6.428105272684596,15
2508.08680,2025-08-13,35,6.582025138892826,34,0,6.573680166960646,3
2508.08791,2025-08-13,35,6.5638555265321274,34,0,6.428105272684596,16
2508.08855,2025-08-13,35,6.584791392385716,34,0,6.577861357721047,1
2508.08896,2025-08-13,35,6.569481420414296,34,0,6.569481420414296,12
2508.08938,2025-08-13,35,6.570882962339584,34,0,6.568077911411976,11
2508.08940,2025-08-13,35,6.548219102762372,34,0,6.428105272684596,27
2508.08974,2025-08-13,35,6.586171654854675,34,0,6.573680166960646,0
2508.09050,2025-08-13,35,6.582025138892826,34,0,6.505784060128229,3
2508.09062,2025-08-13,35,6.530877627725885,34,0,6.530877627725885,39
2508.09101,2025-08-13,35,6.57507584059962,34,0,6.57507584059962,8
2508.09123,2025-08-13,35,6.539585955617669,34,0,6.3080984415095305,33
2508.09125,2025-08-13,35,6.529418838262226,34,0,6.472346294500901,40
2508.09138,2025-08-13,35,6.532334292222349,34,0,6.472346294500901,38
2508.01522,2025-08-14,23,6.061456918928017,22,0,5.983936280687191,5
2508.05613,2025-08-14,23,6.0330862217988015,22,0,5.82600010738045,17
2508.06009,2025-08-14,23,6.035481432524756,22,0,5.996452088619021,16
2508.06937,2025-08-14,23,6.056784013228625,22,0,5.720311776607412,7
2508.06944,2025-08-14,23,6.068425588244111,22,0,5.996452088619021,2
2508.07237,2025-08-14,23,6.068425588244111,22,0,6.068425588244111,2
2508.07321,2025-08-14,23,6.073044534100405,22,0,6.073044534100405,0
2508.07750,2025-08-14,23,6.023447592961033,22,0,5.82600010738045,21
2508.07901,2025-08-14,23,5.976350909297934,22,0,5.739792912179234,40
2508.08401,2025-08-14,23,5.971261839790462,22,0,5.82600010738045,42
2508.09192,2025-08-14,23,5.998936561946683,22,0,5.720311776607412,31
2508.09456,2025-08-14,23,6.054439346269371,22,0,5.996452088619021,8
2508.09603,2025-08-14,23,6.068425588244111,22,0,6.037870919922137,2
2508.09667,2025-08-14,23,6.059123195581797,22,0,5.720311776607412,6
2508.09726,2025-08-14,23,6.037870919922137,22,0,5.82600010738045,15
2508.09736,2025-08-14,23,5.929589143389895,22,0,5.739792912179234,58
2508.09752,2025-08-14,23,6.049733455231958,22,0,6.037870919922137,10
2508.09776,2025-08-14,23,6.066108090103747,22,0,6.037870919922137,3
2508.09889,2025-08-14,23,5.996452088619021,22,0,5.983936280687191,32
2508.09945,2025-08-14,23,6.059123195581797,22,0,5.996452088619021,6
2508.09968,2025-08-14,23,6.037870919922137,22,0,5.720311776607412,15
2508.09983,2025-08-14,23,5.8971538676367405,22,0,5.720311776607412,70
2508.09987,2025-08-14,23,6.013715156042802,22,0,5.739792912179234,25
2508.09848,2025-08-15,13,6.289715570908998,12,0,6.289715570908998,71
2508.10433,2025-08-15,13,6.139884552226255,12,0,6.1224928095143865,146
2508.10482,2025-08-15,13,6.413458957167357,12,0,6.300785794663244,0
2508.10576,2025-08-15,13,6.400257445308821,12,0,6.1224928095143865,8
2508.10637,2025-08-15,13,6.400257445308821,12,0,6.300785794663244,8
2508.10711,2025-08-15,13,6.139884552226255,12,0,6.139884552226255,146
2508.10751,2025-08-15,13,6.364750756851911,12,0,6.364750756851911,29
2508.10833,2025-08-15,13,6.335054251498059,12,0,6.274762021241939,46
2508.10860,2025-08-15,13,6.408528791059498,12,0,6.300785794663244,3
2508.10875,2025-08-15,13,6.3561076606958915,12,0,6.3561076606958915,34
2508.10881,2025-08-15,13,6.320768294250582,12,0,6.300785794663244,54
2508.10893,2025-08-15,13,6.361302477572996,12,0,6.361302477572996,31
2508.10898,2025-08-15,13,6.3578422665081,12,0,6.274762021241939,33
2508.06429,2025-08-18,13,6.513230110912307,12,1,6.513230110912307,2
2508.10104,2025-08-18,13,5.908082938168931,12,0,5.860786223465865,308
2508.10395,2025-08-18,13,6.452048954437226,12,1,6.452048954437226,42
2508.10461,2025-08-18,13,6.504288173536645,12,1,6.504288173536645,8
2508.10868,2025-08-18,13,6.490723534502507,12,1,5.860786223465865,17
2508.10874,2025-08-18,13,6.361302477572996,12,1,6.361302477572996,97
2508.10894,2025-08-18,13,6.504288173536645,12,1,6.343880434126331,8
2508.10975,2025-08-18,13,6.423246963533519,12,1,6.423246963533519,60
2508.11116,2025-08-18,13,6.481577129276431,12,1,6.481577129276431,23
2508.11203,2025-08-18,13,6.499787040655854,12,1,6.499787040655854,11
2508.11255,2025-08-18,13,6.499787040655854,12,1,6.343880434126331,11
2508.11616,2025-08-18,13,6.505784060128229,12,1,6.343880434126331,7
2508.11630,2025-08-18,13,6.38856140554563,12,1,6.343880434126331,81
2508.09834,2025-08-19,19,6.336825731146441,18,0,6.068425588244111,53
2508.10419,2025-08-19,19,6.297109319933935,18,0,6.068425588244111,75
2508.11252,2025-08-19,19,6.421622267806518,18,0,6.396929655216146,3
2508.11379,2025-08-19,19,6.406879986069314,18,0,6.406879986069314,12
2508.11383,2025-08-19,19,6.359573868672378,18,0,6.068425588244111,40
2508.11598,2025-08-19,19,6.396929655216146,18,0,6.068425588244111,18
2508.11737,2025-08-19,19,6.218600119691729,18,0,5.799092654460526,116
2508.12466,2025-08-19,19,6.411818267709897,18,0,6.410174881966167,9
2508.12730,2025-08-19,19,6.418364935936212,18,0,6.418364935936212,5
2508.12782,2025-08-19,19,6.385194398997726,18,0,6.385194398997726,25
2508.12790,2025-08-19,19,6.401917196727186,18,0,6.396929655216146,15
2508.12811,2025-08-19,19,6.343880434126331,18,0,5.799092654460526,49
2508.12880,2025-08-19,19,6.345636360828596,18,0,6.326149473155099,48
2508.12945,2025-08-19,19,6.403574197934815,18,0,6.403574197934815,14
2508.13009,2025-08-19,19,6.3835066348840055,18,0,5.799092654460526,26
2508.13104,2025-08-19,19,6.408528791059498,18,0,6.326149473155099,11
2508.13142,2025-08-19,19,6.368187186350492,18,0,5.799092654460526,35
2508.13154,2025-08-19,19,6.320768294250582,18,0,5.799092654460526,62
2508.13968,2025-08-19,19,6.424869023905388,18,0,6.410174881966167,1
2508.04038,2025-08-20,28,6.139884552226255,27,0,6.111467339502679,1
2508.04324,2025-08-20,28,6.118097198041348,27,0,6.113682179832232,11
2508.04326,2025-08-20,28,6.137727054086234,27,0,6.113682179832232,2
2508.06905,2025-08-20,28,6.095824562432225,27,0,5.953243334287785,21
2508.08777,2025-08-20,28,6.1092475827643655,27,0,6.030685260261263,15
2508.09131,2025-08-20,28,6.104793232414985,27,0,6.104793232414985,17
2508.09789,2025-08-20,28,6.131226489483141,27,0,6.07993319509559,5
2508.10478,2025-08-20,28,6.131226489483141,27,0,6.030685260261263,5
2508.10830,2025-08-20,28,6.1070228877422545,27,0,6.07993319509559,16
2508.11032,2025-08-20,28,6.137727054086234,27,0,6.137727054086234,2
2508.11386,2025-08-20,28,6.131226489483141,27,0,6.131226489483141,5
2508.11548,2025-08-20,28,6.131226489483141,27,0,6.124683390894205,5
2508.12040,2025-08-20,28,6.111467339502679,27,0,6.030685260261263,14
2508.12535,2025-08-20,28,6.137727054086234,27,0,6.137727054086234,2
2508.12669,2025-08-20,28,6.111467339502679,27,0,6.111467339502679,14
2508.12800,2025-08-20,28,6.129050210060545,27,0,6.111467339502679,6
2508.12845,2025-08-20,28,6.126869184114185,27,0,6.111467339502679,7
2508.12903,2025-08-20,28,6.118097198041348,27,0,6.118097198041348,11
2508.13139,2025-08-20,28,6.133398042996649,27,0,6.129050210060545,4
2508.13167,2025-08-20,28,5.817111159963204,27,0,5.817111159963204,129
2508.13186,2025-08-20,28,6.09807428216624,27,0,6.09807428216624,20
2508.13320,2025-08-20,28,6.137727054086234,27,0,6.129050210060545,2
2508.13632,2025-08-20,28,6.1092475827643655,27,0,6.030685260261263,15
2508.13804,2025-08-20,28,6.135564891081739,27,0,6.124683390894205,3
2508.13948,2025-08-20,28,6.0330862217988015,27,0,6.0330862217988015,48
2508.13992,2025-08-20,28,6.126869184114185,27,0,6.07993319509559,7
2508.13998,2025-08-20,28,6.102558594613569,27,0,6.102558594613569,18
2508.14041,2025-08-20,28,6.0063531596017325,27,0,5.953243334287785,59
2508.10137,2025-08-21,19,6.29156913955832,18,0,6.091309882077698,2
2508.11408,2025-08-21,19,6.280395838960195,18,0,6.091309882077698,8
2508.11987,2025-08-21,19,6.150602768446279,18,0,6.150602768446279,73
2508.12594,2025-08-21,19,6.282266746896006,18,0,6.282266746896006,7
2508.13421,2025-08-21,19,6.278521424165844,18,0,6.278521424165844,9
2508.13491,2025-08-21,19,6.180016653652572,18,0,6.180016653652572,59
2508.13680,2025-08-21,19,6.285998094508865,18,0,6.104793232414985,5
2508.13745,2025-08-21,19,6.293419278846481,18,0,6.282266746896006,1
2508.14111,2025-08-21,19,6.2324480165505225,18,0,6.2324480165505225,33
2508.14160,2025-08-21,19,6.257667587882639,18,0,6.104793232414985,20
2508.14187,2025-08-21,19,6.2878585601617845,18,0,6.282266746896006,4
2508.14444,2025-08-21,19,6.19644412779452,18,0,6.19644412779452,51
2508.14460,2025-08-21,19,6.1224928095143865,18,0,6.091309882077698,86
2508.14568,2025-08-21,19,6.29156913955832,18,0,6.282266746896006,2
2508.14704,2025-08-21,19,6.212606095751519,18,0,6.212606095751519,43
2508.14811,2025-08-21,19,6.214608098422191,18,0,6.1675164908883415,42
2508.14879,2025-08-21,19,6.159095388491933,18,0,6.104793232414985,69
2508.14896,2025-08-21,19,6.251903883165888,18,0,6.1675164908883415,23
2508.15754,2025-08-21,19,6.2878585601617845,18,0,6.091309882077698,4
2508.09998,2025-08-22,16,6.456769655572163,15,1,6.456769655572163,11
2508.14892,2025-08-22,16,6.459904454377535,15,1,6.432940092739179,9
2508.15126,2025-08-22,16,6.4425401664681985,15,1,6.331501849893691,20
2508.15144,2025-08-22,16,6.366470447731438,15,1,6.331501849893691,66
2508.15202,2025-08-22,16,6.466144724237619,15,1,6.22455842927536,5
2508.15260,2025-08-22,16,6.322565239927284,15,1,6.22455842927536,91
2508.15361,2025-08-22,16,6.444131256700441,15,1,6.444131256700441,19
2508.15418,2025-08-22,16,6.461468176353717,15,1,6.461468176353717,8
2508.15641,2025-08-22,16,6.467698726104354,15,1,6.452048954437226,4
2508.15752,2025-08-22,16,6.461468176353717,15,1,6.398594934535208,8
2508.15760,2025-08-22,16,6.398594934535208,15,1,6.22455842927536,47
2508.15761,2025-08-22,16,6.411818267709897,15,1,6.398594934535208,39
2508.15763,2025-08-22,16,5.924255797414532,15,0,5.924255797414532,274
2508.15767,2025-08-22,16,6.447305862541213,15,1,6.432940092739179,17
2508.15769,2025-08-22,16,6.444131256700441,15,1,6.444131256700441,19
2508.15772,2025-08-22,16,6.45833828334479,15,1,6.452048954437226,10
2508.07877,2025-08-25,18,6.222576268071369,17,0,6.220590170099739,13
2508.08240,2025-08-25,18,6.156978985585555,17,0,6.137727054086234,45
2508.10390,2025-08-25,18,6.246106765481563,17,0,6.246106765481563,1
2508.13013,2025-08-25,18,6.206575926724928,17,0,6.206575926724928,21
2508.13562,2025-08-25,18,6.238324625039508,17,0,6.186208623900494,5
2508.13650,2025-08-25,18,6.2166061010848646,17,0,6.186208623900494,16
2508.13797,2025-08-25,18,6.234410725718371,17,0,6.218600119691729,7
2508.14029,2025-08-25,18,5.986452005284438,17,0,5.986452005284438,119
2508.14037,2025-08-25,18,6.2324480165505225,17,0,6.218600119691729,8
2508.15746,2025-08-25,18,6.220590170099739,17,0,6.220590170099739,14
2508.15868,2025-08-25,18,6.2422232654551655,17,0,6.206575926724928,3
2508.15881,2025-08-25,18,6.2285110035911835,17,0,6.186208623900494,10
2508.16072,2025-08-25,18,6.240275845170769,17,0,6.206575926724928,4
2508.16153,2025-08-25,18,5.872117789475416,17,0,5.872117789475416,162
2508.16279,2025-08-25,18,6.115892125483034,17,0,6.115892125483034,64
2508.16292,2025-08-25,18,6.230481447578482,17,0,6.137727054086234,9
2508.16359,2025-08-25,18,6.246106765481563,17,0,6.220590170099739,1
2508.16402,2025-08-25,18,6.220590170099739,17,0,6.206575926724928,14
2508.16577,2025-08-26,23,6.297109319933935,22,1,6.257667587882639,38
2508.16745,2025-08-26,23,6.313548046277095,22,1,6.285998094508865,29
2508.16790,2025-08-26,23,6.3473892096560105,22,1,6.257667587882639,10
2508.16838,2025-08-26,23,6.363028103540465,22,1,6.363028103540465,1
2508.16949,2025-08-26,23,6.322565239927284,22,1,6.263398262591624,24
2508.17061,2025-08-26,23,6.363028103540465,22,1,6.363028103540465,1
2508.17188,2025-08-26,23,6.335054251498059,22,1,6.313548046277095,17
2508.17290,2025-08-26,23,6.35088571671474,22,1,6.313548046277095,8
2508.17298,2025-08-26,23,6.3578422665081,22,1,6.313548046277095,4
2508.17326,2025-08-26,23,6.363028103540465,22,1,6.257667587882639,1
2508.17472,2025-08-26,23,6.318968113746434,22,1,5.579729825986222,26
2508.17580,2025-08-26,23,6.338594078203183,22,1,6.285998094508865,15
2508.17811,2025-08-26,23,6.352629396319567,22,1,6.257667587882639,7
2508.17821,2025-08-26,23,6.352629396319567,22,1,6.342121418721152,7
2508.17973,2025-08-26,23,6.363028103540465,22,1,6.363028103540465,1
2508.18032,2025-08-26,23,6.29156913955832,22,1,5.579729825986222,41
2508.18076,2025-08-26,23,6.354370040797351,22,1,6.342121418721152,6
2508.18159,2025-08-26,23,6.359573868672378,22,1,6.257667587882639,3
2508.18190,2025-08-26,23,6.352629396319567,22,1,6.352629396319567,7
2508.18255,2025-08-26,23,6.269096283706261,22,1,6.269096283706261,53
2508.18264,2025-08-26,23,6.320768294250582,22,1,5.579729825986222,25
2508.18265,2025-08-26,23,5.877735781779639,22,0,5.579729825986222,224
2508.19201,2025-08-26,23,6.3080984415095305,22,1,6.263398262591624,32
2508.15213,2025-08-27,27,6.507277712385012,26,0,6.507277712385012,8
2508.15774,2025-08-27,27,6.489204931325317,26,0,6.320768294250582,20
2508.15804,2025-08-27,27,6.4967749901858625,26,0,6.489204931325317,15
2508.16697,2025-08-27,27,6.51471269087253,26,0,6.306275286948016,3
2508.17234,2025-08-27,27,6.519147287940395,26,0,6.519147287940395,0
2508.17437,2025-08-27,27,6.46302945692067,26,0,6.320768294250582,37
2508.17445,2025-08-27,27,6.393590753950631,26,0,6.306275286948016,80
2508.17621,2025-08-27,27,6.516193076042964,26,0,6.516193076042964,2
2508.17661,2025-08-27,27,6.470799503782602,26,0,6.470799503782602,32
2508.18124,2025-08-27,27,6.444131256700441,26,0,6.385194398997726,49
2508.18192,2025-08-27,27,6.51471269087253,26,0,6.444131256700441,3
2508.18271,2025-08-27,27,6.505784060128229,26,0,6.505784060128229,9
2508.18370,2025-08-27,27,6.51471269087253,26,0,6.489204931325317,3
2508.18579,2025-08-27,27,6.498282149476434,26,0,6.306275286948016,14
2508.18621,2025-08-27,27,6.486160788944089,26,0,6.320768294250582,22
2508.18672,2025-08-27,27,6.504288173536645,26,0,6.306275286948016,10
2508.18756,2025-08-27,27,6.464588303689961,26,0,6.385194398997726,36
2508.18773,2025-08-27,27,6.495265555937008,26,0,6.306275286948016,16
2508.18921,2025-08-27,27,6.519147287940395,26,0,6.505784060128229,0
2508.19026,2025-08-27,27,6.508769136971682,26,0,6.444131256700441,7
2508.19188,2025-08-27,27,6.493753839851686,26,0,6.444131256700441,17
2508.19202,2025-08-27,27,6.508769136971682,26,0,6.306275286948016,7
2508.19205,2025-08-27,27,6.2285110035911835,26,0,6.2285110035911835,171
2508.19209,2025-08-27,27,6.455198563340122,26,0,6.444131256700441,42
2508.19242,2025-08-27,27,6.47543271670409,26,0,6.444131256700441,29
2508.19247,2025-08-27,27,6.453624998892692,26,0,6.320768294250582,43
2508.19500,2025-08-27,27,6.516193076042964,26,0,6.489204931325317,2
2508.15882,2025-08-28,17,5.91350300563827,16,0,5.91350300563827,89
2508.16067,2025-08-28,17,6.124683390894205,16,0,6.093569770045136,2
2508.17924,2025-08-28,17,6.09807428216624,16,0,6.093569770045136,14
2508.18179,2025-08-28,17,6.1092475827643655,16,0,6.016157159698354,9
2508.19228,2025-08-28,17,6.077642243349034,16,0,6.077642243349034,23
2508.19229,2025-08-28,17,6.0844994130751715,16,0,6.061456918928017,20
2508.19320,2025-08-28,17,6.063785208687608,16,0,6.016157159698354,29
2508.19493,2025-08-28,17,6.104793232414985,16,0,6.016157159698354,11
2508.19527,2025-08-28,17,6.1070228877422545,16,0,6.061456918928017,10
2508.19559,2025-08-28,17,6.115892125483034,16,0,6.115892125483034,6
2508.19652,2025-08-28,17,5.924255797414532,16,0,5.648974238161206,85
2508.19827,2025-08-28,17,6.054439346269371,16,0,6.054439346269371,33
2508.19982,2025-08-28,17,6.068425588244111,16,0,6.068425588244111,27
2508.20033,2025-08-28,17,6.1070228877422545,16,0,6.1070228877422545,10
2508.20072,2025-08-28,17,6.056784013228625,16,0,5.648974238161206,32
2508.20088,2025-08-28,17,6.082218910376446,16,0,5.648974238161206,21
2508.20096,2025-08-28,17,6.045005314036012,16,0,5.648974238161206,37
2508.15228,2025-08-29,19,6.269096283706261,18,0,6.2422232654551655,4
2508.17450,2025-08-29,19,6.259581464064923,18,0,6.259581464064923,9
2508.17502,2025-08-29,19,6.274762021241939,18,0,6.274762021241939,1
2508.18633,2025-08-29,19,6.261491684321042,18,0,6.2422232654551655,8
2508.18966,2025-08-29,19,6.16541785423142,18,0,5.955837369464831,56
2508.20374,2025-08-29,19,6.236369590203704,18,0,6.156978985585555,21
2508.20404,2025-08-29,19,6.20050917404269,18,0,6.156978985585555,39
2508.20453,2025-08-29,19,6.150602768446279,18,0,5.860786223465865,63
2508.20722,2025-08-29,19,6.025865973825314,18,0,5.860786223465865,118
2508.20751,2025-08-29,19,6.091309882077698,18,0,5.955837369464831,90
2508.20755,2025-08-29,19,6.255750041753367,18,0,6.255750041753367,11
2508.20766,2025-08-29,19,6.249975242259483,18,0,6.249975242259483,14
2508.21046,2025-08-29,19,6.259581464064923,18,0,6.2324480165505225,9
2508.21052,2025-08-29,19,6.261491684321042,18,0,6.261491684321042,8
2508.21058,2025-08-29,19,6.208590026096629,18,0,6.208590026096629,35
2508.21060,2025-08-29,19,6.2324480165505225,18,0,6.2324480165505225,23
2508.21061,2025-08-29,19,6.272877006546167,18,0,6.272877006546167,2
2508.21066,2025-08-29,19,6.249975242259483,18,0,6.2324480165505225,14
2508.21070,2025-08-29,19,6.26530121273771,18,0,6.2422232654551655,6
2508.13618,2025-09-01,19,6.771935555839602,18,1,6.637258031284457,19
2508.14197,2025-09-01,19,6.784457062637643,18,1,6.695798917058491,8
2508.17008,2025-09-01,19,6.79346613258001,18,1,6.7912214627261855,0
2508.17380,2025-09-01,19,6.785587645007929,18,1,6.57507584059962,7
2508.17677,2025-09-01,19,6.777646593635117,18,1,6.777646593635117,14
2508.18106,2025-09-01,19,6.295266001439646,18,0,6.295266001439646,350
2508.19600,2025-09-01,19,6.792344427470809,18,1,6.792344427470809,1
2508.20085,2025-09-01,19,6.792344427470809,18,1,6.78332520060396,1
2508.20470,2025-09-01,19,6.705639094860003,18,1,6.695798917058491,75
2508.21112,2025-09-01,19,6.70196036600254,18,1,6.70196036600254,78
2508.21113,2025-09-01,19,6.661854740545311,18,1,6.637258031284457,110
2508.21148,2025-09-01,19,6.620073206530356,18,1,6.57507584059962,142
2508.21172,2025-09-01,19,6.7912214627261855,18,1,6.7912214627261855,2
2508.21188,2025-09-01,19,6.784457062637643,18,1,6.78332520060396,8
2508.21290,2025-09-01,19,6.769641976852503,18,1,6.769641976852503,21
2508.21365,2025-09-01,19,6.760414691083428,18,1,6.760414691083428,29
2508.21376,2025-09-01,19,6.78332520060396,18,1,6.57507584059962,9
2508.21456,2025-09-01,19,6.787844982309579,18,1,6.57507584059962,5
2508.21767,2025-09-01,19,6.779921907472252,18,1,6.57507584059962,12
2508.17198,2025-09-02,7,4.653960350157523,6,0,4.653960350157523,10
2508.17378,2025-09-02,7,4.672828834461906,6,0,4.672828834461906,8
2508.19060,2025-09-02,7,4.634728988229636,6,0,4.634728988229636,12
2508.19562,2025-09-02,7,4.718498871295094,6,0,4.564348191467836,3
2508.19813,2025-09-02,7,4.465908118654584,6,0,4.465908118654584,28
2508.20931,2025-09-02,7,4.59511985013459,6,0,4.564348191467836,16
2508.21104,2025-09-02,7,4.356708826689592,6,0,4.356708826689592,37
2508.20586,2025-09-03,39,7.160069207596127,38,1,7.132497551660044,4
2508.21038,2025-09-03,39,7.146772179452637,38,1,7.146772179452637,21
2508.21334,2025-09-03,39,7.160845906664299,38,1,7.144407180321139,3
2508.21496,2025-09-03,39,7.119635638017636,38,1,7.042286171939743,55
2509.00244,2025-09-03,39,7.152268856032539,38,1,7.132497551660044,14
2509.00404,2025-09-03,39,7.157735484249907,38,1,7.157735484249907,7
2509.00425,2025-09-03,39,7.153833801578843,38,1,7.145196134997171,12
2509.00531,2025-09-03,39,7.1569563646156364,38,1,7.046647277848756,8
2509.00578,2025-09-03,39,7.161622002939187,38,1,7.132497551660044,2
2509.00581,2025-09-03,39,7.154615356913663,38,1,7.145196134997171,11
2509.00605,2025-09-03,39,7.129297548929373,38,1,6.9957661563048505,43
2509.00676,2025-09-03,39,7.095064377287131,38,1,7.046647277848756,85
2509.01052,2025-09-03,39,7.1459844677143876,38,1,6.71174039505618,22
2509.01055,2025-09-03,39,7.098375638590786,38,1,6.71174039505618,81
2509.01215,2025-09-03,39,7.122059881629142,38,1,7.042286171939743,52
2509.01250,2025-09-03,39,7.161622002939187,38,1,7.153833801578843,2
2509.01360,2025-09-03,39,7.153833801578843,38,1,7.046647277848756,12
2509.01363,2025-09-03,39,7.113956109566034,38,1,6.9957661563048505,62
2509.01440,2025-09-03,39,7.143617602704121,38,1,7.132497551660044,25
2509.01563,2025-09-03,39,7.1316985104669115,38,1,7.042286171939743,40
2509.01584,2025-09-03,39,7.1569563646156364,38,1,7.153833801578843,8
2509.01610,2025-09-03,39,7.160845906664299,38,1,7.046647277848756,3
2509.01644,2025-09-03,39,7.136483208590247,38,1,7.046647277848756,34
2509.01790,2025-09-03,39,7.157735484249907,38,1,7.144407180321139,7
2509.01984,2025-09-03,39,7.157735484249907,38,1,7.132497551660044,7
2509.02040,2025-09-03,39,7.151485463904735,38,1,7.151485463904735,15
2509.02046,2025-09-03,39,7.152268856032539,38,1,7.144407180321139,14
2509.02133,2025-09-03,39,7.1592919047975645,38,1,7.1592919047975645,5
2509.02208,2025-09-03,39,7.129297548929373,38,1,7.04141166379481,43
2509.02333,2025-09-03,39,7.1459844677143876,38,1,6.9957661563048505,22
2509.02379,2025-09-03,39,7.161622002939187,38,1,7.153833801578843,2
2509.02460,2025-09-03,39,7.142827401161621,38,1,7.132497551660044,26
2509.02479,2025-09-03,39,7.095893221097532,38,1,7.04141166379481,84
2509.02522,2025-09-03,39,7.142827401161621,38,1,6.9957661563048505,26
2509.02523,2025-09-03,39,7.146772179452637,38,1,6.9957661563048505,21
2509.02534,2025-09-03,39,7.143617602704121,38,1,6.9957661563048505,25
2509.02544,2025-09-03,39,7.0587581525186645,38,1,6.71174039505618,128
2509.02547,2025-09-03,39,6.959398512133975,38,0,6.71174039505618,238
2509.02563,2025-09-03,39,7.146772179452637,38,1,7.04141166379481,21
2509.00375,2025-09-04,9,5.153291594497779,8,0,5.003946305945459,73
2509.00428,2025-09-04,9,5.424950017481403,8,0,5.424950017481403,19
2509.00930,2025-09-04,9,5.484796933490655,8,0,5.484796933490655,5
2509.01106,2025-09-04,9,5.262690188904886,8,0,5.1298987149230735,53
2509.01977,2025-09-04,9,5.4510384535657,8,0,5.4510384535657,13
2509.02530,2025-09-04,9,5.459585514144159,8,0,5.459585514144159,11
2509.02722,2025-09-04,9,5.402677381872279,8,0,5.1298987149230735,24
2509.03403,2025-09-04,9,5.407171771460119,8,0,5.407171771460119,23
2509.03405,2025-09-04,9,5.402677381872279,8,0,5.003946305945459,24
2508.18733,2025-09-05,14,6.45833828334479,13,1,6.447305862541213,10
2508.20478,2025-09-05,14,6.4457198193855785,13,1,6.4457198193855785,18
2509.01396,2025-09-05,14,6.380122536899765,13,1,6.380122536899765,58
2509.03059,2025-09-05,14,6.434546518787453,13,1,6.249975242259483,25
2509.03867,2025-09-05,14,6.075346031088684,13,0,5.932245187448011,213
2509.03888,2025-09-05,14,6.467698726104354,13,1,6.467698726104354,4
2509.04011,2025-09-05,14,6.428105272684596,13,1,6.428105272684596,29
2509.04292,2025-09-05,14,6.380122536899765,13,1,5.932245187448011,58
2509.04338,2025-09-05,14,6.313548046277095,13,1,6.269096283706261,96
2509.04394,2025-09-05,14,6.428105272684596,13,1,6.249975242259483,29
2509.04406,2025-09-05,14,6.453624998892692,13,1,6.269096283706261,13
2509.04419,2025-09-05,14,6.349138991379798,13,1,6.249975242259483,76
2509.04434,2025-09-05,14,6.456769655572163,13,1,6.269096283706261,11
2509.04442,2025-09-05,14,6.46302945692067,13,1,6.447305862541213,7
2509.02437,2025-09-08,12,5.916202062607435,11,1,5.916202062607435,6
2509.03680,2025-09-08,12,5.8805329864007,11,1,5.8805329864007,19
2509.03800,2025-09-08,12,5.921578419643816,11,1,5.857933154483459,4
2509.04013,2025-09-08,12,5.921578419643816,11,1,5.921578419643816,4
2509.04185,2025-09-08,12,5.777652323222656,11,1,5.777652323222656,54
2509.04504,2025-09-08,12,5.916202062607435,11,1,5.916202062607435,6
2509.04575,2025-09-08,12,5.916202062607435,11,1,5.916202062607435,6
2509.04664,2025-09-08,12,5.181783550292085,11,0,5.181783550292085,199
2509.04744,2025-09-08,12,5.8998973535824915,11,1,5.857933154483459,12
2509.05208,2025-09-08,12,5.799092654460526,11,1,5.799092654460526,47
2509.05263,2025-09-08,12,5.902633333401366,11,1,5.857933154483459,11
2509.05296,2025-09-08,12,5.910796644040527,11,1,5.910796644040527,8
2509.00328,2025-09-09,25,6.418364935936212,24,0,6.418364935936212,3
2509.01656,2025-09-09,25,6.369900982828227,24,0,6.263398262591624,32
2509.02108,2025-09-09,25,6.380122536899765,24,0,6.380122536899765,26
2509.03516,2025-09-09,25,6.403574197934815,24,0,6.380122536899765,12
2509.03740,2025-09-09,25,6.418364935936212,24,0,6.396929655216146,3
2509.04582,2025-09-09,25,6.410174881966167,24,0,6.396929655216146,8
2509.05668,2025-09-09,25,6.410174881966167,24,0,6.410174881966167,8
2509.06155,2025-09-09,25,6.400257445308821,24,0,6.380122536899765,14
2509.06160,2025-09-09,25,6.142037405587356,24,0,6.0867747269123065,151
2509.06283,2025-09-09,25,6.395261598115449,24,0,6.259581464064923,17
2509.06285,2025-09-09,25,6.419994928147142,24,0,6.396929655216146,2
2509.06461,2025-09-09,25,6.39024066706535,24,0,6.263398262591624,20
2509.06467,2025-09-09,25,6.3578422665081,24,0,6.263398262591624,39
2509.06477,2025-09-09,25,6.418364935936212,24,0,6.396929655216146,3
2509.06493,2025-09-09,25,6.401917196727186,24,0,6.396929655216146,13
2509.06501,2025-09-09,25,6.280395838960195,24,0,6.1675164908883415,82
2509.06631,2025-09-09,25,6.403574197934815,24,0,6.403574197934815,12
2509.06733,2025-09-09,25,6.369900982828227,24,0,6.259581464064923,32
2509.06771,2025-09-09,25,6.413458957167357,24,0,6.413458957167357,6
2509.06786,2025-09-09,25,6.418364935936212,24,0,6.396929655216146,3
2509.06809,2025-09-09,25,6.418364935936212,24,0,6.418364935936212,3
2509.06861,2025-09-09,25,6.408528791059498,24,0,6.0867747269123065,9
2509.06917,2025-09-09,25,6.349138991379798,24,0,6.259581464064923,44
2509.06945,2025-09-09,25,6.396929655216146,24,0,6.0867747269123065,16
2509.06949,2025-09-09,25,6.326149473155099,24,0,6.1675164908883415,57
2509.01624,2025-09-10,18,7.084226422097916,17,1,7.059617628291383,7
2509.03646,2025-09-10,18,7.062191632286556,17,1,7.045776576879511,33
2509.06818,2025-09-10,18,7.065613363597717,17,1,7.059617628291383,29
2509.06830,2025-09-10,18,7.072421900537371,17,1,7.072421900537371,21
2509.06923,2025-09-10,18,7.071573364211532,17,1,6.240275845170769,22
2509.06938,2025-09-10,18,7.085064293952548,17,1,7.07326971745971,6
2509.06942,2025-09-10,18,7.074116816197362,17,1,7.045776576879511,19
2509.06951,2025-09-10,18,7.062191632286556,17,1,7.062191632286556,33
2509.07253,2025-09-10,18,7.087573705557973,17,1,7.087573705557973,3
2509.07295,2025-09-10,18,7.05617528410041,17,1,6.92461239604856,40
2509.07301,2025-09-10,18,7.072421900537371,17,1,7.072421900537371,21
2509.07414,2025-09-10,18,7.063903961472068,17,1,6.963189985870238,31
2509.07558,2025-09-10,18,7.084226422097916,17,1,6.963189985870238,7
2509.07968,2025-09-10,18,7.078341579557671,17,1,7.07326971745971,14
2509.07969,2025-09-10,18,7.039660349862076,17,1,6.92461239604856,59
2509.07979,2025-09-10,18,7.017506142941256,17,1,6.92461239604856,84
2509.07980,2025-09-10,18,6.9985096422506015,17,1,6.963189985870238,105
2509.08721,2025-09-10,18,6.282266746896006,17,0,6.240275845170769,665
2509.05209,2025-09-11,12,6.186208623900494,11,1,6.148468295917647,15
2509.06784,2025-09-11,12,6.163314804034641,11,1,5.8377304471659395,26
2509.06870,2025-09-11,12,6.186208623900494,11,1,6.148468295917647,15
2509.07054,2025-09-11,12,6.194405391104672,11,1,6.194405391104672,11
2509.07996,2025-09-11,12,6.091309882077698,11,1,5.8377304471659395,59
2509.08088,2025-09-11,12,6.20050917404269,11,1,6.20050917404269,8
2509.08358,2025-09-11,12,6.1903154058531475,11,1,6.1903154058531475,13
2509.08494,2025-09-11,12,6.210600077024653,11,1,6.148468295917647,3
2509.08755,2025-09-11,12,6.09807428216624,11,1,6.09807428216624,56
2509.08826,2025-09-11,12,6.059123195581797,11,1,5.8377304471659395,73
2509.08827,2025-09-11,12,5.730099782973574,11,0,5.634789603169249,193
2509.09675,2025-09-11,12,6.159095388491933,11,1,5.634789603169249,28
2509.01964,2025-09-12,25,6.804614520062624,24,1,6.804614520062624,7
2509.05739,2025-09-12,25,6.810142450115136,24,1,6.709304340258298,2
2509.06266,2025-09-12,25,6.799055862058796,24,1,6.726233402358747,12
2509.06806,2025-09-12,25,6.740519359606223,24,1,6.664409020350408,63
2509.06888,2025-09-12,25,6.795705775173514,24,1,6.795705775173514,15
2509.07225,2025-09-12,25,6.806829360392176,24,1,6.709304340258298,5
2509.07430,2025-09-12,25,6.80903930604298,24,1,6.709304340258298,3
2509.08031,2025-09-12,25,6.78897174299217,24,1,6.709304340258298,21
2509.08519,2025-09-12,25,6.658011045870748,24,1,6.495265555937008,130
2509.09114,2025-09-12,25,6.810142450115136,24,1,6.726233402358747,2
2509.09118,2025-09-12,25,6.803505257608338,24,1,6.726233402358747,8
2509.09174,2025-09-12,25,6.741700694652055,24,1,6.664409020350408,62
2509.09254,2025-09-12,25,6.805722553416985,24,1,6.726233402358747,6
2509.09265,2025-09-12,25,6.759255270663693,24,1,6.709304340258298,47
2509.09286,2025-09-12,25,6.8001700683022,24,1,6.709304340258298,11
2509.09313,2025-09-12,25,6.810142450115136,24,1,6.810142450115136,2
2509.09332,2025-09-12,25,6.80903930604298,24,1,6.726233402358747,3
2509.09372,2025-09-12,25,6.481577129276431,24,0,6.349138991379798,256
2509.09594,2025-09-12,25,6.807934943699926,24,1,6.807934943699926,4
2509.09595,2025-09-12,25,6.7580945044277305,24,1,6.495265555937008,48
2509.09614,2025-09-12,25,6.804614520062624,24,1,6.804614520062624,7
2509.09666,2025-09-12,25,6.774223886357614,24,1,6.495265555937008,34
2509.09674,2025-09-12,25,6.71901315438526,24,1,6.349138991379798,81
2509.09676,2025-09-12,25,6.773080375655535,24,1,6.495265555937008,35
2509.09680,2025-09-12,25,6.762729506931879,24,1,6.726233402358747,44
2509.01535,2025-09-15,21,5.808142489980444,20,0,5.648974238161206,5
2509.04500,2025-09-15,21,5.808142489980444,20,0,5.648974238161206,5
2509.04996,2025-09-15,21,5.777652323222656,20,0,5.739792912179234,15
2509.06652,2025-09-15,21,5.7430031878094825,20,0,5.659482215759621,26
2509.07966,2025-09-15,21,5.808142489980444,20,0,5.739792912179234,5
2509.08270,2025-09-15,21,5.755742213586912,20,0,5.739792912179234,22
2509.08643,2025-09-15,21,5.736572297479192,20,0,5.736572297479192,28
2509.08825,2025-09-15,21,5.814130531825066,20,0,5.648974238161206,3
2509.09524,2025-09-15,21,5.811140992976701,20,0,5.648974238161206,4
2509.09677,2025-09-15,21,5.707110264748875,20,0,5.648974238161206,37
2509.09713,2025-09-15,21,5.746203190540153,20,0,5.659482215759621,25
2509.09716,2025-09-15,21,5.786897381366708,20,0,5.786897381366708,12
2509.09734,2025-09-15,21,5.7745515455444085,20,0,5.723585101952381,16
2509.09737,2025-09-15,21,5.780743515792329,20,0,5.736572297479192,14
2509.09926,2025-09-15,21,5.780743515792329,20,0,5.736572297479192,14
2509.09990,2025-09-15,21,5.814130531825066,20,0,5.814130531825066,3
2509.09995,2025-09-15,21,5.7745515455444085,20,0,5.723585101952381,16
2509.10058,2025-09-15,21,5.786897381366708,20,0,5.739792912179234,12
2509.10147,2025-09-15,21,5.739792912179234,20,0,5.739792912179234,27
2509.10396,2025-09-15,21,5.771441123130016,20,0,5.771441123130016,17
2509.10441,2025-09-15,21,5.726847747587197,20,0,5.726847747587197,31
2509.07403,2025-09-16,20,5.805134968916488,19,0,5.805134968916488,35
2509.09658,2025-09-16,20,5.886104031450156,19,0,5.5134287461649825,7
2509.09672,2025-09-16,20,5.869296913133774,19,0,5.869296913133774,13
2509.10708,2025-09-16,20,5.855071922202427,19,0,5.855071922202427,18
2509.10813,2025-09-16,20,5.817111159963204,19,0,5.755742213586912,31
2509.10844,2025-09-16,20,5.8971538676367405,19,0,5.8916442118257715,3
2509.10884,2025-09-16,20,5.8805329864007,19,0,5.814130531825066,9
2509.11362,2025-09-16,20,5.8916442118257715,19,0,5.5134287461649825,5
2509.11425,2025-09-16,20,5.8944028342648505,19,0,5.8944028342648505,4
2509.11444,2025-09-16,20,5.8944028342648505,19,0,5.811140992976701,4
2509.11452,2025-09-16,20,5.8664680569332965,19,0,5.814130531825066,14
2509.11492,2025-09-16,20,5.8998973535824915,19,0,5.8916442118257715,2
2509.11543,2025-09-16,20,5.75890177387728,19,0,5.75890177387728,50
2509.11648,2025-09-16,20,5.8998973535824915,19,0,5.814130531825066,2
2509.11866,2025-09-16,20,5.8998973535824915,19,0,5.8888779583328805,2
2509.11963,2025-09-16,20,5.8944028342648505,19,0,5.8888779583328805,4
2509.11986,2025-09-16,20,5.823045895483019,19,0,5.811140992976701,29
2509.12132,2025-09-16,20,5.886104031450156,19,0,5.814130531825066,7
2509.12201,2025-09-16,20,5.560681631015528,19,0,5.5134287461649825,107
2509.12203,2025-09-16,20,5.849324779946859,19,0,5.755742213586912,20
2509.06079,2025-09-17,21,6.519147287940395,20,0,6.490723534502507,6
2509.10687,2025-09-17,21,6.517671272912275,20,0,6.517671272912275,7
2509.10696,2025-09-17,21,6.52649485957079,20,0,6.52649485957079,1
2509.10706,2025-09-17,21,6.52649485957079,20,0,6.504288173536645,1
2509.11177,2025-09-17,21,6.523562306149512,20,0,6.523562306149512,3
2509.11481,2025-09-17,21,6.51471269087253,20,0,6.501289670540389,9
2509.11526,2025-09-17,21,6.525029657843462,20,0,6.504288173536645,2
2509.12341,2025-09-17,21,6.525029657843462,20,0,6.504288173536645,2
2509.12521,2025-09-17,21,6.520621127558696,20,0,6.490723534502507,5
2509.12541,2025-09-17,21,6.511745329644728,20,0,6.504288173536645,11
2509.12603,2025-09-17,21,6.51471269087253,20,0,6.501289670540389,9
2509.12815,2025-09-17,21,6.466144724237619,20,0,6.466144724237619,41
2509.13177,2025-09-17,21,6.523562306149512,20,0,6.523562306149512,3
2509.13232,2025-09-17,21,6.473890696352274,20,0,6.322565239927284,36
2509.13305,2025-09-17,21,6.385194398997726,20,0,6.322565239927284,91
2509.13309,2025-09-17,21,6.424869023905388,20,0,6.300785794663244,67
2509.13310,2025-09-17,21,6.340359303727752,20,0,5.942799375126701,117
2509.13311,2025-09-17,21,6.416732282512326,20,0,6.300785794663244,72
2509.13312,2025-09-17,21,6.359573868672378,20,0,5.942799375126701,106
2509.13313,2025-09-17,21,6.403574197934815,20,0,5.942799375126701,80
2509.13317,2025-09-17,21,6.507277712385012,20,0,6.490723534502507,14
2508.14880,2025-09-18,19,5.700443573390687,18,0,5.638354669333745,15
2509.11114,2025-09-18,19,5.739792912179234,18,0,5.739792912179234,3
2509.12474,2025-09-18,19,5.720311776607412,18,0,5.697093486505405,9
2509.12989,2025-09-18,19,5.655991810819852,18,0,5.389071729816501,28
2509.13353,2025-09-18,19,5.746203190540153,18,0,5.666426688112432,1
2509.13450,2025-09-18,19,5.726847747587197,18,0,5.666426688112432,7
2509.13523,2025-09-18,19,5.726847747587197,18,0,5.697093486505405,7
2509.13642,2025-09-18,19,5.720311776607412,18,0,5.68697535633982,9
2509.13683,2025-09-18,19,5.723585101952381,18,0,5.723585101952381,8
2509.13755,2025-09-18,19,5.68697535633982,18,0,5.68697535633982,19
2509.13761,2025-09-18,19,5.697093486505405,18,0,5.638354669333745,16
2509.14008,2025-09-18,19,5.4116460518550396,18,0,5.4116460518550396,90
2509.14026,2025-09-18,19,5.733341276897746,18,0,5.733341276897746,5
2509.14033,2025-09-18,19,5.5909869805108565,18,0,5.389071729816501,46
2509.14055,2025-09-18,19,5.6937321388027,18,0,5.666426688112432,17
2509.14142,2025-09-18,19,5.717027701406222,18,0,5.68697535633982,10
2509.14180,2025-09-18,19,5.749392985908253,18,0,5.749392985908253,0
2509.14232,2025-09-18,19,5.680172609017068,18,0,5.389071729816501,21
2509.14284,2025-09-18,19,5.7430031878094825,18,0,5.638354669333745,2
2509.06216,2025-09-19,20,6.295266001439646,19,0,6.236369590203704,8
2509.06482,2025-09-19,20,6.309918278226516,19,0,6.208590026096629,0
2509.09307,2025-09-19,20,6.298949246855942,19,0,6.150602768446279,6
2509.10397,2025-09-19,20,6.297109319933935,19,0,6.150602768446279,7
2509.10402,2025-09-19,20,6.298949246855942,19,0,6.29156913955832,6
2509.13160,2025-09-19,20,6.251903883165888,19,0,6.236369590203704,31
2509.13399,2025-09-19,20,6.300785794663244,19,0,6.150602768446279,5
2509.14233,2025-09-19,20,6.272877006546167,19,0,6.272877006546167,20
2509.14476,2025-09-19,20,6.240275845170769,19,0,6.150602768446279,37
2509.14638,2025-09-19,20,6.282266746896006,19,0,6.150602768446279,15
2509.14760,2025-09-19,20,6.208590026096629,19,0,6.208590026096629,53
2509.14977,2025-09-19,20,6.300785794663244,19,0,6.150602768446279,5
2509.15020,2025-09-19,20,6.302618975744905,19,0,6.29156913955832,4
2509.15130,2025-09-19,20,6.249975242259483,19,0,6.249975242259483,32
2509.15178,2025-09-19,20,6.298949246855942,19,0,6.150602768446279,6
2509.15185,2025-09-19,20,6.255750041753367,19,0,5.961005339623274,29
2509.15194,2025-09-19,20,6.248042874508429,19,0,5.986452005284438,33
2509.15207,2025-09-19,20,6.066108090103747,19,0,5.986452005284438,119
2509.15212,2025-09-19,20,6.269096283706261,19,0,5.961005339623274,22
2509.15221,2025-09-19,20,6.0844994130751715,19,0,5.961005339623274,111
2509.10452,2025-09-22,15,5.8377304471659395,14,0,5.8289456176102075,2
2509.13989,2025-09-22,15,5.834810737062605,14,0,5.8289456176102075,3
2509.14627,2025-09-22,15,5.840641657373398,14,0,5.598421958998375,1
2509.14981,2025-09-22,15,5.75890177387728,14,0,5.69035945432406,28
2509.15061,2025-09-22,15,5.8377304471659395,14,0,5.598421958998375,2
2509.15123,2025-09-22,15,5.8289456176102075,14,0,5.786897381366708,5
2509.15233,2025-09-22,15,5.8377304471659395,14,0,5.8377304471659395,2
2509.15496,2025-09-22,15,5.805134968916488,14,0,5.786897381366708,13
2509.15566,2025-09-22,15,5.802118375377063,14,0,5.598421958998375,14
2509.15591,2025-09-22,15,5.703782474656201,14,0,5.703782474656201,45
2509.15937,2025-09-22,15,5.783825182329737,14,0,5.783825182329737,20
2509.16127,2025-09-22,15,5.780743515792329,14,0,5.69035945432406,21
2509.16197,2025-09-22,15,5.659482215759621,14,0,5.598421958998375,58
2509.16198,2025-09-22,15,5.375278407684165,14,0,5.375278407684165,129
2509.16622,2025-09-22,15,5.840641657373398,14,0,5.786897381366708,1
2509.04441,2025-09-23,41,6.5337888379333435,40,0,6.5337888379333435,2
2509.09873,2025-09-23,41,6.5337888379333435,40,0,6.51025834052315,2
2509.14856,2025-09-23,41,6.5337888379333435,40,0,6.51025834052315,2
2509.15248,2025-09-23,41,6.525029657843462,40,0,6.504288173536645,8
2509.15709,2025-09-23,41,6.529418838262226,40,0,6.502790045915623,5
2509.16117,2025-09-23,41,6.502790045915623,40,0,6.490723534502507,23
2509.16195,2025-09-23,41,6.535241271013659,40,0,6.4457198193855785,1
2509.16415,2025-09-23,41,6.532334292222349,40,0,6.51471269087253,3
2509.16548,2025-09-23,41,6.536691597591305,40,0,6.517671272912275,0
2509.16591,2025-09-23,41,6.5337888379333435,40,0,6.502790045915623,2
2509.16596,2025-09-23,41,6.516193076042964,40,0,6.504288173536645,14
2509.16633,2025-09-23,41,6.5337888379333435,40,0,6.4457198193855785,2
2509.16941,2025-09-23,41,6.505784060128229,40,0,6.505784060128229,21
2509.17158,2025-09-23,41,6.483107351457199,40,0,6.309918278226516,36
2509.17177,2025-09-23,41,6.517671272912275,40,0,6.4457198193855785,13
2509.17191,2025-09-23,41,6.535241271013659,40,0,6.502790045915623,1
2509.17277,2025-09-23,41,6.535241271013659,40,0,6.502790045915623,1
2509.17336,2025-09-23,41,6.522092798170152,40,0,6.4457198193855785,10
2509.17396,2025-09-23,41,6.508769136971682,40,0,6.248042874508429,19
2509.17399,2025-09-23,41,6.5337888379333435,40,0,6.51025834052315,2
2509.17428,2025-09-23,41,6.523562306149512,40,0,6.51471269087253,9
2509.17437,2025-09-23,41,6.511745329644728,40,0,6.4457198193855785,17
2509.17567,2025-09-23,41,6.373319789577012,40,0,6.309918278226516,104
2509.17627,2025-09-23,41,6.436150368369428,40,0,6.391917113392602,66
2509.17641,2025-09-23,41,6.530877627725885,40,0,6.4457198193855785,4
2509.17671,2025-09-23,41,6.519147287940395,40,0,6.519147287940395,12
2509.17765,2025-09-23,41,6.284134161070802,40,0,6.248042874508429,154
2509.17786,2025-09-23,41,6.532334292222349,40,0,6.51471269087253,3
2509.17818,2025-09-23,41,6.525029657843462,40,0,6.490723534502507,8
2509.17938,2025-09-23,41,6.530877627725885,40,0,6.517671272912275,4
2509.17985,2025-09-23,41,6.498282149476434,40,0,6.498282149476434,26
2509.17998,2025-09-23,41,6.535241271013659,40,0,6.502790045915623,1
2509.18010,2025-09-23,41,6.52795791762255,40,0,6.52795791762255,6
2509.18053,2025-09-23,41,6.530877627725885,40,0,6.4457198193855785,4
2509.18056,2025-09-23,41,6.4967749901858625,40,0,6.391917113392602,27
2509.18058,2025-09-23,41,6.519147287940395,40,0,6.51025834052315,12
2509.18083,2025-09-23,41,6.529418838262226,40,0,6.517671272912275,5
2509.18084,2025-09-23,41,6.517671272912275,40,0,6.502790045915623,13
2509.18091,2025-09-23,41,6.486160788944089,40,0,6.486160788944089,34
2509.18094,2025-09-23,41,6.530877627725885,40,0,6.517671272912275,4
2509.18095,2025-09-23,41,6.523562306149512,40,0,6.4457198193855785,9
2509.13835,2025-09-24,24,6.373319789577012,23,0,6.373319789577012,8
2509.14635,2025-09-24,24,6.326149473155099,23,0,6.198478716492308,35
2509.16506,2025-09-24,24,6.3473892096560105,23,0,6.342121418721152,23
2509.17083,2025-09-24,24,6.373319789577012,23,0,6.311734809152915,8
2509.17321,2025-09-24,24,6.3818160174060985,23,0,6.368187186350492,3
2509.17349,2025-09-24,24,6.3818160174060985,23,0,6.342121418721152,3
2509.18030,2025-09-24,24,6.3818160174060985,23,0,6.3818160174060985,3
2509.18090,2025-09-24,24,6.3784261836515865,23,0,6.311734809152915,5
2509.18154,2025-09-24,24,6.2766434893416445,23,0,6.2766434893416445,62
2509.18174,2025-09-24,24,6.131226489483141,23,0,5.998936561946683,134
2509.18282,2025-09-24,24,6.3835066348840055,23,0,6.368187186350492,2
2509.18644,2025-09-24,24,6.298949246855942,23,0,6.298949246855942,50
2509.18824,2025-09-24,24,6.3473892096560105,23,0,6.311734809152915,23
2509.18849,2025-09-24,24,6.340359303727752,23,0,6.284134161070802,27
2509.18905,2025-09-24,24,6.333279628139691,23,0,6.284134161070802,31
2509.19002,2025-09-24,24,6.3818160174060985,23,0,6.368187186350492,3
2509.19087,2025-09-24,24,6.3835066348840055,23,0,6.368187186350492,2
2509.19170,2025-09-24,24,6.359573868672378,23,0,6.318968113746434,16
2509.19249,2025-09-24,24,6.267200548541362,23,0,6.198478716492308,67
2509.19274,2025-09-24,24,6.385194398997726,23,0,6.368187186350492,1
2509.19284,2025-09-24,24,6.3473892096560105,23,0,6.318968113746434,23
2509.19296,2025-09-24,24,6.331501849893691,23,0,5.998936561946683,32
2509.19297,2025-09-24,24,6.343880434126331,23,0,5.998936561946683,25
2509.19300,2025-09-24,24,6.375024819828097,23,0,6.311734809152915,7
2509.14745,2025-09-25,14,5.749392985908253,13,0,5.749392985908253,5
2509.16080,2025-09-25,14,5.755742213586912,13,0,5.755742213586912,3
2509.16990,2025-09-25,14,5.6937321388027,13,0,5.6937321388027,22
2509.18400,2025-09-25,14,5.749392985908253,13,0,5.749392985908253,5
2509.18480,2025-09-25,14,5.726847747587197,13,0,5.616771097666572,12
2509.19244,2025-09-25,14,5.726847747587197,13,0,5.676753802268282,12
2509.19580,2025-09-25,14,5.720311776607412,13,0,5.616771097666572,14
2509.19760,2025-09-25,14,5.736572297479192,13,0,5.736572297479192,9
2509.20317,2025-09-25,14,5.62040086571715,13,0,5.420534999272286,43
2509.20328,2025-09-25,14,5.384495062789089,13,0,5.384495062789089,101
2509.20354,2025-09-25,14,5.594711379601839,13,0,5.420534999272286,50
2509.20358,2025-09-25,14,5.717027701406222,13,0,5.676753802268282,15
2509.20360,2025-09-25,14,5.707110264748875,13,0,5.616771097666572,18
2509.21164,2025-09-25,14,5.736572297479192,13,0,5.736572297479192,9
2509.14662,2025-09-26,35,6.761572768804055,34,0,6.472346294500901,13
2509.18293,2025-09-26,35,6.774223886357614,34,0,6.717804695023691,2
2509.19228,2025-09-26,35,6.7650389767805414,34,0,6.741700694652055,10
2509.19282,2025-09-26,35,6.767343125265392,34,0,6.748759547491679,8
2509.19301,2025-09-26,35,6.75343791859778,34,0,6.75343791859778,20
2509.19676,2025-09-26,35,6.77078942390898,34,0,6.472346294500901,5
2509.19736,2025-09-26,35,6.762729506931879,34,0,6.754604099487962,12
2509.19803,2025-09-26,35,6.626717749249025,34,0,6.5998704992128365,122
2509.20109,2025-09-26,35,6.771935555839602,34,0,6.744059186311348,4
2509.20136,2025-09-26,35,6.767343125265392,34,0,6.744059186311348,8
2509.20186,2025-09-26,35,6.748759547491679,34,0,6.748759547491679,24
2509.20293,2025-09-26,35,6.767343125265392,34,0,6.717804695023691,8
2509.20394,2025-09-26,35,6.773080375655535,34,0,6.717804695023691,3
2509.20414,2025-09-26,35,6.7650389767805414,34,0,6.7650389767805414,10
2509.20427,2025-09-26,35,6.675823221634848,34,0,6.47543271670409,84
2509.20706,2025-09-26,35,6.773080375655535,34,0,6.773080375655535,3
2509.20712,2025-09-26,35,6.75343791859778,34,0,6.5998704992128365,20
2509.20868,2025-09-26,35,6.771935555839602,34,0,6.472346294500901,4
2509.20878,2025-09-26,35,6.771935555839602,34,0,6.771935555839602,4
2509.21042,2025-09-26,35,6.7650389767805414,34,0,6.7650389767805414,10
2509.21070,2025-09-26,35,6.7661917146603505,34,0,6.472346294500901,9
2509.21072,2025-09-26,35,6.7580945044277305,34,0,6.744059186311348,16
2509.21106,2025-09-26,35,6.767343125265392,34,0,6.748759547491679,8
2509.21113,2025-09-26,35,6.769641976852503,34,0,6.472346294500901,6
2509.21114,2025-09-26,35,6.7580945044277305,34,0,6.748759547491679,16
2509.21117,2025-09-26,35,6.741700694652055,34,0,6.741700694652055,30
2509.21138,2025-09-26,35,6.733401891837359,34,0,6.717804695023691,37
2509.21240,2025-09-26,35,6.665683717782408,34,0,6.472346294500901,92
2509.21245,2025-09-26,35,6.729824070489475,34,0,6.47543271670409,40
2509.21268,2025-09-26,35,6.650279048587422,34,0,6.47543271670409,104
2509.21278,2025-09-26,35,6.7580945044277305,34,0,6.748759547491679,16
2509.21302,2025-09-26,35,6.7661917146603505,34,0,6.741700694652055,9
2509.21317,2025-09-26,35,6.76849321164863,34,0,6.754604099487962,7
2509.21318,2025-09-26,35,6.763884908562435,34,0,6.741700694652055,11
2509.21320,2025-09-26,35,6.654152520183219,34,0,6.472346294500901,101
2509.18420,2025-09-29,43,7.266128779556451,42,1,7.252762418053187,3
2509.19768,2025-09-29,43,7.2633296174768365,42,1,7.165493475060845,7
2509.19894,2025-09-29,43,7.24422751560335,42,1,7.01571242048723,34
2509.20787,2025-09-29,43,7.260522598089852,42,1,7.260522598089852,11
2509.20906,2025-09-29,43,7.266827347520591,42,1,7.256297239690681,2
2509.21150,2025-09-29,43,7.264730177929867,42,1,7.165493475060845,5
2509.21294,2025-09-29,43,7.2633296174768365,42,1,7.2633296174768365,7
2509.21319,2025-09-29,43,7.261225091971921,42,1,7.170888478512505,10
2509.21388,2025-09-29,43,7.257707677160043,42,1,7.256297239690681,15
2509.21500,2025-09-29,43,7.254177846456518,42,1,7.251344983372214,20
2509.21559,2025-09-29,43,7.266128779556451,42,1,7.266128779556451,3
2509.21574,2025-09-29,43,7.262628600974241,42,1,7.165493475060845,8
2509.21679,2025-09-29,43,7.222566018822171,42,1,7.1846291527173145,64
2509.21710,2025-09-29,43,7.254884810077338,42,1,7.252762418053187,19
2509.21760,2025-09-29,43,7.257707677160043,42,1,7.186144304522325,15
2509.21766,2025-09-29,43,7.251344983372214,42,1,7.251344983372214,24
2509.21799,2025-09-29,43,7.261927092702751,42,1,7.165493475060845,9
2509.21880,2025-09-29,43,7.22983877815125,42,1,7.170888478512505,54
2509.21989,2025-09-29,43,7.252053951852814,42,1,6.86171134048073,23
2509.21991,2025-09-29,43,7.2640301428995295,42,1,7.165493475060845,6
2509.22072,2025-09-29,43,7.2485040723706105,42,1,7.1846291527173145,28
2509.22075,2025-09-29,43,7.252053951852814,42,1,7.1846291527173145,23
2509.22186,2025-09-29,43,7.1459844677143876,42,1,6.86171134048073,165
2509.22281,2025-09-29,43,7.244941546337007,42,1,6.86171134048073,33
2509.22300,2025-09-29,43,7.266128779556451,42,1,7.186144304522325,3
2509.22414,2025-09-29,43,7.252762418053187,42,1,7.186144304522325,22
2509.22496,2025-09-29,43,7.265429723253953,42,1,7.165493475060845,4
2509.22576,2025-09-29,43,7.167809184316444,42,1,7.01571242048723,137
2509.22601,2025-09-29,43,7.247080584585756,42,1,7.01571242048723,30
2509.22611,2025-09-29,43,7.181591944611865,42,1,7.01571242048723,119
2509.22622,2025-09-29,43,7.126890808898808,42,0,6.86171134048073,189
2509.22624,2025-09-29,43,7.254884810077338,42,1,6.86171134048073,19
2509.22630,2025-09-29,43,7.265429723253953,42,1,7.251344983372214,4
2509.22636,2025-09-29,43,7.266128779556451,42,1,7.186144304522325,3
2509.22637,2025-09-29,43,7.21890970761906,42,1,7.170888478512505,69
2509.22638,2025-09-29,43,7.218176838403408,42,1,7.186144304522325,70
2509.22642,2025-09-29,43,7.257707677160043,42,1,7.165493475060845,15
2509.22644,2025-09-29,43,7.253470382684528,42,1,7.165493475060845,21
2509.22647,2025-09-29,43,7.242082359256962,42,1,7.165493475060845,37
2509.22650,2025-09-29,43,7.264730177929867,42,1,7.165493475060845,5
2509.22651,2025-09-29,43,7.252053951852814,42,1,7.165493475060845,23
2509.22653,2025-09-29,43,7.25063551189868,42,1,7.25063551189868,25
2509.23661,2025-09-29,43,7.232733136177615,42,1,6.86171134048073,50
2509.21875,2025-09-30,50,7.172424577124845,49,0,7.172424577124845,10
2509.22193,2025-09-30,50,7.150701457592526,49,0,7.044032897274685,38
2509.22220,2025-09-30,50,7.1284959456800365,49,0,7.1284959456800365,66
2509.22572,2025-09-30,50,7.170119543449628,49,0,7.044032897274685,13
2509.22799,2025-09-30,50,7.160069207596127,49,0,7.0587581525186645,26
2509.22820,2025-09-30,50,7.168579897264035,49,0,7.026426808699636,15
2509.22824,2025-09-30,50,7.163946684342547,49,0,7.044032897274685,21
2509.22921,2025-09-30,50,7.170888478512505,49,0,7.044032897274685,12
2509.23050,2025-09-30,50,7.168579897264035,49,0,7.026426808699636,15
2509.23102,2025-09-30,50,7.1316985104669115,49,0,7.044032897274685,62
2509.23196,2025-09-30,50,7.1731917424865985,49,0,7.044032897274685,9
2509.23219,2025-09-30,50,7.165493475060845,49,0,7.002155954403621,19
2509.23285,2025-09-30,50,7.1693500166706,49,0,7.044032897274685,14
2509.23426,2025-09-30,50,7.149131598557407,49,0,7.044032897274685,40
2509.23564,2025-09-30,50,7.173958319756794,49,0,7.044032897274685,8
2509.23808,2025-09-30,50,7.143617602704121,49,0,7.002155954403621,47
2509.23866,2025-09-30,50,7.1693500166706,49,0,7.160069207596127,14
2509.23909,2025-09-30,50,7.153833801578843,49,0,7.0587581525186645,34
2509.23924,2025-09-30,50,7.1731917424865985,49,0,7.115582126184454,9
2509.23951,2025-09-30,50,7.160069207596127,49,0,7.0587581525186645,26
2509.24006,2025-09-30,50,7.085064293952548,49,0,7.002155954403621,119
2509.24007,2025-09-30,50,7.143617602704121,49,0,7.027314514039777,47
2509.24014,2025-09-30,50,7.156176637480615,49,0,7.027314514039777,31
2509.24317,2025-09-30,50,7.171656822768514,49,0,7.171656822768514,11
2509.24335,2025-09-30,50,7.1731917424865985,49,0,7.115582126184454,9
2509.24372,2025-09-30,50,7.167809184316444,49,0,7.044032897274685,16
2509.24473,2025-09-30,50,7.166265974133638,49,0,7.0587581525186645,18
2509.24494,2025-09-30,50,7.171656822768514,49,0,7.026426808699636,11
2509.24663,2025-09-30,50,7.166265974133638,49,0,7.027314514039777,18
2509.24695,2025-09-30,50,7.138073034044347,49,0,7.115582126184454,54
2509.24726,2025-09-30,50,7.163946684342547,49,0,7.027314514039777,21
2509.24897,2025-09-30,50,7.144407180321139,49,0,7.044032897274685,46
2509.24900,2025-09-30,50,7.138866999945524,49,0,7.026426808699636,53
2509.24981,2025-09-30,50,7.157735484249907,49,0,7.002155954403621,29
2509.25077,2025-09-30,50,7.168579897264035,49,0,7.168579897264035,15
2509.25084,2025-09-30,50,7.163946684342547,49,0,7.027314514039777,21
2509.25106,2025-09-30,50,7.1569563646156364,49,0,7.027314514039777,30
2509.25123,2025-09-30,50,7.1631723908466425,49,0,7.044032897274685,22
2509.25131,2025-09-30,50,7.167809184316444,49,0,7.026426808699636,16
2509.25137,2025-09-30,50,7.165493475060845,49,0,7.044032897274685,19
2509.25149,2025-09-30,50,7.166265974133638,49,0,7.027314514039777,18
2509.25160,2025-09-30,50,7.155396301896734,49,0,7.026426808699636,32
2509.25161,2025-09-30,50,7.1592919047975645,49,0,7.0587581525186645,27
2509.25175,2025-09-30,50,7.156176637480615,49,0,7.156176637480615,31
2509.25176,2025-09-30,50,7.1693500166706,49,0,7.044032897274685,14
2509.25180,2025-09-30,50,7.172424577124845,49,0,7.115582126184454,10
2509.25190,2025-09-30,50,7.151485463904735,49,0,7.026426808699636,37
2509.25191,2025-09-30,50,7.165493475060845,49,0,7.0587581525186645,19
2509.25370,2025-09-30,50,7.170888478512505,49,0,7.160069207596127,12
2509.25413,2025-09-30,50,7.173958319756794,49,0,7.026426808699636,8
2509.16944,2025-10-01,50,7.454719949364001,49,1,7.305188215393037,3
2509.21361,2025-10-01,50,7.450079569807499,49,1,7.411556287811163,11
2509.22613,2025-10-01,50,7.450660796211539,49,1,7.4318919168078,10
2509.22646,2025-10-01,50,7.446585099157725,49,1,7.305188215393037,17
2509.23094,2025-10-01,50,7.45298232946546,49,1,7.426549072397305,6
2509.23166,2025-10-01,50,7.452402451223638,49,1,7.441906728051625,7
2509.23610,2025-10-01,50,7.447751280047908,49,1,7.444248649496705,15
2509.23773,2025-10-01,50,7.454141078146678,49,1,7.421775793644647,4
2509.23873,2025-10-01,50,7.416378479192928,49,1,7.25063551189868,68
2509.24002,2025-10-01,50,7.346655163176539,49,1,7.25063551189868,180
2509.24088,2025-10-01,50,7.454141078146678,49,1,7.416378479192928,4
2509.24207,2025-10-01,50,7.449498005382849,49,1,7.4318919168078,12
2509.24510,2025-10-01,50,7.453561871643373,49,1,7.411556287811163,5
2509.24732,2025-10-01,50,7.453561871643373,49,1,7.441906728051625,5
2509.25082,2025-10-01,50,7.454719949364001,49,1,7.426549072397305,3
2509.25085,2025-10-01,50,7.450660796211539,49,1,7.411556287811163,10
2509.25134,2025-10-01,50,7.454719949364001,49,1,7.441906728051625,3
2509.25154,2025-10-01,50,7.438971592395862,49,1,7.4073177104694174,30
2509.25182,2025-10-01,50,7.433666540166168,49,1,7.426549072397305,39
2509.25189,2025-10-01,50,7.447751280047908,49,1,7.416378479192928,15
2509.25248,2025-10-01,50,7.454719949364001,49,1,7.416378479192928,3
2509.25339,2025-10-01,50,7.450660796211539,49,1,7.441906728051625,10
2509.25397,2025-10-01,50,7.448333860897476,49,1,7.448333860897476,14
2509.25541,2025-10-01,50,7.370860166536716,49,1,7.305188215393037,142
2509.25631,2025-10-01,50,7.454719949364001,49,1,7.426549072397305,3
2509.25666,2025-10-01,50,7.453561871643373,49,1,7.4318919168078,5
2509.25758,2025-10-01,50,7.441906728051625,49,1,7.4073177104694174,25
2509.25760,2025-10-01,50,7.424165281042028,49,1,7.421775793644647,55
2509.25810,2025-10-01,50,7.45298232946546,49,1,7.4318919168078,6
2509.25848,2025-10-01,50,7.408530566894626,49,1,7.305188215393037,81
2509.25911,2025-10-01,50,7.447751280047908,49,1,7.416378479192928,15
2509.26030,2025-10-01,50,7.444833273892193,49,1,7.411556287811163,20
2509.26226,2025-10-01,50,7.436617265234227,49,1,6.990256500493881,34
2509.26231,2025-10-01,50,7.44600149832412,49,1,7.417580402414544,18
2509.26391,2025-10-01,50,7.443663683115591,49,1,7.417580402414544,22
2509.26476,2025-10-01,50,7.446585099157725,49,1,7.411556287811163,17
2509.26488,2025-10-01,50,7.444833273892193,49,1,7.25063551189868,20
2509.26490,2025-10-01,50,7.444248649496705,49,1,7.416378479192928,21
2509.26495,2025-10-01,50,7.4489161025442,49,1,7.411556287811163,13
2509.26507,2025-10-01,50,7.074116816197362,49,1,6.990256500493881,550
2509.26536,2025-10-01,50,7.43543801981455,49,1,7.25063551189868,36
2509.26539,2025-10-01,50,7.450660796211539,49,1,7.416378479192928,10
2509.26542,2025-10-01,50,7.451241684987676,49,1,7.4318919168078,9
2509.26603,2025-10-01,50,7.44600149832412,49,1,7.25063551189868,18
2509.26618,2025-10-01,50,7.4413203897176174,49,1,7.417580402414544,26
2509.26625,2025-10-01,50,7.430707082545968,49,1,6.990256500493881,44
2509.26628,2025-10-01,50,7.446585099157725,49,1,6.990256500493881,17
2509.26645,2025-10-01,50,7.447751280047908,49,1,7.447751280047908,15
2510.00231,2025-10-01,50,7.45298232946546,49,1,7.444248649496705,6
2510.00492,2025-10-01,50,7.440146680662688,49,1,7.4073177104694174,28
2509.19185,2025-10-02,36,6.677083461247136,35,0,6.677083461247136,4
2509.22887,2025-10-02,36,6.674561391814426,35,0,6.297109319933935,6
2509.22944,2025-10-02,36,6.576469569048224,35,0,6.573680166960646,80
2509.23250,2025-10-02,36,6.674561391814426,35,0,6.639875833826536,6
2509.25045,2025-10-02,36,6.679599185844383,35,0,6.573680166960646,2
2509.25162,2025-10-02,36,6.678342114654332,35,0,6.675823221634848,3
2509.25301,2025-10-02,36,6.656726524178391,35,0,6.610696044717759,20
2509.25411,2025-10-02,36,6.678342114654332,35,0,6.678342114654332,3
2509.25454,2025-10-02,36,6.478509642208569,35,0,6.297109319933935,147
2509.25455,2025-10-02,36,6.633318433280377,35,0,6.297109319933935,38
2509.25531,2025-10-02,36,6.669498089857879,35,0,6.297109319933935,10
2509.25849,2025-10-02,36,6.618738983517219,35,0,6.410174881966167,49
2509.25916,2025-10-02,36,6.674561391814426,35,0,6.639875833826536,6
2509.26346,2025-10-02,36,6.658011045870748,35,0,6.612041034833092,19
2509.26514,2025-10-02,36,6.677083461247136,35,0,6.677083461247136,4
2510.00184,2025-10-02,36,6.660575149839686,35,0,6.410174881966167,17
2510.00225,2025-10-02,36,6.678342114654332,35,0,6.297109319933935,3
2510.00232,2025-10-02,36,6.661854740545311,35,0,6.625392368007956,16
2510.00406,2025-10-02,36,6.593044534142437,35,0,6.593044534142437,68
2510.00438,2025-10-02,36,6.669498089857879,35,0,6.639875833826536,10
2510.00510,2025-10-02,36,6.677083461247136,35,0,6.639875833826536,4
2510.00526,2025-10-02,36,6.668228248417403,35,0,6.625392368007956,11
2510.00536,2025-10-02,36,6.673297967767654,35,0,6.639875833826536,7
2510.00553,2025-10-02,36,6.670766320845874,35,0,6.297109319933935,9
2510.00615,2025-10-02,36,6.637258031284457,35,0,6.610696044717759,35
2510.00777,2025-10-02,36,6.679599185844383,35,0,6.297109319933935,2
2510.00931,2025-10-02,36,6.668228248417403,35,0,6.625392368007956,11
2510.00967,2025-10-02,36,6.666956792429207,35,0,6.297109319933935,12
2510.00977,2025-10-02,36,6.641182169740591,35,0,6.410174881966167,32
2510.01037,2025-10-02,36,6.679599185844383,35,0,6.297109319933935,2
2510.01051,2025-10-02,36,6.559615237493242,35,0,6.410174881966167,92
2510.01061,2025-10-02,36,6.679599185844383,35,0,6.675823221634848,2
2510.01070,2025-10-02,36,6.674561391814426,35,0,6.625392368007956,6
2510.01152,2025-10-02,36,6.674561391814426,35,0,6.297109319933935,6
2510.01174,2025-10-02,36,6.637258031284457,35,0,6.612041034833092,35
2510.01180,2025-10-02,36,6.656726524178391,35,0,6.297109319933935,20
2509.21789,2025-10-03,50,6.968850378341948,49,0,6.942156705699469,9
2509.22067,2025-10-03,50,6.950814768442584,49,0,6.630683385642372,28
2509.22582,2025-10-03,50,6.966024187106113,49,0,6.962243464266207,12
2509.24203,2025-10-03,50,6.96979066990159,49,0,6.880384082186005,8
2509.24304,2025-10-03,50,6.9726062513017535,49,0,6.933423025730715,5
2509.25729,2025-10-03,50,6.966967138613983,49,0,6.943122422819428,11
2509.26313,2025-10-03,50,6.9726062513017535,49,0,6.880384082186005,5
2509.26376,2025-10-03,50,6.967909201801884,49,0,6.86484777797086,10
2510.00137,2025-10-03,50,6.974478911025045,49,0,6.974478911025045,3
2510.00428,2025-10-03,50,6.96979066990159,49,0,6.933423025730715,8
2510.00446,2025-10-03,50,6.871091294610546,49,0,6.859614903654202,108
2510.00523,2025-10-03,50,6.970730078143525,49,0,6.933423025730715,7
2510.00537,2025-10-03,50,6.974478911025045,49,0,6.859614903654202,3
2510.01123,2025-10-03,50,6.970730078143525,49,0,6.880384082186005,7
2510.01143,2025-10-03,50,6.97166860472579,49,0,6.880384082186005,6
2510.01149,2025-10-03,50,6.946013991099227,49,0,6.946013991099227,33
2510.01179,2025-10-03,50,6.949856455000773,49,0,6.630683385642372,29
2510.01241,2025-10-03,50,6.9726062513017535,49,0,6.880384082186005,5
2510.01260,2025-10-03,50,6.974478911025045,49,0,6.918695219020472,3
2510.01265,2025-10-03,50,6.934397209928558,49,0,6.630683385642372,45
2510.01284,2025-10-03,50,6.942156705699469,49,0,6.918695219020472,37
2510.01304,2025-10-03,50,6.966967138613983,49,0,6.933423025730715,11
2510.01346,2025-10-03,50,6.961296045910167,49,0,6.942156705699469,17
2510.01444,2025-10-03,50,6.9584483932976555,49,0,6.942156705699469,20
2510.01538,2025-10-03,50,6.96979066990159,49,0,6.942156705699469,8
2510.01581,2025-10-03,50,6.975413927455952,49,0,6.880384082186005,2
2510.01591,2025-10-03,50,6.950814768442584,49,0,6.884486652042782,28
2510.01623,2025-10-03,50,6.9650803456014065,49,0,6.880384082186005,13
2510.01670,2025-10-03,50,6.96979066990159,49,0,6.880384082186005,8
2510.01691,2025-10-03,50,6.97354301952014,49,0,6.880384082186005,4
2510.01796,2025-10-03,50,6.9726062513017535,49,0,6.918695219020472,5
2510.01817,2025-10-03,50,6.962243464266207,49,0,6.918695219020472,16
2510.02173,2025-10-03,50,6.959398512133975,49,0,6.884486652042782,19
2510.02190,2025-10-03,50,6.9584483932976555,49,0,6.942156705699469,20
2510.02209,2025-10-03,50,6.922643891475888,49,0,6.630683385642372,57
2510.02240,2025-10-03,50,6.960347729101308,49,0,6.880384082186005,18
2510.02245,2025-10-03,50,6.8966943316227125,49,0,6.630683385642372,83
2510.02250,2025-10-03,50,6.953684210870537,49,0,6.943122422819428,25
2510.02253,2025-10-03,50,6.963189985870238,49,0,6.933423025730715,15
2510.02259,2025-10-03,50,6.96979066990159,49,0,6.859614903654202,8
2510.02263,2025-10-03,50,6.968850378341948,49,0,6.880384082186005,9
2510.02272,2025-10-03,50,6.97354301952014,49,0,6.880384082186005,4
2510.02283,2025-10-03,50,6.881411303642535,49,0,6.86484777797086,98
2510.02286,2025-10-03,50,6.949856455000773,49,0,6.630683385642372,29
2510.02294,2025-10-03,50,6.931471805599453,49,0,6.884486652042782,48
2510.02295,2025-10-03,50,6.967909201801884,49,0,6.880384082186005,10
2510.02297,2025-10-03,50,6.9363427358340495,49,0,6.630683385642372,43
2510.02306,2025-10-03,50,6.97354301952014,49,0,6.962243464266207,4
2510.02314,2025-10-03,50,6.918695219020472,49,0,6.918695219020472,61
2510.02315,2025-10-03,50,6.97166860472579,49,0,6.86484777797086,6
2509.22033,2025-10-06,36,6.230481447578482,35,0,6.035481432524756,19
2509.23202,2025-10-06,36,6.208590026096629,35,0,6.035481432524756,30
2509.23291,2025-10-06,36,6.26530121273771,35,0,6.20050917404269,1
2509.24975,2025-10-06,36,6.26530121273771,35,0,6.20455776256869,1
2509.25122,2025-10-06,36,6.249975242259483,35,0,6.20455776256869,9
2509.25771,2025-10-06,36,6.246106765481563,35,0,6.20455776256869,11
2509.25944,2025-10-06,36,6.26530121273771,35,0,6.1903154058531475,1
2509.26354,2025-10-06,36,6.2324480165505225,35,0,5.8664680569332965,18
2509.26388,2025-10-06,36,6.214608098422191,35,0,6.214608098422191,27
2510.00177,2025-10-06,36,6.261491684321042,35,0,6.20050917404269,3
2510.00515,2025-10-06,36,6.186208623900494,35,0,6.186208623900494,41
2510.00658,2025-10-06,36,6.261491684321042,35,0,6.20455776256869,3
2510.00938,2025-10-06,36,6.1463292576688975,35,0,6.035481432524756,60
2510.01068,2025-10-06,36,6.226536669287466,35,0,6.1903154058531475,21
2510.01132,2025-10-06,36,6.255750041753367,35,0,6.20050917404269,6
2510.01141,2025-10-06,36,5.996452088619021,35,0,5.8664680569332965,125
2510.01329,2025-10-06,36,6.255750041753367,35,0,6.20455776256869,6
2510.01354,2025-10-06,36,6.261491684321042,35,0,6.248042874508429,3
2510.01459,2025-10-06,36,6.261491684321042,35,0,6.20050917404269,3
2510.01698,2025-10-06,36,6.257667587882639,35,0,6.238324625039508,5
2510.01879,2025-10-06,36,6.251903883165888,35,0,6.240275845170769,8
2510.02110,2025-10-06,36,6.263398262591624,35,0,6.20455776256869,2
2510.02375,2025-10-06,36,6.255750041753367,35,0,6.240275845170769,6
2510.02410,2025-10-06,36,6.226536669287466,35,0,6.20050917404269,21
2510.02571,2025-10-06,36,6.263398262591624,35,0,6.263398262591624,2
2510.02657,2025-10-06,36,6.261491684321042,35,0,6.238324625039508,3
2510.02665,2025-10-06,36,6.226536669287466,35,0,6.226536669287466,21
2510.02730,2025-10-06,36,6.259581464064923,35,0,6.259581464064923,4
2510.02880,2025-10-06,36,6.263398262591624,35,0,6.1903154058531475,2
2510.03120,2025-10-06,36,6.253828811575473,35,0,6.248042874508429,7
2510.03160,2025-10-06,36,6.259581464064923,35,0,6.1903154058531475,4
2510.03194,2025-10-06,36,6.206575926724928,35,0,5.8664680569332965,31
2510.03204,2025-10-06,36,6.253828811575473,35,0,6.238324625039508,7
2510.03230,2025-10-06,36,6.259581464064923,35,0,6.259581464064923,4
2510.03232,2025-10-06,36,6.26530121273771,35,0,6.1903154058531475,1
2510.03574,2025-10-06,36,6.248042874508429,35,0,6.1903154058531475,10
2509.24613,2025-10-07,44,6.688354713946762,43,0,6.688354713946762,4
2510.00263,2025-10-07,44,6.675823221634848,43,0,6.663132695990803,14
2510.00499,2025-10-07,44,6.664409020350408,43,0,6.561030665896573,23
2510.00507,2025-10-07,44,6.690842277418564,43,0,6.633318433280377,2
2510.00732,2025-10-07,44,6.68586094706836,43,0,6.68586094706836,6
2510.01161,2025-10-07,44,6.675823221634848,43,0,6.52795791762255,14
2510.01586,2025-10-07,44,6.690842277418564,43,0,6.674561391814426,2
2510.01645,2025-10-07,44,6.690842277418564,43,0,6.674561391814426,2
2510.02350,2025-10-07,44,6.688354713946762,43,0,6.663132695990803,4
2510.02387,2025-10-07,44,6.679599185844383,43,0,6.674561391814426,11
2510.02919,2025-10-07,44,6.680854678790215,43,0,6.52795791762255,10
2510.03264,2025-10-07,44,6.661854740545311,43,0,6.42648845745769,25
2510.03434,2025-10-07,44,6.688354713946762,43,0,6.661854740545311,4
2510.03528,2025-10-07,44,6.669498089857879,43,0,6.561030665896573,19
2510.03561,2025-10-07,44,6.661854740545311,43,0,6.561030665896573,25
2510.03632,2025-10-07,44,6.639875833826536,43,0,6.52795791762255,42
2510.03755,2025-10-07,44,6.682108597449809,43,0,6.682108597449809,9
2510.03857,2025-10-07,44,6.68586094706836,43,0,6.661854740545311,6
2510.03871,2025-10-07,44,6.655440350367647,43,0,6.42648845745769,30
2510.04016,2025-10-07,44,6.68586094706836,43,0,6.663132695990803,6
2510.04072,2025-10-07,44,6.688354713946762,43,0,6.52795791762255,4
2510.04136,2025-10-07,44,6.688354713946762,43,0,6.63200177739563,4
2510.04226,2025-10-07,44,6.6895992691789665,43,0,6.674561391814426,3
2510.04290,2025-10-07,44,6.666956792429207,43,0,6.52795791762255,21
2510.04399,2025-10-07,44,6.690842277418564,43,0,6.680854678790215,2
2510.04434,2025-10-07,44,6.68586094706836,43,0,6.680854678790215,6
2510.04618,2025-10-07,44,6.511745329644728,43,0,6.42648845745769,134
2510.04673,2025-10-07,44,6.678342114654332,43,0,6.674561391814426,12
2510.04694,2025-10-07,44,6.684611727667927,43,0,6.63200177739563,7
2510.04786,2025-10-07,44,6.6895992691789665,43,0,6.52795791762255,3
2510.04800,2025-10-07,44,6.646390514847729,43,0,6.63200177739563,37
2510.04860,2025-10-07,44,6.6895992691789665,43,0,6.661854740545311,3
2510.04979,2025-10-07,44,6.692083742506628,43,0,6.680854678790215,1
2510.04995,2025-10-07,44,6.692083742506628,43,0,6.680854678790215,1
2510.04996,2025-10-07,44,6.673297967767654,43,0,6.52795791762255,16
2510.05025,2025-10-07,44,6.651571873589727,43,0,6.561030665896573,33
2510.05034,2025-10-07,44,6.628041376179533,43,0,6.423246963533519,51
2510.05040,2025-10-07,44,6.684611727667927,43,0,6.661854740545311,7
2510.05069,2025-10-07,44,6.677083461247136,43,0,6.52795791762255,13
2510.05081,2025-10-07,44,6.687108607866515,43,0,6.661854740545311,5
2510.05091,2025-10-07,44,6.668228248417403,43,0,6.423246963533519,20
2510.05093,2025-10-07,44,6.684611727667927,43,0,6.633318433280377,7
2510.05094,2025-10-07,44,6.645090969505644,43,0,6.633318433280377,38
2510.05096,2025-10-07,44,6.532334292222349,43,0,6.423246963533519,120
2509.21499,2025-10-08,50,7.118826249062078,49,1,7.034387929915503,5
2509.23379,2025-10-08,50,7.110696122978827,49,1,7.074963197966044,15
2509.24107,2025-10-08,50,7.05617528410041,49,1,7.029087564149662,80
2509.26328,2025-10-08,50,7.074116816197362,49,1,7.074116816197362,59
2510.01353,2025-10-08,50,7.119635638017636,49,1,7.029087564149662,4
2510.02300,2025-10-08,50,7.117205503164344,49,1,7.075808863978387,7
2510.02341,2025-10-08,50,7.119635638017636,49,1,7.1098794630722715,4
2510.03270,2025-10-08,50,7.087573705557973,49,1,7.075808863978387,43
2510.03506,2025-10-08,50,7.110696122978827,49,1,7.074963197966044,15
2510.03978,2025-10-08,50,7.119635638017636,49,1,7.074963197966044,4
2510.04081,2025-10-08,50,7.104144092987527,49,1,7.034387929915503,23
2510.04087,2025-10-08,50,7.121252453244542,49,1,7.034387929915503,2
2510.04162,2025-10-08,50,7.10002716662926,49,1,7.10002716662926,28
2510.04506,2025-10-08,50,7.113142108707088,49,1,7.113142108707088,12
2510.04514,2025-10-08,50,7.118826249062078,49,1,7.074963197966044,5
2510.04871,2025-10-08,50,6.584791392385716,49,0,6.584791392385716,516
2510.05122,2025-10-08,50,7.119635638017636,49,1,7.034387929915503,4
2510.05137,2025-10-08,50,7.1180162044653335,49,1,7.113142108707088,6
2510.05156,2025-10-08,50,7.118826249062078,49,1,7.029087564149662,5
2510.05251,2025-10-08,50,7.116394144093465,49,1,7.034387929915503,8
2510.05318,2025-10-08,50,7.1049654482698426,49,1,6.946013991099227,22
2510.05342,2025-10-08,50,7.1180162044653335,49,1,7.034387929915503,6
2510.05367,2025-10-08,50,7.117205503164344,49,1,7.075808863978387,7
2510.05396,2025-10-08,50,7.114769448366463,49,1,7.114769448366463,10
2510.05432,2025-10-08,50,7.117205503164344,49,1,7.029087564149662,7
2510.05485,2025-10-08,50,7.116394144093465,49,1,7.102499355774649,8
2510.05560,2025-10-08,50,7.116394144093465,49,1,7.1098794630722715,8
2510.05571,2025-10-08,50,7.110696122978827,49,1,7.029087564149662,15
2510.05592,2025-10-08,50,7.028201432058005,49,1,6.946013991099227,112
2510.05681,2025-10-08,50,7.119635638017636,49,1,7.074963197966044,4
2510.05934,2025-10-08,50,7.1204443723924875,49,1,7.118826249062078,3
2510.06030,2025-10-08,50,7.1204443723924875,49,1,7.102499355774649,3
2510.06036,2025-10-08,50,7.117205503164344,49,1,7.034387929915503,7
2510.06052,2025-10-08,50,7.104144092987527,49,1,7.034387929915503,23
2510.06056,2025-10-08,50,7.1180162044653335,49,1,7.113142108707088,6
2510.06062,2025-10-08,50,7.111512116496157,49,1,7.034387929915503,14
2510.06071,2025-10-08,50,7.121252453244542,49,1,7.1098794630722715,2
2510.06101,2025-10-08,50,7.122059881629142,49,1,7.034387929915503,1
2510.06107,2025-10-08,50,7.1204443723924875,49,1,7.034387929915503,3
2510.06131,2025-10-08,50,7.113956109566034,49,1,7.074963197966044,11
2510.06139,2025-10-08,50,7.1204443723924875,49,1,7.118826249062078,3
2510.06182,2025-10-08,50,7.115582126184454,49,1,7.034387929915503,9
2510.06199,2025-10-08,50,7.121252453244542,49,1,7.1098794630722715,2
2510.06208,2025-10-08,50,7.107425474110705,49,1,7.107425474110705,19
2510.06213,2025-10-08,50,7.1204443723924875,49,1,7.102499355774649,3
2510.06217,2025-10-08,50,7.067319848653476,49,1,6.946013991099227,67
2510.06218,2025-10-08,50,7.119635638017636,49,1,7.074963197966044,4
2510.06219,2025-10-08,50,7.113956109566034,49,1,7.102499355774649,11
2510.06528,2025-10-08,50,7.121252453244542,49,1,7.118826249062078,2
2510.06596,2025-10-08,50,7.121252453244542,49,1,7.118826249062078,2
2509.21842,2025-10-09,43,6.695798917058491,42,0,6.674561391814426,3
2509.24375,2025-10-09,43,6.687108607866515,42,0,6.612041034833092,10
2510.01954,2025-10-09,43,6.682108597449809,42,0,6.57507584059962,14
2510.01982,2025-10-09,43,6.6895992691789665,42,0,6.663132695990803,8
2510.03215,2025-10-09,43,6.569481420414296,42,0,6.51025834052315,99
2510.04204,2025-10-09,43,6.673297967767654,42,0,6.4692503167957724,21
2510.04212,2025-10-09,43,6.666956792429207,42,0,6.6240652277998935,26
2510.04230,2025-10-09,43,6.665683717782408,42,0,6.612041034833092,27
2510.04678,2025-10-09,43,6.660575149839686,42,0,6.4692503167957724,31
2510.04910,2025-10-09,43,6.698268054115413,42,0,6.687108607866515,1
2510.04999,2025-10-09,43,6.692083742506628,42,0,6.663132695990803,6
2510.05057,2025-10-09,43,6.683360945766275,42,0,6.663132695990803,13
2510.05152,2025-10-09,43,6.693323668269949,42,0,6.51025834052315,5
2510.05491,2025-10-09,43,6.688354713946762,42,0,6.687108607866515,9
2510.05644,2025-10-09,43,6.668228248417403,42,0,6.4692503167957724,25
2510.05862,2025-10-09,43,6.673297967767654,42,0,6.4692503167957724,21
2510.05891,2025-10-09,43,6.697034247666484,42,0,6.663132695990803,2
2510.06261,2025-10-09,43,6.692083742506628,42,0,6.674561391814426,6
2510.06308,2025-10-09,43,6.6293632534374485,42,0,6.5998704992128365,55
2510.06426,2025-10-09,43,6.695798917058491,42,0,6.612041034833092,3
2510.06475,2025-10-09,43,6.697034247666484,42,0,6.612041034833092,2
2510.06557,2025-10-09,43,6.658011045870748,42,0,6.6240652277998935,33
2510.06590,2025-10-09,43,6.598509028614515,42,0,6.553933404025811,78
2510.06607,2025-10-09,43,6.694562058521095,42,0,6.57507584059962,4
2510.06673,2025-10-09,43,6.693323668269949,42,0,6.693323668269949,5
2510.06710,2025-10-09,43,6.645090969505644,42,0,6.57507584059962,43
2510.06751,2025-10-09,43,6.672032945461067,42,0,6.5998704992128365,22
2510.06783,2025-10-09,43,6.683360945766275,42,0,6.57507584059962,13
2510.06855,2025-10-09,43,6.694562058521095,42,0,6.68586094706836,4
2510.06888,2025-10-09,43,6.694562058521095,42,0,6.57507584059962,4
2510.06917,2025-10-09,43,6.655440350367647,42,0,6.4692503167957724,35
2510.06953,2025-10-09,43,6.688354713946762,42,0,6.612041034833092,9
2510.07019,2025-10-09,43,6.678342114654332,42,0,6.612041034833092,17
2510.07037,2025-10-09,43,6.693323668269949,42,0,6.693323668269949,5
2510.07041,2025-10-09,43,6.693323668269949,42,0,6.674561391814426,5
2510.07143,2025-10-09,43,6.683360945766275,42,0,6.57507584059962,13
2510.07238,2025-10-09,43,6.680854678790215,42,0,6.680854678790215,15
2510.07307,2025-10-09,43,6.692083742506628,42,0,6.674561391814426,6
2510.07310,2025-10-09,43,6.654152520183219,42,0,6.51025834052315,36
2510.07313,2025-10-09,43,6.690842277418564,42,0,6.68586094706836,7
2510.07315,2025-10-09,43,6.656726524178391,42,0,6.4692503167957724,34
2510.07318,2025-10-09,43,6.659293919683638,42,0,6.553933404025811,32
2510.07550,2025-10-09,43,6.694562058521095,42,0,6.57507584059962,4
2509.23500,2025-10-10,50,7.304515946460155,49,1,7.300472814267799,3
2509.23768,2025-10-10,50,7.273092595999522,49,1,7.213768308118642,49
2509.24797,2025-10-10,50,7.305188215393037,49,1,7.271008538280992,2
2509.24817,2025-10-10,50,7.300472814267799,49,1,7.277247726631484,9
2509.26633,2025-10-10,50,7.300472814267799,49,1,7.249215057114389,9
2510.02590,2025-10-10,50,7.305188215393037,49,1,7.249215057114389,2
2510.02994,2025-10-10,50,7.302496423727326,49,1,7.271008538280992,6
2510.03117,2025-10-10,50,7.298445101508147,49,1,7.271008538280992,12
2510.03222,2025-10-10,50,7.254177846456518,49,1,7.1569563646156364,76
2510.03259,2025-10-10,50,7.267525427828172,49,1,7.1569563646156364,57
2510.03279,2025-10-10,50,7.255591274253665,49,1,7.1569563646156364,74
2510.03663,2025-10-10,50,7.29505641646263,49,1,7.149131598557407,17
2510.06209,2025-10-10,50,7.304515946460155,49,1,7.271008538280992,3
2510.06679,2025-10-10,50,7.255591274253665,49,1,7.1459844677143876,74
2510.06915,2025-10-10,50,7.295735072749282,49,1,7.249215057114389,16
2510.07048,2025-10-10,50,7.302496423727326,49,1,7.29505641646263,6
2510.07172,2025-10-10,50,7.2875606403097235,49,1,7.078341579557671,28
2510.07242,2025-10-10,50,7.286191714702382,49,1,7.1693500166706,30
2510.07314,2025-10-10,50,7.303843225277705,49,1,7.301147805856032,4
2510.07429,2025-10-10,50,7.303843225277705,49,1,7.301147805856032,4
2510.07499,2025-10-10,50,7.273092595999522,49,1,7.1693500166706,49
2510.07546,2025-10-10,50,7.291656209174461,49,1,7.1459844677143876,22
2510.07743,2025-10-10,50,7.297091005160418,49,1,7.249215057114389,14
2510.07790,2025-10-10,50,7.302496423727326,49,1,7.249215057114389,6
2510.07958,2025-10-10,50,7.3031700512368,49,1,7.249215057114389,5
2510.08002,2025-10-10,50,7.290292882446597,49,1,7.213768308118642,24
2510.08008,2025-10-10,50,7.302496423727326,49,1,7.300472814267799,6
2510.08143,2025-10-10,50,7.293017679772782,49,1,7.1459844677143876,20
2510.08191,2025-10-10,50,7.275172319452771,49,1,7.1693500166706,46
2510.08203,2025-10-10,50,7.2991214627108,49,1,7.29505641646263,11
2510.08211,2025-10-10,50,7.2909747781429814,49,1,7.1693500166706,23
2510.08240,2025-10-10,50,7.278628942320682,49,1,7.213768308118642,41
2510.08271,2025-10-10,50,7.302496423727326,49,1,7.271008538280992,6
2510.08276,2025-10-10,50,7.299797366758161,49,1,7.213768308118642,10
2510.08308,2025-10-10,50,7.290292882446597,49,1,7.249215057114389,24
2510.08377,2025-10-10,50,7.25063551189868,49,1,7.149131598557407,81
2510.08425,2025-10-10,50,7.298445101508147,49,1,7.271008538280992,12
2510.08431,2025-10-10,50,7.2991214627108,49,1,7.271008538280992,11
2510.08483,2025-10-10,50,7.290292882446597,49,1,7.1693500166706,24
2510.08485,2025-10-10,50,7.294377299288821,49,1,7.1459844677143876,18
2510.08529,2025-10-10,50,7.293697720601438,49,1,7.1693500166706,19
2510.08540,2025-10-10,50,7.22983877815125,49,1,7.149131598557407,110
2510.08547,2025-10-10,50,7.3031700512368,49,1,7.3031700512368,5
2510.08549,2025-10-10,50,7.301822342137932,49,1,7.249215057114389,7
2510.08551,2025-10-10,50,7.283448228756631,49,1,7.277247726631484,34
2510.08555,2025-10-10,50,7.261927092702751,49,1,7.1459844677143876,65
2510.08556,2025-10-10,50,7.301147805856032,49,1,7.213768308118642,8
2510.08558,2025-10-10,50,7.101675971619444,49,0,7.078341579557671,276
2510.08559,2025-10-10,50,7.300472814267799,49,1,7.149131598557407,9
2510.08565,2025-10-10,50,7.291656209174461,49,1,7.1459844677143876,22
2510.01119,2025-10-13,46,6.885509670034818,45,0,6.882437470997847,7
2510.02898,2025-10-13,46,6.887552571664617,45,0,6.715383386334681,5
2510.04533,2025-10-13,46,6.842683282238422,45,0,6.61338421837956,48
2510.04759,2025-10-13,46,6.882437470997847,45,0,6.767343125265392,10
2510.05528,2025-10-13,46,6.889591308354466,45,0,6.882437470997847,3
2510.05608,2025-10-13,46,6.8885724595653635,45,0,6.8308742346461795,4
2510.05684,2025-10-13,46,6.731018100482083,45,0,6.727431724850855,147
2510.06274,2025-10-13,46,6.882437470997847,45,0,6.866933284461882,10
2510.06499,2025-10-13,46,6.858565034791365,45,0,6.834108738813838,33
2510.07151,2025-10-13,46,6.889591308354466,45,0,6.727431724850855,3
2510.07319,2025-10-13,46,6.889591308354466,45,0,6.88653164253051,3
2510.07656,2025-10-13,46,6.890609120147166,45,0,6.877296071497429,2
2510.07745,2025-10-13,46,6.885509670034818,45,0,6.8308742346461795,7
2510.07793,2025-10-13,46,6.889591308354466,45,0,6.715383386334681,3
2510.07861,2025-10-13,46,6.885509670034818,45,0,6.879355804460439,7
2510.07896,2025-10-13,46,6.881411303642535,45,0,6.767343125265392,11
2510.07959,2025-10-13,46,6.877296071497429,45,0,6.866933284461882,15
2510.07962,2025-10-13,46,6.882437470997847,45,0,6.8308742346461795,10
2510.08047,2025-10-13,46,6.884486652042782,45,0,6.884486652042782,8
2510.08189,2025-10-13,46,6.863803391452954,45,0,6.863803391452954,28
2510.08457,2025-10-13,46,6.878326468291325,45,0,6.715383386334681,14
2510.08492,2025-10-13,46,6.882437470997847,45,0,6.715383386334681,10
2510.08525,2025-10-13,46,6.8690144506657065,45,0,6.834108738813838,23
2510.08564,2025-10-13,46,6.890609120147166,45,0,6.715383386334681,2
2510.08649,2025-10-13,46,6.890609120147166,45,0,6.767343125265392,2
2510.08673,2025-10-13,46,6.75343791859778,45,0,6.61338421837956,128
2510.08696,2025-10-13,46,6.877296071497429,45,0,6.8308742346461795,15
2510.08697,2025-10-13,46,6.851184927493743,45,0,6.851184927493743,40
2510.08759,2025-10-13,46,6.844815479208263,45,0,6.61338421837956,46
2510.08867,2025-10-13,46,6.88653164253051,45,0,6.879355804460439,6
2510.08872,2025-10-13,46,6.8885724595653635,45,0,6.8308742346461795,4
2510.08994,2025-10-13,46,6.8885724595653635,45,0,6.877296071497429,4
2510.09201,2025-10-13,46,6.840546529288687,45,0,6.840546529288687,50
2510.09320,2025-10-13,46,6.889591308354466,45,0,6.88653164253051,3
2510.09426,2025-10-13,46,6.8001700683022,45,0,6.767343125265392,87
2510.09462,2025-10-13,46,6.88653164253051,45,0,6.767343125265392,6
2510.09507,2025-10-13,46,6.880384082186005,45,0,6.715383386334681,12
2510.09510,2025-10-13,46,6.884486652042782,45,0,6.715383386334681,8
2510.09517,2025-10-13,46,6.884486652042782,45,0,6.884486652042782,8
2510.09535,2025-10-13,46,6.887552571664617,45,0,6.8308742346461795,5
2510.09558,2025-10-13,46,6.837332814685591,45,0,6.715383386334681,53
2510.09561,2025-10-13,46,6.883462586413092,45,0,6.877296071497429,9
2510.09577,2025-10-13,46,6.884486652042782,45,0,6.8308742346461795,8
2510.09592,2025-10-13,46,6.88653164253051,45,0,6.8308742346461795,6
2510.09606,2025-10-13,46,6.874198495453294,45,0,6.61338421837956,18
2510.09608,2025-10-13,46,6.837332814685591,45,0,6.715383386334681,53
2510.01427,2025-10-14,50,7.078341579557671,49,1,7.064759027791802,4
2510.04201,2025-10-14,50,7.077498053569231,49,1,6.953684210870537,5
2510.04617,2025-10-14,50,7.062191632286556,49,1,6.980075940561763,23
2510.05213,2025-10-14,50,7.076653815443951,49,1,7.064759027791802,6
2510.07624,2025-10-14,50,7.074963197966044,49,1,6.980075940561763,8
2510.07731,2025-10-14,50,7.077498053569231,49,1,6.980075940561763,5
2510.07841,2025-10-14,50,7.07326971745971,49,1,7.064759027791802,10
2510.08026,2025-10-14,50,7.074116816197362,49,1,6.980075940561763,9
2510.08744,2025-10-14,50,7.077498053569231,49,1,6.786716950605081,5
2510.08886,2025-10-14,50,7.064759027791802,49,1,6.966967138613983,20
2510.09008,2025-10-14,50,7.068172000388042,49,1,6.953684210870537,16
2510.09023,2025-10-14,50,7.072421900537371,49,1,6.980075940561763,11
2510.09189,2025-10-14,50,7.077498053569231,49,1,6.980075940561763,5
2510.09212,2025-10-14,50,7.064759027791802,49,1,6.786716950605081,20
2510.09285,2025-10-14,50,7.050122520269059,49,1,6.953684210870537,37
2510.09474,2025-10-14,50,7.077498053569231,49,1,6.953684210870537,5
2510.09541,2025-10-14,50,7.066466970136958,49,1,6.966967138613983,18
2510.09781,2025-10-14,50,7.0587581525186645,49,1,6.86171134048073,27
2510.09905,2025-10-14,50,7.075808863978387,49,1,7.075808863978387,7
2510.10023,2025-10-14,50,7.07326971745971,49,1,6.980075940561763,10
2510.10047,2025-10-14,50,7.069023426578259,49,1,7.069023426578259,15
2510.10062,2025-10-14,50,7.07326971745971,49,1,7.07326971745971,10
2510.10197,2025-10-14,50,7.05617528410041,49,1,7.01571242048723,30
2510.10201,2025-10-14,50,7.050989447068045,49,1,6.953684210870537,36
2510.10395,2025-10-14,50,7.05444965813294,49,1,6.980075940561763,32
2510.10637,2025-10-14,50,7.069023426578259,49,1,6.786716950605081,15
2510.10666,2025-10-14,50,7.057897937411856,49,1,6.966967138613983,28
2510.10670,2025-10-14,50,7.064759027791802,49,1,6.786716950605081,20
2510.10681,2025-10-14,50,7.075808863978387,49,1,6.980075940561763,7
2510.10689,2025-10-14,50,7.042286171939743,49,1,7.01571242048723,46
2510.10715,2025-10-14,50,7.078341579557671,49,1,6.953684210870537,4
2510.10868,2025-10-14,50,7.0707241072602764,49,1,6.786716950605081,13
2510.11026,2025-10-14,50,7.066466970136958,49,1,6.990256500493881,18
2510.11027,2025-10-14,50,7.062191632286556,49,1,6.990256500493881,23
2510.11052,2025-10-14,50,7.036148493750536,49,1,6.786716950605081,53
2510.11341,2025-10-14,50,7.050989447068045,49,1,6.990256500493881,36
2510.11391,2025-10-14,50,7.0587581525186645,49,1,6.990256500493881,27
2510.11496,2025-10-14,50,7.077498053569231,49,1,6.953684210870537,5
2510.11498,2025-10-14,50,7.072421900537371,49,1,6.953684210870537,11
2510.11512,2025-10-14,50,7.075808863978387,49,1,6.786716950605081,7
2510.11647,2025-10-14,50,7.078341579557671,49,1,6.953684210870537,4
2510.11650,2025-10-14,50,7.076653815443951,49,1,6.953684210870537,6
2510.11652,2025-10-14,50,7.05617528410041,49,1,6.966967138613983,30
2510.11690,2025-10-14,50,6.926577033222725,49,1,6.786716950605081,171
2510.11696,2025-10-14,50,6.915723448631314,49,0,6.86171134048073,182
2510.11701,2025-10-14,50,7.053585727193677,49,1,6.966967138613983,33
2510.11712,2025-10-14,50,7.055312843339752,49,1,7.055312843339752,31
2510.11713,2025-10-14,50,7.077498053569231,49,1,6.980075940561763,5
2510.11718,2025-10-14,50,7.069874128458572,49,1,6.953684210870537,14
2510.11769,2025-10-14,50,7.059617628291383,49,1,6.86171134048073,26
2510.01171,2025-10-15,47,7.085064293952548,46,0,7.065613363597717,19
2510.06727,2025-10-15,47,7.0967213784947605,46,0,7.011213987350367,5
2510.08532,2025-10-15,47,7.095064377287131,46,0,6.5998704992128365,7
2510.08666,2025-10-15,47,7.097548850614793,46,0,7.074116816197362,4
2510.08783,2025-10-15,47,7.0967213784947605,46,0,6.5998704992128365,5
2510.09062,2025-10-15,47,7.099201743553092,46,0,7.069874128458572,2
2510.09116,2025-10-15,47,7.017506142941256,46,0,7.011213987350367,97
2510.09259,2025-10-15,47,7.097548850614793,46,0,7.069874128458572,4
2510.09263,2025-10-15,47,7.098375638590786,46,0,6.5998704992128365,3
2510.09776,2025-10-15,47,7.098375638590786,46,0,7.069874128458572,3
2510.09782,2025-10-15,47,7.095064377287131,46,0,6.5998704992128365,7
2510.11000,2025-10-15,47,7.0925737159746784,46,0,7.074116816197362,10
2510.11057,2025-10-15,47,7.074963197966044,46,0,6.5998704992128365,31
2510.11330,2025-10-15,47,7.099201743553092,46,0,7.074116816197362,2
2510.11545,2025-10-15,47,7.098375638590786,46,0,7.069874128458572,3
2510.11570,2025-10-15,47,7.099201743553092,46,0,7.069874128458572,2
2510.11602,2025-10-15,47,7.088408778675395,46,0,7.078341579557671,15
2510.11606,2025-10-15,47,7.095893221097532,46,0,7.095893221097532,6
2510.11661,2025-10-15,47,7.097548850614793,46,0,7.069874128458572,4
2510.11683,2025-10-15,47,7.087573705557973,46,0,7.074116816197362,16
2510.11693,2025-10-15,47,7.007600613951853,46,0,6.5998704992128365,108
2510.11851,2025-10-15,47,7.099201743553092,46,0,7.011213987350367,2
2510.11892,2025-10-15,47,7.081708586105575,46,0,7.065613363597717,23
2510.11919,2025-10-15,47,7.095893221097532,46,0,6.5998704992128365,6
2510.11967,2025-10-15,47,7.094234845924755,46,0,7.069874128458572,8
2510.12088,2025-10-15,47,7.0967213784947605,46,0,6.5998704992128365,5
2510.12117,2025-10-15,47,7.10002716662926,46,0,6.5998704992128365,1
2510.12225,2025-10-15,47,7.0909098220799835,46,0,6.5998704992128365,12
2510.12269,2025-10-15,47,7.091742115095153,46,0,7.069874128458572,11
2510.12276,2025-10-15,47,6.96979066990159,46,0,6.5998704992128365,149
2510.12323,2025-10-15,47,7.030857476116121,46,0,6.943122422819428,82
2510.12399,2025-10-15,47,7.0587581525186645,46,0,6.943122422819428,50
2510.12402,2025-10-15,47,7.0925737159746784,46,0,7.078341579557671,10
2510.12403,2025-10-15,47,6.982862751468942,46,0,6.982862751468942,135
2510.12497,2025-10-15,47,7.099201743553092,46,0,7.078341579557671,2
2510.12586,2025-10-15,47,7.001245622069476,46,0,6.946013991099227,115
2510.12635,2025-10-15,47,7.086737934510577,46,0,6.943122422819428,17
2510.12693,2025-10-15,47,7.077498053569231,46,0,6.943122422819428,28
2510.12709,2025-10-15,47,7.089243155027514,46,0,6.5998704992128365,14
2510.12747,2025-10-15,47,7.067319848653476,46,0,6.946013991099227,40
2510.12773,2025-10-15,47,7.074116816197362,46,0,6.5998704992128365,32
2510.12777,2025-10-15,47,7.095893221097532,46,0,6.5998704992128365,6
2510.12784,2025-10-15,47,7.084226422097916,46,0,6.5998704992128365,20
2510.12789,2025-10-15,47,7.085064293952548,46,0,6.946013991099227,19
2510.12793,2025-10-15,47,7.0967213784947605,46,0,6.5998704992128365,5
2510.12798,2025-10-15,47,7.05617528410041,46,0,6.5998704992128365,53
2510.12801,2025-10-15,47,7.089243155027514,46,0,6.5998704992128365,14
2510.04767,2025-10-16,43,6.608000625296087,42,0,6.520621127558696,28
2510.07414,2025-10-16,43,6.641182169740591,42,0,6.63200177739563,3
2510.07944,2025-10-16,43,6.612041034833092,42,0,6.3080984415095305,25
2510.09913,2025-10-16,43,6.638567789166521,42,0,6.590301048196686,5
2510.10274,2025-10-16,43,6.6240652277998935,42,0,6.606650186198215,16
2510.10494,2025-10-16,43,6.642486801367256,42,0,6.590301048196686,2
2510.10581,2025-10-16,43,6.641182169740591,42,0,6.63200177739563,3
2510.10611,2025-10-16,43,6.638567789166521,42,0,6.61472560020376,5
2510.10921,2025-10-16,43,6.6293632534374485,42,0,6.6293632534374485,12
2510.10930,2025-10-16,43,6.643789733147672,42,0,6.590301048196686,1
2510.10977,2025-10-16,43,6.63200177739563,42,0,6.61472560020376,10
2510.11062,2025-10-16,43,6.606650186198215,42,0,6.520621127558696,29
2510.11170,2025-10-16,43,6.641182169740591,42,0,6.590301048196686,3
2510.11438,2025-10-16,43,6.6293632534374485,42,0,6.606650186198215,12
2510.11653,2025-10-16,43,6.642486801367256,42,0,6.590301048196686,2
2510.11715,2025-10-16,43,6.639875833826536,42,0,6.588926477533519,4
2510.11958,2025-10-16,43,6.633318433280377,42,0,6.6240652277998935,9
2510.12560,2025-10-16,43,6.637258031284457,42,0,6.61472560020376,6
2510.12831,2025-10-16,43,6.638567789166521,42,0,6.597145701886651,5
2510.12866,2025-10-16,43,6.637258031284457,42,0,6.637258031284457,6
2510.12872,2025-10-16,43,6.639875833826536,42,0,6.63200177739563,4
2510.13255,2025-10-16,43,6.642486801367256,42,0,6.61472560020376,2
2510.13282,2025-10-16,43,6.630683385642372,42,0,6.630683385642372,11
2510.13344,2025-10-16,43,6.556778356158042,42,0,6.556778356158042,65
2510.13515,2025-10-16,43,6.6293632534374485,42,0,6.61472560020376,12
2510.13554,2025-10-16,43,6.565264970035361,42,0,6.565264970035361,59
2510.13586,2025-10-16,43,6.643789733147672,42,0,6.606650186198215,1
2510.13602,2025-10-16,43,6.635946555686647,42,0,6.6240652277998935,7
2510.13621,2025-10-16,43,6.62273632394984,42,0,6.62273632394984,17
2510.13626,2025-10-16,43,6.580639137284949,42,0,6.556778356158042,48
2510.13678,2025-10-16,43,6.543911845564792,42,0,6.3080984415095305,74
2510.13714,2025-10-16,43,6.641182169740591,42,0,6.641182169740591,3
2510.13744,2025-10-16,43,6.637258031284457,42,0,6.590301048196686,6
2510.13747,2025-10-16,43,6.601230118728877,42,0,6.3080984415095305,33
2510.13759,2025-10-16,43,6.630683385642372,42,0,6.61472560020376,11
2510.13778,2025-10-16,43,6.62273632394984,42,0,6.556778356158042,17
2510.13786,2025-10-16,43,6.601230118728877,42,0,6.520621127558696,33
2510.13795,2025-10-16,43,6.5638555265321274,42,0,6.3080984415095305,60
2510.13800,2025-10-16,43,6.625392368007956,42,0,6.590301048196686,15
2510.13802,2025-10-16,43,6.6039438246004725,42,0,6.597145701886651,31
2510.13804,2025-10-16,43,6.608000625296087,42,0,6.3080984415095305,28
2510.13809,2025-10-16,43,6.594413459749778,42,0,6.588926477533519,38
2510.13940,2025-10-16,43,6.635946555686647,42,0,6.590301048196686,7
2510.04849,2025-10-17,50,7.029972911706386,49,0,6.8679744089702925,117
2510.06694,2025-10-17,50,7.126087273299125,49,0,7.044032897274685,3
2510.09033,2025-10-17,50,7.114769448366463,49,0,6.8679744089702925,17
2510.10390,2025-10-17,50,7.124478262493424,49,0,7.106606137727303,5
2510.10472,2025-10-17,50,7.121252453244542,49,0,7.01301578963963,9
2510.10518,2025-10-17,50,7.113142108707088,49,0,6.928537818164665,19
2510.12764,2025-10-17,50,7.118826249062078,49,0,7.087573705557973,12
2510.13054,2025-10-17,50,7.115582126184454,49,0,7.028201432058005,16
2510.13161,2025-10-17,50,7.1276936993473985,49,0,7.1276936993473985,1
2510.13217,2025-10-17,50,7.111512116496157,49,0,7.111512116496157,21
2510.13454,2025-10-17,50,7.1204443723924875,49,0,7.113956109566034,10
2510.13697,2025-10-17,50,7.122866658599083,49,0,7.122866658599083,7
2510.13913,2025-10-17,50,7.1252830915107115,49,0,7.01301578963963,4
2510.13928,2025-10-17,50,7.1098794630722715,49,0,7.0431599159883405,23
2510.13996,2025-10-17,50,7.121252453244542,49,0,7.117205503164344,9
2510.13998,2025-10-17,50,7.078341579557671,49,0,7.078341579557671,61
2510.14095,2025-10-17,50,7.123672785204607,49,0,7.0431599159883405,6
2510.14211,2025-10-17,50,7.121252453244542,49,0,7.0431599159883405,9
2510.14240,2025-10-17,50,7.1180162044653335,49,0,7.01301578963963,13
2510.14252,2025-10-17,50,7.126087273299125,49,0,7.106606137727303,3
2510.14276,2025-10-17,50,7.115582126184454,49,0,7.087573705557973,16
2510.14300,2025-10-17,50,7.118826249062078,49,0,7.087573705557973,12
2510.14351,2025-10-17,50,7.126890808898808,49,0,7.01301578963963,2
2510.14359,2025-10-17,50,7.064759027791802,49,0,7.064759027791802,77
2510.14528,2025-10-17,50,7.020190708311925,49,0,6.928537818164665,128
2510.14545,2025-10-17,50,7.037905963447182,49,0,7.01301578963963,108
2510.14616,2025-10-17,50,7.1180162044653335,49,0,7.0431599159883405,13
2510.14763,2025-10-17,50,7.117205503164344,49,0,7.0431599159883405,14
2510.14807,2025-10-17,50,7.119635638017636,49,0,7.0431599159883405,11
2510.14847,2025-10-17,50,7.0825485693553,49,0,6.928537818164665,56
2510.14880,2025-10-17,50,7.113142108707088,49,0,7.106606137727303,19
2510.14902,2025-10-17,50,7.114769448366463,49,0,7.028201432058005,17
2510.14913,2025-10-17,50,7.124478262493424,49,0,7.117205503164344,5
2510.14919,2025-10-17,50,7.1252830915107115,49,0,7.0431599159883405,4
2510.14942,2025-10-17,50,7.126087273299125,49,0,7.0431599159883405,3
2510.14943,2025-10-17,50,7.095893221097532,49,0,6.8679744089702925,40
2510.14949,2025-10-17,50,7.123672785204607,49,0,7.028201432058005,6
2510.14955,2025-10-17,50,7.123672785204607,49,0,7.0431599159883405,6
2510.14958,2025-10-17,50,7.1098794630722715,49,0,6.928537818164665,23
2510.14961,2025-10-17,50,7.122059881629142,49,0,7.044032897274685,8
2510.14967,2025-10-17,50,7.10085190894405,49,0,6.8679744089702925,34
2510.14969,2025-10-17,50,7.122059881629142,49,0,7.113956109566034,8
2510.14972,2025-10-17,50,7.10002716662926,49,0,6.8679744089702925,35
2510.14973,2025-10-17,50,7.093404625868766,49,0,6.8679744089702925,43
2510.14974,2025-10-17,50,7.1204443723924875,49,0,7.087573705557973,10
2510.14975,2025-10-17,50,7.057036981697891,49,0,7.044032897274685,86
2510.14976,2025-10-17,50,7.1252830915107115,49,0,7.044032897274685,4
2510.14978,2025-10-17,50,7.1204443723924875,49,0,7.028201432058005,10
2510.14979,2025-10-17,50,7.0707241072602764,49,0,7.028201432058005,70
2510.14980,2025-10-17,50,7.1180162044653335,49,0,7.0431599159883405,13
2510.11288,2025-10-20,28,6.635946555686647,27,0,6.52795791762255,48
2510.11328,2025-10-20,28,6.688354713946762,27,0,6.670766320845874,7
2510.12766,2025-10-20,28,6.664409020350408,27,0,6.52795791762255,26
2510.12838,2025-10-20,28,6.665683717782408,27,0,6.52795791762255,25
2510.14077,2025-10-20,28,6.692083742506628,27,0,6.684611727667927,4
2510.14265,2025-10-20,28,6.672032945461067,27,0,6.672032945461067,20
2510.14438,2025-10-20,28,6.679599185844383,27,0,6.670766320845874,14
2510.14630,2025-10-20,28,6.693323668269949,27,0,6.60934924316738,3
2510.14853,2025-10-20,28,6.690842277418564,27,0,6.690842277418564,5
2510.15019,2025-10-20,28,6.61338421837956,27,0,6.42648845745769,65
2510.15110,2025-10-20,28,6.674561391814426,27,0,6.658011045870748,18
2510.15162,2025-10-20,28,6.693323668269949,27,0,6.693323668269949,3
2510.15232,2025-10-20,28,6.6895992691789665,27,0,6.522092798170152,6
2510.15262,2025-10-20,28,6.6895992691789665,27,0,6.684611727667927,6
2510.15264,2025-10-20,28,6.692083742506628,27,0,6.60934924316738,4
2510.15280,2025-10-20,28,6.677083461247136,27,0,6.522092798170152,16
2510.15301,2025-10-20,28,6.633318433280377,27,0,6.60934924316738,50
2510.15444,2025-10-20,28,6.490723534502507,27,0,6.490723534502507,151
2510.15564,2025-10-20,28,6.683360945766275,27,0,6.60934924316738,11
2510.15624,2025-10-20,28,6.678342114654332,27,0,6.522092798170152,15
2510.15742,2025-10-20,28,6.630683385642372,27,0,6.630683385642372,52
2510.15831,2025-10-20,28,6.666956792429207,27,0,6.42648845745769,24
2510.15842,2025-10-20,28,6.663132695990803,27,0,6.52795791762255,27
2510.15857,2025-10-20,28,6.664409020350408,27,0,6.42648845745769,26
2510.15859,2025-10-20,28,6.680854678790215,27,0,6.658011045870748,13
2510.15868,2025-10-20,28,6.663132695990803,27,0,6.42648845745769,27
2510.15869,2025-10-20,28,6.633318433280377,27,0,6.42648845745769,50
2510.15870,2025-10-20,28,6.57507584059962,27,0,6.522092798170152,93
2510.06471,2025-10-21,36,6.648984550024776,35,0,6.60934924316738,1
2510.14605,2025-10-21,36,6.643789733147672,35,0,6.493753839851686,5
2510.15021,2025-10-21,36,6.637258031284457,35,0,6.630683385642372,10
2510.15346,2025-10-21,36,6.6052979209482015,35,0,6.586171654854675,34
2510.15527,2025-10-21,36,6.646390514847729,35,0,6.633318433280377,3
2510.15768,2025-10-21,36,6.646390514847729,35,0,6.633318433280377,3
2510.15821,2025-10-21,36,6.61472560020376,35,0,6.61472560020376,27
2510.16136,2025-10-21,36,6.643789733147672,35,0,6.630683385642372,5
2510.16156,2025-10-21,36,6.647688373563329,35,0,6.60934924316738,2
2510.16258,2025-10-21,36,6.639875833826536,35,0,6.493753839851686,8
2510.16259,2025-10-21,36,6.645090969505644,35,0,6.60934924316738,4
2510.16276,2025-10-21,36,6.645090969505644,35,0,6.608000625296087,4
2510.16333,2025-10-21,36,6.584791392385716,35,0,6.282266746896006,49
2510.16380,2025-10-21,36,6.647688373563329,35,0,6.60934924316738,2
2510.16449,2025-10-21,36,6.6039438246004725,35,0,6.4692503167957724,35
2510.16499,2025-10-21,36,6.645090969505644,35,0,6.608000625296087,4
2510.16641,2025-10-21,36,6.643789733147672,35,0,6.633318433280377,5
2510.16720,2025-10-21,36,6.639875833826536,35,0,6.608000625296087,8
2510.16727,2025-10-21,36,6.647688373563329,35,0,6.633318433280377,2
2510.16751,2025-10-21,36,6.62273632394984,35,0,6.282266746896006,21
2510.16872,2025-10-21,36,6.492239835020471,35,0,6.492239835020471,113
2510.16888,2025-10-21,36,6.621405651764134,35,0,6.282266746896006,22
2510.17269,2025-10-21,36,6.539585955617669,35,0,6.282266746896006,81
2510.17354,2025-10-21,36,6.6039438246004725,35,0,6.4692503167957724,35
2510.17431,2025-10-21,36,6.643789733147672,35,0,6.608000625296087,5
2510.17498,2025-10-21,36,6.634633357861686,35,0,6.60934924316738,12
2510.17509,2025-10-21,36,6.621405651764134,35,0,6.4692503167957724,22
2510.17681,2025-10-21,36,6.56244409369372,35,0,6.282266746896006,65
2510.17715,2025-10-21,36,6.602587892189336,35,0,6.4692503167957724,36
2510.17790,2025-10-21,36,6.642486801367256,35,0,6.60934924316738,6
2510.17793,2025-10-21,36,6.645090969505644,35,0,6.60934924316738,4
2510.17795,2025-10-21,36,6.630683385642372,35,0,6.630683385642372,15
2510.17797,2025-10-21,36,6.635946555686647,35,0,6.608000625296087,11
2510.17800,2025-10-21,36,6.556778356158042,35,0,6.493753839851686,69
2510.17803,2025-10-21,36,6.63200177739563,35,0,6.586171654854675,14
2510.17960,2025-10-21,36,6.610696044717759,35,0,6.493753839851686,30
2510.07581,2025-10-22,37,6.884486652042782,36,0,6.802394763324311,8
2510.13982,2025-10-22,37,6.889591308354466,36,0,6.8679744089702925,3
2510.14264,2025-10-22,37,6.882437470997847,36,0,6.802394763324311,10
2510.14463,2025-10-22,37,6.889591308354466,36,0,6.889591308354466,3
2510.15136,2025-10-22,37,6.890609120147166,36,0,6.870053411798126,2
2510.15600,2025-10-22,37,6.88653164253051,36,0,6.870053411798126,6
2510.15710,2025-10-22,37,6.884486652042782,36,0,6.70073110954781,8
2510.15862,2025-10-22,37,6.882437470997847,36,0,6.8679744089702925,10
2510.16505,2025-10-22,37,6.8885724595653635,36,0,6.70073110954781,4
2510.16880,2025-10-22,37,6.837332814685591,36,0,6.802394763324311,53
2510.17045,2025-10-22,37,6.883462586413092,36,0,6.70073110954781,9
2510.17388,2025-10-22,37,6.8885724595653635,36,0,6.802394763324311,4
2510.17519,2025-10-22,37,6.882437470997847,36,0,6.8679744089702925,10
2510.17699,2025-10-22,37,6.8679744089702925,36,0,6.530877627725885,24
2510.17722,2025-10-22,37,6.872128101338986,36,0,6.530877627725885,20
2510.17862,2025-10-22,37,6.885509670034818,36,0,6.8679744089702925,7
2510.17928,2025-10-22,37,6.8885724595653635,36,0,6.8679744089702925,4
2510.18019,2025-10-22,37,6.874198495453294,36,0,6.6293632534374485,18
2510.18081,2025-10-22,37,6.889591308354466,36,0,6.889591308354466,3
2510.18087,2025-10-22,37,6.884486652042782,36,0,6.8679744089702925,8
2510.18121,2025-10-22,37,6.7580945044277305,36,0,6.7580945044277305,124
2510.18135,2025-10-22,37,6.810142450115136,36,0,6.530877627725885,78
2510.18234,2025-10-22,37,6.792344427470809,36,0,6.70073110954781,94
2510.18250,2025-10-22,37,6.878326468291325,36,0,6.870053411798126,14
2510.18489,2025-10-22,37,6.88653164253051,36,0,6.8679744089702925,6
2510.18554,2025-10-22,37,6.882437470997847,36,0,6.802394763324311,10
2510.18632,2025-10-22,37,6.8690144506657065,36,0,6.530877627725885,23
2510.18692,2025-10-22,37,6.8501261661455,36,0,6.530877627725885,41
2510.18701,2025-10-22,37,6.821107472256465,36,0,6.530877627725885,68
2510.18726,2025-10-22,37,6.86484777797086,36,0,6.530877627725885,27
2510.18775,2025-10-22,37,6.874198495453294,36,0,6.530877627725885,18
2510.18795,2025-10-22,37,6.881411303642535,36,0,6.70073110954781,11
2510.18849,2025-10-22,37,6.871091294610546,36,0,6.6293632534374485,21
2510.18855,2025-10-22,37,6.815639990074331,36,0,6.6293632534374485,73
2510.18866,2025-10-22,37,6.767343125265392,36,0,6.6293632534374485,116
2510.18873,2025-10-22,37,6.883462586413092,36,0,6.70073110954781,9
2510.18876,2025-10-22,37,6.854354502255021,36,0,6.70073110954781,37
2510.15015,2025-10-23,37,6.678342114654332,36,0,6.60934924316738,11
2510.15050,2025-10-23,37,6.677083461247136,36,0,6.573680166960646,12
2510.15511,2025-10-23,37,6.601230118728877,36,0,6.553933404025811,70
2510.15731,2025-10-23,37,6.628041376179533,36,0,6.499787040655854,50
2510.16435,2025-10-23,37,6.688354713946762,36,0,6.677083461247136,3
2510.16844,2025-10-23,37,6.680854678790215,36,0,6.573680166960646,9
2510.17932,2025-10-23,37,6.682108597449809,36,0,6.573680166960646,8
2510.18034,2025-10-23,37,6.687108607866515,36,0,6.573680166960646,4
2510.18091,2025-10-23,37,6.682108597449809,36,0,6.664409020350408,8
2510.18279,2025-10-23,37,6.684611727667927,36,0,6.573680166960646,6
2510.18313,2025-10-23,37,6.673297967767654,36,0,6.673297967767654,15
2510.18428,2025-10-23,37,6.687108607866515,36,0,6.687108607866515,4
2510.18840,2025-10-23,37,6.687108607866515,36,0,6.573680166960646,4
2510.18909,2025-10-23,37,6.68586094706836,36,0,6.553933404025811,5
2510.18917,2025-10-23,37,6.68586094706836,36,0,6.68586094706836,5
2510.18927,2025-10-23,37,6.580639137284949,36,0,6.403574197934815,85
2510.18940,2025-10-23,37,6.680854678790215,36,0,6.664409020350408,9
2510.18941,2025-10-23,37,6.675823221634848,36,0,6.553933404025811,13
2510.19028,2025-10-23,37,6.682108597449809,36,0,6.682108597449809,8
2510.19127,2025-10-23,37,6.682108597449809,36,0,6.682108597449809,8
2510.19286,2025-10-23,37,6.680854678790215,36,0,6.641182169740591,9
2510.19307,2025-10-23,37,6.651571873589727,36,0,6.612041034833092,32
2510.19316,2025-10-23,37,6.677083461247136,36,0,6.553933404025811,12
2510.19336,2025-10-23,37,6.670766320845874,36,0,6.573680166960646,17
2510.19338,2025-10-23,37,6.535241271013659,36,0,6.403574197934815,117
2510.19363,2025-10-23,37,6.610696044717759,36,0,6.499787040655854,63
2510.19386,2025-10-23,37,6.680854678790215,36,0,6.641182169740591,9
2510.19430,2025-10-23,37,6.6240652277998935,36,0,6.60934924316738,53
2510.19457,2025-10-23,37,6.680854678790215,36,0,6.677083461247136,9
2510.19488,2025-10-23,37,6.664409020350408,36,0,6.641182169740591,22
2510.19492,2025-10-23,37,6.68586094706836,36,0,6.664409020350408,5
2510.19592,2025-10-23,37,6.675823221634848,36,0,6.573680166960646,13
2510.19631,2025-10-23,37,6.656726524178391,36,0,6.656726524178391,28
2510.19753,2025-10-23,37,6.687108607866515,36,0,6.553933404025811,4
2510.19808,2025-10-23,37,6.654152520183219,36,0,6.612041034833092,30
2510.19817,2025-10-23,37,6.670766320845874,36,0,6.573680166960646,17
2510.20168,2025-10-23,37,6.656726524178391,36,0,6.499787040655854,28
2510.12487,2025-10-24,28,6.259581464064923,27,0,6.253828811575473,9
2510.15804,2025-10-24,28,6.270988431858299,27,0,6.253828811575473,3
2510.16893,2025-10-24,28,6.2422232654551655,27,0,6.202535517187923,18
2510.16917,2025-10-24,28,6.238324625039508,27,0,6.202535517187923,20
2510.17853,2025-10-24,28,6.261491684321042,27,0,6.212606095751519,8
2510.17896,2025-10-24,28,6.267200548541362,27,0,6.257667587882639,5
2510.18245,2025-10-24,28,6.263398262591624,27,0,6.257667587882639,7
2510.18413,2025-10-24,28,6.267200548541362,27,0,6.257667587882639,5
2510.18821,2025-10-24,28,6.240275845170769,27,0,6.150602768446279,19
2510.19304,2025-10-24,28,6.230481447578482,27,0,6.150602768446279,24
2510.19365,2025-10-24,28,6.2422232654551655,27,0,6.113682179832232,18
2510.19423,2025-10-24,28,6.267200548541362,27,0,6.212606095751519,5
2510.19600,2025-10-24,28,6.135564891081739,27,0,6.082218910376446,70
2510.19779,2025-10-24,28,6.152732694704104,27,0,6.113682179832232,62
2510.19944,2025-10-24,28,6.234410725718371,27,0,6.234410725718371,22
2510.19995,2025-10-24,28,6.267200548541362,27,0,6.212606095751519,5
2510.20187,2025-10-24,28,6.238324625039508,27,0,6.150602768446279,20
2510.20270,2025-10-24,28,6.263398262591624,27,0,6.263398262591624,7
2510.20362,2025-10-24,28,6.270988431858299,27,0,6.257667587882639,3
2510.20470,2025-10-24,28,6.253828811575473,27,0,6.082218910376446,12
2510.20579,2025-10-24,28,6.16541785423142,27,0,6.075346031088684,56
2510.20668,2025-10-24,28,6.261491684321042,27,0,6.244166900663736,8
2510.20733,2025-10-24,28,6.248042874508429,27,0,6.212606095751519,15
2510.20766,2025-10-24,28,6.20455776256869,27,0,6.182084906716632,37
2510.20771,2025-10-24,28,6.259581464064923,27,0,6.244166900663736,9
2510.20803,2025-10-24,28,6.253828811575473,27,0,6.082218910376446,12
2510.20820,2025-10-24,28,6.255750041753367,27,0,6.182084906716632,11
2510.20822,2025-10-24,28,6.19644412779452,27,0,6.075346031088684,41
2510.11370,2025-10-27,26,6.246106765481563,25,0,6.230481447578482,4
2510.13251,2025-10-27,26,6.226536669287466,25,0,6.2166061010848646,14
2510.14901,2025-10-27,26,6.154858094016418,25,0,6.154858094016418,49
2510.17234,2025-10-27,26,6.244166900663736,25,0,6.240275845170769,5
2510.18212,2025-10-27,26,6.182084906716632,25,0,5.942799375126701,36
2510.19871,2025-10-27,26,6.194405391104672,25,0,6.194405391104672,30
2510.20206,2025-10-27,26,6.230481447578482,25,0,6.1675164908883415,12
2510.20286,2025-10-27,26,6.206575926724928,25,0,6.054439346269371,24
2510.20479,2025-10-27,26,6.230481447578482,25,0,6.230481447578482,12
2510.20535,2025-10-27,26,6.238324625039508,25,0,6.220590170099739,8
2510.20708,2025-10-27,26,6.249975242259483,25,0,6.240275845170769,2
2510.20780,2025-10-27,26,6.244166900663736,25,0,6.230481447578482,5
2510.20888,2025-10-27,26,6.152732694704104,25,0,6.054439346269371,50
2510.21057,2025-10-27,26,6.244166900663736,25,0,6.236369590203704,5
2510.21111,2025-10-27,26,6.248042874508429,25,0,6.230481447578482,3
2510.21223,2025-10-27,26,6.230481447578482,25,0,6.220590170099739,12
2510.21270,2025-10-27,26,6.20455776256869,25,0,6.20455776256869,25
2510.21440,2025-10-27,26,6.236369590203704,25,0,6.220590170099739,9
2510.21447,2025-10-27,26,6.244166900663736,25,0,6.220590170099739,5
2510.21553,2025-10-27,26,6.244166900663736,25,0,6.2166061010848646,5
2510.21581,2025-10-27,26,6.246106765481563,25,0,6.246106765481563,4
2510.21583,2025-10-27,26,6.192362489474872,25,0,6.1675164908883415,31
2510.21618,2025-10-27,26,6.0330862217988015,25,0,5.942799375126701,103
2510.21652,2025-10-27,26,6.246106765481563,25,0,6.236369590203704,4
2510.21682,2025-10-27,26,6.169610732491456,25,0,6.169610732491456,42
2510.21697,2025-10-27,26,6.214608098422191,25,0,6.054439346269371,20
2510.07723,2025-10-28,36,6.851184927493743,35,1,6.79346613258001,5
2510.16320,2025-10-28,36,6.852242569051878,35,1,6.79346613258001,4
2510.20512,2025-10-28,36,6.852242569051878,35,1,6.796823718274855,4
2510.21003,2025-10-28,36,6.848005274576363,35,1,6.848005274576363,8
2510.21800,2025-10-28,36,6.853299093186078,35,1,6.79346613258001,3
2510.21817,2025-10-28,36,6.812345094177479,35,1,6.812345094177479,41
2510.21986,2025-10-28,36,6.8501261661455,35,1,6.796823718274855,6
2510.22010,2025-10-28,36,6.853299093186078,35,1,6.796823718274855,3
2510.22200,2025-10-28,36,6.815639990074331,35,1,6.796823718274855,38
2510.22201,2025-10-28,36,6.816735880594968,35,1,6.78897174299217,37
2510.22236,2025-10-28,36,6.852242569051878,35,1,6.796823718274855,4
2510.22317,2025-10-28,36,6.852242569051878,35,1,6.79346613258001,4
2510.22521,2025-10-28,36,6.823286122355687,35,1,6.424869023905388,31
2510.22603,2025-10-28,36,6.853299093186078,35,1,6.853299093186078,3
2510.22706,2025-10-28,36,6.811244378601294,35,1,6.79346613258001,42
2510.22733,2025-10-28,36,6.822197390620491,35,1,6.756932389247553,32
2510.22849,2025-10-28,36,6.852242569051878,35,1,6.852242569051878,4
2510.22907,2025-10-28,36,6.851184927493743,35,1,6.827629234502852,5
2510.22946,2025-10-28,36,6.837332814685591,35,1,6.424869023905388,18
2510.22975,2025-10-28,36,6.846943139585379,35,1,6.78897174299217,9
2510.23052,2025-10-28,36,6.824373670043086,35,1,6.756932389247553,30
2510.23272,2025-10-28,36,6.846943139585379,35,1,6.827629234502852,9
2510.23393,2025-10-28,36,6.834108738813838,35,1,6.834108738813838,21
2510.23451,2025-10-28,36,6.826545223556594,35,1,6.756932389247553,28
2510.23479,2025-10-28,36,6.837332814685591,35,1,6.424869023905388,18
2510.23544,2025-10-28,36,6.846943139585379,35,1,6.846943139585379,9
2510.23564,2025-10-28,36,6.717804695023691,35,1,6.717804695023691,123
2510.23571,2025-10-28,36,6.84587987526405,35,1,6.78897174299217,10
2510.23581,2025-10-28,36,6.811244378601294,35,1,6.811244378601294,42
2510.23587,2025-10-28,36,6.78332520060396,35,1,6.78332520060396,67
2510.23588,2025-10-28,36,6.792344427470809,35,1,6.424869023905388,59
2510.23594,2025-10-28,36,6.8501261661455,35,1,6.78897174299217,6
2510.23595,2025-10-28,36,6.842683282238422,35,1,6.827629234502852,13
2510.23603,2025-10-28,36,6.828712071641684,35,1,6.424869023905388,26
2510.23605,2025-10-28,36,6.8501261661455,35,1,6.8501261661455,6
2510.23607,2025-10-28,36,6.645090969505644,35,0,6.424869023905388,181
2510.17439,2025-10-29,41,6.836259277277067,40,0,6.767343125265392,28
2510.20155,2025-10-29,41,6.859614903654202,40,0,6.859614903654202,6
2510.20661,2025-10-29,41,6.849066282633458,40,0,6.840546529288687,16
2510.21323,2025-10-29,41,6.86171134048073,40,0,6.799055862058796,4
2510.21978,2025-10-29,41,6.849066282633458,40,0,6.826545223556594,16
2510.22037,2025-10-29,41,6.842683282238422,40,0,6.842683282238422,22
2510.22099,2025-10-29,41,6.86171134048073,40,0,6.86171134048073,4
2510.22264,2025-10-29,41,6.862757913051401,40,0,6.840546529288687,3
2510.22319,2025-10-29,41,6.862757913051401,40,0,6.831953565565855,3
2510.22373,2025-10-29,41,6.8501261661455,40,0,6.799055862058796,15
2510.22590,2025-10-29,41,6.860663671448287,40,0,6.840546529288687,5
2510.22728,2025-10-29,41,6.862757913051401,40,0,6.799055862058796,3
2510.22768,2025-10-29,41,6.85751406254539,40,0,6.799055862058796,8
2510.22795,2025-10-29,41,6.859614903654202,40,0,6.859614903654202,6
2510.22876,2025-10-29,41,6.839476438228843,40,0,6.297109319933935,25
2510.23642,2025-10-29,41,6.842683282238422,40,0,6.767343125265392,22
2510.23667,2025-10-29,41,6.862757913051401,40,0,6.831953565565855,3
2510.23691,2025-10-29,41,6.805722553416985,40,0,6.805722553416985,56
2510.23763,2025-10-29,41,6.799055862058796,40,0,6.767343125265392,62
2510.23828,2025-10-29,41,6.863803391452954,40,0,6.863803391452954,2
2510.23925,2025-10-29,41,6.855408798609928,40,0,6.799055862058796,10
2510.24081,2025-10-29,41,6.840546529288687,40,0,6.297109319933935,24
2510.24320,2025-10-29,41,6.843749949006225,40,0,6.826545223556594,21
2510.24448,2025-10-29,41,6.859614903654202,40,0,6.831953565565855,6
2510.24514,2025-10-29,41,6.842683282238422,40,0,6.799055862058796,22
2510.24563,2025-10-29,41,6.841615476477592,40,0,6.7650389767805414,23
2510.24591,2025-10-29,41,6.860663671448287,40,0,6.767343125265392,5
2510.24645,2025-10-29,41,6.854354502255021,40,0,6.767343125265392,11
2510.24657,2025-10-29,41,6.838405200847344,40,0,6.7650389767805414,26
2510.24668,2025-10-29,41,6.755768921984255,40,0,6.297109319933935,100
2510.24684,2025-10-29,41,6.846943139585379,40,0,6.297109319933935,18
2510.24693,2025-10-29,41,6.84587987526405,40,0,6.84587987526405,19
2510.24694,2025-10-29,41,6.839476438228843,40,0,6.297109319933935,25
2510.24695,2025-10-29,41,6.839476438228843,40,0,6.297109319933935,25
2510.24697,2025-10-29,41,6.842683282238422,40,0,6.297109319933935,22
2510.24698,2025-10-29,41,6.843749949006225,40,0,6.767343125265392,21
2510.24699,2025-10-29,41,6.786716950605081,40,0,6.297109319933935,73
2510.24701,2025-10-29,41,6.75110146893676,40,0,6.297109319933935,104
2510.24702,2025-10-29,41,6.833031732786201,40,0,6.767343125265392,31
2510.24711,2025-10-29,41,6.844815479208263,40,0,6.831953565565855,20
2510.24717,2025-10-29,41,6.82001636467413,40,0,6.7650389767805414,43
2510.18455,2025-10-30,30,6.79346613258001,29,1,6.79346613258001,17
2510.18672,2025-10-30,30,6.804614520062624,29,1,6.740519359606223,7
2510.19195,2025-10-30,30,6.8001700683022,29,1,6.47543271670409,11
2510.21890,2025-10-30,30,6.739336627357174,29,1,6.733401891837359,64
2510.22304,2025-10-30,30,6.786716950605081,29,1,6.47543271670409,23
2510.22543,2025-10-30,30,6.796823718274855,29,1,6.740519359606223,14
2510.23473,2025-10-30,30,6.71174039505618,29,1,6.47543271670409,87
2510.23538,2025-10-30,30,6.697034247666484,29,1,6.47543271670409,99
2510.24035,2025-10-30,30,6.80903930604298,29,1,6.80128303447162,3
2510.24211,2025-10-30,30,6.810142450115136,29,1,6.733401891837359,2
2510.24592,2025-10-30,30,6.79346613258001,29,1,6.767343125265392,17
2510.24654,2025-10-30,30,6.799055862058796,29,1,6.7650389767805414,12
2510.24718,2025-10-30,30,6.80903930604298,29,1,6.733401891837359,3
2510.24801,2025-10-30,30,6.803505257608338,29,1,6.752270376141742,8
2510.24803,2025-10-30,30,6.796823718274855,29,1,6.7650389767805414,14
2510.24821,2025-10-30,30,6.763884908562435,29,1,6.725033642166843,43
2510.24824,2025-10-30,30,6.79346613258001,29,1,6.752270376141742,17
2510.25039,2025-10-30,30,6.794586580876499,29,1,6.7650389767805414,16
2510.25065,2025-10-30,30,6.7650389767805414,29,1,6.740519359606223,42
2510.25092,2025-10-30,30,6.803505257608338,29,1,6.47543271670409,8
2510.25409,2025-10-30,30,6.805722553416985,29,1,6.767343125265392,6
2510.25590,2025-10-30,30,6.78105762593618,29,1,6.752270376141742,28
2510.25682,2025-10-30,30,6.795705775173514,29,1,6.47543271670409,15
2510.25726,2025-10-30,30,6.759255270663693,29,1,6.447305862541213,47
2510.25741,2025-10-30,30,6.519147287940395,29,0,6.447305862541213,231
2510.25758,2025-10-30,30,6.80903930604298,29,1,6.80128303447162,3
2510.25760,2025-10-30,30,6.79346613258001,29,1,6.47543271670409,17
2510.25771,2025-10-30,30,6.79346613258001,29,1,6.767343125265392,17
2510.25772,2025-10-30,30,6.775366090936392,29,1,6.725033642166843,33
2510.26007,2025-10-30,30,6.807934943699926,29,1,6.80128303447162,4
2510.15510,2025-10-31,29,6.645090969505644,28,0,6.61338421837956,40
2510.19949,2025-10-31,29,6.647688373563329,28,0,6.647688373563329,38
2510.20976,2025-10-31,29,6.692083742506628,28,0,6.674561391814426,3
2510.21970,2025-10-31,29,6.692083742506628,28,0,6.692083742506628,3
2510.22282,2025-10-31,29,6.692083742506628,28,0,6.674561391814426,3
2510.24992,2025-10-31,29,6.690842277418564,28,0,6.690842277418564,4
2510.25132,2025-10-31,29,6.692083742506628,28,0,6.651571873589727,3
2510.25364,2025-10-31,29,6.6895992691789665,28,0,6.6895992691789665,5
2510.25628,2025-10-31,29,6.682108597449809,28,0,6.645090969505644,11
2510.25779,2025-10-31,29,6.682108597449809,28,0,6.665683717782408,11
2510.25867,2025-10-31,29,6.687108607866515,28,0,6.674561391814426,7
2510.25897,2025-10-31,29,6.674561391814426,28,0,6.61338421837956,17
2510.25992,2025-10-31,29,6.634633357861686,28,0,6.054439346269371,48
2510.26020,2025-10-31,29,6.6895992691789665,28,0,6.665683717782408,5
2510.26140,2025-10-31,29,6.687108607866515,28,0,6.61338421837956,7
2510.26160,2025-10-31,29,6.674561391814426,28,0,6.674561391814426,17
2510.26213,2025-10-31,29,6.683360945766275,28,0,6.651571873589727,10
2510.26298,2025-10-31,29,6.637258031284457,28,0,6.054439346269371,46
2510.26474,2025-10-31,29,6.692083742506628,28,0,6.674561391814426,3
2510.26583,2025-10-31,29,6.539585955617669,28,0,6.447305862541213,117
2510.26658,2025-10-31,29,6.659293919683638,28,0,6.645090969505644,29
2510.26692,2025-10-31,29,6.516193076042964,28,0,6.054439346269371,133
2510.26697,2025-10-31,29,6.5337888379333435,28,0,6.054439346269371,121
2510.26768,2025-10-31,29,6.651571873589727,28,0,6.054439346269371,35
2510.26781,2025-10-31,29,6.694562058521095,28,0,6.674561391814426,1
2510.26787,2025-10-31,29,6.68586094706836,28,0,6.665683717782408,8
2510.26794,2025-10-31,29,6.661854740545311,28,0,6.447305862541213,27
2510.26800,2025-10-31,29,6.668228248417403,28,0,6.651571873589727,22
2510.26802,2025-10-31,29,6.652863029353347,28,0,6.447305862541213,34
2510.20150,2025-11-03,23,6.418364935936212,22,0,6.298949246855942,7
2510.23095,2025-11-03,23,6.391917113392602,22,0,6.175867270105761,23
2510.24078,2025-11-03,23,6.424869023905388,22,0,6.424869023905388,3
2510.24411,2025-11-03,23,6.304448802421981,22,0,6.304448802421981,73
2510.24795,2025-11-03,23,6.419994928147142,22,0,6.175867270105761,6
2510.24940,2025-11-03,23,6.400257445308821,22,0,6.298949246855942,18
2510.25080,2025-11-03,23,6.42648845745769,22,0,6.413458957167357,2
2510.25602,2025-11-03,23,6.289715570908998,22,0,6.159095388491933,81
2510.25889,2025-11-03,23,6.317164686747284,22,0,6.159095388491933,66
2510.26345,2025-11-03,23,6.424869023905388,22,0,6.424869023905388,3
2510.26707,2025-11-03,23,6.408528791059498,22,0,6.298949246855942,13
2510.26788,2025-11-03,23,6.376726947898627,22,0,6.298949246855942,32
2510.26887,2025-11-03,23,6.416732282512326,22,0,6.413458957167357,8
2510.27044,2025-11-03,23,6.419994928147142,22,0,6.298949246855942,6
2510.27224,2025-11-03,23,6.424869023905388,22,0,6.424869023905388,3
2510.27258,2025-11-03,23,6.405228458030842,22,0,6.405228458030842,15
2510.27266,2025-11-03,23,6.395261598115449,22,0,6.342121418721152,21
2510.27492,2025-11-03,23,6.278521424165844,22,0,6.175867270105761,87
2510.27606,2025-11-03,23,6.3784261836515865,22,0,6.342121418721152,31
2510.27607,2025-11-03,23,6.413458957167357,22,0,6.175867270105761,10
2510.27623,2025-11-03,23,6.408528791059498,22,0,6.175867270105761,13
2510.27684,2025-11-03,23,6.39024066706535,22,0,6.39024066706535,24
2510.27688,2025-11-03,23,6.302618975744905,22,0,6.302618975744905,74
2510.22115,2025-11-04,30,6.405228458030842,29,0,6.313548046277095,85
2510.24788,2025-11-04,30,6.483107351457199,29,0,6.4457198193855785,36
2510.24794,2025-11-04,30,6.489204931325317,29,0,6.313548046277095,32
2510.26236,2025-11-04,30,6.490723534502507,29,0,6.410174881966167,31
2510.26491,2025-11-04,30,6.520621127558696,29,0,6.4457198193855785,11
2510.26865,2025-11-04,30,6.519147287940395,29,0,6.278521424165844,12
2510.26909,2025-11-04,30,6.516193076042964,29,0,6.278521424165844,14
2510.27363,2025-11-04,30,6.502790045915623,29,0,6.502790045915623,23
2510.27545,2025-11-04,30,6.459904454377535,29,0,6.410174881966167,51
2510.27571,2025-11-04,30,6.507277712385012,29,0,6.489204931325317,20
2511.00062,2025-11-04,30,6.467698726104354,29,0,6.363028103540465,46
2511.00086,2025-11-04,30,6.473890696352274,29,0,6.473890696352274,42
2511.00279,2025-11-04,30,6.4967749901858625,29,0,6.4967749901858625,27
2511.00405,2025-11-04,30,6.52795791762255,29,0,6.278521424165844,6
2511.00602,2025-11-04,30,6.505784060128229,29,0,6.313548046277095,21
2511.00810,2025-11-04,30,6.529418838262226,29,0,6.278521424165844,5
2511.01144,2025-11-04,30,6.530877627725885,29,0,6.530877627725885,4
2511.01163,2025-11-04,30,6.489204931325317,29,0,6.363028103540465,32
2511.01266,2025-11-04,30,6.489204931325317,29,0,6.363028103540465,32
2511.01295,2025-11-04,30,6.478509642208569,29,0,6.278521424165844,39
2511.01340,2025-11-04,30,6.517671272912275,29,0,6.278521424165844,13
2511.01617,2025-11-04,30,6.532334292222349,29,0,6.278521424165844,3
2511.01618,2025-11-04,30,6.520621127558696,29,0,6.278521424165844,11
2511.01678,2025-11-04,30,6.480044561926653,29,0,6.278521424165844,38
2511.01706,2025-11-04,30,6.532334292222349,29,0,6.4457198193855785,3
2511.01718,2025-11-04,30,6.52649485957079,29,0,6.516193076042964,7
2511.01775,2025-11-04,30,6.52649485957079,29,0,6.516193076042964,7
2511.01833,2025-11-04,30,6.513230110912307,29,0,6.278521424165844,16
2511.01846,2025-11-04,30,6.522092798170152,29,0,6.4457198193855785,10
2511.01857,2025-11-04,30,6.519147287940395,29,0,6.489204931325317,12
2510.17950,2025-11-05,25,6.159095388491933,24,0,5.857933154483459,9
2510.19278,2025-11-05,25,6.171700597410915,24,0,6.129050210060545,3
2510.24932,2025-11-05,25,6.159095388491933,24,0,6.054439346269371,9
2510.25616,2025-11-05,25,5.929589143389895,24,0,5.857933154483459,106
2510.25976,2025-11-05,25,6.144185634125646,24,0,6.129050210060545,16
2511.00839,2025-11-05,25,6.156978985585555,24,0,6.054439346269371,10
2511.01202,2025-11-05,25,6.16541785423142,24,0,6.16541785423142,6
2511.01450,2025-11-05,25,6.175867270105761,24,0,6.054439346269371,1
2511.01502,2025-11-05,25,6.173786103901937,24,0,6.169610732491456,2
2511.01914,2025-11-05,25,6.163314804034641,24,0,5.857933154483459,7
2511.01937,2025-11-05,25,6.144185634125646,24,0,6.054439346269371,16
2511.02219,2025-11-05,25,6.173786103901937,24,0,6.169610732491456,2
2511.02243,2025-11-05,25,6.124683390894205,24,0,6.124683390894205,25
2511.02347,2025-11-05,25,6.159095388491933,24,0,6.054439346269371,9
2511.02366,2025-11-05,25,6.169610732491456,24,0,6.129050210060545,4
2511.02374,2025-11-05,25,6.1675164908883415,24,0,6.054439346269371,5
2511.02415,2025-11-05,25,6.1675164908883415,24,0,6.159095388491933,5
2511.02490,2025-11-05,25,6.169610732491456,24,0,6.159095388491933,4
2511.02650,2025-11-05,25,6.156978985585555,24,0,5.857933154483459,10
2511.02687,2025-11-05,25,6.129050210060545,24,0,6.129050210060545,23
2511.02712,2025-11-05,25,6.16541785423142,24,0,6.054439346269371,6
2511.02778,2025-11-05,25,5.937536205082426,24,0,5.765191102784844,103
2511.02779,2025-11-05,25,6.045005314036012,24,0,5.765191102784844,60
2511.02832,2025-11-05,25,6.156978985585555,24,0,6.156978985585555,10
2511.03601,2025-11-05,25,6.113682179832232,24,0,6.113682179832232,30
2511.01294,2025-11-06,13,5.786897381366708,12,0,5.777652323222656,14
2511.02309,2025-11-06,13,5.817111159963204,12,0,5.707110264748875,4
2511.02358,2025-11-06,13,5.817111159963204,12,0,5.631211781821365,4
2511.02734,2025-11-06,13,5.762051382780177,12,0,5.707110264748875,22
2511.02802,2025-11-06,13,5.780743515792329,12,0,5.780743515792329,16
2511.02818,2025-11-06,13,5.783825182329737,12,0,5.783825182329737,15
2511.03001,2025-11-06,13,5.673323267171493,12,0,5.631211781821365,49
2511.03146,2025-11-06,13,5.805134968916488,12,0,5.631211781821365,8
2511.03276,2025-11-06,13,5.337538079701318,12,0,5.337538079701318,132
2511.03334,2025-11-06,13,5.655991810819852,12,0,5.655991810819852,54
2511.03628,2025-11-06,13,5.7899601708972535,12,0,5.707110264748875,13
2511.03718,2025-11-06,13,5.820082930352362,12,0,5.777652323222656,3
2511.04583,2025-11-06,13,5.814130531825066,12,0,5.814130531825066,5
2510.27656,2025-11-07,15,6.3578422665081,14,1,6.3578422665081,8
2511.00956,2025-11-07,15,6.363028103540465,14,1,6.284134161070802,5
2511.02280,2025-11-07,15,6.364750756851911,14,1,5.356586274672012,4
2511.03295,2025-11-07,15,6.364750756851911,14,1,6.284134161070802,4
2511.03773,2025-11-07,15,6.218600119691729,14,1,6.218600119691729,83
2511.03774,2025-11-07,15,6.349138991379798,14,1,5.356586274672012,13
2511.03929,2025-11-07,15,6.315358001522335,14,1,6.315358001522335,32
2511.03996,2025-11-07,15,6.361302477572996,14,1,6.333279628139691,6
2511.04217,2025-11-07,15,6.342121418721152,14,1,6.342121418721152,17
2511.04307,2025-11-07,15,6.343880434126331,14,1,6.333279628139691,16
2511.04460,2025-11-07,15,6.18826412308259,14,1,5.356586274672012,98
2511.04570,2025-11-07,15,5.8377304471659395,14,0,5.356586274672012,242
2511.04655,2025-11-07,15,6.354370040797351,14,1,5.356586274672012,10
2511.04668,2025-11-07,15,6.361302477572996,14,1,5.356586274672012,6
2511.04670,2025-11-07,15,6.300785794663244,14,1,6.284134161070802,40
2510.24505,2025-11-10,10,5.4638318050256105,9,0,5.298317366548036,4
2511.01047,2025-11-10,10,5.4638318050256105,9,0,5.407171771460119,4
2511.04662,2025-11-10,10,5.318119993844216,9,0,5.298317366548036,36
2511.04707,2025-11-10,10,5.459585514144159,9,0,5.459585514144159,5
2511.04898,2025-11-10,10,5.424950017481403,9,0,5.407171771460119,13
2511.04962,2025-11-10,10,5.209486152841421,9,0,5.209486152841421,57
2511.05017,2025-11-10,10,5.442417710521793,9,0,4.875197323201151,9
2511.05271,2025-11-10,10,5.262690188904886,9,0,4.875197323201151,47
2511.05369,2025-11-10,10,5.43372200355424,9,0,5.43372200355424,11
2511.05491,2025-11-10,10,5.231108616854587,9,0,4.875197323201151,53
2511.00710,2025-11-11,30,6.393590753950631,29,0,6.335054251498059,5
2511.03317,2025-11-11,30,6.39024066706535,29,0,6.39024066706535,7
2511.03506,2025-11-11,30,6.230481447578482,29,0,6.042632833682381,95
2511.04285,2025-11-11,30,6.38856140554563,29,0,6.137727054086234,8
2511.05705,2025-11-11,30,6.385194398997726,29,0,6.335054251498059,10
2511.05933,2025-11-11,30,6.386879319362645,29,0,6.137727054086234,9
2511.05936,2025-11-11,30,6.391917113392602,29,0,6.335054251498059,6
2511.06090,2025-11-11,30,6.393590753950631,29,0,6.137727054086234,5
2511.06174,2025-11-11,30,6.38856140554563,29,0,6.3818160174060985,8
2511.06194,2025-11-11,30,6.380122536899765,29,0,6.380122536899765,13
2511.06209,2025-11-11,30,6.368187186350492,29,0,6.302618975744905,20
2511.06307,2025-11-11,30,6.309918278226516,29,0,6.137727054086234,53
2511.06309,2025-11-11,30,6.338594078203183,29,0,6.302618975744905,37
2511.06411,2025-11-11,30,6.371611847231857,29,0,6.137727054086234,18
2511.06449,2025-11-11,30,6.3784261836515865,29,0,6.137727054086234,14
2511.06876,2025-11-11,30,6.354370040797351,29,0,6.354370040797351,28
2511.07025,2025-11-11,30,6.375024819828097,29,0,6.366470447731438,16
2511.07061,2025-11-11,30,6.393590753950631,29,0,6.366470447731438,5
2511.07070,2025-11-11,30,6.368187186350492,29,0,6.368187186350492,20
2511.07137,2025-11-11,30,6.391917113392602,29,0,6.137727054086234,6
2511.07250,2025-11-11,30,6.371611847231857,29,0,6.335054251498059,18
2511.07253,2025-11-11,30,6.395261598115449,29,0,6.3818160174060985,4
2511.07299,2025-11-11,30,6.386879319362645,29,0,6.137727054086234,9
2511.07317,2025-11-11,30,6.371611847231857,29,0,6.137727054086234,18
2511.07327,2025-11-11,30,6.259581464064923,29,0,6.042632833682381,80
2511.07384,2025-11-11,30,6.369900982828227,29,0,6.369900982828227,19
2511.07409,2025-11-11,30,6.393590753950631,29,0,6.393590753950631,5
2511.07413,2025-11-11,30,6.39024066706535,29,0,6.042632833682381,7
2511.07416,2025-11-11,30,6.3473892096560105,29,0,6.3473892096560105,32
2511.07419,2025-11-11,30,6.3561076606958915,29,0,6.3561076606958915,27
2511.05489,2025-11-12,15,6.198478716492308,14,0,5.883322388488279,3
2511.05650,2025-11-12,15,6.192362489474872,14,0,6.192362489474872,6
2511.05664,2025-11-12,15,6.126869184114185,14,0,6.126869184114185,37
2511.06221,2025-11-12,15,5.886104031450156,14,0,5.886104031450156,135
2511.06281,2025-11-12,15,6.152732694704104,14,0,6.152732694704104,25
2511.06428,2025-11-12,15,6.194405391104672,14,0,6.194405391104672,5
2511.07003,2025-11-12,15,6.131226489483141,14,0,6.131226489483141,35
2511.07080,2025-11-12,15,6.135564891081739,14,0,6.135564891081739,33
2511.07332,2025-11-12,15,5.961005339623274,14,0,5.883322388488279,107
2511.07587,2025-11-12,15,6.184148890937483,14,0,5.883322388488279,10
2511.07885,2025-11-12,15,6.184148890937483,14,0,5.883322388488279,10
2511.08029,2025-11-12,15,6.19644412779452,14,0,6.19644412779452,4
2511.08043,2025-11-12,15,6.192362489474872,14,0,5.883322388488279,6
2511.08319,2025-11-12,15,6.115892125483034,14,0,6.115892125483034,42
2511.08567,2025-11-12,15,6.129050210060545,14,0,6.129050210060545,36
2511.04824,2025-11-13,13,6.363028103540465,12,1,6.363028103540465,5
2511.06073,2025-11-13,13,6.368187186350492,12,1,6.368187186350492,2
2511.06101,2025-11-13,13,6.359573868672378,12,1,6.335054251498059,7
2511.06251,2025-11-13,13,6.3473892096560105,12,1,6.335054251498059,14
2511.06805,2025-11-13,13,6.349138991379798,12,1,6.349138991379798,13
2511.07464,2025-11-13,13,6.300785794663244,12,1,5.986452005284438,40
2511.07499,2025-11-13,13,6.361302477572996,12,1,6.361302477572996,6
2511.08217,2025-11-13,13,6.269096283706261,12,1,5.7430031878094825,57
2511.08633,2025-11-13,13,6.269096283706261,12,1,6.269096283706261,57
2511.08892,2025-11-13,13,5.910796644040527,12,0,5.7430031878094825,216
2511.08923,2025-11-13,13,6.1224928095143865,12,1,5.986452005284438,129
2511.09148,2025-11-13,13,6.340359303727752,12,1,5.986452005284438,18
2511.09515,2025-11-13,13,6.336825731146441,12,1,6.336825731146441,20
2511.01918,2025-11-14,18,6.306275286948016,17,0,6.306275286948016,13
2511.07685,2025-11-14,18,6.311734809152915,17,0,6.126869184114185,10
2511.07790,2025-11-14,18,6.324358962381311,17,0,6.324358962381311,3
2511.08521,2025-11-14,18,6.257667587882639,17,0,5.332718793265369,39
2511.08522,2025-11-14,18,6.297109319933935,17,0,6.297109319933935,18
2511.09030,2025-11-14,18,6.289715570908998,17,0,6.289715570908998,22
2511.09057,2025-11-14,18,6.171700597410915,17,0,5.332718793265369,82
2511.09067,2025-11-14,18,6.326149473155099,17,0,6.313548046277095,2
2511.09715,2025-11-14,18,6.309918278226516,17,0,6.309918278226516,11
2511.09780,2025-11-14,18,6.2766434893416445,17,0,6.126869184114185,29
2511.10017,2025-11-14,18,6.317164686747284,17,0,6.313548046277095,7
2511.10047,2025-11-14,18,6.326149473155099,17,0,6.326149473155099,2
2511.10289,2025-11-14,18,6.293419278846481,17,0,6.293419278846481,20
2511.10507,2025-11-14,18,6.311734809152915,17,0,6.126869184114185,10
2511.10547,2025-11-14,18,6.320768294250582,17,0,6.320768294250582,5
2511.10629,2025-11-14,18,6.063785208687608,17,0,5.332718793265369,131
2511.10643,2025-11-14,18,6.2285110035911835,17,0,6.126869184114185,54
2511.10647,2025-11-14,18,6.129050210060545,17,0,5.332718793265369,102
2511.03108,2025-11-17,23,6.040254711277414,22,0,6.008813185442595,4
2511.07403,2025-11-17,23,6.016157159698354,22,0,5.831882477283517,14
2511.07448,2025-11-17,23,6.042632833682381,22,0,6.003887067106539,3
2511.08195,2025-11-17,23,5.966146739123692,22,0,5.877735781779639,34
2511.08585,2025-11-17,23,5.976350909297934,22,0,5.817111159963204,30
2511.09146,2025-11-17,23,5.786897381366708,22,0,5.786897381366708,98
2511.09554,2025-11-17,23,6.023447592961033,22,0,5.831882477283517,11
2511.09915,2025-11-17,23,6.0330862217988015,22,0,5.831882477283517,7
2511.10258,2025-11-17,23,6.045005314036012,22,0,6.008813185442595,2
2511.10492,2025-11-17,23,6.035481432524756,22,0,6.035481432524756,6
2511.10899,2025-11-17,23,6.040254711277414,22,0,6.008813185442595,4
2511.10984,2025-11-17,23,6.035481432524756,22,0,6.008813185442595,6
2511.11002,2025-11-17,23,6.040254711277414,22,0,5.831882477283517,4
2511.11062,2025-11-17,23,5.968707559985366,22,0,5.877735781779639,33
2511.11134,2025-11-17,23,5.968707559985366,22,0,5.817111159963204,33
2511.11168,2025-11-17,23,6.045005314036012,22,0,6.045005314036012,2
2511.11238,2025-11-17,23,5.953243334287785,22,0,5.953243334287785,39
2511.11257,2025-11-17,23,5.988961416889864,22,0,5.817111159963204,25
2511.11287,2025-11-17,23,6.045005314036012,22,0,6.003887067106539,2
2511.11373,2025-11-17,23,6.016157159698354,22,0,6.003887067106539,14
2511.11434,2025-11-17,23,5.932245187448011,22,0,5.831882477283517,47
2511.11519,2025-11-17,23,6.040254711277414,22,0,6.040254711277414,4
2511.11721,2025-11-17,23,6.0473721790462776,22,0,6.008813185442595,1
2511.02767,2025-11-18,28,7.007600613951853,27,1,6.642486801367256,4
2511.07577,2025-11-18,28,7.010311867307229,27,1,7.004881989712859,1
2511.09611,2025-11-18,28,6.9440872082295275,27,1,6.825460036255307,72
2511.09809,2025-11-18,28,7.00669522683704,27,1,6.642486801367256,5
2511.10628,2025-11-18,28,7.00669522683704,27,1,6.994849985833071,5
2511.11332,2025-11-18,28,6.993932975223189,27,1,6.993932975223189,19
2511.11407,2025-11-18,28,7.00669522683704,27,1,6.642486801367256,5
2511.11510,2025-11-18,28,7.010311867307229,27,1,7.010311867307229,1
2511.11653,2025-11-18,28,6.956545443151569,27,1,6.956545443151569,59
2511.11793,2025-11-18,28,6.816735880594968,27,0,6.650279048587422,196
2511.12133,2025-11-18,28,7.009408932708637,27,1,6.642486801367256,2
2511.12472,2025-11-18,28,7.005789019253503,27,1,7.004881989712859,6
2511.12609,2025-11-18,28,6.90975328164481,27,1,6.642486801367256,107
2511.12710,2025-11-18,28,6.975413927455952,27,1,6.642486801367256,39
2511.12797,2025-11-18,28,7.00397413672268,27,1,6.642486801367256,8
2511.12982,2025-11-18,28,7.007600613951853,27,1,6.642486801367256,4
2511.12997,2025-11-18,28,7.001245622069476,27,1,6.642486801367256,11
2511.13254,2025-11-18,28,6.876264611890766,27,1,6.650279048587422,140
2511.13612,2025-11-18,28,6.881411303642535,27,1,6.881411303642535,135
2511.13646,2025-11-18,28,7.002155954403621,27,1,6.642486801367256,10
2511.13647,2025-11-18,28,6.9440872082295275,27,1,6.825460036255307,72
2511.13648,2025-11-18,28,6.962243464266207,27,1,6.642486801367256,53
2511.13655,2025-11-18,28,7.00033446027523,27,1,6.642486801367256,12
2511.13704,2025-11-18,28,6.970730078143525,27,1,6.825460036255307,44
2511.13714,2025-11-18,28,7.00033446027523,27,1,6.642486801367256,12
2511.13720,2025-11-18,28,6.946013991099227,27,1,6.642486801367256,70
2511.13998,2025-11-18,28,7.00850518208228,27,1,7.00850518208228,3
2511.14659,2025-11-18,28,6.999422467507961,27,1,6.994849985833071,13
2511.07865,2025-11-19,20,6.455198563340122,19,0,6.455198563340122,3
2511.08577,2025-11-19,20,6.270988431858299,19,0,6.082218910376446,110
2511.10555,2025-11-19,20,6.3561076606958915,19,0,5.8664680569332965,63
2511.11113,2025-11-19,20,6.26530121273771,19,0,5.8664680569332965,113
2511.11270,2025-11-19,20,6.4425401664681985,19,0,6.440946540632921,11
2511.11473,2025-11-19,20,6.447305862541213,19,0,6.447305862541213,8
2511.11831,2025-11-19,20,6.45833828334479,19,0,6.440946540632921,1
2511.12884,2025-11-19,20,6.415096959171596,19,0,6.415096959171596,28
2511.13026,2025-11-19,20,6.418364935936212,19,0,5.8664680569332965,26
2511.13189,2025-11-19,20,6.395261598115449,19,0,5.8664680569332965,40
2511.13853,2025-11-19,20,6.400257445308821,19,0,6.400257445308821,37
2511.13954,2025-11-19,20,6.452048954437226,19,0,6.452048954437226,5
2511.14086,2025-11-19,20,6.448889394146858,19,0,6.448889394146858,7
2511.14159,2025-11-19,20,6.419994928147142,19,0,5.8664680569332965,25
2511.14210,2025-11-19,20,6.42648845745769,19,0,6.39024066706535,21
2511.14295,2025-11-19,20,6.336825731146441,19,0,6.082218910376446,74
2511.14366,2025-11-19,20,6.432940092739179,19,0,6.082218910376446,17
2511.14385,2025-11-19,20,6.447305862541213,19,0,6.447305862541213,8
2511.14460,2025-11-19,20,6.424869023905388,19,0,6.39024066706535,22
2511.14582,2025-11-19,20,6.429719478039138,19,0,5.8664680569332965,19
2511.12207,2025-11-20,12,6.208590026096629,11,1,6.208590026096629,10
2511.13001,2025-11-20,12,6.222576268071369,11,1,6.222576268071369,3
2511.13524,2025-11-20,12,6.214608098422191,11,1,6.19644412779452,7
2511.14349,2025-11-20,12,6.192362489474872,11,1,4.663439094112067,18
2511.14993,2025-11-20,12,5.60947179518496,11,0,4.663439094112067,234
2511.15038,2025-11-20,12,6.222576268071369,11,1,6.222576268071369,3
2511.15065,2025-11-20,12,6.061456918928017,11,1,4.663439094112067,78
2511.15186,2025-11-20,12,6.175867270105761,11,1,4.663439094112067,26
2511.15586,2025-11-20,12,6.20050917404269,11,1,6.20050917404269,14
2511.15593,2025-11-20,12,6.104793232414985,11,1,6.104793232414985,59
2511.15661,2025-11-20,12,6.135564891081739,11,1,4.663439094112067,45
2511.15706,2025-11-20,12,6.210600077024653,11,1,6.19644412779452,9
2511.11005,2025-11-21,22,6.52795791762255,21,0,6.51025834052315,3
2511.13703,2025-11-21,22,6.498282149476434,21,0,6.452048954437226,23
2511.13719,2025-11-21,22,6.456769655572163,21,0,6.073044534100405,50
2511.14865,2025-11-21,22,6.525029657843462,21,0,6.525029657843462,5
2511.15248,2025-11-21,22,6.522092798170152,21,0,6.498282149476434,7
2511.15605,2025-11-21,22,6.495265555937008,21,0,6.455198563340122,25
2511.15700,2025-11-21,22,6.450470422144176,21,0,6.424869023905388,54
2511.15848,2025-11-21,22,6.440946540632921,21,0,6.440946540632921,60
2511.15943,2025-11-21,22,6.529418838262226,21,0,6.51025834052315,2
2511.16043,2025-11-21,22,6.3578422665081,21,0,6.3578422665081,110
2511.16315,2025-11-21,22,6.52795791762255,21,0,6.513230110912307,3
2511.16317,2025-11-21,22,6.508769136971682,21,0,6.424869023905388,16
2511.16518,2025-11-21,22,6.493753839851686,21,0,6.455198563340122,26
2511.16528,2025-11-21,22,6.4967749901858625,21,0,6.4967749901858625,24
2511.16595,2025-11-21,22,6.517671272912275,21,0,6.51025834052315,10
2511.16618,2025-11-21,22,6.519147287940395,21,0,6.519147287940395,9
2511.16624,2025-11-21,22,6.3473892096560105,21,0,6.073044534100405,116
2511.16659,2025-11-21,22,6.517671272912275,21,0,6.513230110912307,10
2511.16664,2025-11-21,22,6.48768401848461,21,0,6.452048954437226,30
2511.16668,2025-11-21,22,6.447305862541213,21,0,6.073044534100405,56
2511.16669,2025-11-21,22,6.486160788944089,21,0,6.073044534100405,31
2511.16671,2025-11-21,22,6.508769136971682,21,0,6.498282149476434,16
2511.11007,2025-11-24,24,6.48768401848461,23,0,6.285998094508865,15
2511.13081,2025-11-24,24,6.507277712385012,23,0,6.447305862541213,2
2511.13593,2025-11-24,24,6.467698726104354,23,0,6.467698726104354,28
2511.14806,2025-11-24,24,6.492239835020471,23,0,6.447305862541213,12
2511.14899,2025-11-24,24,6.492239835020471,23,0,6.456769655572163,12
2511.15210,2025-11-24,24,6.364750756851911,23,0,6.364750756851911,91
2511.15299,2025-11-24,24,6.505784060128229,23,0,6.456769655572163,3
2511.15462,2025-11-24,24,6.499787040655854,23,0,6.499787040655854,7
2511.15705,2025-11-24,24,6.352629396319567,23,0,6.285998094508865,98
2511.16110,2025-11-24,24,6.507277712385012,23,0,6.309918278226516,2
2511.16175,2025-11-24,24,6.492239835020471,23,0,6.456769655572163,12
2511.16334,2025-11-24,24,6.3561076606958915,23,0,6.309918278226516,96
2511.16719,2025-11-24,24,6.282266746896006,23,0,6.19644412779452,137
2511.16825,2025-11-24,24,6.473890696352274,23,0,6.19644412779452,24
2511.16931,2025-11-24,24,6.498282149476434,23,0,6.447305862541213,8
2511.17074,2025-11-24,24,6.498282149476434,23,0,6.456769655572163,8
2511.17127,2025-11-24,24,6.505784060128229,23,0,6.505784060128229,3
2511.17199,2025-11-24,24,6.498282149476434,23,0,6.309918278226516,8
2511.17220,2025-11-24,24,6.481577129276431,23,0,6.447305862541213,19
2511.17344,2025-11-24,24,6.480044561926653,23,0,6.19644412779452,20
2511.17450,2025-11-24,24,6.504288173536645,23,0,6.309918278226516,4
2511.17487,2025-11-24,24,6.492239835020471,23,0,6.309918278226516,12
2511.17490,2025-11-24,24,6.476972362889683,23,0,6.285998094508865,22
2511.17502,2025-11-24,24,6.467698726104354,23,0,6.467698726104354,28
2511.12810,2025-11-25,31,6.705639094860003,30,0,6.705639094860003,1
2511.13288,2025-11-25,31,6.683360945766275,30,0,6.486160788944089,19
2511.15567,2025-11-25,31,6.638567789166521,30,0,6.628041376179533,54
2511.16166,2025-11-25,31,6.699500340161678,30,0,6.688354713946762,6
2511.16249,2025-11-25,31,6.695798917058491,30,0,6.688354713946762,9
2511.16301,2025-11-25,31,6.698268054115413,30,0,6.591673732008658,7
2511.16397,2025-11-25,31,6.692083742506628,30,0,6.680854678790215,12
2511.17006,2025-11-25,31,6.664409020350408,30,0,6.486160788944089,34
2511.17405,2025-11-25,31,6.693323668269949,30,0,6.6240652277998935,11
2511.17729,2025-11-25,31,6.68586094706836,30,0,6.486160788944089,17
2511.17792,2025-11-25,31,6.699500340161678,30,0,6.699500340161678,6
2511.17803,2025-11-25,31,6.675823221634848,30,0,6.502790045915623,25
2511.17986,2025-11-25,31,6.684611727667927,30,0,6.6240652277998935,18
2511.18024,2025-11-25,31,6.704414354964107,30,0,6.704414354964107,2
2511.18047,2025-11-25,31,6.704414354964107,30,0,6.704414354964107,2
2511.18050,2025-11-25,31,6.659293919683638,30,0,6.591673732008658,38
2511.18373,2025-11-25,31,6.698268054115413,30,0,6.6240652277998935,7
2511.18423,2025-11-25,31,6.473890696352274,30,0,6.371611847231857,170
2511.18870,2025-11-25,31,6.670766320845874,30,0,6.591673732008658,29
2511.18922,2025-11-25,31,6.690842277418564,30,0,6.591673732008658,13
2511.18945,2025-11-25,31,6.695798917058491,30,0,6.680854678790215,9
2511.19166,2025-11-25,31,6.704414354964107,30,0,6.704414354964107,2
2511.19304,2025-11-25,31,6.587550014824796,30,0,6.486160788944089,92
2511.19314,2025-11-25,31,6.697034247666484,30,0,6.628041376179533,8
2511.19319,2025-11-25,31,6.704414354964107,30,0,6.591673732008658,2
2511.19365,2025-11-25,31,6.62273632394984,30,0,6.502790045915623,66
2511.19399,2025-11-25,31,6.626717749249025,30,0,6.371611847231857,63
2511.19401,2025-11-25,31,6.666956792429207,30,0,6.502790045915623,32
2511.19418,2025-11-25,31,6.670766320845874,30,0,6.6240652277998935,29
2511.19428,2025-11-25,31,6.699500340161678,30,0,6.699500340161678,6
2511.20256,2025-11-25,31,6.672032945461067,30,0,6.502790045915623,28
2511.15703,2025-11-26,33,6.570882962339584,32,0,6.504288173536645,9
2511.15906,2025-11-26,33,6.580639137284949,32,0,6.576469569048224,2
2511.16660,2025-11-26,33,6.568077911411976,32,0,6.4967749901858625,11
2511.17592,2025-11-26,33,6.400257445308821,32,0,6.2422232654551655,121
2511.17943,2025-11-26,33,6.579251212010101,32,0,6.504288173536645,3
2511.18394,2025-11-26,33,6.580639137284949,32,0,6.580639137284949,2
2511.18659,2025-11-26,33,6.548219102762372,32,0,6.507277712385012,25
2511.18734,2025-11-26,33,6.573680166960646,32,0,6.548219102762372,7
2511.18886,2025-11-26,33,6.556778356158042,32,0,6.220590170099739,19
2511.19046,2025-11-26,33,6.504288173536645,32,0,6.220590170099739,55
2511.19111,2025-11-26,33,6.579251212010101,32,0,6.504288173536645,3
2511.19320,2025-11-26,33,6.522092798170152,32,0,6.522092798170152,43
2511.19430,2025-11-26,33,6.573680166960646,32,0,6.573680166960646,7
2511.19575,2025-11-26,33,6.551080335043404,32,0,6.504288173536645,23
2511.19663,2025-11-26,33,6.555356891810665,32,0,6.555356891810665,20
2511.19773,2025-11-26,33,6.569481420414296,32,0,6.504288173536645,10
2511.19827,2025-11-26,33,6.568077911411976,32,0,6.568077911411976,11
2511.19861,2025-11-26,33,6.541029999189903,32,0,6.220590170099739,30
2511.19900,2025-11-26,33,6.513230110912307,32,0,6.4967749901858625,49
2511.20102,2025-11-26,33,6.543911845564792,32,0,6.507277712385012,28
2511.20123,2025-11-26,33,6.558197802812269,32,0,6.220590170099739,18
2511.20211,2025-11-26,33,6.566672429803241,32,0,6.548219102762372,12
2511.20250,2025-11-26,33,6.577861357721047,32,0,6.577861357721047,4
2511.20347,2025-11-26,33,6.522092798170152,32,0,6.2422232654551655,43
2511.20415,2025-11-26,33,6.5722825426940075,32,0,6.5722825426940075,8
2511.20462,2025-11-26,33,6.536691597591305,32,0,6.220590170099739,33
2511.20561,2025-11-26,33,6.536691597591305,32,0,6.220590170099739,33
2511.20562,2025-11-26,33,6.577861357721047,32,0,6.548219102762372,4
2511.20573,2025-11-26,33,6.573680166960646,32,0,6.504288173536645,7
2511.20626,2025-11-26,33,6.519147287940395,32,0,6.2422232654551655,45
2511.20635,2025-11-26,33,6.53813982376767,32,0,6.220590170099739,32
2511.20643,2025-11-26,33,6.579251212010101,32,0,6.576469569048224,3
2511.20647,2025-11-26,33,6.580639137284949,32,0,6.548219102762372,2
2511.15552,2025-11-27,20,5.808142489980444,19,0,5.3230099791384085,79
2511.17889,2025-11-27,20,6.008813185442595,19,0,5.968707559985366,5
2511.17918,2025-11-27,20,6.021023349349527,19,0,5.8944028342648505,0
2511.18005,2025-11-27,20,6.018593214496234,19,0,5.968707559985366,1
2511.18452,2025-11-27,20,6.016157159698354,19,0,6.016157159698354,2
2511.19413,2025-11-27,20,5.968707559985366,19,0,5.905361848054571,21
2511.19504,2025-11-27,20,6.016157159698354,19,0,6.016157159698354,2
2511.19797,2025-11-27,20,5.991464547107982,19,0,5.8944028342648505,12
2511.20410,2025-11-27,20,6.0112671744041615,19,0,5.8944028342648505,4
2511.20426,2025-11-27,20,5.996452088619021,19,0,5.8944028342648505,10
2511.20478,2025-11-27,20,5.961005339623274,19,0,5.905361848054571,24
2511.20633,2025-11-27,20,6.0112671744041615,19,0,5.968707559985366,4
2511.20639,2025-11-27,20,5.648974238161206,19,0,5.3230099791384085,128
2511.20714,2025-11-27,20,5.8888779583328805,19,0,5.834810737062605,51
2511.20814,2025-11-27,20,6.016157159698354,19,0,5.968707559985366,2
2511.21208,2025-11-27,20,6.021023349349527,19,0,6.021023349349527,0
2511.21395,2025-11-27,20,5.973809611869261,19,0,5.834810737062605,19
2511.21579,2025-11-27,20,5.963579343618446,19,0,5.8944028342648505,23
2511.21688,2025-11-27,20,5.998936561946683,19,0,5.968707559985366,9
2511.21692,2025-11-27,20,5.983936280687191,19,0,5.983936280687191,15
2511.19757,2025-11-28,7,4.912654885736052,6,0,4.912654885736052,10
2511.20937,2025-11-28,7,4.867534450455582,6,0,3.8501476017100584,16
2511.21087,2025-11-28,7,4.912654885736052,6,0,3.8501476017100584,10
2511.21541,2025-11-28,7,4.574710978503383,6,0,3.8501476017100584,49
2511.21662,2025-11-28,7,4.90527477843843,6,0,3.8501476017100584,11
2511.21678,2025-11-28,7,4.890349128221754,6,0,3.8501476017100584,13
2511.21691,2025-11-28,7,4.700480365792417,6,0,4.700480365792417,36
2511.13276,2025-12-01,32,6.733401891837359,31,1,6.733401891837359,1
2511.13344,2025-12-01,32,6.731018100482083,31,1,6.687108607866515,3
2511.13944,2025-12-01,32,6.733401891837359,31,1,6.733401891837359,1
2511.16854,2025-12-01,32,6.733401891837359,31,1,6.704414354964107,1
2511.18822,2025-12-01,32,6.699500340161678,31,1,5.746203190540153,29
2511.18890,2025-12-01,32,6.690842277418564,31,1,6.687108607866515,36
2511.19496,2025-12-01,32,6.733401891837359,31,1,6.710523109452428,1
2511.19990,2025-12-01,32,6.729824070489475,31,1,6.704414354964107,4
2511.20809,2025-12-01,32,6.729824070489475,31,1,6.710523109452428,4
2511.21025,2025-12-01,32,6.699500340161678,31,1,5.746203190540153,29
2511.21750,2025-12-01,32,6.727431724850855,31,1,6.692083742506628,6
2511.22055,2025-12-01,32,6.723832440821209,31,1,6.692083742506628,9
2511.22134,2025-12-01,32,6.70808408385307,31,1,5.746203190540153,22
2511.22173,2025-12-01,32,6.716594773520978,31,1,6.710523109452428,15
2511.22176,2025-12-01,32,6.728628613084702,31,1,6.608000625296087,5
2511.22265,2025-12-01,32,6.732210706467206,31,1,6.732210706467206,2
2511.22281,2025-12-01,32,6.727431724850855,31,1,6.704414354964107,6
2511.22475,2025-12-01,32,6.705639094860003,31,1,6.705639094860003,24
2511.22533,2025-12-01,32,6.732210706467206,31,1,6.704414354964107,2
2511.22570,2025-12-01,32,6.61472560020376,31,1,6.608000625296087,95
2511.22625,2025-12-01,32,6.675823221634848,31,1,5.746203190540153,48
2511.22659,2025-12-01,32,6.684611727667927,31,1,6.684611727667927,41
2511.22663,2025-12-01,32,6.699500340161678,31,1,5.746203190540153,29
2511.22677,2025-12-01,32,6.692083742506628,31,1,5.746203190540153,35
2511.22688,2025-12-01,32,6.727431724850855,31,1,6.692083742506628,6
2511.22699,2025-12-01,32,6.38856140554563,31,0,5.746203190540153,246
2511.22787,2025-12-01,32,6.7226297948554485,31,1,6.692083742506628,10
2511.22805,2025-12-01,32,6.729824070489475,31,1,6.692083742506628,4
2511.22815,2025-12-01,32,6.720220155135295,31,1,6.704414354964107,12
2511.23199,2025-12-01,32,6.677083461247136,31,1,5.746203190540153,47
2511.23319,2025-12-01,32,6.705639094860003,31,1,6.705639094860003,24
2511.23475,2025-12-01,32,6.682108597449809,31,1,5.746203190540153,43
2511.17282,2025-12-02,47,7.256297239690681,46,1,7.176254532017144,15
2511.18538,2025-12-02,47,7.028201432058005,46,1,7.028201432058005,304
2511.20549,2025-12-02,47,7.247792581767846,46,1,6.939253946041508,27
2511.20614,2025-12-02,47,7.2399325913204695,46,1,6.939253946041508,38
2511.20649,2025-12-02,47,7.22983877815125,46,1,6.939253946041508,52
2511.20785,2025-12-02,47,7.126087273299125,46,1,6.939253946041508,188
2511.22396,2025-12-02,47,7.2633296174768365,46,1,7.1808311990445555,5
2511.22448,2025-12-02,47,7.265429723253953,46,1,7.252053951852814,2
2511.22891,2025-12-02,47,7.261225091971921,46,1,7.172424577124845,8
2511.22989,2025-12-02,47,7.254884810077338,46,1,6.939253946041508,17
2511.23342,2025-12-02,47,7.256297239690681,46,1,7.252053951852814,15
2511.23404,2025-12-02,47,7.223295679562314,46,1,7.223295679562314,61
2512.00077,2025-12-02,47,7.265429723253953,46,1,7.265429723253953,2
2512.00234,2025-12-02,47,7.266128779556451,46,1,7.1808311990445555,1
2512.00333,2025-12-02,47,7.2633296174768365,46,1,7.2633296174768365,5
2512.00369,2025-12-02,47,7.2633296174768365,46,1,7.176254532017144,5
2512.00387,2025-12-02,47,7.264730177929867,46,1,7.252053951852814,3
2512.00425,2025-12-02,47,7.229113877793302,46,1,7.176254532017144,53
2512.00466,2025-12-02,47,7.259819610363186,46,1,7.21081845347222,10
2512.00590,2025-12-02,47,7.22983877815125,46,1,7.21081845347222,52
2512.00639,2025-12-02,47,7.266128779556451,46,1,7.259116128097101,1
2512.00722,2025-12-02,47,7.255591274253665,46,1,7.255591274253665,16
2512.00762,2025-12-02,47,7.2633296174768365,46,1,7.176254532017144,5
2512.00891,2025-12-02,47,7.255591274253665,46,1,7.21081845347222,16
2512.01030,2025-12-02,47,7.252762418053187,46,1,7.176254532017144,20
2512.01031,2025-12-02,47,7.247792581767846,46,1,7.22983877815125,27
2512.01103,2025-12-02,47,7.262628600974241,46,1,7.259116128097101,6
2512.01191,2025-12-02,47,7.264730177929867,46,1,7.172424577124845,3
2512.01342,2025-12-02,47,7.252053951852814,46,1,7.176254532017144,21
2512.01374,2025-12-02,47,7.1891677384203225,46,1,7.172424577124845,107
2512.01420,2025-12-02,47,7.259116128097101,46,1,7.20934025660291,11
2512.01443,2025-12-02,47,7.266128779556451,46,1,7.252053951852814,1
2512.01481,2025-12-02,47,7.264730177929867,46,1,7.176254532017144,3
2512.01686,2025-12-02,47,7.265429723253953,46,1,7.176254532017144,2
2512.01707,2025-12-02,47,7.261225091971921,46,1,7.1808311990445555,8
2512.01763,2025-12-02,47,7.261927092702751,46,1,7.20934025660291,7
2512.01801,2025-12-02,47,7.249215057114389,46,1,7.22983877815125,25
2512.01816,2025-12-02,47,7.198183577101943,46,1,7.1808311990445555,95
2512.01827,2025-12-02,47,7.261927092702751,46,1,7.172424577124845,7
2512.01830,2025-12-02,47,7.2640301428995295,46,1,7.20934025660291,4
2512.01925,2025-12-02,47,7.249215057114389,46,1,7.249215057114389,25
2512.01945,2025-12-02,47,7.2640301428995295,46,1,7.172424577124845,4
2512.01948,2025-12-02,47,7.2254814727822945,46,1,7.20934025660291,58
2512.01949,2025-12-02,47,7.260522598089852,46,1,7.1808311990445555,9
2512.02008,2025-12-02,47,7.2633296174768365,46,1,7.2633296174768365,5
2512.02014,2025-12-02,47,7.21081845347222,46,1,6.939253946041508,78
2512.02015,2025-12-02,47,7.2640301428995295,46,1,7.259116128097101,4
2511.15948,2025-12-03,48,7.093404625868766,47,1,7.090076835776092,1
2511.18685,2025-12-03,48,7.0909098220799835,47,1,7.027314514039777,4
2511.19433,2025-12-03,48,7.079184394609668,47,1,7.027314514039777,18
2511.19661,2025-12-03,48,7.091742115095153,47,1,7.027314514039777,3
2511.20344,2025-12-03,48,7.0825485693553,47,1,7.071573364211532,14
2511.20645,2025-12-03,48,7.0630481633881725,47,1,6.734591659972948,37
2511.21338,2025-12-03,48,7.0925737159746784,47,1,7.0317412587631285,2
2511.21689,2025-12-03,48,6.981934677156389,47,1,6.601230118728877,128
2511.22146,2025-12-03,48,7.090076835776092,47,1,7.0317412587631285,5
2511.22184,2025-12-03,48,7.0925737159746784,47,1,7.0925737159746784,2
2511.22586,2025-12-03,48,7.088408778675395,47,1,7.027314514039777,7
2511.22609,2025-12-03,48,7.051855622955894,47,1,6.734591659972948,50
2511.22973,2025-12-03,48,7.088408778675395,47,1,7.0317412587631285,7
2511.22982,2025-12-03,48,7.088408778675395,47,1,7.027314514039777,7
2511.23127,2025-12-03,48,7.057036981697891,47,1,6.734591659972948,44
2511.23369,2025-12-03,48,7.061334366910438,47,1,6.734591659972948,39
2512.00097,2025-12-03,48,7.091742115095153,47,1,7.091742115095153,3
2512.00903,2025-12-03,48,7.088408778675395,47,1,7.027314514039777,7
2512.00956,2025-12-03,48,7.074963197966044,47,1,7.061334366910438,23
2512.01078,2025-12-03,48,7.065613363597717,47,1,7.017506142941256,34
2512.01248,2025-12-03,48,7.084226422097916,47,1,7.027314514039777,12
2512.01540,2025-12-03,48,7.090076835776092,47,1,7.061334366910438,5
2512.01715,2025-12-03,48,7.085064293952548,47,1,7.061334366910438,11
2512.01822,2025-12-03,48,7.063903961472068,47,1,7.063903961472068,36
2512.01988,2025-12-03,48,7.0925737159746784,47,1,7.027314514039777,2
2512.01989,2025-12-03,48,7.088408778675395,47,1,7.0317412587631285,7
2512.02017,2025-12-03,48,7.0909098220799835,47,1,7.090076835776092,4
2512.02038,2025-12-03,48,7.0317412587631285,47,1,6.601230118728877,73
2512.02351,2025-12-03,48,7.0909098220799835,47,1,7.027314514039777,4
2512.02395,2025-12-03,48,7.050122520269059,47,1,6.734591659972948,52
2512.02423,2025-12-03,48,7.090076835776092,47,1,7.090076835776092,5
2512.02425,2025-12-03,48,7.07326971745971,47,1,6.734591659972948,25
2512.02457,2025-12-03,48,7.0825485693553,47,1,7.0825485693553,14
2512.02472,2025-12-03,48,7.047517221357296,47,1,7.017506142941256,55
2512.02492,2025-12-03,48,7.090076835776092,47,1,7.0317412587631285,5
2512.02551,2025-12-03,48,7.083387847625295,47,1,7.071573364211532,13
2512.02556,2025-12-03,48,6.842683282238422,47,0,6.601230118728877,268
2512.02581,2025-12-03,48,7.081708586105575,47,1,7.0317412587631285,15
2512.02622,2025-12-03,48,7.085901464365611,47,1,7.0317412587631285,10
2512.02790,2025-12-03,48,7.088408778675395,47,1,7.027314514039777,7
2512.02817,2025-12-03,48,7.0925737159746784,47,1,7.027314514039777,2
2512.02899,2025-12-03,48,7.069023426578259,47,1,6.734591659972948,30
2512.02942,2025-12-03,48,7.090076835776092,47,1,7.027314514039777,5
2512.03013,2025-12-03,48,7.091742115095153,47,1,7.0317412587631285,3
2512.03036,2025-12-03,48,7.075808863978387,47,1,6.734591659972948,22
2512.03040,2025-12-03,48,7.088408778675395,47,1,7.0317412587631285,7
2512.03041,2025-12-03,48,7.038783541388542,47,1,6.734591659972948,65
2512.03046,2025-12-03,48,7.084226422097916,47,1,7.0317412587631285,12
2511.20494,2025-12-04,26,6.280395838960195,25,0,6.20050917404269,1
2511.20515,2025-12-04,26,6.272877006546167,25,0,6.20050917404269,5
2511.21631,2025-12-04,26,5.918893854273146,25,0,5.5053315359323625,163
2511.22345,2025-12-04,26,6.257667587882639,25,0,6.257667587882639,13
2512.02807,2025-12-04,26,6.26530121273771,25,0,6.253828811575473,9
2512.02834,2025-12-04,26,6.202535517187923,25,0,6.202535517187923,41
2512.02924,2025-12-04,26,6.270988431858299,25,0,6.20050917404269,6
2512.03043,2025-12-04,26,6.214608098422191,25,0,5.5053315359323625,35
2512.03073,2025-12-04,26,6.269096283706261,25,0,6.20050917404269,7
2512.03383,2025-12-04,26,6.270988431858299,25,0,6.240275845170769,6
2512.03405,2025-12-04,26,6.226536669287466,25,0,5.5053315359323625,29
2512.03442,2025-12-04,26,6.184148890937483,25,0,6.184148890937483,50
2512.03534,2025-12-04,26,6.2422232654551655,25,0,5.5053315359323625,21
2512.03540,2025-12-04,26,6.257667587882639,25,0,6.192362489474872,13
2512.03746,2025-12-04,26,6.249975242259483,25,0,5.5053315359323625,17
2512.03771,2025-12-04,26,6.272877006546167,25,0,6.272877006546167,5
2512.03794,2025-12-04,26,6.272877006546167,25,0,6.20050917404269,5
2512.03979,2025-12-04,26,6.272877006546167,25,0,6.192362489474872,5
2512.04000,2025-12-04,26,6.274762021241939,25,0,6.20050917404269,4
2512.04025,2025-12-04,26,6.274762021241939,25,0,6.192362489474872,4
2512.04032,2025-12-04,26,6.251903883165888,25,0,6.240275845170769,16
2512.04040,2025-12-04,26,6.236369590203704,25,0,6.192362489474872,24
2512.04069,2025-12-04,26,6.236369590203704,25,0,5.5053315359323625,24
2512.04072,2025-12-04,26,6.270988431858299,25,0,6.253828811575473,6
2512.04082,2025-12-04,26,6.255750041753367,25,0,6.20050917404269,14
2512.05115,2025-12-04,26,6.261491684321042,25,0,6.261491684321042,11
2511.20233,2025-12-05,38,6.90975328164481,37,1,6.884486652042782,3
2511.22826,2025-12-05,38,6.904750769961838,37,1,6.773080375655535,8
2512.01803,2025-12-05,38,6.907755278982137,37,1,6.907755278982137,5
2512.02589,2025-12-05,38,6.837332814685591,37,1,6.810142450115136,73
2512.02631,2025-12-05,38,6.903747257584598,37,1,6.773080375655535,9
2512.03000,2025-12-05,38,6.875232087276577,37,1,6.773080375655535,37
2512.03052,2025-12-05,38,6.901737206656574,37,1,6.901737206656574,11
2512.03125,2025-12-05,38,6.90975328164481,37,1,6.773080375655535,3
2512.03683,2025-12-05,38,6.90975328164481,37,1,6.76849321164863,3
2512.03915,2025-12-05,38,6.910750787961936,37,1,6.890609120147166,2
2512.04124,2025-12-05,38,6.903747257584598,37,1,6.884486652042782,9
2512.04220,2025-12-05,38,6.8966943316227125,37,1,6.884486652042782,16
2512.04324,2025-12-05,38,6.740519359606223,37,1,6.740519359606223,159
2512.04356,2025-12-05,38,6.902742737158593,37,1,6.773080375655535,10
2512.04390,2025-12-05,38,6.903747257584598,37,1,6.884486652042782,9
2512.04504,2025-12-05,38,6.894670039433482,37,1,6.76849321164863,18
2512.04515,2025-12-05,38,6.906754778648554,37,1,6.890609120147166,6
2512.04677,2025-12-05,38,6.717804695023691,37,0,6.584791392385716,178
2512.04678,2025-12-05,38,6.870053411798126,37,1,6.773080375655535,42
2512.04746,2025-12-05,38,6.898714534329988,37,1,6.890609120147166,14
2512.04797,2025-12-05,38,6.887552571664617,37,1,6.810142450115136,25
2512.04829,2025-12-05,38,6.900730664045173,37,1,6.884486652042782,12
2512.04844,2025-12-05,38,6.907755278982137,37,1,6.884486652042782,5
2512.04926,2025-12-05,38,6.870053411798126,37,1,6.76849321164863,42
2512.04981,2025-12-05,38,6.903747257584598,37,1,6.773080375655535,9
2512.04987,2025-12-05,38,6.828712071641684,37,1,6.828712071641684,81
2512.05000,2025-12-05,38,6.894670039433482,37,1,6.76849321164863,18
2512.05016,2025-12-05,38,6.902742737158593,37,1,6.76849321164863,10
2512.05049,2025-12-05,38,6.910750787961936,37,1,6.884486652042782,2
2512.05060,2025-12-05,38,6.893656354602635,37,1,6.76849321164863,19
2512.05076,2025-12-05,38,6.904750769961838,37,1,6.76849321164863,8
2512.05081,2025-12-05,38,6.879355804460439,37,1,6.584791392385716,33
2512.05103,2025-12-05,38,6.892641641172089,37,1,6.892641641172089,20
2512.05106,2025-12-05,38,6.895682697747868,37,1,6.76849321164863,17
2512.05110,2025-12-05,38,6.907755278982137,37,1,6.907755278982137,5
2512.05111,2025-12-05,38,6.86171134048073,37,1,6.584791392385716,50
2512.05112,2025-12-05,38,6.899723107284872,37,1,6.773080375655535,13
2512.05113,2025-12-05,38,6.892641641172089,37,1,6.584791392385716,20
2512.00473,2025-12-08,24,5.966146739123692,23,0,5.71042701737487,27
2512.02580,2025-12-08,24,5.963579343618446,23,0,5.575949103146316,28
2512.02835,2025-12-08,24,6.008813185442595,23,0,5.575949103146316,10
2512.03514,2025-12-08,24,6.0112671744041615,23,0,5.575949103146316,9
2512.03667,2025-12-08,24,6.018593214496234,23,0,5.575949103146316,6
2512.04142,2025-12-08,24,6.025865973825314,23,0,5.993961427306569,3
2512.04563,2025-12-08,24,5.993961427306569,23,0,5.575949103146316,16
2512.04694,2025-12-08,24,6.025865973825314,23,0,5.993961427306569,3
2512.04784,2025-12-08,24,5.971261839790462,23,0,5.71042701737487,25
2512.04810,2025-12-08,24,5.966146739123692,23,0,5.575949103146316,27
2512.05044,2025-12-08,24,5.991464547107982,23,0,5.71042701737487,17
2512.05145,2025-12-08,24,5.981414211254481,23,0,5.71042701737487,21
2512.05150,2025-12-08,24,5.8289456176102075,23,0,5.765191102784844,77
2512.05277,2025-12-08,24,6.018593214496234,23,0,5.575949103146316,6
2512.05339,2025-12-08,24,6.030685260261263,23,0,5.988961416889864,1
2512.05343,2025-12-08,24,5.971261839790462,23,0,5.71042701737487,25
2512.05356,2025-12-08,24,6.008813185442595,23,0,5.993961427306569,10
2512.05409,2025-12-08,24,6.023447592961033,23,0,6.023447592961033,4
2512.05564,2025-12-08,24,6.018593214496234,23,0,5.575949103146316,6
2512.05591,2025-12-08,24,5.991464547107982,23,0,5.988961416889864,17
2512.05774,2025-12-08,24,6.016157159698354,23,0,5.575949103146316,7
2512.05905,2025-12-08,24,5.981414211254481,23,0,5.765191102784844,21
2512.05927,2025-12-08,24,6.003887067106539,23,0,6.003887067106539,12
2512.05965,2025-12-08,24,5.937536205082426,23,0,5.575949103146316,38
2511.23469,2025-12-09,32,6.424869023905388,31,0,6.410174881966167,16
2512.03244,2025-12-09,32,6.423246963533519,31,0,6.423246963533519,17
2512.03621,2025-12-09,32,6.436150368369428,31,0,6.408528791059498,9
2512.03704,2025-12-09,32,6.447305862541213,31,0,6.439350371100098,2
2512.05100,2025-12-09,32,6.447305862541213,31,0,6.419994928147142,2
2512.06032,2025-12-09,32,6.448889394146858,31,0,6.410174881966167,1
2512.06065,2025-12-09,32,6.403574197934815,31,0,5.91350300563827,29
2512.06373,2025-12-09,32,6.436150368369428,31,0,6.419994928147142,9
2512.06421,2025-12-09,32,6.439350371100098,31,0,6.432940092739179,7
2512.06533,2025-12-09,32,6.437751649736401,31,0,6.419994928147142,8
2512.06558,2025-12-09,32,6.4457198193855785,31,0,6.410174881966167,3
2512.06589,2025-12-09,32,6.419994928147142,31,0,6.419994928147142,19
2512.06609,2025-12-09,32,6.448889394146858,31,0,6.448889394146858,1
2512.06749,2025-12-09,32,6.405228458030842,31,0,6.405228458030842,28
2512.06791,2025-12-09,32,6.444131256700441,31,0,6.432940092739179,4
2512.06835,2025-12-09,32,6.4425401664681985,31,0,6.410174881966167,5
2512.06905,2025-12-09,32,6.403574197934815,31,0,6.403574197934815,29
2512.06963,2025-12-09,32,6.4425401664681985,31,0,6.4425401664681985,5
2512.07168,2025-12-09,32,6.447305862541213,31,0,6.447305862541213,2
2512.07461,2025-12-09,32,6.315358001522335,31,0,6.315358001522335,80
2512.07469,2025-12-09,32,6.373319789577012,31,0,5.91350300563827,47
2512.07525,2025-12-09,32,6.35088571671474,31,0,6.278521424165844,60
2512.07584,2025-12-09,32,6.410174881966167,31,0,5.91350300563827,25
2512.07778,2025-12-09,32,6.403574197934815,31,0,5.91350300563827,29
2512.07783,2025-12-09,32,6.385194398997726,31,0,6.278521424165844,40
2512.07805,2025-12-09,32,6.4425401664681985,31,0,6.439350371100098,5
2512.07806,2025-12-09,32,6.416732282512326,31,0,5.91350300563827,21
2512.07829,2025-12-09,32,6.411818267709897,31,0,5.91350300563827,24
2512.07831,2025-12-09,32,6.423246963533519,31,0,6.408528791059498,17
2512.07833,2025-12-09,32,6.410174881966167,31,0,5.91350300563827,25
2512.07834,2025-12-09,32,6.376726947898627,31,0,5.91350300563827,45
2512.08294,2025-12-09,32,6.421622267806518,31,0,5.91350300563827,18
2512.02231,2025-12-10,27,6.300785794663244,26,0,6.246106765481563,9
2512.04434,2025-12-10,27,6.313548046277095,26,0,6.2766434893416445,2
2512.04763,2025-12-10,27,6.3080984415095305,26,0,6.246106765481563,5
2512.05033,2025-12-10,27,6.285998094508865,26,0,6.236369590203704,17
2512.05325,2025-12-10,27,6.3080984415095305,26,0,6.284134161070802,5
2512.06531,2025-12-10,27,6.311734809152915,26,0,6.297109319933935,3
2512.06628,2025-12-10,27,6.293419278846481,26,0,6.284134161070802,13
2512.06776,2025-12-10,27,6.269096283706261,26,0,6.236369590203704,26
2512.06864,2025-12-10,27,6.293419278846481,26,0,6.2766434893416445,13
2512.07107,2025-12-10,27,6.300785794663244,26,0,6.263398262591624,9
2512.07197,2025-12-10,27,6.302618975744905,26,0,6.263398262591624,8
2512.07802,2025-12-10,27,6.230481447578482,26,0,5.5053315359323625,46
2512.07843,2025-12-10,27,6.2766434893416445,26,0,6.2766434893416445,22
2512.07921,2025-12-10,27,6.251903883165888,26,0,6.251903883165888,35
2512.07951,2025-12-10,27,6.220590170099739,26,0,5.5053315359323625,51
2512.08153,2025-12-10,27,6.302618975744905,26,0,6.263398262591624,8
2512.08186,2025-12-10,27,6.274762021241939,26,0,6.246106765481563,23
2512.08309,2025-12-10,27,6.309918278226516,26,0,6.263398262591624,4
2512.08358,2025-12-10,27,6.306275286948016,26,0,6.297109319933935,6
2512.08406,2025-12-10,27,6.311734809152915,26,0,6.272877006546167,3
2512.08478,2025-12-10,27,6.1675164908883415,26,0,5.5053315359323625,77
2512.08564,2025-12-10,27,6.304448802421981,26,0,6.2766434893416445,7
2512.08730,2025-12-10,27,6.313548046277095,26,0,6.297109319933935,2
2512.08765,2025-12-10,27,6.040254711277414,26,0,5.5053315359323625,134
2512.08868,2025-12-10,27,6.311734809152915,26,0,6.311734809152915,3
2512.08923,2025-12-10,27,6.315358001522335,26,0,6.246106765481563,1
2512.08924,2025-12-10,27,6.278521424165844,26,0,6.272877006546167,21
2512.01453,2025-12-11,22,5.929589143389895,21,0,5.883322388488279,6
2512.02892,2025-12-11,22,5.910796644040527,21,0,5.8289456176102075,13
2512.04519,2025-12-11,22,5.926926025970411,21,0,5.8289456176102075,7
2512.04753,2025-12-11,22,5.924255797414532,21,0,5.916202062607435,8
2512.05402,2025-12-11,22,5.940171252720432,21,0,5.940171252720432,2
2512.05446,2025-12-11,22,5.924255797414532,21,0,5.8289456176102075,8
2512.07222,2025-12-11,22,5.940171252720432,21,0,5.8971538676367405,2
2512.08006,2025-12-11,22,5.937536205082426,21,0,5.916202062607435,3
2512.08296,2025-12-11,22,5.8998973535824915,21,0,5.883322388488279,17
2512.08560,2025-12-11,22,5.8377304471659395,21,0,5.802118375377063,39
2512.08829,2025-12-11,22,5.886104031450156,21,0,5.087596335232384,22
2512.09106,2025-12-11,22,5.91350300563827,21,0,5.8289456176102075,12
2512.09112,2025-12-11,22,5.940171252720432,21,0,5.8289456176102075,2
2512.09164,2025-12-11,22,5.91350300563827,21,0,5.802118375377063,12
2512.09247,2025-12-11,22,5.802118375377063,21,0,5.087596335232384,51
2512.09363,2025-12-11,22,5.730099782973574,21,0,5.087596335232384,74
2512.09616,2025-12-11,22,5.8944028342648505,21,0,5.087596335232384,19
2512.09663,2025-12-11,22,5.934894195619588,21,0,5.8971538676367405,4
2512.09824,2025-12-11,22,5.869296913133774,21,0,5.087596335232384,28
2512.09864,2025-12-11,22,5.91350300563827,21,0,5.8971538676367405,12
2512.09928,2025-12-11,22,5.908082938168931,21,0,5.908082938168931,14
2512.10284,2025-12-11,22,5.87493073085203,21,0,5.087596335232384,26
2511.23386,2025-12-12,25,6.238324625039508,24,0,6.100318952020064,16
2512.04537,2025-12-12,25,6.255750041753367,24,0,6.100318952020064,7
2512.05439,2025-12-12,25,6.198478716492308,24,0,6.131226489483141,36
2512.06424,2025-12-12,25,6.267200548541362,24,0,5.996452088619021,1
2512.08511,2025-12-12,25,6.22455842927536,24,0,6.100318952020064,23
2512.08870,2025-12-12,25,6.261491684321042,24,0,6.261491684321042,4
2512.09270,2025-12-12,25,6.259581464064923,24,0,6.077642243349034,5
2512.09406,2025-12-12,25,6.261491684321042,24,0,6.077642243349034,4
2512.09756,2025-12-12,25,6.257667587882639,24,0,5.996452088619021,6
2512.09924,2025-12-12,25,6.263398262591624,24,0,6.100318952020064,3
2512.10359,2025-12-12,25,6.261491684321042,24,0,6.100318952020064,4
2512.10398,2025-12-12,25,6.2422232654551655,24,0,6.2422232654551655,14
2512.10430,2025-12-12,25,6.013715156042802,24,0,5.996452088619021,119
2512.10534,2025-12-12,25,6.206575926724928,24,0,6.131226489483141,32
2512.10675,2025-12-12,25,6.230481447578482,24,0,6.230481447578482,20
2512.10739,2025-12-12,25,6.175867270105761,24,0,6.100318952020064,47
2512.10756,2025-12-12,25,6.20050917404269,24,0,6.100318952020064,35
2512.10791,2025-12-12,25,6.253828811575473,24,0,6.100318952020064,8
2512.10867,2025-12-12,25,6.238324625039508,24,0,6.100318952020064,16
2512.10881,2025-12-12,25,6.206575926724928,24,0,6.206575926724928,32
2512.10894,2025-12-12,25,6.259581464064923,24,0,6.100318952020064,5
2512.10938,2025-12-12,25,6.22455842927536,24,0,6.077642243349034,23
2512.10949,2025-12-12,25,6.175867270105761,24,0,6.077642243349034,47
2512.10955,2025-12-12,25,6.255750041753367,24,0,6.255750041753367,7
2512.10959,2025-12-12,25,6.244166900663736,24,0,6.077642243349034,13
2512.02901,2025-12-15,21,6.045005314036012,20,0,6.003887067106539,6
2512.06818,2025-12-15,21,6.0330862217988015,20,0,5.886104031450156,11
2512.06951,2025-12-15,21,6.049733455231958,20,0,6.028278520230698,4
2512.08269,2025-12-15,21,5.717027701406222,20,0,5.062595033026967,124
2512.10092,2025-12-15,21,6.052089168924417,20,0,6.052089168924417,3
2512.10411,2025-12-15,21,6.008813185442595,20,0,6.008813185442595,21
2512.10605,2025-12-15,21,6.042632833682381,20,0,6.042632833682381,7
2512.10685,2025-12-15,21,5.986452005284438,20,0,5.062595033026967,30
2512.10715,2025-12-15,21,6.052089168924417,20,0,6.028278520230698,3
2512.10858,2025-12-15,21,6.040254711277414,20,0,5.886104031450156,8
2512.11130,2025-12-15,21,6.0330862217988015,20,0,6.003887067106539,11
2512.11150,2025-12-15,21,6.045005314036012,20,0,6.003887067106539,6
2512.11253,2025-12-15,21,5.958424693029782,20,0,5.062595033026967,41
2512.11393,2025-12-15,21,6.052089168924417,20,0,6.016157159698354,3
2512.11437,2025-12-15,21,6.049733455231958,20,0,6.049733455231958,4
2512.11464,2025-12-15,21,6.023447592961033,20,0,6.016157159698354,15
2512.11558,2025-12-15,21,5.948034989180646,20,0,5.062595033026967,45
2512.11749,2025-12-15,21,5.963579343618446,20,0,5.886104031450156,39
2512.11792,2025-12-15,21,6.035481432524756,20,0,5.886104031450156,10
2512.11798,2025-12-15,21,6.045005314036012,20,0,6.028278520230698,6
2512.11799,2025-12-15,21,5.986452005284438,20,0,5.062595033026967,30
2512.05272,2025-12-16,41,6.903747257584598,40,0,6.8658910748834385,4
2512.07186,2025-12-16,41,6.904750769961838,40,0,6.901737206656574,3
2512.08400,2025-12-16,41,6.904750769961838,40,0,6.901737206656574,3
2512.08405,2025-12-16,41,6.905753276311464,40,0,6.715383386334681,2
2512.09069,2025-12-16,41,6.906754778648554,40,0,6.906754778648554,1
2512.09636,2025-12-16,41,6.881411303642535,40,0,6.415096959171596,26
2512.10071,2025-12-16,41,6.889591308354466,40,0,6.889591308354466,18
2512.10655,2025-12-16,41,6.897704943128636,40,0,6.849066282633458,10
2512.10794,2025-12-16,41,6.898714534329988,40,0,6.849066282633458,9
2512.10927,2025-12-16,41,6.901737206656574,40,0,6.8658910748834385,6
2512.11438,2025-12-16,41,6.903747257584598,40,0,6.849066282633458,4
2512.11470,2025-12-16,41,6.897704943128636,40,0,6.8658910748834385,10
2512.11883,2025-12-16,41,6.901737206656574,40,0,6.8658910748834385,6
2512.11891,2025-12-16,41,6.897704943128636,40,0,6.897704943128636,10
2512.11995,2025-12-16,41,6.897704943128636,40,0,6.715383386334681,10
2512.12196,2025-12-16,41,6.900730664045173,40,0,6.831953565565855,7
2512.12602,2025-12-16,41,6.862757913051401,40,0,6.862757913051401,44
2512.12692,2025-12-16,41,6.893656354602635,40,0,6.831953565565855,14
2512.12730,2025-12-16,41,6.854354502255021,40,0,6.831953565565855,52
2512.12751,2025-12-16,41,6.900730664045173,40,0,6.849066282633458,7
2512.12768,2025-12-16,41,6.903747257584598,40,0,6.715383386334681,4
2512.12777,2025-12-16,41,6.902742737158593,40,0,6.8658910748834385,5
2512.12799,2025-12-16,41,6.895682697747868,40,0,6.715383386334681,12
2512.12967,2025-12-16,41,6.787844982309579,40,0,6.415096959171596,113
2512.13006,2025-12-16,41,6.8966943316227125,40,0,6.849066282633458,11
2512.13080,2025-12-16,41,6.890609120147166,40,0,6.715383386334681,17
2512.13168,2025-12-16,41,6.852242569051878,40,0,6.852242569051878,54
2512.13250,2025-12-16,41,6.897704943128636,40,0,6.715383386334681,10
2512.13313,2025-12-16,41,6.862757913051401,40,0,6.779921907472252,44
2512.13330,2025-12-16,41,6.901737206656574,40,0,6.8658910748834385,6
2512.13421,2025-12-16,41,6.902742737158593,40,0,6.849066282633458,5
2512.13564,2025-12-16,41,6.736966958001855,40,0,6.415096959171596,157
2512.13586,2025-12-16,41,6.810142450115136,40,0,6.415096959171596,93
2512.13592,2025-12-16,41,6.899723107284872,40,0,6.849066282633458,8
2512.13604,2025-12-16,41,6.828712071641684,40,0,6.779921907472252,76
2512.13672,2025-12-16,41,6.904750769961838,40,0,6.904750769961838,3
2512.13674,2025-12-16,41,6.895682697747868,40,0,6.715383386334681,12
2512.13683,2025-12-16,41,6.903747257584598,40,0,6.8658910748834385,4
2512.13687,2025-12-16,41,6.79346613258001,40,0,6.715383386334681,108
2512.13689,2025-12-16,41,6.899723107284872,40,0,6.899723107284872,8
2512.13690,2025-12-16,41,6.904750769961838,40,0,6.849066282633458,3
2512.07328,2025-12-17,39,6.677083461247136,38,0,6.646390514847729,1
2512.10342,2025-12-17,39,6.677083461247136,38,0,6.573680166960646,1
2512.10945,2025-12-17,39,6.677083461247136,38,0,6.677083461247136,1
2512.10952,2025-12-17,39,6.675823221634848,38,0,6.598509028614515,2
2512.11934,2025-12-17,39,6.677083461247136,38,0,6.638567789166521,1
2512.12675,2025-12-17,39,6.625392368007956,38,0,6.274762021241939,41
2512.12941,2025-12-17,39,6.675823221634848,38,0,6.675823221634848,2
2512.12980,2025-12-17,39,6.642486801367256,38,0,6.642486801367256,28
2512.13106,2025-12-17,39,6.673297967767654,38,0,6.569481420414296,4
2512.13281,2025-12-17,39,6.593044534142437,38,0,6.274762021241939,65
2512.13303,2025-12-17,39,6.656726524178391,38,0,6.573680166960646,17
2512.13399,2025-12-17,39,6.650279048587422,38,0,6.650279048587422,22
2512.13525,2025-12-17,39,6.670766320845874,38,0,6.669498089857879,6
2512.13607,2025-12-17,39,6.628041376179533,38,0,6.569481420414296,39
2512.13655,2025-12-17,39,6.673297967767654,38,0,6.569481420414296,4
2512.13660,2025-12-17,39,6.630683385642372,38,0,6.573680166960646,37
2512.13678,2025-12-17,39,6.660575149839686,38,0,6.569481420414296,14
2512.13961,2025-12-17,39,6.633318433280377,38,0,6.431331081933479,35
2512.14008,2025-12-17,39,6.665683717782408,38,0,6.646390514847729,10
2512.14014,2025-12-17,39,6.674561391814426,38,0,6.573680166960646,3
2512.14051,2025-12-17,39,6.617402977974478,38,0,6.598509028614515,47
2512.14067,2025-12-17,39,6.655440350367647,38,0,6.431331081933479,18
2512.14273,2025-12-17,39,6.665683717782408,38,0,6.598509028614515,10
2512.14284,2025-12-17,39,6.660575149839686,38,0,6.638567789166521,14
2512.14336,2025-12-17,39,6.637258031284457,38,0,6.274762021241939,32
2512.14391,2025-12-17,39,6.661854740545311,38,0,6.569481420414296,13
2512.14440,2025-12-17,39,6.677083461247136,38,0,6.669498089857879,1
2512.14442,2025-12-17,39,6.664409020350408,38,0,6.573680166960646,11
2512.14503,2025-12-17,39,6.655440350367647,38,0,6.655440350367647,18
2512.14531,2025-12-17,39,6.658011045870748,38,0,6.638567789166521,16
2512.14550,2025-12-17,39,6.670766320845874,38,0,6.646390514847729,6
2512.14614,2025-12-17,39,6.582025138892826,38,0,6.274762021241939,73
2512.14620,2025-12-17,39,6.675823221634848,38,0,6.598509028614515,2
2512.14666,2025-12-17,39,6.665683717782408,38,0,6.573680166960646,10
2512.14691,2025-12-17,39,6.513230110912307,38,0,6.431331081933479,121
2512.14696,2025-12-17,39,6.668228248417403,38,0,6.569481420414296,8
2512.14697,2025-12-17,39,6.668228248417403,38,0,6.646390514847729,8
2512.14698,2025-12-17,39,6.646390514847729,38,0,6.274762021241939,25
2512.14699,2025-12-17,39,6.642486801367256,38,0,6.274762021241939,28
2512.09299,2025-12-18,31,6.539585955617669,30,0,6.3835066348840055,8
2512.09851,2025-12-18,31,6.548219102762372,30,0,6.483107351457199,2
2512.10863,2025-12-18,31,6.519147287940395,30,0,6.483107351457199,22
2512.12072,2025-12-18,31,6.525029657843462,30,0,6.45833828334479,18
2512.13077,2025-12-18,31,6.54534966033442,30,0,6.536691597591305,4
2512.13190,2025-12-18,31,6.539585955617669,30,0,6.535241271013659,8
2512.13874,2025-12-18,31,6.525029657843462,30,0,5.978885764901122,18
2512.13884,2025-12-18,31,6.529418838262226,30,0,6.529418838262226,15
2512.14052,2025-12-18,31,6.48768401848461,30,0,5.978885764901122,43
2512.14080,2025-12-18,31,6.53813982376767,30,0,6.53813982376767,9
2512.14202,2025-12-18,31,6.542471960506805,30,0,6.535241271013659,6
2512.14681,2025-12-18,31,6.486160788944089,30,0,6.45833828334479,44
2512.14693,2025-12-18,31,6.486160788944089,30,0,6.486160788944089,44
2512.14719,2025-12-18,31,6.546785410760524,30,0,6.535241271013659,3
2512.14944,2025-12-18,31,6.498282149476434,30,0,5.978885764901122,36
2512.15110,2025-12-18,31,6.536691597591305,30,0,6.3835066348840055,10
2512.15176,2025-12-18,31,6.484635235635252,30,0,6.450470422144176,45
2512.15182,2025-12-18,31,6.52649485957079,30,0,5.978885764901122,17
2512.15340,2025-12-18,31,6.546785410760524,30,0,6.3835066348840055,3
2512.15374,2025-12-18,31,6.542471960506805,30,0,6.536691597591305,6
2512.15431,2025-12-18,31,6.338594078203183,30,0,5.978885764901122,134
2512.15603,2025-12-18,31,6.444131256700441,30,0,6.3835066348840055,71
2512.15635,2025-12-18,31,6.522092798170152,30,0,5.978885764901122,20
2512.15649,2025-12-18,31,6.541029999189903,30,0,6.483107351457199,7
2512.15687,2025-12-18,31,6.519147287940395,30,0,6.450470422144176,22
2512.15693,2025-12-18,31,6.525029657843462,30,0,5.978885764901122,18
2512.15699,2025-12-18,31,6.543911845564792,30,0,6.535241271013659,5
2512.15702,2025-12-18,31,6.52795791762255,30,0,6.3835066348840055,16
2512.15713,2025-12-18,31,6.523562306149512,30,0,5.978885764901122,19
2512.15715,2025-12-18,31,6.535241271013659,30,0,6.535241271013659,11
2512.16760,2025-12-18,31,6.529418838262226,30,0,6.483107351457199,15
2512.10953,2025-12-19,38,6.860663671448287,37,1,6.860663671448287,7
2512.11251,2025-12-19,38,6.859614903654202,37,1,6.78897174299217,8
2512.12576,2025-12-19,38,6.86484777797086,37,1,6.834108738813838,3
2512.12623,2025-12-19,38,6.863803391452954,37,1,6.78897174299217,4
2512.12880,2025-12-19,38,6.86171134048073,37,1,6.86171134048073,6
2512.13507,2025-12-19,38,6.824373670043086,37,1,6.025865973825314,41
2512.14805,2025-12-19,38,6.866933284461882,37,1,6.866933284461882,1
2512.14884,2025-12-19,38,6.8658910748834385,37,1,6.834108738813838,2
2512.15489,2025-12-19,38,6.853299093186078,37,1,6.834108738813838,14
2512.15528,2025-12-19,38,6.866933284461882,37,1,6.78897174299217,1
2512.15745,2025-12-19,38,6.769641976852503,37,1,6.769641976852503,90
2512.15907,2025-12-19,38,6.8658910748834385,37,1,6.846943139585379,2
2512.16106,2025-12-19,38,6.85751406254539,37,1,6.85751406254539,10
2512.16301,2025-12-19,38,6.745236349484363,37,1,6.745236349484363,111
2512.16378,2025-12-19,38,6.859614903654202,37,1,6.859614903654202,8
2512.16501,2025-12-19,38,6.85751406254539,37,1,6.78897174299217,10
2512.16561,2025-12-19,38,6.846943139585379,37,1,6.025865973825314,20
2512.16615,2025-12-19,38,6.862757913051401,37,1,6.846943139585379,5
2512.16625,2025-12-19,38,6.841615476477592,37,1,6.025865973825314,25
2512.16636,2025-12-19,38,6.840546529288687,37,1,6.025865973825314,26
2512.16649,2025-12-19,38,6.836259277277067,37,1,6.836259277277067,30
2512.16670,2025-12-19,38,6.863803391452954,37,1,6.846943139585379,4
2512.16767,2025-12-19,38,6.862757913051401,37,1,6.862757913051401,5
2512.16776,2025-12-19,38,6.668228248417403,37,0,6.025865973825314,174
2512.16864,2025-12-19,38,6.856461984594587,37,1,6.78897174299217,11
2512.16899,2025-12-19,38,6.853299093186078,37,1,6.78897174299217,14
2512.16900,2025-12-19,38,6.856461984594587,37,1,6.846943139585379,11
2512.16905,2025-12-19,38,6.834108738813838,37,1,6.025865973825314,32
2512.16909,2025-12-19,38,6.86484777797086,37,1,6.78897174299217,3
2512.16912,2025-12-19,38,6.854354502255021,37,1,6.834108738813838,13
2512.16913,2025-12-19,38,6.8308742346461795,37,1,6.025865973825314,35
2512.16915,2025-12-19,38,6.827629234502852,37,1,6.025865973825314,38
2512.16918,2025-12-19,38,6.853299093186078,37,1,6.78897174299217,14
2512.16920,2025-12-19,38,6.849066282633458,37,1,6.846943139585379,18
2512.16921,2025-12-19,38,6.859614903654202,37,1,6.78897174299217,8
2512.16922,2025-12-19,38,6.769641976852503,37,1,6.025865973825314,90
2512.16923,2025-12-19,38,6.826545223556594,37,1,6.025865973825314,39
2512.16924,2025-12-19,38,6.839476438228843,37,1,6.025865973825314,27
2512.11362,2025-12-22,22,6.513230110912307,21,0,6.502790045915623,23
2512.13427,2025-12-22,22,6.543911845564792,21,0,6.51471269087253,2
2512.14870,2025-12-22,22,6.525029657843462,21,0,6.51025834052315,15
2512.15586,2025-12-22,22,6.520621127558696,21,0,6.421622267806518,18
2512.16041,2025-12-22,22,6.495265555937008,21,0,6.421622267806518,35
2512.16483,2025-12-22,22,6.535241271013659,21,0,6.51471269087253,8
2512.16793,2025-12-22,22,6.431331081933479,21,0,6.431331081933479,76
2512.16848,2025-12-22,22,6.529418838262226,21,0,6.411818267709897,12
2512.16969,2025-12-22,22,6.3578422665081,21,0,6.244166900663736,120
2512.16978,2025-12-22,22,6.536691597591305,21,0,6.502790045915623,7
2512.17008,2025-12-22,22,6.530877627725885,21,0,6.411818267709897,11
2512.17012,2025-12-22,22,6.47543271670409,21,0,6.226536669287466,48
2512.17260,2025-12-22,22,6.467698726104354,21,0,6.411818267709897,53
2512.17351,2025-12-22,22,6.504288173536645,21,0,6.421622267806518,29
2512.17419,2025-12-22,22,6.532334292222349,21,0,6.51025834052315,10
2512.17459,2025-12-22,22,6.529418838262226,21,0,6.411818267709897,12
2512.17495,2025-12-22,22,6.517671272912275,21,0,6.226536669287466,20
2512.17532,2025-12-22,22,6.444131256700441,21,0,6.226536669287466,68
2512.17796,2025-12-22,22,6.529418838262226,21,0,6.51471269087253,12
2512.17897,2025-12-22,22,6.520621127558696,21,0,6.226536669287466,18
2512.17901,2025-12-22,22,6.453624998892692,21,0,6.244166900663736,62
2512.17909,2025-12-22,22,6.492239835020471,21,0,6.226536669287466,37
2512.12620,2025-12-23,24,6.525029657843462,23,1,6.508769136971682,4
2512.16229,2025-12-23,24,6.505784060128229,23,1,6.396929655216146,17
2512.16676,2025-12-23,24,6.139884552226255,23,0,6.139884552226255,222
2512.17040,2025-12-23,24,6.48768401848461,23,1,6.375024819828097,29
2512.17206,2025-12-23,24,6.501289670540389,23,1,6.304448802421981,20
2512.17385,2025-12-23,24,6.504288173536645,23,1,6.396929655216146,18
2512.17650,2025-12-23,24,6.450470422144176,23,1,6.375024819828097,53
2512.18003,2025-12-23,24,6.523562306149512,23,1,6.51471269087253,5
2512.18184,2025-12-23,24,6.498282149476434,23,1,6.480044561926653,22
2512.18314,2025-12-23,24,6.517671272912275,23,1,6.375024819828097,9
2512.18542,2025-12-23,24,6.522092798170152,23,1,6.51471269087253,6
2512.18658,2025-12-23,24,6.51471269087253,23,1,6.508769136971682,11
2512.18880,2025-12-23,24,6.493753839851686,23,1,6.493753839851686,25
2512.19134,2025-12-23,24,6.483107351457199,23,1,6.396929655216146,32
2512.19399,2025-12-23,24,6.52649485957079,23,1,6.52649485957079,3
2512.19402,2025-12-23,24,6.519147287940395,23,1,6.375024819828097,8
2512.19432,2025-12-23,24,6.511745329644728,23,1,6.511745329644728,13
2512.19535,2025-12-23,24,6.513230110912307,23,1,6.513230110912307,12
2512.19539,2025-12-23,24,6.502790045915623,23,1,6.304448802421981,19
2512.19629,2025-12-23,24,6.492239835020471,23,1,6.492239835020471,26
2512.19661,2025-12-23,24,6.513230110912307,23,1,6.480044561926653,12
2512.19678,2025-12-23,24,6.483107351457199,23,1,6.304448802421981,32
2512.19682,2025-12-23,24,6.502790045915623,23,1,6.396929655216146,19
2512.19693,2025-12-23,24,6.42648845745769,23,1,6.304448802421981,68
2512.13472,2025-12-24,19,6.282266746896006,18,0,6.282266746896006,17
2512.15031,2025-12-24,19,6.309918278226516,18,0,6.304448802421981,2
2512.16144,2025-12-24,19,6.2766434893416445,18,0,6.144185634125646,20
2512.17102,2025-12-24,19,6.234410725718371,18,0,6.2166061010848646,42
2512.17648,2025-12-24,19,6.304448802421981,18,0,6.304448802421981,5
2512.18099,2025-12-24,19,6.267200548541362,18,0,6.267200548541362,25
2512.18746,2025-12-24,19,6.255750041753367,18,0,6.07073772800249,31
2512.19526,2025-12-24,19,6.29156913955832,18,0,6.29156913955832,12
2512.19673,2025-12-24,19,6.186208623900494,18,0,6.144185634125646,66
2512.19823,2025-12-24,19,6.311734809152915,18,0,6.263398262591624,1
2512.20092,2025-12-24,19,6.297109319933935,18,0,6.2166061010848646,9
2512.20182,2025-12-24,19,6.297109319933935,18,0,6.297109319933935,9
2512.20352,2025-12-24,19,6.3080984415095305,18,0,6.304448802421981,3
2512.20491,2025-12-24,19,6.139884552226255,18,0,6.07073772800249,88
2512.20615,2025-12-24,19,6.297109319933935,18,0,6.263398262591624,9
2512.20617,2025-12-24,19,6.230481447578482,18,0,6.230481447578482,44
2512.20618,2025-12-24,19,6.206575926724928,18,0,6.206575926724928,56
2512.20619,2025-12-24,19,6.124683390894205,18,0,6.124683390894205,95
2512.21332,2025-12-24,19,6.282266746896006,18,0,6.263398262591624,17
2512.16093,2025-12-25,17,5.8664680569332965,16,0,5.8664680569332965,97
2512.18470,2025-12-25,17,6.082218910376446,16,0,6.082218910376446,12
2512.18832,2025-12-25,17,6.075346031088684,16,0,6.075346031088684,15
2512.19012,2025-12-25,17,6.07073772800249,16,0,5.793013608384144,17
2512.20144,2025-12-25,17,6.093569770045136,16,0,6.093569770045136,7
2512.20557,2025-12-25,17,5.986452005284438,16,0,5.905361848054571,52
2512.20757,2025-12-25,17,6.068425588244111,16,0,5.793013608384144,18
2512.20848,2025-12-25,17,6.008813185442595,16,0,5.793013608384144,43
2512.20856,2025-12-25,17,6.0063531596017325,16,0,5.793013608384144,44
2512.21004,2025-12-25,17,6.07993319509559,16,0,6.07993319509559,13
2512.21010,2025-12-25,17,6.100318952020064,16,0,6.07073772800249,4
2512.21094,2025-12-25,17,6.052089168924417,16,0,5.905361848054571,25
2512.21227,2025-12-25,17,6.104793232414985,16,0,6.07073772800249,2
2512.21252,2025-12-25,17,6.028278520230698,16,0,5.905361848054571,35
2512.21334,2025-12-25,17,6.0844994130751715,16,0,6.07073772800249,11
2512.21337,2025-12-25,17,6.037870919922137,16,0,5.905361848054571,31
2512.21338,2025-12-25,17,6.056784013228625,16,0,5.905361848054571,23
2512.13043,2025-12-26,7,5.327876168789581,6,0,4.584967478670572,6
2512.15716,2025-12-26,7,5.176149732573829,6,0,5.176149732573829,35
2512.19680,2025-12-26,7,5.298317366548036,6,0,4.584967478670572,12
2512.19949,2025-12-26,7,5.308267697401205,6,0,4.584967478670572,10
2512.19995,2025-12-26,7,5.278114659230517,6,0,4.584967478670572,16
2512.20605,2025-12-26,7,5.0106352940962555,6,0,5.0106352940962555,62
2512.21218,2025-12-26,7,4.955827057601261,6,0,4.584967478670572,70
2512.17220,2025-12-29,15,5.726847747587197,14,0,5.726847747587197,115
2512.17504,2025-12-29,15,5.777652323222656,14,0,5.697093486505405,99
2512.18745,2025-12-29,15,6.016157159698354,14,0,5.697093486505405,12
2512.20292,2025-12-29,15,6.023447592961033,14,0,6.023447592961033,9
2512.21507,2025-12-29,15,6.025865973825314,14,0,5.860786223465865,8
2512.21625,2025-12-29,15,6.035481432524756,14,0,5.860786223465865,4
2512.21643,2025-12-29,15,6.013715156042802,14,0,5.697093486505405,13
2512.21675,2025-12-29,15,5.976350909297934,14,0,5.926926025970411,28
2512.21859,2025-12-29,15,5.983936280687191,14,0,5.983936280687191,25
2512.21919,2025-12-29,15,6.021023349349527,14,0,5.860786223465865,10
2512.21980,2025-12-29,15,6.037870919922137,14,0,5.860786223465865,3
2512.22047,2025-12-29,15,5.968707559985366,14,0,5.860786223465865,31
2512.22118,2025-12-29,15,5.998936561946683,14,0,5.926926025970411,19
2512.22120,2025-12-29,15,6.008813185442595,14,0,5.860786223465865,15
2512.22238,2025-12-29,15,5.971261839790462,14,0,5.971261839790462,30
2512.15560,2025-12-30,31,6.579251212010101,30,0,6.406879986069314,25
2512.20927,2025-12-30,31,6.590301048196686,30,0,6.406879986069314,17
2512.21720,2025-12-30,31,6.602587892189336,30,0,6.406879986069314,8
2512.21734,2025-12-30,31,6.606650186198215,30,0,6.406879986069314,5
2512.22096,2025-12-30,31,6.52795791762255,30,0,6.068425588244111,61
2512.22100,2025-12-30,31,6.60934924316738,30,0,6.406879986069314,3
2512.22234,2025-12-30,31,6.583409222158765,30,0,6.583409222158765,22
2512.22255,2025-12-30,31,6.6052979209482015,30,0,6.595780513961311,6
2512.22322,2025-12-30,31,6.559615237493242,30,0,6.532334292222349,39
2512.22323,2025-12-30,31,6.559615237493242,30,0,6.068425588244111,39
2512.22342,2025-12-30,31,6.5998704992128365,30,0,6.591673732008658,10
2512.22374,2025-12-30,31,6.590301048196686,30,0,6.588926477533519,17
2512.22431,2025-12-30,31,6.5998704992128365,30,0,6.406879986069314,10
2512.22615,2025-12-30,31,6.542471960506805,30,0,6.068425588244111,51
2512.22984,2025-12-30,31,6.612041034833092,30,0,6.588926477533519,1
2512.23044,2025-12-30,31,6.5998704992128365,30,0,6.5998704992128365,10
2512.23162,2025-12-30,31,6.594413459749778,30,0,6.406879986069314,14
2512.23222,2025-12-30,31,6.6052979209482015,30,0,6.573680166960646,6
2512.23236,2025-12-30,31,6.6052979209482015,30,0,6.406879986069314,6
2512.23273,2025-12-30,31,6.593044534142437,30,0,6.406879986069314,15
2512.23447,2025-12-30,31,6.470799503782602,30,0,6.470799503782602,99
2512.23541,2025-12-30,31,6.582025138892826,30,0,6.573680166960646,23
2512.23573,2025-12-30,31,6.6052979209482015,30,0,6.591673732008658,6
2512.23576,2025-12-30,31,6.520621127558696,30,0,6.068425588244111,66
2512.23646,2025-12-30,31,6.593044534142437,30,0,6.406879986069314,15
2512.23647,2025-12-30,31,6.587550014824796,30,0,6.532334292222349,19
2512.23676,2025-12-30,31,6.576469569048224,30,0,6.576469569048224,27
2512.23703,2025-12-30,31,6.6039438246004725,30,0,6.595780513961311,7
2512.23705,2025-12-30,31,6.551080335043404,30,0,6.068425588244111,45
2512.23707,2025-12-30,31,6.584791392385716,30,0,6.406879986069314,21
2512.23709,2025-12-30,31,6.542471960506805,30,0,6.068425588244111,51
2512.21008,2025-12-31,7,4.663439094112067,6,0,4.442651256490317,4
2512.21185,2025-12-31,7,4.356708826689592,6,0,4.356708826689592,32
2512.22206,2025-12-31,7,4.68213122712422,6,0,4.442651256490317,2
2512.22469,2025-12-31,7,4.663439094112067,6,0,4.442651256490317,4
2512.22525,2025-12-31,7,4.553876891600541,6,0,4.442651256490317,15
2512.23165,2025-12-31,7,4.406719247264253,6,0,4.060443010546419,28
2512.23675,2025-12-31,7,4.454347296253507,6,0,4.060443010546419,24
