arxiv_id_clean,first_author_prior_papers_true,last_author_prior_papers_true,max_prior_papers_true,max_years_active,first_author_first_year,last_author_first_year,tierB_resolved
2302.06555,0.0,277.0,277.0,19.0,2023.0,2004.0,True
2304.09355,15.0,385.0,385.0,46.0,2017.0,1977.0,True
2305.02412,111.0,39.0,111.0,9.0,2014.0,2014.0,True
2305.02440,37.0,206.0,206.0,16.0,2007.0,2012.0,True
2305.02463,17.0,10.0,17.0,6.0,2017.0,2018.0,True
2305.02483,16.0,41.0,41.0,6.0,2017.0,2017.0,True
2305.02499,17.0,6.0,17.0,7.0,2020.0,2016.0,True
2305.02549,35.0,85.0,85.0,16.0,2013.0,2007.0,True
2305.02665,6.0,92.0,92.0,16.0,2016.0,2007.0,True
2305.02678,7.0,66.0,66.0,25.0,2018.0,1998.0,True
2305.02783,8.0,12.0,12.0,8.0,2019.0,2015.0,True
2305.02790,43.0,300.0,300.0,23.0,2002.0,2000.0,True
2305.02968,6.0,44.0,44.0,8.0,2019.0,2015.0,True
2305.03027,3.0,183.0,183.0,13.0,2017.0,2010.0,True
2305.03040,11.0,174.0,174.0,19.0,2017.0,2004.0,True
2305.03043,5.0,47.0,47.0,20.0,2019.0,2003.0,True
2305.03047,20.0,50.0,50.0,6.0,2017.0,2019.0,True
2305.03048,34.0,146.0,146.0,8.0,2020.0,2015.0,True
2305.03049,3.0,71.0,71.0,12.0,2022.0,2011.0,True
2305.03052,4.0,97.0,97.0,13.0,2019.0,2010.0,True
2305.03111,19.0,19.0,19.0,15.0,2008.0,2019.0,True
2305.03210,1.0,181.0,181.0,43.0,2023.0,1980.0,True
2305.03286,15.0,54.0,54.0,15.0,2017.0,2008.0,True
2305.03509,6.0,220.0,220.0,25.0,2011.0,1998.0,True
2305.03514,10.0,60.0,60.0,3.0,2020.0,2021.0,True
2305.03668,8.0,18.0,18.0,5.0,2018.0,2018.0,True
2305.03689,17.0,234.0,234.0,24.0,2015.0,1999.0,True
2305.03695,8.0,166.0,166.0,16.0,2019.0,2007.0,True
2305.03713,8.0,49.0,49.0,19.0,2017.0,2004.0,True
2305.03719,55.0,123.0,123.0,23.0,2000.0,2000.0,True
2305.03726,1.0,12.0,12.0,4.0,2019.0,2021.0,True
2305.03937,5.0,16.0,16.0,8.0,2019.0,2015.0,True
2305.03981,4.0,8.0,8.0,2.0,2022.0,2021.0,True
2305.04091,20.0,2.0,20.0,5.0,2018.0,2020.0,True
2305.04160,13.0,174.0,174.0,23.0,2003.0,2000.0,True
2305.04241,6.0,8.0,8.0,6.0,2017.0,2021.0,True
2305.04268,2.0,3.0,3.0,6.0,2023.0,2017.0,True
2305.04388,2.0,44.0,44.0,22.0,2020.0,2001.0,True
2305.04391,57.0,14.0,57.0,15.0,2008.0,2009.0,True
2305.04461,6.0,117.0,117.0,33.0,2019.0,1990.0,True
2305.04745,8.0,35.0,35.0,9.0,2019.0,2014.0,True
2305.04789,26.0,170.0,170.0,18.0,2018.0,2005.0,True
2305.04790,102.0,47.0,102.0,18.0,2005.0,2017.0,True
2305.04966,8.0,65.0,65.0,39.0,2021.0,1984.0,True
2305.05065,17.0,19.0,19.0,14.0,2018.0,2009.0,True
2305.05176,22.0,132.0,132.0,11.0,2016.0,2012.0,True
2305.05189,9.0,10.0,10.0,5.0,2018.0,2022.0,True
2305.05364,14.0,40.0,40.0,6.0,2017.0,2018.0,True
2305.05383,1.0,189.0,189.0,15.0,2021.0,2008.0,True
2305.05432,9.0,19.0,19.0,5.0,2018.0,2018.0,True
2305.05591,9.0,47.0,47.0,9.0,2014.0,2014.0,True
2305.05644,19.0,5.0,19.0,5.0,2018.0,2021.0,True
2305.05658,3.0,198.0,198.0,31.0,2020.0,1992.0,True
2305.05662,13.0,13.0,13.0,5.0,2018.0,2021.0,True
2305.05706,1.0,6.0,6.0,5.0,2022.0,2018.0,True
2305.05845,0.0,12.0,12.0,12.0,,2011.0,True
2305.05862,1.0,1.0,1.0,25.0,2022.0,1998.0,True
2305.05973,10.0,29.0,29.0,7.0,2017.0,2016.0,True
2305.06077,1.0,381.0,381.0,19.0,2021.0,2004.0,True
2305.06131,3.0,8.0,8.0,2.0,2021.0,2022.0,True
2305.06161,7.0,26.0,26.0,10.0,2020.0,2013.0,True
2305.06218,3.0,13.0,13.0,11.0,2021.0,2012.0,True
2305.06324,13.0,58.0,58.0,15.0,2017.0,2008.0,True
2305.06351,16.0,204.0,204.0,23.0,2016.0,2000.0,True
2305.06355,21.0,14.0,21.0,2.0,2021.0,2021.0,True
2305.06356,0.0,184.0,184.0,13.0,2023.0,2010.0,True
2305.06404,2.0,3.0,3.0,10.0,2022.0,2013.0,True
2305.06424,14.0,261.0,261.0,21.0,2018.0,2002.0,True
2305.06456,12.0,72.0,72.0,12.0,2018.0,2011.0,True
2305.06474,16.0,17.0,17.0,8.0,2015.0,2018.0,True
2305.06500,18.0,11.0,18.0,5.0,2020.0,2018.0,True
2305.06555,15.0,13.0,15.0,6.0,2017.0,2022.0,True
2305.06575,8.0,292.0,292.0,18.0,2021.0,2005.0,True
2305.06594,28.0,6.0,28.0,15.0,2008.0,2019.0,True
2305.06908,2.0,6.0,6.0,5.0,2022.0,2018.0,True
2305.07004,23.0,292.0,292.0,18.0,2019.0,2005.0,True
2305.07011,3.0,21.0,21.0,8.0,2021.0,2015.0,True
2305.07015,9.0,314.0,314.0,17.0,2017.0,2006.0,True
2305.07017,7.0,52.0,52.0,9.0,2020.0,2014.0,True
2305.07021,9.0,107.0,107.0,24.0,2018.0,1999.0,True
2305.07027,14.0,104.0,104.0,13.0,2012.0,2010.0,True
2305.07153,9.0,7.0,9.0,6.0,2019.0,2017.0,True
2305.07185,23.0,76.0,76.0,23.0,2011.0,2000.0,True
2305.07214,22.0,5.0,22.0,6.0,2017.0,2021.0,True
2305.07243,1.0,1.0,1.0,1.0,2022.0,2022.0,True
2305.07378,18.0,21.0,21.0,9.0,2018.0,2014.0,True
2305.07440,12.0,45.0,45.0,12.0,2012.0,2011.0,True
2305.07447,84.0,452.0,452.0,34.0,2014.0,1989.0,True
2305.07490,,14.0,14.0,7.0,,2016.0,True
2305.07514,9.0,18.0,18.0,10.0,2018.0,2013.0,True
2305.07558,18.0,45.0,45.0,14.0,2019.0,2009.0,True
2305.07615,9.0,135.0,135.0,22.0,2018.0,2001.0,True
2305.07677,5.0,33.0,33.0,12.0,2019.0,2011.0,True
2305.07759,76.0,56.0,76.0,23.0,2007.0,2000.0,True
2305.07804,6.0,14.0,14.0,4.0,2019.0,2019.0,True
2305.07922,17.0,12.0,17.0,6.0,2017.0,2018.0,True
2305.07961,0.0,5.0,5.0,6.0,2023.0,2017.0,True
2305.07969,56.0,3.0,56.0,17.0,2008.0,2006.0,True
2305.08275,7.0,331.0,331.0,22.0,2017.0,2001.0,True
2305.08298,13.0,17.0,17.0,18.0,2014.0,2005.0,True
2305.08379,14.0,83.0,83.0,17.0,2014.0,2006.0,True
2305.08596,3.0,8.0,8.0,14.0,2022.0,2009.0,True
2305.08675,12.0,54.0,54.0,13.0,2019.0,2010.0,True
2305.08677,31.0,257.0,257.0,27.0,2014.0,1996.0,True
2305.08809,26.0,290.0,290.0,26.0,1998.0,1997.0,True
2305.08810,4.0,87.0,87.0,9.0,2019.0,2014.0,True
2305.08844,8.0,68.0,68.0,14.0,2020.0,2009.0,True
2305.08848,26.0,228.0,228.0,17.0,2019.0,2006.0,True
2305.08850,12.0,38.0,38.0,4.0,2019.0,2020.0,True
2305.08891,5.0,2.0,5.0,6.0,2019.0,2017.0,True
2305.09137,14.0,261.0,261.0,19.0,2019.0,2004.0,True
2305.09148,3.0,3.0,3.0,1.0,2022.0,2022.0,True
2305.09253,18.0,37.0,37.0,14.0,2015.0,2009.0,True
2305.09515,5.0,122.0,122.0,16.0,2022.0,2007.0,True
2305.09617,21.0,20.0,21.0,20.0,2003.0,2012.0,True
2305.09636,19.0,240.0,240.0,20.0,2013.0,2003.0,True
2305.09641,18.0,382.0,382.0,19.0,2017.0,2004.0,True
2305.09662,21.0,25.0,25.0,15.0,2011.0,2008.0,True
2305.09664,7.0,46.0,46.0,13.0,2018.0,2010.0,True
2305.09758,0.0,0.0,0.0,0.0,2023.0,2023.0,True
2305.09761,10.0,203.0,203.0,18.0,2015.0,2005.0,True
2305.09764,27.0,36.0,36.0,14.0,2009.0,2012.0,True
2305.09857,15.0,53.0,53.0,15.0,2012.0,2008.0,True
2305.09863,34.0,130.0,130.0,18.0,2012.0,2005.0,True
2305.09975,10.0,242.0,242.0,15.0,2018.0,2008.0,True
2305.10005,22.0,436.0,436.0,47.0,2018.0,1976.0,True
2305.10018,13.0,1.0,13.0,19.0,2004.0,2018.0,True
2305.10142,13.0,317.0,317.0,33.0,2018.0,1990.0,True
2305.10266,11.0,111.0,111.0,30.0,2018.0,1993.0,True
2305.10320,6.0,52.0,52.0,4.0,2020.0,2019.0,True
2305.10400,7.0,69.0,69.0,19.0,2016.0,2004.0,True
2305.10403,26.0,86.0,86.0,12.0,2011.0,2016.0,True
2305.10425,13.0,32.0,32.0,22.0,2018.0,2001.0,True
2305.10429,20.0,37.0,37.0,12.0,2015.0,2011.0,True
2305.10431,7.0,11.0,11.0,10.0,2021.0,2013.0,True
2305.10434,19.0,158.0,158.0,33.0,2019.0,1990.0,True
2305.10474,18.0,30.0,30.0,7.0,2018.0,2016.0,True
2305.10601,10.0,65.0,65.0,9.0,2017.0,2014.0,True
2305.10688,15.0,457.0,457.0,19.0,2019.0,2004.0,True
2305.10722,10.0,52.0,52.0,5.0,2019.0,2018.0,True
2305.10763,3.0,36.0,36.0,2.0,2022.0,2021.0,True
2305.10764,16.0,59.0,59.0,14.0,2017.0,2009.0,True
2305.10841,2.0,6.0,6.0,1.0,2022.0,2022.0,True
2305.10853,0.0,0.0,0.0,,,,True
2305.10855,10.0,296.0,296.0,18.0,2019.0,2005.0,True
2305.10874,10.0,12.0,12.0,10.0,2018.0,2013.0,True
2305.10912,4.0,163.0,163.0,20.0,2020.0,2003.0,True
2305.10973,27.0,407.0,407.0,21.0,2017.0,2002.0,True
2305.11000,0.0,232.0,232.0,19.0,2023.0,2004.0,True
2305.11129,22.0,20.0,22.0,15.0,2008.0,2018.0,True
2305.11147,46.0,30.0,46.0,11.0,2017.0,2012.0,True
2305.11171,2.0,70.0,70.0,19.0,2022.0,2004.0,True
2305.11173,35.0,48.0,48.0,17.0,2006.0,2009.0,True
2305.11175,7939.0,75.0,7939.0,12.0,2013.0,2011.0,True
2305.11206,29.0,91.0,91.0,10.0,2013.0,2013.0,True
2305.11243,11.0,1.0,11.0,18.0,2017.0,2005.0,True
2305.11308,9.0,64.0,64.0,12.0,2021.0,2011.0,True
2305.11337,18.0,646.0,646.0,27.0,2018.0,1996.0,True
2305.11364,20.0,12.0,20.0,8.0,2015.0,2015.0,True
2305.11541,8.0,23.0,23.0,4.0,2019.0,2020.0,True
2305.11588,4.0,76.0,76.0,9.0,2021.0,2014.0,True
2305.11598,10.0,23.0,23.0,5.0,2018.0,2020.0,True
2305.11675,2.0,77.0,77.0,15.0,2022.0,2008.0,True
2305.11694,19.0,112.0,112.0,33.0,2016.0,1990.0,True
2305.11738,1.0,123.0,123.0,16.0,2022.0,2007.0,True
2305.11759,11.0,28.0,28.0,22.0,2016.0,2001.0,True
2305.11778,19.0,102.0,102.0,11.0,2012.0,2012.0,True
2305.11834,13.0,15.0,15.0,9.0,2018.0,2014.0,True
2305.11837,23.0,22.0,23.0,15.0,2015.0,2008.0,True
2305.11840,7.0,23.0,23.0,7.0,2017.0,2016.0,True
2305.11841,22.0,19.0,22.0,20.0,2003.0,2009.0,True
2305.11846,4.0,284.0,284.0,19.0,2019.0,2004.0,True
2305.11854,8.0,24.0,24.0,7.0,2020.0,2016.0,True
2305.11863,5.0,55.0,55.0,15.0,2020.0,2008.0,True
2305.11870,1.0,39.0,39.0,39.0,2023.0,1984.0,True
2305.11938,92.0,119.0,119.0,19.0,2016.0,2004.0,True
2305.12001,10.0,17.0,17.0,4.0,2020.0,2019.0,True
2305.12050,30.0,0.0,30.0,40.0,1983.0,2023.0,True
2305.12487,30.0,54.0,54.0,39.0,2017.0,1984.0,True
2305.13009,3.0,32.0,32.0,5.0,2021.0,2018.0,True
2305.13048,425.0,182.0,425.0,33.0,1990.0,1990.0,True
2305.13050,0.0,20.0,20.0,13.0,2023.0,2010.0,True
2305.13077,3.0,24.0,24.0,3.0,2022.0,2020.0,True
2305.13301,5.0,525.0,525.0,15.0,2011.0,2008.0,True
2305.13304,32.0,87.0,87.0,13.0,2019.0,2010.0,True
2305.13534,3.0,407.0,407.0,24.0,2021.0,1999.0,True
2305.13579,15.0,12.0,15.0,5.0,2018.0,2018.0,True
2305.13735,18.0,54.0,54.0,11.0,2018.0,2012.0,True
2305.13786,0.0,65.0,65.0,17.0,2024.0,2006.0,True
2305.13840,0.0,1.0,1.0,1.0,2023.0,2022.0,True
2305.14201,0.0,91.0,91.0,69.0,2025.0,1954.0,True
2305.14233,32.0,1.0,32.0,4.0,2019.0,2023.0,True
2305.14314,16.0,261.0,261.0,25.0,2015.0,1998.0,True
2305.14540,18.0,54.0,54.0,7.0,2017.0,2016.0,True
2305.14564,16.0,79.0,79.0,12.0,2017.0,2011.0,True
2305.14878,21.0,44.0,44.0,51.0,2017.0,1972.0,True
2305.15038,13.0,165.0,165.0,16.0,2020.0,2007.0,True
2305.15486,113.0,58.0,113.0,23.0,2014.0,2000.0,True
2305.15581,3.0,84.0,84.0,15.0,2021.0,2008.0,True
2305.15586,4.0,35.0,35.0,13.0,2018.0,2010.0,True
2305.15717,0.0,11.0,11.0,16.0,2023.0,2007.0,True
2305.15719,50.0,85.0,85.0,11.0,2016.0,2012.0,True
2305.15779,11.0,19.0,19.0,2.0,2021.0,2021.0,True
2305.15798,12.0,14.0,14.0,15.0,2008.0,2011.0,True
2305.16213,11.0,23.0,23.0,4.0,2021.0,2019.0,True
2305.16291,8.0,105.0,105.0,16.0,2019.0,2007.0,True
2305.16311,5.0,34.0,34.0,32.0,2021.0,1991.0,True
2305.16334,4.0,14.0,14.0,9.0,2020.0,2014.0,True
2305.16338,7.0,3.0,7.0,11.0,2021.0,2012.0,True
2305.16349,8.0,211.0,211.0,11.0,2019.0,2012.0,True
2305.16355,23.0,21.0,23.0,5.0,2018.0,2021.0,True
2305.16367,171.0,6.0,171.0,43.0,1980.0,2021.0,True
2305.16380,43.0,133.0,133.0,9.0,2020.0,2014.0,True
2305.16381,6.0,58.0,58.0,7.0,2018.0,2016.0,True
2305.16411,6.0,5.0,6.0,25.0,2019.0,1998.0,True
2305.16635,5.0,256.0,256.0,18.0,2020.0,2005.0,True
2305.16704,55.0,63.0,63.0,12.0,2014.0,2011.0,True
2305.16765,19.0,213.0,213.0,11.0,2016.0,2012.0,True
2305.16806,22.0,1.0,22.0,6.0,2017.0,2023.0,True
2305.16843,9.0,45.0,45.0,30.0,2019.0,1993.0,True
2305.16867,0.0,91.0,91.0,9.0,2023.0,2014.0,True
2305.16958,27.0,2.0,27.0,16.0,2016.0,2007.0,True
2305.16960,27.0,101.0,101.0,15.0,2019.0,2008.0,True
2305.16999,13.0,13.0,13.0,10.0,2019.0,2013.0,True
2305.17066,13.0,461.0,461.0,34.0,2021.0,1989.0,True
2305.17098,6.0,0.0,6.0,14.0,2009.0,2024.0,True
2305.17126,22.0,53.0,53.0,4.0,2019.0,2019.0,True
2305.17144,32.0,77.0,77.0,12.0,2016.0,2011.0,True
2305.17216,17.0,342.0,342.0,44.0,2016.0,1979.0,True
2305.17306,14.0,105.0,105.0,15.0,2018.0,2008.0,True
2305.17333,4.0,354.0,354.0,36.0,2020.0,1987.0,True
2305.17359,13.0,90.0,90.0,7.0,2018.0,2016.0,True
2305.17390,46.0,127.0,127.0,10.0,2016.0,2013.0,True
2305.17493,49.0,21.0,49.0,9.0,2014.0,2018.0,True
2305.18098,1.0,34.0,34.0,15.0,2011.0,2008.0,True
2305.18231,25.0,48.0,48.0,22.0,2017.0,2001.0,True
2305.18247,13.0,151.0,151.0,19.0,2011.0,2004.0,True
2305.18259,0.0,7.0,7.0,11.0,2023.0,2012.0,True
2305.18264,3.0,149.0,149.0,8.0,2021.0,2015.0,True
2305.18274,25.0,10.0,25.0,7.0,2016.0,2018.0,True
2305.18286,10.0,16.0,16.0,11.0,2020.0,2012.0,True
2305.18292,10.0,23.0,23.0,3.0,2020.0,2021.0,True
2305.18295,5.0,38.0,38.0,27.0,2017.0,1996.0,True
2305.18365,1.0,9.0,9.0,8.0,2022.0,2015.0,True
2305.18373,3.0,23.0,23.0,2.0,2021.0,2021.0,True
2305.18415,66.0,59.0,66.0,19.0,2004.0,2013.0,True
2305.18474,123.0,43.0,123.0,18.0,2005.0,2021.0,True
2305.18565,34.0,77.0,77.0,33.0,2015.0,1990.0,True
2305.18583,1.0,1.0,1.0,5.0,2023.0,2018.0,True
2305.18654,18.0,260.0,260.0,18.0,2018.0,2005.0,True
2305.18729,6.0,271.0,271.0,20.0,2021.0,2003.0,True
2305.18752,,94.0,94.0,4.0,,2019.0,True
2305.18766,0.0,155.0,155.0,15.0,2024.0,2008.0,True
2305.18802,65.0,53.0,65.0,11.0,2012.0,2013.0,True
2305.19012,26.0,196.0,196.0,17.0,2017.0,2006.0,True
2305.19066,1.0,355.0,355.0,29.0,2023.0,1994.0,True
2305.19164,20.0,92.0,92.0,16.0,2016.0,2007.0,True
2305.19234,13.0,189.0,189.0,25.0,2018.0,1998.0,True
2305.19245,8.0,4.0,8.0,5.0,2018.0,2020.0,True
2305.19370,9.0,576.0,576.0,21.0,2014.0,2002.0,True
2305.19452,16.0,49.0,49.0,20.0,2018.0,2003.0,True
2305.19472,0.0,0.0,0.0,0.0,2023.0,2023.0,True
2305.19835,26.0,159.0,159.0,21.0,2013.0,2002.0,True
2305.20010,4.0,323.0,323.0,39.0,2021.0,1984.0,True
2305.20030,6.0,220.0,220.0,15.0,2022.0,2008.0,True
2305.20081,33.0,22.0,33.0,7.0,2016.0,2017.0,True
2305.20082,17.0,0.0,17.0,3.0,2020.0,2023.0,True
2305.20086,9.0,220.0,220.0,15.0,2020.0,2008.0,True
2305.20088,17.0,37.0,37.0,9.0,2017.0,2014.0,True
2305.20091,7.0,91.0,91.0,29.0,2017.0,1994.0,True
2306.00008,49.0,35.0,49.0,29.0,2014.0,1994.0,True
2306.00029,26.0,14.0,26.0,6.0,2017.0,2018.0,True
2306.00107,8.0,79.0,79.0,25.0,2021.0,1998.0,True
2306.00110,6.0,13.0,13.0,22.0,2001.0,2022.0,True
2306.00148,46.0,53.0,53.0,22.0,2018.0,2001.0,True
2306.00238,8.0,22.0,22.0,8.0,2018.0,2015.0,True
2306.00378,3.0,230.0,230.0,26.0,2015.0,1997.0,True
2306.00622,3.0,121.0,121.0,14.0,2020.0,2009.0,True
2306.00637,2.0,2.0,2.0,1.0,2022.0,2022.0,True
2306.00739,8.0,0.0,8.0,3.0,2020.0,2023.0,True
2306.00802,37.0,194.0,194.0,35.0,1992.0,1988.0,True
2306.00890,91.0,134.0,134.0,18.0,2015.0,2005.0,True
2306.00926,2.0,75.0,75.0,22.0,2018.0,2001.0,True
2306.00943,7.0,48.0,48.0,25.0,2021.0,1998.0,True
2306.00956,42.0,182.0,182.0,12.0,2014.0,2011.0,True
2306.00964,13.0,124.0,124.0,29.0,2020.0,1994.0,True
2306.00966,7.0,250.0,250.0,69.0,2020.0,1954.0,True
2306.00971,4.0,2.0,4.0,1.0,2022.0,2023.0,True
2306.00980,27.0,32.0,32.0,19.0,2020.0,2004.0,True
2306.00983,77.0,96.0,96.0,54.0,2011.0,1969.0,True
2306.00984,38.0,96.0,96.0,54.0,2014.0,1969.0,True
2306.00986,14.0,2.0,14.0,28.0,1995.0,2022.0,True
2306.01061,140.0,24.0,140.0,27.0,1996.0,1997.0,True
2306.01116,0.0,16.0,16.0,5.0,2023.0,2018.0,True
2306.01160,11.0,27.0,27.0,10.0,2013.0,2019.0,True
2306.01242,49.0,3.0,49.0,5.0,2018.0,2022.0,True
2306.01337,1.0,21.0,21.0,5.0,2023.0,2018.0,True
2306.01567,16.0,94.0,94.0,11.0,2016.0,2012.0,True
2306.01684,32.0,296.0,296.0,108.0,2016.0,1915.0,True
2306.01693,14.0,173.0,173.0,16.0,2016.0,2007.0,True
2306.01694,7.0,149.0,149.0,53.0,2020.0,1970.0,True
2306.01736,14.0,37.0,37.0,21.0,2017.0,2002.0,True
2306.01741,35.0,866.0,866.0,44.0,2015.0,1979.0,True
2306.01754,17.0,122.0,122.0,33.0,2016.0,1990.0,True
2306.01841,33.0,15.0,33.0,17.0,2018.0,2006.0,True
2306.01872,15.0,578.0,578.0,21.0,2020.0,2002.0,True
2306.01879,12.0,209.0,209.0,23.0,2006.0,2000.0,True
2306.01923,8.0,213.0,213.0,38.0,2017.0,1985.0,True
2306.02245,8.0,42.0,42.0,6.0,2017.0,2019.0,True
2306.02254,1.0,16.0,16.0,13.0,2022.0,2010.0,True
2306.02531,44.0,102.0,102.0,18.0,2018.0,2005.0,True
2306.02561,1.0,48.0,48.0,7.0,2022.0,2016.0,True
2306.02707,29.0,53.0,53.0,9.0,2014.0,2021.0,True
2306.02858,13.0,168.0,168.0,16.0,2020.0,2007.0,True
2306.02982,21.0,86.0,86.0,11.0,2014.0,2012.0,True
2306.03024,5.0,30.0,30.0,6.0,2018.0,2017.0,True
2306.03038,11.0,3.0,11.0,13.0,2010.0,2023.0,True
2306.03082,11.0,7.0,11.0,3.0,2020.0,2023.0,True
2306.03083,25.0,40.0,40.0,13.0,2016.0,2010.0,True
2306.03092,29.0,15.0,29.0,8.0,2017.0,2015.0,True
2306.03203,4.0,127.0,127.0,24.0,2019.0,1999.0,True
2306.03438,13.0,613.0,613.0,46.0,2016.0,1977.0,True
2306.03460,5.0,2.0,5.0,4.0,2019.0,2021.0,True
2306.03504,7.0,46.0,46.0,2.0,2022.0,2021.0,True
2306.03509,11.0,46.0,46.0,3.0,2020.0,2021.0,True
2306.03514,16.0,14.0,16.0,16.0,2017.0,2007.0,True
2306.03802,3.0,134.0,134.0,27.0,2016.0,1996.0,True
2306.03819,1.0,36.0,36.0,8.0,2023.0,2015.0,True
2306.03872,9.0,23.0,23.0,5.0,2019.0,2018.0,True
2306.03881,8.0,61.0,61.0,13.0,2017.0,2010.0,True
2306.04009,21.0,29.0,29.0,13.0,2019.0,2010.0,True
2306.04031,10.0,3.0,10.0,3.0,2020.0,2022.0,True
2306.04050,1.0,109.0,109.0,22.0,2022.0,2001.0,True
2306.04076,1.0,76.0,76.0,13.0,2022.0,2010.0,True
2306.04140,20.0,59.0,59.0,18.0,2017.0,2005.0,True
2306.04235,12.0,160.0,160.0,21.0,2012.0,2002.0,True
2306.04362,27.0,3.0,27.0,8.0,2015.0,2022.0,True
2306.04387,28.0,6.0,28.0,4.0,2019.0,2020.0,True
2306.04528,0.0,22.0,22.0,2.0,2023.0,2021.0,True
2306.04619,10.0,24.0,24.0,6.0,2017.0,2021.0,True
2306.04632,27.0,7.0,27.0,28.0,1995.0,2018.0,True
2306.04634,5.0,224.0,224.0,15.0,2021.0,2008.0,True
2306.04707,11.0,49.0,49.0,5.0,2020.0,2018.0,True
2306.04751,21.0,174.0,174.0,16.0,2016.0,2007.0,True
2306.04757,11.0,177.0,177.0,13.0,2019.0,2010.0,True
2306.04822,30.0,34.0,34.0,19.0,2016.0,2004.0,True
2306.04845,9.0,15.0,15.0,14.0,2017.0,2009.0,True
2306.05087,18.0,7.0,18.0,2.0,2021.0,2023.0,True
2306.05178,6.0,45.0,45.0,31.0,2017.0,1992.0,True
2306.05284,20.0,6.0,20.0,7.0,2016.0,2021.0,True
2306.05357,8.0,363.0,363.0,32.0,2021.0,1991.0,True
2306.05392,13.0,235.0,235.0,30.0,2018.0,1993.0,True
2306.05399,19.0,104.0,104.0,7.0,2019.0,2016.0,True
2306.05410,18.0,53.0,53.0,21.0,2015.0,2002.0,True
2306.05411,9.0,16.0,16.0,9.0,2018.0,2014.0,True
2306.05420,20.0,53.0,53.0,21.0,2017.0,2002.0,True
2306.05422,17.0,157.0,157.0,21.0,2020.0,2002.0,True
2306.05424,13.0,222.0,222.0,14.0,2015.0,2009.0,True
2306.05425,3.0,15.0,15.0,4.0,2019.0,2021.0,True
2306.05427,3.0,5.0,5.0,2.0,2021.0,2022.0,True
2306.05428,10.0,25.0,25.0,8.0,2015.0,2021.0,True
2306.05493,4.0,825.0,825.0,54.0,2018.0,1969.0,True
2306.05544,86.0,62.0,86.0,20.0,2010.0,2003.0,True
2306.05685,21.0,45.0,45.0,10.0,2017.0,2013.0,True
2306.05696,29.0,124.0,124.0,32.0,2013.0,1991.0,True
2306.05836,30.0,1128.0,1128.0,34.0,2018.0,1989.0,True
2306.05949,5.0,15.0,15.0,5.0,2019.0,2018.0,True
2306.06044,4.0,185.0,185.0,13.0,2020.0,2010.0,True
2306.06070,19.0,55.0,55.0,10.0,2019.0,2013.0,True
2306.06092,1.0,20.0,20.0,11.0,2021.0,2012.0,True
2306.06189,34.0,57.0,57.0,11.0,2012.0,2015.0,True
2306.06212,6.0,195.0,195.0,12.0,2018.0,2011.0,True
2306.06546,9.0,3.0,9.0,7.0,2016.0,2017.0,True
2306.06638,3.0,4.0,4.0,1.0,2022.0,2022.0,True
2306.06823,41.0,10.0,41.0,28.0,1995.0,2014.0,True
2306.07042,6.0,64.0,64.0,20.0,2019.0,2003.0,True
2306.07075,34.0,58.0,58.0,9.0,2014.0,2017.0,True
2306.07174,9.0,302.0,302.0,18.0,2019.0,2005.0,True
2306.07179,61.0,18.0,61.0,15.0,2008.0,2019.0,True
2306.07196,30.0,451.0,451.0,30.0,2001.0,1993.0,True
2306.07279,9.0,49.0,49.0,11.0,2018.0,2012.0,True
2306.07280,3.0,1130.0,1130.0,34.0,2020.0,1989.0,True
2306.07349,12.0,21.0,21.0,5.0,2018.0,2018.0,True
2306.07437,43.0,426.0,426.0,38.0,2012.0,1985.0,True
2306.07473,36.0,25.0,36.0,17.0,2013.0,2006.0,True
2306.07476,7.0,163.0,163.0,38.0,2020.0,1985.0,True
2306.07536,28.0,113.0,113.0,14.0,2015.0,2009.0,True
2306.07552,7.0,6.0,7.0,7.0,2016.0,2017.0,True
2306.07580,14.0,3.0,14.0,13.0,2015.0,2010.0,True
2306.07906,26.0,25.0,26.0,4.0,2019.0,2020.0,True
2306.07915,55.0,51.0,55.0,58.0,1965.0,2013.0,True
2306.07941,27.0,68.0,68.0,15.0,2017.0,2008.0,True
2306.07944,13.0,34.0,34.0,11.0,2019.0,2012.0,True
2306.07946,2.0,10.0,10.0,4.0,2021.0,2019.0,True
2306.07954,8.0,323.0,323.0,17.0,2022.0,2006.0,True
2306.07967,12.0,63.0,63.0,9.0,2020.0,2014.0,True
2306.07968,14.0,72.0,72.0,10.0,2018.0,2013.0,True
2306.07969,16.0,68.0,68.0,37.0,1986.0,2011.0,True
2306.07970,7.0,157.0,157.0,21.0,2020.0,2002.0,True
2306.08055,2.0,4.0,4.0,10.0,2022.0,2013.0,True
2306.08068,26.0,49.0,49.0,20.0,2003.0,2014.0,True
2306.08129,41.0,46.0,46.0,17.0,2016.0,2006.0,True
2306.08133,12.0,119.0,119.0,40.0,2013.0,1983.0,True
2306.08161,59.0,1.0,59.0,24.0,1999.0,2020.0,True
2306.08205,23.0,52.0,52.0,13.0,2010.0,2014.0,True
2306.08276,4.0,51.0,51.0,22.0,2018.0,2001.0,True
2306.08543,15.0,266.0,266.0,19.0,2019.0,2004.0,True
2306.08568,14.0,37.0,37.0,11.0,2020.0,2012.0,True
2306.08620,31.0,217.0,217.0,11.0,2015.0,2012.0,True
2306.08640,23.0,13.0,23.0,8.0,2015.0,2021.0,True
2306.08647,78.0,22.0,78.0,14.0,2009.0,2016.0,True
2306.08651,16.0,132.0,132.0,13.0,2016.0,2010.0,True
2306.08707,0.0,114.0,114.0,18.0,2024.0,2005.0,True
2306.08893,17.0,80.0,80.0,14.0,2020.0,2009.0,True
2306.08997,4.0,66.0,66.0,25.0,2021.0,1998.0,True
2306.09093,24.0,139.0,139.0,17.0,2019.0,2006.0,True
2306.09109,71.0,12.0,71.0,16.0,2010.0,2007.0,True
2306.09200,15.0,30.0,30.0,23.0,2019.0,2000.0,True
2306.09296,22.0,55.0,55.0,20.0,2021.0,2003.0,True
2306.09316,5.0,67.0,67.0,11.0,2017.0,2012.0,True
2306.09322,7.0,36.0,36.0,10.0,2014.0,2013.0,True
2306.09327,5.0,71.0,71.0,20.0,2021.0,2003.0,True
2306.09329,0.0,186.0,186.0,24.0,2024.0,1999.0,True
2306.09348,2.0,1.0,2.0,2.0,2021.0,2023.0,True
2306.09349,3.0,69.0,69.0,11.0,2019.0,2012.0,True
2306.09442,18.0,57.0,57.0,10.0,2019.0,2013.0,True
2306.09479,2.0,28.0,28.0,58.0,1965.0,2016.0,True
2306.09539,0.0,17.0,17.0,10.0,2023.0,2013.0,True
2306.09557,16.0,178.0,178.0,18.0,2017.0,2005.0,True
2306.09635,15.0,235.0,235.0,17.0,2017.0,2006.0,True
2306.09682,1.0,7.0,7.0,5.0,2018.0,2022.0,True
2306.09683,16.0,80.0,80.0,12.0,2016.0,2011.0,True
2306.09782,2.0,235.0,235.0,19.0,2022.0,2004.0,True
2306.09864,0.0,7.0,7.0,2.0,2024.0,2021.0,True
2306.09896,4.0,150.0,150.0,19.0,2020.0,2004.0,True
2306.10007,12.0,93.0,93.0,29.0,2017.0,1994.0,True
2306.10008,28.0,78.0,78.0,20.0,2012.0,2003.0,True
2306.10012,20.0,56.0,56.0,10.0,2019.0,2013.0,True
2306.10169,8.0,20.0,20.0,8.0,2015.0,2018.0,True
2306.10231,12.0,29.0,29.0,34.0,2018.0,1989.0,True
2306.10533,5.0,11.0,11.0,5.0,2021.0,2018.0,True
2306.10763,2.0,164.0,164.0,29.0,2020.0,1994.0,True
2306.10785,10.0,18.0,18.0,6.0,2020.0,2017.0,True
2306.10900,15.0,283.0,283.0,15.0,2015.0,2008.0,True
2306.10968,14.0,107.0,107.0,20.0,2019.0,2003.0,True
2306.10998,12.0,18.0,18.0,16.0,2017.0,2007.0,True
2306.11565,6.0,62.0,62.0,10.0,2021.0,2013.0,True
2306.11644,40.0,64.0,64.0,23.0,2011.0,2000.0,True
2306.11698,18.0,6.0,18.0,4.0,2019.0,2020.0,True
2306.11706,28.0,166.0,166.0,20.0,2004.0,2003.0,True
2306.11719,62.0,9.0,62.0,9.0,2014.0,2021.0,True
2306.11932,1.0,5.0,5.0,6.0,2022.0,2017.0,True
2306.11987,1.0,26.0,26.0,4.0,2022.0,2019.0,True
2306.12059,4.0,41.0,41.0,13.0,2018.0,2010.0,True
2306.12156,20.0,273.0,273.0,18.0,2017.0,2005.0,True
2306.12422,,548.0,548.0,35.0,,1988.0,True
2306.12509,79.0,71.0,79.0,20.0,2009.0,2003.0,True
2306.12672,3.0,761.0,761.0,35.0,2021.0,1988.0,True
2306.12760,0.0,36.0,36.0,32.0,2024.0,1991.0,True
2306.12925,18.0,6.0,18.0,8.0,2015.0,2018.0,True
2306.12929,4.0,28.0,28.0,12.0,2021.0,2011.0,True
2306.13078,,9.0,9.0,19.0,,2004.0,True
2306.13421,6.0,127.0,127.0,16.0,2018.0,2007.0,True
2306.13455,8.0,144.0,144.0,13.0,2019.0,2010.0,True
2306.13575,12.0,225.0,225.0,42.0,2019.0,1981.0,True
2306.13588,16.0,243.0,243.0,25.0,2021.0,1998.0,True
2306.13631,3.0,27.0,27.0,12.0,2019.0,2011.0,True
2306.13649,0.0,53.0,53.0,10.0,2023.0,2013.0,True
2306.13651,2.0,225.0,225.0,15.0,2020.0,2008.0,True
2306.13754,12.0,58.0,58.0,25.0,2020.0,1998.0,True
2306.13776,23.0,9.0,23.0,17.0,2006.0,2013.0,True
2306.13840,1.0,16.0,16.0,8.0,2021.0,2015.0,True
2306.14035,6.0,211.0,211.0,23.0,2018.0,2000.0,True
2306.14048,19.0,39.0,39.0,7.0,2021.0,2016.0,True
2306.14066,9.0,21.0,21.0,13.0,2010.0,2017.0,True
2306.14101,6.0,162.0,162.0,20.0,2020.0,2003.0,True
2306.14153,22.0,7.0,22.0,27.0,1996.0,2021.0,True
2306.14289,57.0,13.0,57.0,4.0,2019.0,2022.0,True
2306.14435,12.0,19.0,19.0,7.0,2018.0,2016.0,True
2306.14447,5.0,186.0,186.0,12.0,2011.0,2011.0,True
2306.14565,6.0,71.0,71.0,5.0,2020.0,2018.0,True
2306.14795,4.0,330.0,330.0,37.0,2022.0,1986.0,True
2306.14824,13.0,304.0,304.0,18.0,2021.0,2005.0,True
2306.14846,23.0,529.0,529.0,15.0,2017.0,2008.0,True
2306.14878,14.0,324.0,324.0,54.0,2019.0,1969.0,True
2306.14892,34.0,189.0,189.0,22.0,2016.0,2001.0,True
2306.14896,13.0,420.0,420.0,35.0,2015.0,1988.0,True
2306.15091,18.0,32.0,32.0,11.0,2017.0,2012.0,True
2306.15128,50.0,60.0,60.0,14.0,2009.0,2009.0,True
2306.15354,28.0,4.0,28.0,11.0,2018.0,2012.0,True
2306.15400,17.0,8.0,17.0,5.0,2018.0,2020.0,True
2306.15447,32.0,78.0,78.0,10.0,2019.0,2013.0,True
2306.15595,10.0,45.0,45.0,15.0,2008.0,2020.0,True
2306.15626,54.0,305.0,305.0,35.0,1988.0,1997.0,True
2306.15658,8.0,54.0,54.0,9.0,2020.0,2014.0,True
2306.15667,15.0,37.0,37.0,18.0,2005.0,2014.0,True
2306.15724,3.0,81.0,81.0,11.0,2022.0,2012.0,True
2306.15794,6.0,117.0,117.0,14.0,2009.0,2009.0,True
2306.16009,1.0,52.0,52.0,12.0,2023.0,2011.0,True
2306.16052,5.0,37.0,37.0,32.0,2021.0,1991.0,True
2306.16388,33.0,15.0,33.0,9.0,2016.0,2014.0,True
2306.16410,1.0,,1.0,1.0,2022.0,,True
2306.16527,4.0,12.0,12.0,3.0,2022.0,2020.0,True
2306.16564,6.0,83.0,83.0,21.0,2021.0,2002.0,True
2306.16601,15.0,22.0,22.0,15.0,2008.0,2015.0,True
2306.16700,1.0,187.0,187.0,12.0,2020.0,2011.0,True
2306.16793,14.0,64.0,64.0,8.0,2021.0,2015.0,True
2306.16857,9.0,15.0,15.0,10.0,2013.0,2021.0,True
2306.16869,0.0,17.0,17.0,9.0,2024.0,2014.0,True
2306.16928,17.0,60.0,60.0,14.0,2017.0,2009.0,True
2306.16934,8.0,102.0,102.0,5.0,2018.0,2019.0,True
2306.16940,427.0,22.0,427.0,38.0,1985.0,2013.0,True
2306.17107,6.0,2.0,6.0,2.0,2021.0,2022.0,True
2306.17115,2.0,154.0,154.0,14.0,2021.0,2009.0,True
2306.17154,27.0,89.0,89.0,15.0,2019.0,2008.0,True
2306.17156,1.0,22.0,22.0,12.0,2023.0,2011.0,True
2306.17194,15.0,226.0,226.0,15.0,2020.0,2008.0,True
2306.17319,22.0,55.0,55.0,13.0,2013.0,2010.0,True
2306.17492,3.0,156.0,156.0,27.0,2022.0,1996.0,True
2306.17563,23.0,122.0,122.0,16.0,2019.0,2007.0,True
2306.17582,30.0,166.0,166.0,30.0,2013.0,1993.0,True
2306.17759,8.0,114.0,114.0,37.0,2020.0,1986.0,True
2306.17806,4.0,37.0,37.0,8.0,2019.0,2015.0,True
2306.17840,12.0,15.0,15.0,6.0,2017.0,2017.0,True
2306.17843,16.0,319.0,319.0,18.0,2019.0,2005.0,True
2306.17848,0.0,20.0,20.0,6.0,2023.0,2017.0,True
2307.00040,16.0,72.0,72.0,5.0,2019.0,2018.0,True
2307.00117,6.0,530.0,530.0,15.0,2020.0,2008.0,True
2307.00119,20.0,45.0,45.0,17.0,2019.0,2006.0,True
2307.00184,1.0,1.0,1.0,1.0,2022.0,2023.0,True
2307.00522,2.0,0.0,2.0,1.0,2022.0,2023.0,True
2307.00716,24.0,152.0,152.0,8.0,2015.0,2015.0,True
2307.00804,3.0,113.0,113.0,13.0,2021.0,2010.0,True
2307.01097,9.0,82.0,82.0,20.0,2017.0,2003.0,True
2307.01163,122.0,0.0,122.0,35.0,1988.0,,True
2307.01197,3.0,95.0,95.0,11.0,2022.0,2012.0,True
2307.01200,0.0,0.0,0.0,0.0,2023.0,2023.0,True
2307.01229,4.0,15.0,15.0,3.0,2020.0,2022.0,True
2307.01831,31.0,160.0,160.0,14.0,2020.0,2009.0,True
2307.01848,2.0,0.0,2.0,1.0,2022.0,2023.0,True
2307.01928,10.0,60.0,60.0,13.0,2020.0,2010.0,True
2307.01938,6.0,25.0,25.0,9.0,2018.0,2014.0,True
2307.01952,0.0,16.0,16.0,3.0,2024.0,2020.0,True
2307.02053,31.0,178.0,178.0,13.0,2017.0,2010.0,True
2307.02179,24.0,0.0,24.0,14.0,2009.0,2024.0,True
2307.02321,11.0,33.0,33.0,11.0,2014.0,2012.0,True
2307.02421,16.0,4.0,16.0,11.0,2020.0,2012.0,True
2307.02469,23.0,50.0,50.0,16.0,2008.0,2007.0,True
2307.02483,17.0,98.0,98.0,16.0,2012.0,2007.0,True
2307.02484,11.0,30.0,30.0,8.0,2017.0,2015.0,True
2307.02485,5.0,55.0,55.0,4.0,2022.0,2019.0,True
2307.02486,0.0,306.0,306.0,18.0,,2005.0,True
2307.02499,10.0,4.0,10.0,2.0,2021.0,2022.0,True
2307.02628,16.0,31.0,31.0,13.0,2010.0,2014.0,True
2307.02768,15.0,45.0,45.0,16.0,2018.0,2007.0,True
2307.03109,3.0,24.0,24.0,28.0,1995.0,2021.0,True
2307.03166,16.0,118.0,118.0,14.0,2018.0,2009.0,True
2307.03170,4.0,2.0,4.0,2.0,2021.0,2022.0,True
2307.03172,19.0,219.0,219.0,11.0,2017.0,2012.0,True
2307.03183,25.0,8.0,25.0,14.0,2015.0,2009.0,True
2307.03322,8.0,21.0,21.0,19.0,2016.0,2004.0,True
2307.03381,0.0,90.0,90.0,15.0,2024.0,2008.0,True
2307.03576,9.0,31.0,31.0,4.0,2019.0,2021.0,True
2307.03601,10.0,43.0,43.0,27.0,2020.0,1996.0,True
2307.03659,13.0,225.0,225.0,9.0,2018.0,2014.0,True
2307.03692,0.0,2.0,2.0,42.0,2024.0,1981.0,True
2307.03718,12.0,1.0,12.0,9.0,2020.0,2014.0,True
2307.03869,18.0,22.0,22.0,11.0,2019.0,2012.0,True
2307.03875,41.0,73.0,73.0,21.0,2016.0,2002.0,True
2307.03917,233.0,44.0,233.0,24.0,1999.0,2013.0,True
2307.04008,13.0,7.0,13.0,9.0,2020.0,2014.0,True
2307.04087,13.0,340.0,340.0,25.0,2018.0,1998.0,True
2307.04349,1.0,27.0,27.0,4.0,2020.0,2019.0,True
2307.04577,22.0,422.0,422.0,35.0,2019.0,1988.0,True
2307.04603,33.0,1.0,33.0,32.0,1991.0,2021.0,True
2307.04686,2.0,177.0,177.0,29.0,2021.0,1994.0,True
2307.04699,3.0,118.0,118.0,51.0,2001.0,1972.0,True
2307.04721,7.0,47.0,47.0,10.0,2013.0,2014.0,True
2307.04725,3.0,134.0,134.0,13.0,2019.0,2010.0,True
2307.04751,12.0,422.0,422.0,46.0,1977.0,1988.0,True
2307.04767,17.0,138.0,138.0,18.0,2022.0,2005.0,True
2307.04787,3.0,240.0,240.0,33.0,2022.0,1990.0,True
2307.04964,13.0,367.0,367.0,26.0,2015.0,1997.0,True
2307.05014,11.0,769.0,769.0,24.0,2010.0,1999.0,True
2307.05222,5.0,38.0,38.0,22.0,2014.0,2001.0,True
2307.05300,12.0,36.0,36.0,14.0,2021.0,2009.0,True
2307.05432,11.0,29.0,29.0,11.0,2018.0,2012.0,True
2307.05445,10.0,0.0,10.0,3.0,2020.0,2024.0,True
2307.05454,0.0,96.0,96.0,7.0,2025.0,2016.0,True
2307.05462,32.0,307.0,307.0,62.0,2017.0,1961.0,True
2307.05463,10.0,1.0,10.0,4.0,2019.0,2023.0,True
2307.05473,11.0,72.0,72.0,14.0,2020.0,2009.0,True
2307.05591,2.0,10.0,10.0,6.0,2023.0,2017.0,True
2307.05628,,,,,,,False
2307.05695,7.0,116.0,116.0,53.0,1970.0,2001.0,True
2307.05741,31.0,110.0,110.0,46.0,2016.0,1977.0,True
2307.05959,2.0,227.0,227.0,9.0,2022.0,2014.0,True
2307.05973,9.0,594.0,594.0,22.0,2019.0,2001.0,True
2307.06018,21.0,14.0,21.0,8.0,2018.0,2015.0,True
2307.06135,10.0,108.0,108.0,18.0,2018.0,2005.0,True
2307.06290,3.0,0.0,3.0,2.0,2021.0,2024.0,True
2307.06304,89.0,81.0,89.0,12.0,2012.0,2011.0,True
2307.06350,1.0,0.0,1.0,5.0,2018.0,2023.0,True
2307.06439,13.0,84.0,84.0,21.0,2017.0,2002.0,True
2307.06857,72.0,129.0,129.0,24.0,2003.0,1999.0,True
2307.06908,5.0,324.0,324.0,39.0,2017.0,1984.0,True
2307.06925,10.0,65.0,65.0,13.0,2015.0,2010.0,True
2307.06940,8.0,1.0,8.0,11.0,2012.0,2023.0,True
2307.06942,1056.0,172.0,1056.0,52.0,1971.0,2004.0,True
2307.06945,36.0,308.0,308.0,18.0,2017.0,2005.0,True
2307.06949,22.0,29.0,29.0,7.0,2017.0,2016.0,True
2307.06962,9.0,106.0,106.0,9.0,2019.0,2014.0,True
2307.07047,4.0,386.0,386.0,35.0,2017.0,1988.0,True
2307.07164,21.0,309.0,309.0,18.0,2014.0,2005.0,True
2307.07218,13.0,50.0,50.0,3.0,2020.0,2021.0,True
2307.07487,6.0,230.0,230.0,26.0,1997.0,2003.0,True
2307.07511,15.0,196.0,196.0,12.0,2016.0,2011.0,True
2307.07635,3.0,69.0,69.0,11.0,2017.0,2012.0,True
2307.07663,1.0,27.0,27.0,13.0,2021.0,2010.0,True
2307.07947,9.0,1.0,9.0,4.0,2019.0,2020.0,True
2307.08041,19.0,104.0,104.0,5.0,2018.0,2019.0,True
2307.08506,79.0,455.0,455.0,30.0,2013.0,1993.0,True
2307.08579,2.0,316.0,316.0,31.0,2019.0,1992.0,True
2307.08581,9.0,36.0,36.0,7.0,2019.0,2016.0,True
2307.08621,5.0,310.0,310.0,18.0,2022.0,2005.0,True
2307.08674,1.0,37.0,37.0,8.0,2023.0,2015.0,True
2307.08701,,,,,,,False
2307.08702,84.0,106.0,106.0,19.0,2004.0,2011.0,True
2307.09009,24.0,141.0,141.0,11.0,2016.0,2012.0,True
2307.09112,4.0,42.0,42.0,7.0,2016.0,2020.0,True
2307.09233,13.0,150.0,150.0,20.0,2003.0,2005.0,True
2307.09288,18.0,11.0,18.0,4.0,2019.0,2021.0,True
2307.09320,17.0,10.0,17.0,9.0,2016.0,2014.0,True
2307.09458,3.0,12.0,12.0,4.0,2022.0,2019.0,True
2307.09638,8.0,52.0,52.0,21.0,2018.0,2002.0,True
2307.09668,7.0,213.0,213.0,33.0,2018.0,1990.0,True
2307.09781,11.0,2.0,11.0,22.0,2017.0,2001.0,True
2307.09793,2.0,8.0,8.0,7.0,2016.0,2020.0,True
2307.10088,0.0,138.0,138.0,22.0,2024.0,2001.0,True
2307.10159,0.0,3.0,3.0,3.0,2023.0,2020.0,True
2307.10168,37.0,6.0,37.0,7.0,2016.0,2021.0,True
2307.10169,18.0,3.0,18.0,10.0,2018.0,2013.0,True
2307.10172,16.0,86.0,86.0,6.0,2018.0,2017.0,True
2307.10173,7.0,17.0,17.0,11.0,2012.0,2018.0,True
2307.10350,3.0,80.0,80.0,10.0,2022.0,2013.0,True
2307.10373,3.0,39.0,39.0,59.0,2021.0,1964.0,True
2307.10558,4.0,9.0,9.0,2.0,2021.0,2022.0,True
2307.10635,0.0,25.0,25.0,5.0,2023.0,2018.0,True
2307.10802,1.0,41.0,41.0,7.0,2022.0,2016.0,True
2307.10907,1.0,12.0,12.0,23.0,2022.0,2000.0,True
2307.10928,12.0,62.0,62.0,11.0,2019.0,2012.0,True
2307.10936,4.0,17.0,17.0,9.0,2022.0,2014.0,True
2307.11078,7.0,75.0,75.0,25.0,2019.0,1998.0,True
2307.11118,4.0,26.0,26.0,13.0,2021.0,2010.0,True
2307.11410,5.0,12.0,12.0,8.0,2015.0,2019.0,True
2307.11418,10.0,213.0,213.0,15.0,2018.0,2008.0,True
2307.11526,13.0,33.0,33.0,10.0,2018.0,2013.0,True
2307.11768,0.0,29.0,29.0,7.0,2023.0,2016.0,True
2307.11795,8.0,132.0,132.0,26.0,2019.0,1997.0,True
2307.12169,8.0,0.0,8.0,7.0,2016.0,2026.0,True
2307.12533,14.0,2.0,14.0,16.0,2007.0,2010.0,True
2307.12560,11.0,286.0,286.0,47.0,1976.0,1996.0,True
2307.12612,3.0,125.0,125.0,7.0,2021.0,2016.0,True
2307.12698,9.0,394.0,394.0,46.0,2021.0,1977.0,True
2307.12854,10.0,135.0,135.0,27.0,2019.0,1996.0,True
2307.12856,25.0,78.0,78.0,10.0,2016.0,2013.0,True
2307.12950,16.0,47.0,47.0,5.0,2018.0,2020.0,True
2307.12976,3.0,27.0,27.0,6.0,2018.0,2017.0,True
2307.12981,,,,,,,False
2307.13101,7.0,228.0,228.0,9.0,2020.0,2014.0,True
2307.13226,2.0,47.0,47.0,9.0,2021.0,2014.0,True
2307.13269,4.0,17.0,17.0,8.0,2021.0,2015.0,True
2307.13383,35.0,9.0,35.0,8.0,2015.0,2021.0,True
2307.13692,0.0,6.0,6.0,7.0,,2016.0,True
2307.13702,5.0,29.0,29.0,7.0,2018.0,2016.0,True
2307.13720,13.0,0.0,13.0,22.0,2001.0,2024.0,True
2307.13813,16.0,12.0,16.0,11.0,2013.0,2012.0,True
2307.13854,18.0,576.0,576.0,17.0,2018.0,2006.0,True
2307.13908,9.0,740.0,740.0,33.0,2019.0,1990.0,True
2307.13924,34.0,385.0,385.0,60.0,1963.0,1986.0,True
2307.13974,8.0,6.0,8.0,2.0,2021.0,2022.0,True
2307.14008,8.0,236.0,236.0,32.0,2019.0,1991.0,True
2307.14117,21.0,244.0,244.0,25.0,2018.0,1998.0,True
2307.14225,225.0,26.0,225.0,23.0,2000.0,2016.0,True
2307.14334,,23.0,23.0,11.0,,2012.0,True
2307.14335,34.0,363.0,363.0,20.0,2021.0,2003.0,True
2307.14460,8.0,19.0,19.0,71.0,1952.0,2017.0,True
2307.14535,12.0,86.0,86.0,11.0,2020.0,2012.0,True
2307.14620,21.0,1126.0,1126.0,53.0,2019.0,1970.0,True
2307.14936,11.0,3.0,11.0,5.0,2018.0,2019.0,True
2307.14995,8.0,54.0,54.0,9.0,2022.0,2014.0,True
2307.15042,4.0,30.0,30.0,7.0,2022.0,2016.0,True
2307.15063,0.0,86.0,86.0,8.0,2025.0,2015.0,True
2307.15131,5.0,14.0,14.0,11.0,2014.0,2012.0,True
2307.15189,27.0,419.0,419.0,20.0,2018.0,2003.0,True
2307.15199,3.0,63.0,63.0,15.0,2021.0,2008.0,True
2307.15217,20.0,59.0,59.0,10.0,2019.0,2013.0,True
2307.15337,47.0,0.0,47.0,6.0,2017.0,2024.0,True
2307.15504,13.0,466.0,466.0,28.0,2022.0,1995.0,True
2307.15593,11.0,221.0,221.0,11.0,2018.0,2012.0,True
2307.15771,6.0,65.0,65.0,29.0,2018.0,1994.0,True
2307.15780,46.0,37.0,46.0,4.0,2020.0,2019.0,True
2307.15818,7.0,2.0,7.0,9.0,2014.0,2022.0,True
2307.16125,7.0,105.0,105.0,4.0,2020.0,2019.0,True
2307.16184,6.0,263.0,263.0,25.0,2022.0,1998.0,True
2307.16368,0.0,80.0,80.0,10.0,2023.0,2013.0,True
2307.16372,9.0,115.0,115.0,21.0,2020.0,2002.0,True
2307.16449,1.0,65.0,65.0,11.0,2022.0,2012.0,True
2307.16686,19.0,6.0,19.0,9.0,2014.0,2022.0,True
2307.16715,57.0,28.0,57.0,18.0,2005.0,2021.0,True
2307.16789,34.0,467.0,467.0,28.0,2017.0,1995.0,True
2307.16888,13.0,10.0,13.0,5.0,2018.0,2022.0,True
2307.16890,22.0,21.0,22.0,11.0,2012.0,2013.0,True
2308.00113,5.0,158.0,158.0,25.0,2021.0,1998.0,True
2308.00304,24.0,25.0,25.0,8.0,2018.0,2015.0,True
2308.00436,17.0,73.0,73.0,8.0,2018.0,2015.0,True
2308.00566,13.0,395.0,395.0,46.0,2017.0,1977.0,True
2308.00675,12.0,89.0,89.0,16.0,2016.0,2007.0,True
2308.00906,5.0,7.0,7.0,35.0,2021.0,1988.0,True
2308.00951,40.0,82.0,82.0,12.0,2014.0,2011.0,True
2308.01300,3.0,27.0,27.0,7.0,2019.0,2016.0,True
2308.01313,1.0,0.0,1.0,3.0,2020.0,2023.0,True
2308.01317,3.0,3.0,3.0,17.0,2014.0,2006.0,True
2308.01320,59.0,28.0,59.0,8.0,2015.0,2015.0,True
2308.01379,10.0,39.0,39.0,23.0,2004.0,2000.0,True
2308.01390,4.0,82.0,82.0,10.0,2021.0,2013.0,True
2308.01399,8.0,177.0,177.0,17.0,2017.0,2006.0,True
2308.01477,0.0,149.0,149.0,28.0,2025.0,1995.0,True
2308.01499,24.0,175.0,175.0,23.0,2020.0,2000.0,True
2308.01544,23.0,366.0,366.0,32.0,2014.0,1991.0,True
2308.01546,14.0,165.0,165.0,34.0,2018.0,1989.0,True
2308.01734,1.0,236.0,236.0,26.0,2023.0,1997.0,True
2308.01825,24.0,7.0,24.0,3.0,2020.0,2022.0,True
2308.01904,17.0,84.0,84.0,19.0,2004.0,2012.0,True
2308.01907,2.0,176.0,176.0,19.0,2022.0,2004.0,True
2308.01937,12.0,33.0,33.0,18.0,2019.0,2005.0,True
2308.02151,20.0,337.0,337.0,22.0,2016.0,2001.0,True
2308.02180,10.0,85.0,85.0,21.0,2015.0,2002.0,True
2308.02453,36.0,52.0,52.0,58.0,2019.0,1965.0,True
2308.02487,31.0,56.0,56.0,13.0,2017.0,2010.0,True
2308.02490,22.0,74.0,74.0,8.0,2015.0,2018.0,True
2308.02510,4.0,12.0,12.0,3.0,2020.0,2022.0,True
2308.02560,1.0,7.0,7.0,2.0,2021.0,2021.0,True
2308.02669,16.0,3.0,16.0,8.0,2015.0,2016.0,True
2308.03028,8.0,8.0,8.0,35.0,2018.0,1988.0,True
2308.03279,26.0,87.0,87.0,21.0,2019.0,2002.0,True
2308.03280,8.0,74.0,74.0,14.0,2020.0,2009.0,True
2308.03290,6.0,136.0,136.0,35.0,2018.0,1988.0,True
2308.03291,45.0,6.0,45.0,11.0,2012.0,2019.0,True
2308.03296,113.0,51.0,113.0,22.0,2005.0,2001.0,True
2308.03421,0.0,304.0,304.0,25.0,2024.0,1998.0,True
2308.03427,10.0,25.0,25.0,5.0,2021.0,2018.0,True
2308.03526,17.0,180.0,180.0,16.0,2010.0,2007.0,True
2308.03610,1.0,22.0,22.0,4.0,2022.0,2019.0,True
2308.03688,27.0,28.0,28.0,4.0,2019.0,2020.0,True
2308.03729,0.0,0.0,0.0,0.0,2023.0,2023.0,True
2308.03757,20.0,2.0,20.0,5.0,2018.0,2023.0,True
2308.03793,9.0,15.0,15.0,35.0,2019.0,1988.0,True
2308.03958,14.0,20.0,20.0,18.0,2014.0,2005.0,True
2308.04079,21.0,226.0,226.0,36.0,2012.0,1987.0,True
2308.04265,14.0,9.0,14.0,5.0,2018.0,2021.0,True
2308.04430,37.0,267.0,267.0,25.0,2016.0,1998.0,True
2308.04556,56.0,128.0,128.0,18.0,2005.0,2007.0,True
2308.04592,33.0,161.0,161.0,17.0,2012.0,2006.0,True
2308.04623,58.0,2.0,58.0,35.0,2003.0,1988.0,True
2308.04729,18.0,39.0,39.0,33.0,2018.0,1990.0,True
2308.05221,2.0,51.0,51.0,33.0,2022.0,1990.0,True
2308.05326,1.0,25.0,25.0,9.0,2022.0,2014.0,True
2308.05371,6.0,20.0,20.0,5.0,2020.0,2018.0,True
2308.05374,5.0,7.0,7.0,11.0,2012.0,2021.0,True
2308.05732,18.0,25.0,25.0,4.0,2020.0,2019.0,True
2308.05734,34.0,459.0,459.0,34.0,2019.0,1989.0,True
2308.05737,26.0,57.0,57.0,22.0,2011.0,2001.0,True
2308.05884,0.0,44.0,44.0,9.0,,2014.0,True
2308.05960,3.0,338.0,338.0,22.0,2023.0,2001.0,True
2308.06103,42.0,8.0,42.0,14.0,2009.0,2017.0,True
2308.06125,12.0,320.0,320.0,28.0,2019.0,1995.0,True
2308.06259,42.0,80.0,80.0,23.0,2018.0,2000.0,True
2308.06261,9.0,115.0,115.0,21.0,2015.0,2002.0,True
2308.06595,12.0,0.0,12.0,3.0,2020.0,,True
2308.06721,4.0,23.0,23.0,5.0,2021.0,2018.0,True
2308.06873,56.0,167.0,167.0,19.0,2014.0,2004.0,True
2308.06912,47.0,79.0,79.0,33.0,2006.0,1990.0,True
2308.07124,15.0,32.0,32.0,12.0,2020.0,2011.0,True
2308.07228,9.0,90.0,90.0,11.0,2017.0,2012.0,True
2308.07286,15.0,104.0,104.0,11.0,2017.0,2012.0,True
2308.07316,2.0,733.0,733.0,30.0,2023.0,1993.0,True
2308.07317,1.0,23.0,23.0,6.0,2023.0,2017.0,True
2308.07395,1.0,206.0,206.0,21.0,2022.0,2002.0,True
2308.07795,27.0,463.0,463.0,34.0,2019.0,1989.0,True
2308.07891,0.0,21.0,21.0,2.0,2025.0,2021.0,True
2308.07903,575.0,92.0,575.0,38.0,1985.0,2014.0,True
2308.07921,26.0,0.0,26.0,6.0,2017.0,2023.0,True
2308.07922,27.0,116.0,116.0,18.0,2019.0,2005.0,True
2308.07926,0.0,62.0,62.0,5.0,2023.0,2018.0,True
2308.07931,21.0,113.0,113.0,19.0,2004.0,2007.0,True
2308.07968,69.0,127.0,127.0,22.0,2001.0,2007.0,True
2308.08089,3.0,15.0,15.0,3.0,2020.0,2021.0,True
2308.08258,6.0,412.0,412.0,21.0,2022.0,2002.0,True
2308.08316,1.0,4.0,4.0,11.0,2022.0,2012.0,True
2308.08545,4.0,14.0,14.0,7.0,2021.0,2016.0,True
2308.13137,24.0,46.0,46.0,27.0,2018.0,1996.0,True
2308.13404,2.0,140.0,140.0,24.0,2022.0,1999.0,True
2308.13416,13.0,13.0,13.0,4.0,2020.0,2019.0,True
2308.13418,2.0,14.0,14.0,11.0,2020.0,2012.0,True
2308.13494,3.0,6.0,6.0,9.0,2020.0,2014.0,True
2308.13785,11.0,17.0,17.0,3.0,2020.0,2021.0,True
2308.14089,29.0,47.0,47.0,10.0,2017.0,2013.0,True
2308.15560,45.0,5.0,45.0,7.0,2016.0,2022.0,True
2308.15930,4.0,4.0,4.0,12.0,2018.0,2011.0,True
2308.15975,11.0,27.0,27.0,15.0,2018.0,2008.0,True
2308.16137,11.0,0.0,11.0,3.0,2020.0,2023.0,True
2308.16149,9.0,43.0,43.0,6.0,2017.0,2019.0,True
2308.16185,25.0,96.0,96.0,29.0,2013.0,1994.0,True
2308.16246,16.0,446.0,446.0,36.0,2016.0,1987.0,True
2308.16271,10.0,162.0,162.0,21.0,2021.0,2002.0,True
2308.16458,25.0,2.0,25.0,29.0,2019.0,1994.0,True
2308.16512,29.0,592.0,592.0,33.0,2016.0,1990.0,True
2308.16582,1.0,0.0,1.0,24.0,1999.0,2023.0,True
2308.16824,12.0,4.0,12.0,4.0,2019.0,2019.0,True
2308.16876,8.0,34.0,34.0,12.0,2021.0,2011.0,True
2308.16884,2.0,76.0,76.0,14.0,2021.0,2009.0,True
2308.16891,6.0,205.0,205.0,19.0,2020.0,2004.0,True
2309.00035,12.0,12.0,12.0,10.0,2017.0,2013.0,True
2309.00071,0.0,0.0,0.0,0.0,2024.0,2023.0,True
2309.00267,5.0,34.0,34.0,8.0,2021.0,2015.0,True
2309.00359,0.0,1.0,1.0,0.0,2023.0,2023.0,True
2309.00398,29.0,0.0,29.0,4.0,2019.0,2023.0,True
2309.00610,0.0,0.0,0.0,0.0,2024.0,2023.0,True
2309.00615,0.0,686.0,686.0,33.0,2023.0,1990.0,True
2309.00754,6.0,1.0,6.0,5.0,2018.0,2022.0,True
2309.00775,5.0,23.0,23.0,8.0,2021.0,2015.0,True
2309.00908,27.0,370.0,370.0,13.0,2018.0,2010.0,True
2309.00966,0.0,383.0,383.0,37.0,2024.0,1986.0,True
2309.00986,27.0,1.0,27.0,5.0,2018.0,2022.0,True
2309.00987,1.0,0.0,1.0,0.0,2023.0,2024.0,True
2309.01700,8.0,167.0,167.0,19.0,2020.0,2004.0,True
2309.01770,10.0,0.0,10.0,6.0,2017.0,2023.0,True
2309.01775,8.0,43.0,43.0,14.0,2021.0,2009.0,True
2309.01826,7.0,0.0,7.0,7.0,2016.0,2025.0,True
2309.02040,9.0,1.0,9.0,5.0,2020.0,2018.0,True
2309.02119,8.0,16.0,16.0,11.0,2018.0,2012.0,True
2309.02186,45.0,7.0,45.0,14.0,2009.0,2022.0,True
2309.02285,19.0,17.0,19.0,4.0,2019.0,2022.0,True
2309.02420,6.0,158.0,158.0,21.0,2018.0,2002.0,True
2309.02561,2.0,141.0,141.0,13.0,2020.0,2010.0,True
2309.02591,27.0,24.0,27.0,12.0,2011.0,2015.0,True
2309.03130,47.0,73.0,73.0,56.0,1967.0,2011.0,True
2309.03160,9.0,0.0,9.0,5.0,2018.0,2023.0,True
2309.03179,0.0,0.0,0.0,,,,True
2309.03185,1.0,0.0,1.0,1.0,2022.0,2023.0,True
2309.03199,8.0,99.0,99.0,14.0,2020.0,2009.0,True
2309.03241,3.0,2.0,3.0,3.0,2020.0,2021.0,True
2309.03315,22.0,9.0,22.0,16.0,2007.0,2021.0,True
2309.03409,0.0,1.0,1.0,3.0,2023.0,2020.0,True
2309.03450,36.0,91.0,91.0,15.0,2008.0,2017.0,True
2309.03453,12.0,3.0,12.0,7.0,2016.0,2021.0,True
2309.03549,0.0,2.0,2.0,0.0,2023.0,2023.0,True
2309.03550,0.0,220.0,220.0,15.0,2024.0,2008.0,True
2309.03852,5.0,12.0,12.0,7.0,2019.0,2016.0,True
2309.03883,29.0,49.0,49.0,6.0,2019.0,2017.0,True
2309.03895,7.0,0.0,7.0,3.0,2020.0,2023.0,True
2309.03897,44.0,332.0,332.0,17.0,2016.0,2006.0,True
2309.03903,0.0,91.0,91.0,23.0,2023.0,2000.0,True
2309.03905,8.0,36.0,36.0,3.0,2020.0,2020.0,True
2309.03907,8.0,1.0,8.0,8.0,2019.0,2015.0,True
2309.03926,2.0,5.0,5.0,16.0,2008.0,2007.0,True
2309.04247,0.0,37.0,37.0,4.0,2024.0,2019.0,True
2309.04269,11.0,138.0,138.0,22.0,2018.0,2001.0,True
2309.04354,0.0,1.0,1.0,1.0,2024.0,2022.0,True
2309.04564,,,,,,,False
2309.04581,19.0,0.0,19.0,5.0,2018.0,2023.0,True
2309.04662,5.0,106.0,106.0,11.0,2021.0,2012.0,True
2309.04663,235.0,70.0,235.0,38.0,2004.0,1985.0,True
2309.04827,13.0,20.0,20.0,5.0,2018.0,2018.0,True
2309.05463,73.0,0.0,73.0,23.0,2000.0,2023.0,True
2309.05516,0.0,1.0,1.0,4.0,2023.0,2019.0,True
2309.05519,27.0,674.0,674.0,49.0,2020.0,1974.0,True
2309.05689,16.0,314.0,314.0,18.0,2021.0,2005.0,True
2309.05767,0.0,0.0,0.0,0.0,2023.0,2023.0,True
2309.05793,0.0,26.0,26.0,4.0,2023.0,2019.0,True
2309.05858,18.0,44.0,44.0,41.0,1982.0,2009.0,True
2309.06126,8.0,0.0,8.0,3.0,2020.0,,True
2309.06180,0.0,47.0,47.0,10.0,2024.0,2013.0,True
2309.06380,25.0,52.0,52.0,8.0,2018.0,2015.0,True
2309.06440,8.0,29.0,29.0,4.0,2019.0,2020.0,True
2309.06441,36.0,433.0,433.0,40.0,1983.0,1985.0,True
2309.06497,0.0,0.0,0.0,0.0,2024.0,2024.0,True
2309.06657,0.0,0.0,0.0,0.0,2023.0,2023.0,True
2309.06802,0.0,108.0,108.0,13.0,2024.0,2010.0,True
2309.06895,5.0,221.0,221.0,15.0,2014.0,2008.0,True
2309.06933,21.0,9.0,21.0,7.0,2017.0,2016.0,True
2309.07062,31.0,73.0,73.0,16.0,2014.0,2007.0,True
2309.07122,5.0,195.0,195.0,12.0,2022.0,2011.0,True
2309.07125,0.0,434.0,434.0,38.0,2023.0,1985.0,True
2309.07314,36.0,461.0,461.0,34.0,2019.0,1989.0,True
2309.07430,7.0,1.0,7.0,13.0,2018.0,2010.0,True
2309.07462,6.0,64.0,64.0,23.0,2017.0,2000.0,True
2309.07749,1.0,6.0,6.0,3.0,2023.0,2020.0,True
2309.07870,37.0,100.0,100.0,13.0,2019.0,2010.0,True
2309.07900,8.0,0.0,8.0,7.0,2016.0,2023.0,True
2309.07906,24.0,5.0,24.0,27.0,1996.0,2014.0,True
2309.07970,0.0,640.0,640.0,66.0,2024.0,1957.0,True
2309.07974,29.0,132.0,132.0,18.0,2016.0,2005.0,True
2309.07986,1.0,1.0,1.0,1.0,2022.0,2023.0,True
2309.07990,15.0,69.0,69.0,15.0,2008.0,2012.0,True
2309.08051,8.0,6.0,8.0,7.0,2019.0,2016.0,True
2309.08172,25.0,563.0,563.0,29.0,2017.0,1994.0,True
2309.08210,10.0,40.0,40.0,10.0,2018.0,2013.0,True
2309.08520,17.0,19.0,19.0,6.0,2020.0,2017.0,True
2309.08532,1.0,48.0,48.0,31.0,2021.0,1992.0,True
2309.08586,0.0,21.0,21.0,9.0,2023.0,2014.0,True
2309.08587,13.0,109.0,109.0,23.0,2016.0,2000.0,True
2309.08600,0.0,0.0,0.0,0.0,2025.0,2025.0,True
2309.08628,13.0,1.0,13.0,7.0,2016.0,2023.0,True
2309.08637,19.0,133.0,133.0,21.0,2019.0,2002.0,True
2309.08646,0.0,1.0,1.0,0.0,2024.0,2023.0,True
2309.08773,198.0,1.0,198.0,25.0,1998.0,2022.0,True
2309.08804,19.0,1.0,19.0,13.0,2010.0,2022.0,True
2309.08827,8.0,0.0,8.0,4.0,2019.0,2023.0,True
2309.08872,0.0,176.0,176.0,12.0,2024.0,2011.0,True
2309.08963,0.0,3.0,3.0,29.0,2023.0,1994.0,True
2309.08968,2.0,36.0,36.0,4.0,2021.0,2019.0,True
2309.09117,2.0,5.0,5.0,13.0,2021.0,2010.0,True
2309.09390,0.0,1.0,1.0,0.0,2024.0,2023.0,True
2309.09400,3.0,134.0,134.0,27.0,2020.0,1996.0,True
2309.09506,7.0,200.0,200.0,15.0,2019.0,2008.0,True
2309.09530,6.0,315.0,315.0,18.0,2021.0,2005.0,True
2309.09958,1.0,2.0,2.0,1.0,2023.0,2022.0,True
2309.09971,10.0,2.0,10.0,4.0,2019.0,2020.0,True
2309.10020,1.0,406.0,406.0,43.0,2023.0,1980.0,True
2309.10150,43.0,537.0,537.0,15.0,2012.0,2008.0,True
2309.10202,81.0,1.0,81.0,10.0,2013.0,2022.0,True
2309.10279,1.0,20.0,20.0,12.0,2022.0,2011.0,True
2309.10305,1.0,0.0,1.0,7.0,2016.0,2023.0,True
2309.10537,21.0,2.0,21.0,13.0,2021.0,2010.0,True
2309.10668,7.0,47.0,47.0,30.0,2021.0,1993.0,True
2309.10706,78.0,658.0,658.0,27.0,2009.0,1996.0,True
2309.10818,0.0,0.0,0.0,0.0,2023.0,2023.0,True
2309.10917,4.0,36.0,36.0,12.0,2011.0,2018.0,True
2309.10952,7.0,23.0,23.0,26.0,2018.0,1997.0,True
2309.11009,11.0,2.0,11.0,6.0,2018.0,2017.0,True
2309.11197,3.0,16.0,16.0,7.0,2016.0,2017.0,True
2309.11419,13.0,317.0,317.0,18.0,2019.0,2005.0,True
2309.11495,22.0,1.0,22.0,8.0,2015.0,2022.0,True
2309.11497,0.0,0.0,0.0,0.0,2023.0,2023.0,True
2309.11499,13.0,0.0,13.0,2.0,2021.0,2024.0,True
2309.11500,0.0,0.0,0.0,0.0,2024.0,2024.0,True
2309.11523,1.0,0.0,1.0,0.0,2023.0,2023.0,True
2309.11568,3.0,28.0,28.0,16.0,2020.0,2007.0,True
2309.11674,13.0,25.0,25.0,16.0,2021.0,2007.0,True
2309.11998,24.0,395.0,395.0,20.0,2017.0,2003.0,True
2309.12207,23.0,0.0,23.0,5.0,2018.0,2025.0,True
2309.12284,11.0,0.0,11.0,12.0,2011.0,2023.0,True
2309.12307,17.0,3.0,17.0,3.0,2020.0,2021.0,True
2309.12311,6.0,0.0,6.0,3.0,2020.0,2024.0,True
2309.12424,0.0,214.0,214.0,23.0,2023.0,2000.0,True
2309.12499,18.0,1.0,18.0,11.0,2012.0,2020.0,True
2309.13018,1.0,34.0,34.0,14.0,2013.0,2009.0,True
2309.13041,1.0,55.0,55.0,7.0,2023.0,2016.0,True
2309.13042,6.0,336.0,336.0,17.0,2020.0,2006.0,True
2309.13075,3.0,30.0,30.0,8.0,2019.0,2015.0,True
2309.13308,0.0,0.0,0.0,0.0,2023.0,2023.0,True
2309.13356,1.0,178.0,178.0,21.0,2023.0,2002.0,True
2309.13952,8.0,4.0,8.0,20.0,2019.0,2003.0,True
2309.14322,1.0,22.0,22.0,9.0,2023.0,2014.0,True
2309.14327,60.0,14.0,60.0,8.0,2015.0,2019.0,True
2309.14509,28.0,29.0,29.0,12.0,2011.0,2015.0,True
2309.14525,23.0,619.0,619.0,36.0,2017.0,1987.0,True
2309.14592,17.0,3.0,17.0,15.0,2008.0,2020.0,True
2309.14717,19.0,26.0,26.0,5.0,2018.0,2020.0,True
2309.15091,384.0,298.0,384.0,38.0,1985.0,2004.0,True
2309.15098,16.0,45.0,45.0,12.0,2019.0,2011.0,True
2309.15103,24.0,2.0,24.0,5.0,2018.0,2023.0,True
2309.15129,4.0,0.0,4.0,2.0,2021.0,2023.0,True
2309.15223,0.0,49.0,49.0,24.0,2024.0,1999.0,True
2309.15251,13.0,25.0,25.0,9.0,2020.0,2014.0,True
2309.15273,17.0,435.0,435.0,38.0,2016.0,1985.0,True
2309.15426,12.0,,12.0,7.0,2016.0,,True
2309.15505,22.0,56.0,56.0,58.0,2014.0,1965.0,True
2309.15564,2.0,40.0,40.0,13.0,2022.0,2010.0,True
2309.15807,36.0,1.0,36.0,6.0,2017.0,2022.0,True
2309.15818,0.0,32.0,32.0,2.0,2023.0,2021.0,True
2309.16039,40.0,0.0,40.0,6.0,2017.0,2024.0,True
2309.16058,0.0,1.0,1.0,2.0,2023.0,2021.0,True
2309.16235,4.0,47.0,47.0,21.0,2021.0,2002.0,True
2309.16414,81.0,16.0,81.0,18.0,2005.0,2017.0,True
2309.16429,2.0,43.0,43.0,5.0,2023.0,2018.0,True
2309.16496,0.0,1.0,1.0,0.0,2023.0,2023.0,True
2309.16534,0.0,0.0,0.0,0.0,2024.0,2024.0,True
2309.16583,2.0,1.0,2.0,24.0,2023.0,1999.0,True
2309.16585,0.0,0.0,0.0,0.0,2023.0,2023.0,True
2309.16588,1.0,56.0,56.0,8.0,2023.0,2015.0,True
2309.16609,10.0,0.0,10.0,6.0,2017.0,2024.0,True
2309.16643,7.0,339.0,339.0,17.0,2012.0,2006.0,True
2309.16650,20.0,98.0,98.0,15.0,2017.0,2008.0,True
2309.16653,17.0,0.0,17.0,5.0,2018.0,2023.0,True
2309.16668,9.0,0.0,9.0,6.0,2017.0,2023.0,True
2309.16671,8.0,30.0,30.0,5.0,2021.0,2018.0,True
2310.00426,2.0,0.0,2.0,0.0,2023.0,2023.0,True
2310.00704,1.0,3.0,3.0,0.0,2023.0,2023.0,True
2310.00898,14.0,1.0,14.0,4.0,2019.0,2023.0,True
2310.01407,23.0,284.0,284.0,33.0,2018.0,1990.0,True
2310.01557,0.0,0.0,0.0,0.0,2023.0,2023.0,True
2310.01596,3.0,1.0,3.0,1.0,2022.0,2023.0,True
2310.01714,52.0,1.0,52.0,6.0,2017.0,2020.0,True
2310.01798,29.0,1.0,29.0,4.0,2019.0,2020.0,True
2310.03046,46.0,0.0,46.0,4.0,2019.0,2024.0,True
2310.03051,27.0,58.0,58.0,13.0,2017.0,2010.0,True
2310.03094,1.0,18.0,18.0,7.0,2023.0,2016.0,True
2310.03214,15.0,3.0,15.0,9.0,2014.0,2021.0,True
2310.03502,5.0,0.0,5.0,2.0,2021.0,2023.0,True
2310.03704,36.0,3.0,36.0,6.0,2017.0,2023.0,True
2310.03714,19.0,0.0,19.0,5.0,2018.0,2023.0,True
2310.03716,2.0,114.0,114.0,13.0,2022.0,2010.0,True
2310.03720,0.0,2.0,2.0,8.0,2023.0,2015.0,True
2310.03731,1.0,2.0,2.0,0.0,2023.0,2023.0,True
2310.03734,21.0,2.0,21.0,7.0,2016.0,2020.0,True
2310.03739,11.0,41.0,41.0,7.0,2019.0,2016.0,True
2310.03744,13.0,0.0,13.0,4.0,2019.0,2023.0,True
2310.06830,11.0,1.0,11.0,4.0,2019.0,2023.0,True
2310.07889,0.0,0.0,0.0,0.0,2024.0,2024.0,True
2310.08185,1.0,18.0,18.0,2.0,2023.0,2021.0,True
2310.08465,13.0,33.0,33.0,4.0,2019.0,2021.0,True
2310.08491,6.0,0.0,6.0,22.0,2001.0,2023.0,True
2310.08529,2.0,2.0,2.0,2.0,2022.0,2021.0,True
2310.08541,29.0,80.0,80.0,5.0,2021.0,2018.0,True
2310.08579,1.0,137.0,137.0,22.0,2023.0,2001.0,True
2310.08588,30.0,22.0,30.0,7.0,2016.0,2021.0,True
2310.08659,1.0,2.0,2.0,0.0,2023.0,2023.0,True
2310.08678,1.0,3.0,3.0,25.0,2022.0,1998.0,True
2310.08715,3.0,101.0,101.0,33.0,2014.0,1990.0,True
2310.08740,2.0,1.0,2.0,3.0,2020.0,2023.0,True
2310.08992,0.0,239.0,239.0,16.0,2024.0,2007.0,True
2310.09139,11.0,0.0,11.0,7.0,2016.0,2023.0,True
2310.09199,0.0,80.0,80.0,33.0,2023.0,1990.0,True
2310.09263,0.0,0.0,0.0,0.0,2024.0,2024.0,True
2310.09342,1.0,2.0,2.0,6.0,2023.0,2017.0,True
2310.09478,15.0,44.0,44.0,6.0,2017.0,2017.0,True
2310.09520,1.0,95.0,95.0,13.0,2022.0,2010.0,True
2310.09753,7.0,3.0,7.0,4.0,2019.0,2023.0,True
2310.09983,12.0,2.0,12.0,5.0,2018.0,2023.0,True
2310.10047,19.0,1.0,19.0,3.0,2020.0,2023.0,True
2310.10537,47.0,2.0,47.0,9.0,2014.0,2015.0,True
2310.10625,75.0,49.0,75.0,13.0,2010.0,2013.0,True
2310.10631,7.0,38.0,38.0,24.0,2021.0,1999.0,True
2310.10638,2.0,1.0,2.0,0.0,2023.0,2023.0,True
2310.10645,1.0,0.0,1.0,1.0,2022.0,2024.0,True
2310.10769,0.0,0.0,0.0,0.0,2024.0,2023.0,True
2310.10837,8.0,465.0,465.0,34.0,2020.0,1989.0,True
2310.10944,1.0,18.0,18.0,15.0,2023.0,2008.0,True
2310.10971,13.0,2.0,13.0,8.0,2015.0,2023.0,True
2310.11248,13.0,0.0,13.0,5.0,2018.0,2024.0,True
2310.11440,4.0,3.0,4.0,16.0,2021.0,2007.0,True
2310.11441,32.0,3.0,32.0,3.0,2020.0,2020.0,True
2310.11448,1.0,5.0,5.0,2.0,2023.0,2021.0,True
2310.11453,3.0,4.0,4.0,6.0,2022.0,2017.0,True
2310.11454,0.0,0.0,0.0,0.0,2024.0,2023.0,True
2310.11511,31.0,182.0,182.0,16.0,2018.0,2007.0,True
2310.11784,11.0,2.0,11.0,4.0,2019.0,2020.0,True
2310.11954,6.0,20.0,20.0,1.0,2022.0,2022.0,True
2310.12274,0.0,1.0,1.0,0.0,2023.0,2023.0,True
2310.12404,11.0,1.0,11.0,4.0,2020.0,2019.0,True
2310.12474,1.0,19.0,19.0,6.0,2023.0,2017.0,True
2310.12773,0.0,0.0,0.0,0.0,2024.0,2023.0,True
2310.12823,10.0,1.0,10.0,2.0,2021.0,2023.0,True
2310.12921,1.0,0.0,1.0,1.0,2022.0,2024.0,True
2310.12931,13.0,13.0,13.0,11.0,2020.0,2012.0,True
2310.12945,1.0,0.0,1.0,0.0,2023.0,2024.0,True
2310.12962,2.0,2.0,2.0,2.0,2021.0,2022.0,True
2310.12963,32.0,59.0,59.0,13.0,2013.0,2010.0,True
2310.13012,60.0,31.0,60.0,24.0,1999.0,2019.0,True
2310.13065,19.0,1.0,19.0,4.0,2019.0,2023.0,True
2310.13119,15.0,0.0,15.0,4.0,2019.0,2024.0,True
2310.13127,17.0,14.0,17.0,4.0,2019.0,2021.0,True
2310.13227,19.0,70.0,70.0,18.0,2016.0,2005.0,True
2310.13268,3.0,1.0,3.0,1.0,2022.0,2023.0,True
2310.13289,2.0,6.0,6.0,0.0,2023.0,2023.0,True
2310.13332,3.0,3.0,3.0,3.0,2020.0,2023.0,True
2310.13355,15.0,10.0,15.0,6.0,2017.0,2021.0,True
2310.13385,1.0,5.0,5.0,6.0,2021.0,2017.0,True
2310.13522,0.0,0.0,0.0,0.0,2024.0,2024.0,True
2310.13545,23.0,12.0,23.0,8.0,2015.0,2022.0,True
2310.13548,2.0,0.0,2.0,4.0,2019.0,2023.0,True
2310.13639,6.0,147.0,147.0,13.0,2020.0,2010.0,True
2310.13671,3.0,101.0,101.0,13.0,2023.0,2010.0,True
2310.13724,0.0,0.0,0.0,0.0,2023.0,,True
2310.13730,3.0,18.0,18.0,8.0,2019.0,2015.0,True
2310.13772,0.0,0.0,0.0,0.0,2024.0,2026.0,True
2310.13798,26.0,27.0,27.0,16.0,2012.0,2007.0,True
2310.13961,11.0,84.0,84.0,17.0,2017.0,2006.0,True
2310.14495,1.0,38.0,38.0,17.0,2019.0,2006.0,True
2310.14566,25.0,82.0,82.0,14.0,2019.0,2009.0,True
2310.14573,0.0,14.0,14.0,3.0,2025.0,2020.0,True
2310.15008,11.0,3.0,11.0,5.0,2020.0,2018.0,True
2310.15111,1.0,0.0,1.0,0.0,2023.0,2024.0,True
2310.15123,21.0,3.0,21.0,6.0,2017.0,2020.0,True
2310.15144,61.0,81.0,81.0,18.0,2005.0,2018.0,True
2310.15169,1.0,0.0,1.0,0.0,2023.0,2023.0,True
2310.15200,4.0,0.0,4.0,0.0,2023.0,2023.0,True
2310.15308,,,,,,,False
2310.15337,,,,,,,False
2310.15494,,,,,,,False
2310.15511,,,,,,,False
2310.15916,,,,,,,False
2310.15987,,,,,,,False
2310.16045,,,,,,,False
2310.16226,,,,,,,False
2310.16450,,,,,,,False
2310.16534,,,,,,,False
2310.16656,,,,,,,False
2310.16764,,,,,,,False
2310.16789,,,,,,,False
2310.16795,,,,,,,False
2310.16818,,,,,,,False
2310.16825,,,,,,,False
2310.16828,,,,,,,False
2310.16832,,,,,,,False
2310.16836,,,,,,,False
2310.17022,,,,,,,False
2310.17075,,,,,,,False
2310.17157,,,,,,,False
2310.17631,,,,,,,False
2310.17680,,,,,,,False
2310.17722,,,,,,,False
2310.17750,,,,,,,False
2310.17752,,,,,,,False
2310.17784,,,,,,,False
2310.17796,,,,,,,False
2310.17880,,,,,,,False
2310.17994,,,,,,,False
2310.18168,,,,,,,False
2310.18313,,,,,,,False
2310.18356,,,,,,,False
2310.18628,,,,,,,False
2310.19019,,,,,,,False
2310.19061,,,,,,,False
2310.19102,,,,,,,False
2310.19341,,,,,,,False
2310.19415,,,,,,,False
2310.19512,,,,,,,False
2310.19773,,,,,,,False
2310.19784,,,,,,,False
2310.19909,,,,,,,False
2310.19956,,,,,,,False
2310.20092,,,,,,,False
2310.20216,,,,,,,False
2310.20499,,,,,,,False
2310.20550,,,,,,,False
2310.20587,,,,,,,False
2310.20624,,,,,,,False
2310.20689,,,,,,,False
2310.20700,,,,,,,False
2310.20707,,,,,,,False
2311.00047,,,,,,,False
2311.00059,,,,,,,False
2311.00176,,,,,,,False
2311.00257,,,,,,,False
2311.00272,,,,,,,False
2311.00430,,,,,,,False
2311.00522,,,,,,,False
2311.00571,,,,,,,False
2311.00613,,,,,,,False
2311.00618,,,,,,,False
2311.00895,,,,,,,False
2311.00899,,,,,,,False
2311.00945,,,,,,,False
2311.01282,,,,,,,False
2311.01455,,,,,,,False
2311.01462,,,,,,,False
2311.01615,,,,,,,False
2311.01767,,,,,,,False
2311.02077,,,,,,,False
2311.02103,,,,,,,False
2311.02262,,,,,,,False
2311.02303,,,,,,,False
2311.02382,,,,,,,False
2311.02462,,,,,,,False
2311.02542,,,,,,,False
2311.02772,,,,,,,False
2311.02805,,,,,,,False
2311.02848,,,,,,,False
2311.02849,,,,,,,False
2311.03079,,,,,,,False
2311.03226,,,,,,,False
2311.03285,,,,,,,False
2311.03301,,,,,,,False
2311.03354,,,,,,,False
2311.03356,,,,,,,False
2311.03517,,,,,,,False
2311.03629,,,,,,,False
2311.03736,,,,,,,False
2311.03739,,,,,,,False
2311.04124,,,,,,,False
2311.04145,,,,,,,False
2311.04212,,,,,,,False
2311.04219,,,,,,,False
2311.04235,,,,,,,False
2311.04254,,,,,,,False
2311.04257,,,,,,,False
2311.04287,10.0,6.0,10.0,3.0,2021.0,2020.0,True
2311.04391,0.0,72.0,72.0,11.0,2024.0,2012.0,True
2311.04400,0.0,0.0,0.0,0.0,2023.0,2023.0,True
2311.04498,0.0,9.0,9.0,5.0,2024.0,2018.0,True
2311.04589,2.0,2.0,2.0,0.0,2023.0,2023.0,True
2311.04901,33.0,8.0,33.0,6.0,2017.0,2022.0,True
2311.04931,0.0,7.0,7.0,5.0,2023.0,2018.0,True
2311.04934,1.0,0.0,1.0,1.0,2022.0,2023.0,True
2311.05332,12.0,0.0,12.0,5.0,2018.0,2023.0,True
2311.05348,0.0,3.0,3.0,1.0,2024.0,2022.0,True
2311.05437,3.0,8.0,8.0,7.0,2022.0,2016.0,True
2311.05556,7.0,2.0,7.0,1.0,2022.0,2023.0,True
2311.05640,0.0,160.0,160.0,19.0,2024.0,2004.0,True
2311.05657,16.0,53.0,53.0,7.0,2019.0,2016.0,True
2311.05661,18.0,19.0,19.0,20.0,2019.0,2003.0,True
2311.05698,53.0,106.0,106.0,19.0,2016.0,2004.0,True
2311.05707,3.0,2.0,3.0,26.0,1997.0,2023.0,True
2311.05770,2.0,1.0,2.0,0.0,2023.0,2023.0,True
2311.05772,8.0,108.0,108.0,15.0,2020.0,2008.0,True
2311.05884,1.0,2.0,2.0,0.0,2023.0,2023.0,True
2311.05908,2.0,1.0,2.0,0.0,2023.0,2023.0,True
2311.05997,8.0,3.0,8.0,2.0,2021.0,2022.0,True
2311.06158,16.0,3.0,16.0,4.0,2019.0,2022.0,True
2311.06214,0.0,1.0,1.0,0.0,2023.0,2023.0,True
2311.06242,2.0,4.0,4.0,1.0,2022.0,2022.0,True
2311.06243,5.0,4.0,5.0,6.0,2017.0,2022.0,True
2311.06430,5.0,12.0,12.0,4.0,2020.0,2019.0,True
2311.06495,0.0,3.0,3.0,10.0,2024.0,2013.0,True
2311.06697,7.0,0.0,7.0,8.0,2015.0,2024.0,True
2311.06720,27.0,1.0,27.0,5.0,2018.0,2023.0,True
2311.06753,11.0,2.0,11.0,4.0,2019.0,2023.0,True
2311.06772,0.0,30.0,30.0,11.0,2024.0,2012.0,True
2311.06783,19.0,1.0,19.0,3.0,2020.0,2023.0,True
2311.07069,15.0,0.0,15.0,3.0,2020.0,2024.0,True
2311.07361,0.0,2.0,2.0,4.0,,2019.0,True
2311.07446,1.0,0.0,1.0,0.0,2023.0,2023.0,True
2311.07463,1.0,3.0,3.0,9.0,2022.0,2014.0,True
2311.07562,4.0,83.0,83.0,5.0,2023.0,2018.0,True
2311.07574,12.0,55.0,55.0,9.0,2020.0,2014.0,True
2311.07575,9.0,37.0,37.0,5.0,2018.0,2020.0,True
2311.07587,1.0,140.0,140.0,21.0,2023.0,2002.0,True
2311.07590,0.0,3.0,3.0,3.0,2024.0,2020.0,True
2311.07689,1.0,38.0,38.0,7.0,2023.0,2016.0,True
2311.07885,20.0,2.0,20.0,6.0,2017.0,2023.0,True
2311.07911,2.0,12.0,12.0,27.0,1996.0,2021.0,True
2311.07919,1.0,6.0,6.0,1.0,2023.0,2022.0,True
2311.07961,9.0,172.0,172.0,17.0,2016.0,2006.0,True
2311.07989,2.0,0.0,2.0,0.0,2023.0,2023.0,True
2311.08105,15.0,0.0,15.0,3.0,2020.0,2023.0,True
2311.08263,3.0,0.0,3.0,0.0,2023.0,2023.0,True
2311.08401,7.0,2.0,7.0,5.0,2018.0,2022.0,True
2311.08403,0.0,1.0,1.0,0.0,2023.0,2023.0,True
2311.08469,1.0,27.0,27.0,6.0,2023.0,2017.0,True
2311.08552,1.0,2.0,2.0,9.0,2023.0,2014.0,True
2311.08581,2.0,2.0,2.0,6.0,2022.0,2017.0,True
2311.08667,11.0,0.0,11.0,3.0,2020.0,2024.0,True
2311.08692,4.0,7.0,7.0,2.0,2021.0,2022.0,True
2311.08734,14.0,0.0,14.0,2.0,2021.0,2024.0,True
2311.08877,4.0,28.0,28.0,6.0,2021.0,2017.0,True
2311.09179,1.0,4.0,4.0,8.0,2023.0,2015.0,True
2311.09180,15.0,1.0,15.0,7.0,2016.0,2023.0,True
2311.09204,1.0,4.0,4.0,8.0,2023.0,2015.0,True
2311.09213,0.0,75.0,75.0,37.0,2024.0,1986.0,True
2311.09217,38.0,2.0,38.0,6.0,2017.0,2023.0,True
2311.09221,7.0,15.0,15.0,6.0,2017.0,2020.0,True
2311.09227,6.0,0.0,6.0,9.0,2014.0,2024.0,True
2311.09257,0.0,0.0,0.0,0.0,2023.0,2023.0,True
2311.09277,14.0,177.0,177.0,16.0,2019.0,2007.0,True
2311.09578,29.0,32.0,32.0,17.0,2006.0,2007.0,True
2311.09835,1.0,25.0,25.0,17.0,2023.0,2006.0,True
2311.10090,1.0,55.0,55.0,13.0,2022.0,2010.0,True
2311.10091,12.0,27.0,27.0,10.0,2019.0,2013.0,True
2311.10093,7.0,40.0,40.0,32.0,2021.0,1991.0,True
2311.10111,20.0,1.0,20.0,4.0,2019.0,2023.0,True
2311.10122,1.0,2.0,2.0,0.0,2023.0,2023.0,True
2311.10123,0.0,0.0,0.0,0.0,2024.0,2024.0,True
2311.10125,0.0,0.0,0.0,0.0,2024.0,2023.0,True
2311.10126,11.0,4.0,11.0,7.0,2019.0,2016.0,True
2311.10538,0.0,68.0,68.0,29.0,2026.0,1994.0,True
2311.10642,0.0,17.0,17.0,7.0,2024.0,2016.0,True
2311.10678,0.0,150.0,150.0,13.0,2025.0,2010.0,True
2311.10702,7.0,3.0,7.0,2.0,2021.0,2021.0,True
2311.10708,19.0,4.0,19.0,7.0,2016.0,2018.0,True
2311.10709,40.0,4.0,40.0,20.0,2003.0,2018.0,True
2311.10751,6.0,482.0,482.0,28.0,2020.0,1995.0,True
2311.10768,0.0,0.0,0.0,0.0,2024.0,2024.0,True
2311.10770,9.0,100.0,100.0,20.0,2020.0,2003.0,True
2311.10775,0.0,3.0,3.0,1.0,,2022.0,True
2311.10794,3.0,0.0,3.0,2.0,2021.0,2023.0,True
2311.10982,1.0,0.0,1.0,1.0,2022.0,2024.0,True
2311.11045,1.0,1.0,1.0,5.0,2023.0,2018.0,True
2311.11077,4.0,36.0,36.0,5.0,2020.0,2018.0,True
2311.11243,6.0,6.0,6.0,11.0,2012.0,2022.0,True
2311.11255,2.0,0.0,2.0,0.0,2023.0,2023.0,True
2311.11284,4.0,1.0,4.0,1.0,2022.0,2023.0,True
2311.11315,0.0,2.0,2.0,0.0,2024.0,2023.0,True
2311.11501,0.0,1.0,1.0,0.0,2023.0,2023.0,True
2311.11829,4.0,38.0,38.0,24.0,1999.0,2011.0,True
2311.12015,39.0,871.0,871.0,44.0,2015.0,1979.0,True
2311.12022,1.0,1.0,1.0,0.0,2023.0,2023.0,True
2311.12024,1.0,3.0,3.0,0.0,2023.0,2023.0,True
2311.12052,3.0,0.0,3.0,0.0,2023.0,2024.0,True
2311.12092,16.0,69.0,69.0,29.0,2018.0,1994.0,True
2311.12198,2.0,2.0,2.0,1.0,2023.0,2022.0,True
2311.12229,5.0,1.0,5.0,3.0,2020.0,2023.0,True
2311.12454,19.0,29.0,29.0,18.0,2020.0,2005.0,True
2311.12631,6.0,2.0,6.0,10.0,2022.0,2013.0,True
2311.12775,1.0,2.0,2.0,0.0,2023.0,2023.0,True
2311.12908,8.0,2.0,8.0,6.0,2017.0,2023.0,True
2311.12983,12.0,14.0,14.0,5.0,2018.0,2021.0,True
2311.13073,7.0,2.0,7.0,27.0,1996.0,2023.0,True
2311.13141,0.0,0.0,0.0,0.0,2023.0,2023.0,True
2311.13231,1.0,3.0,3.0,0.0,2023.0,2023.0,True
2311.13384,2.0,1.0,2.0,49.0,1974.0,1993.0,True
2311.13435,2.0,10.0,10.0,2.0,2021.0,2023.0,True
2311.13600,0.0,28.0,28.0,2.0,2023.0,2021.0,True
2311.13601,22.0,1.0,22.0,7.0,2022.0,2016.0,True
2312.00063,8.0,0.0,8.0,3.0,2020.0,2023.0,True
2312.00079,2.0,2.0,2.0,0.0,2023.0,2023.0,True
2312.00085,8.0,6.0,8.0,13.0,2022.0,2010.0,True
2312.00093,0.0,6.0,6.0,1.0,2023.0,2022.0,True
2312.00109,1.0,3.0,3.0,0.0,2023.0,2023.0,True
2312.00164,3.0,27.0,27.0,11.0,2023.0,2012.0,True
2312.00210,1.0,17.0,17.0,9.0,2023.0,2014.0,True
2312.00252,14.0,1.0,14.0,14.0,2009.0,2023.0,True
2312.00330,2.0,8.0,8.0,16.0,2023.0,2007.0,True
2312.00375,0.0,21.0,21.0,2.0,2024.0,2021.0,True
2312.00438,0.0,3.0,3.0,0.0,2024.0,2023.0,True
2312.00451,2.0,6.0,6.0,0.0,2023.0,2023.0,True
2312.00575,3.0,57.0,57.0,7.0,2022.0,2016.0,True
2312.00589,0.0,0.0,0.0,0.0,2024.0,2024.0,True
2312.00738,21.0,6.0,21.0,7.0,2019.0,2016.0,True
2312.00752,1.0,2.0,2.0,1.0,2023.0,2022.0,True
2312.00763,7.0,3.0,7.0,3.0,2020.0,2020.0,True
2312.00777,14.0,7.0,14.0,2.0,2021.0,2023.0,True
2312.00845,1.0,3.0,3.0,0.0,2023.0,2023.0,True
2312.00849,9.0,13.0,13.0,5.0,2020.0,2018.0,True
2312.00858,12.0,188.0,188.0,13.0,2020.0,2010.0,True
2312.00860,4.0,5.0,5.0,2.0,2021.0,2022.0,True
2312.00869,4.0,7.0,7.0,2.0,2021.0,2023.0,True
2312.00886,5.0,56.0,56.0,11.0,2013.0,2012.0,True
2312.01279,6.0,5.0,6.0,2.0,2021.0,2023.0,True
2312.01407,7.0,22.0,22.0,3.0,2020.0,2021.0,True
2312.01409,4.0,11.0,11.0,7.0,2022.0,2016.0,True
2312.01531,4.0,5.0,5.0,1.0,2022.0,2023.0,True
2312.01532,0.0,0.0,0.0,0.0,2023.0,2024.0,True
2312.01552,54.0,2.0,54.0,7.0,2016.0,2023.0,True
2312.01663,0.0,0.0,0.0,0.0,2024.0,2023.0,True
2312.02087,3.0,3.0,3.0,17.0,2023.0,2006.0,True
2312.02116,57.0,23.0,57.0,58.0,1965.0,2014.0,True
2312.02120,1.0,0.0,1.0,0.0,2023.0,2024.0,True
2312.02133,18.0,7.0,18.0,7.0,2019.0,2016.0,True
2312.02135,8.0,2.0,8.0,2.0,2021.0,2022.0,True
2312.02139,36.0,17.0,36.0,14.0,2012.0,2009.0,True
2312.02142,6.0,1.0,6.0,6.0,2017.0,2023.0,True
2312.02147,0.0,60.0,60.0,9.0,2023.0,2014.0,True
2312.02149,0.0,6.0,6.0,4.0,2024.0,2019.0,True
2312.02155,2.0,7.0,7.0,3.0,2020.0,2023.0,True
2312.02179,1.0,39.0,39.0,8.0,2023.0,2015.0,True
2312.02189,0.0,2.0,2.0,1.0,2025.0,2022.0,True
2312.02201,3.0,1.0,3.0,0.0,2023.0,2023.0,True
2312.02206,14.0,1.0,14.0,6.0,2018.0,2017.0,True
2312.02216,0.0,7.0,7.0,19.0,2025.0,2004.0,True
2312.02238,3.0,40.0,40.0,77.0,1946.0,2021.0,True
2312.02432,6.0,12.0,12.0,7.0,2021.0,2016.0,True
2312.02663,0.0,18.0,18.0,2.0,2024.0,2021.0,True
2312.02696,1.0,72.0,72.0,18.0,2012.0,2005.0,True
2312.02772,1.0,2.0,2.0,1.0,2023.0,2022.0,True
2312.02919,8.0,2.0,8.0,4.0,2019.0,2022.0,True
2312.02928,1.0,7.0,7.0,0.0,2023.0,2023.0,True
2312.02931,1.0,27.0,27.0,5.0,2023.0,2018.0,True
2312.02949,25.0,37.0,37.0,13.0,2010.0,2020.0,True
2312.02963,0.0,1.0,1.0,0.0,2025.0,2023.0,True
2312.02969,23.0,531.0,531.0,33.0,2020.0,1990.0,True
2312.02970,13.0,0.0,13.0,7.0,2016.0,2024.0,True
2312.02974,12.0,2.0,12.0,5.0,2018.0,2023.0,True
2312.02980,2.0,7.0,7.0,1.0,2022.0,2023.0,True
2312.02981,10.0,4.0,10.0,4.0,2019.0,2022.0,True
2312.03029,5.0,8.0,8.0,3.0,2020.0,2023.0,True
2312.03047,4.0,4.0,4.0,1.0,2022.0,2023.0,True
2312.03079,6.0,6.0,6.0,3.0,2020.0,2022.0,True
2312.03160,15.0,87.0,87.0,15.0,2009.0,2008.0,True
2312.03209,5.0,1.0,5.0,3.0,2020.0,2023.0,True
2312.03461,10.0,0.0,10.0,2.0,2021.0,2023.0,True
2312.03491,0.0,1.0,1.0,0.0,2024.0,2023.0,True
2312.03511,8.0,3.0,8.0,27.0,1996.0,2023.0,True
2312.03584,9.0,26.0,26.0,10.0,2021.0,2013.0,True
2312.03587,3.0,208.0,208.0,15.0,2008.0,2011.0,True
2312.03611,2.0,1.0,2.0,4.0,2019.0,2023.0,True
2312.03632,0.0,0.0,0.0,0.0,2024.0,2024.0,True
2312.03641,11.0,10.0,11.0,16.0,2017.0,2007.0,True
2312.03664,13.0,99.0,99.0,13.0,2016.0,2010.0,True
2312.03700,10.0,2.0,10.0,3.0,2020.0,2023.0,True
2312.03701,22.0,0.0,22.0,7.0,2016.0,2024.0,True
2312.03704,3.0,0.0,3.0,1.0,2022.0,2024.0,True
2312.03793,10.0,0.0,10.0,12.0,2011.0,2023.0,True
2312.03814,1.0,6.0,6.0,2.0,2023.0,2021.0,True
2312.03818,1.0,2.0,2.0,2.0,2023.0,2021.0,True
2312.03849,14.0,16.0,16.0,5.0,2019.0,2018.0,True
2312.03913,15.0,3.0,15.0,6.0,2017.0,2020.0,True
2312.04333,2.0,1.0,2.0,1.0,2022.0,2022.0,True
2312.04410,8.0,1.0,8.0,5.0,2019.0,2018.0,True
2312.04433,0.0,0.0,0.0,0.0,2023.0,2024.0,True
2312.04461,1.0,12.0,12.0,16.0,2023.0,2007.0,True
2312.04474,17.0,23.0,23.0,4.0,2019.0,2020.0,True
2312.04483,27.0,1.0,27.0,3.0,2020.0,2023.0,True
2312.04515,1.0,17.0,17.0,5.0,2023.0,2018.0,True
2312.04543,3.0,5.0,5.0,3.0,2021.0,2020.0,True
2312.04552,11.0,42.0,42.0,20.0,2018.0,2003.0,True
2312.04556,5.0,4.0,5.0,3.0,2021.0,2020.0,True
2312.04557,1.0,26.0,26.0,8.0,2023.0,2015.0,True
2312.04560,0.0,73.0,73.0,39.0,2024.0,1984.0,True
2312.04566,13.0,114.0,114.0,12.0,2018.0,2011.0,True
2312.04567,19.0,41.0,41.0,9.0,2017.0,2014.0,True
2312.04655,20.0,53.0,53.0,10.0,2018.0,2013.0,True
2312.04724,2.0,1.0,2.0,13.0,2010.0,2018.0,True
2312.04837,6.0,5.0,6.0,6.0,2017.0,2020.0,True
2312.04875,1.0,3.0,3.0,2.0,2023.0,2021.0,True
2312.04916,0.0,115.0,115.0,25.0,2024.0,1998.0,True
2312.04963,1.0,1.0,1.0,0.0,2023.0,2023.0,True
2312.04966,4.0,3.0,4.0,11.0,2022.0,2012.0,True
2312.04985,6.0,8.0,8.0,14.0,2017.0,2009.0,True
2312.05107,2.0,2.0,2.0,0.0,2023.0,2023.0,True
2312.05180,1.0,173.0,173.0,17.0,2023.0,2006.0,True
2312.05431,2.0,1.0,2.0,8.0,2015.0,2019.0,True
2312.05491,8.0,17.0,17.0,13.0,2017.0,2010.0,True
2312.05605,6.0,1.0,6.0,4.0,2019.0,2023.0,True
2312.05708,11.0,6.0,11.0,11.0,2012.0,2020.0,True
2312.06109,1.0,5.0,5.0,1.0,2023.0,2022.0,True
2312.06134,7.0,19.0,19.0,8.0,2017.0,2015.0,True
2312.06149,21.0,35.0,35.0,7.0,2016.0,2020.0,True
2312.06351,0.0,0.0,0.0,0.0,2023.0,2024.0,True
2312.06353,10.0,3.0,10.0,4.0,2019.0,2023.0,True
2312.06550,12.0,3.0,12.0,12.0,2011.0,2023.0,True
2312.06571,0.0,0.0,0.0,0.0,2023.0,2023.0,True
2312.06585,1.0,18.0,18.0,6.0,2023.0,2017.0,True
2312.06655,0.0,0.0,0.0,0.0,2024.0,2023.0,True
2312.06662,1.0,2.0,2.0,0.0,2023.0,2023.0,True
2312.06674,6.0,80.0,80.0,14.0,2020.0,2009.0,True
2312.06681,0.0,0.0,0.0,0.0,2024.0,2024.0,True
2312.06742,1.0,2.0,2.0,0.0,2023.0,2023.0,True
2312.06908,0.0,1.0,1.0,0.0,2024.0,2023.0,True
2312.06971,7.0,3.0,7.0,8.0,2022.0,2015.0,True
2312.07000,6.0,98.0,98.0,19.0,2021.0,2004.0,True
2312.07046,14.0,0.0,14.0,3.0,2020.0,2024.0,True
2312.07231,42.0,6.0,42.0,3.0,2020.0,2023.0,True
2312.07409,0.0,0.0,0.0,0.0,2024.0,2024.0,True
2312.07424,25.0,0.0,25.0,4.0,2019.0,2023.0,True
2312.07504,1.0,0.0,1.0,0.0,2023.0,2024.0,True
2312.07509,11.0,20.0,20.0,6.0,2019.0,2017.0,True
2312.07532,11.0,0.0,11.0,3.0,2020.0,2023.0,True
2312.07533,0.0,1.0,1.0,2.0,2023.0,2021.0,True
2312.07536,6.0,0.0,6.0,4.0,2019.0,2024.0,True
2312.07537,11.0,1.0,11.0,5.0,2018.0,2023.0,True
2312.07661,25.0,1.0,25.0,10.0,2013.0,2019.0,True
2312.07843,12.0,7.0,12.0,8.0,2015.0,2023.0,True
2312.07859,12.0,0.0,12.0,3.0,2020.0,2023.0,True
2312.07910,5.0,4.0,5.0,0.0,2023.0,2023.0,True
2312.07987,0.0,8.0,8.0,36.0,2023.0,1987.0,True
2312.08128,43.0,2.0,43.0,14.0,2009.0,2023.0,True
2312.08136,13.0,1.0,13.0,4.0,2019.0,2023.0,True
2312.08344,23.0,2.0,23.0,15.0,2018.0,2008.0,True
2312.08361,7.0,21.0,21.0,15.0,2008.0,2019.0,True
2312.08578,20.0,17.0,20.0,7.0,2017.0,2016.0,True
2312.08583,19.0,4.0,19.0,8.0,2015.0,2021.0,True
2312.08618,25.0,4.0,25.0,5.0,2018.0,2023.0,True
2312.08688,0.0,0.0,0.0,0.0,2024.0,,True
2312.08723,0.0,2.0,2.0,0.0,2024.0,2023.0,True
2312.08754,0.0,2.0,2.0,1.0,2024.0,2022.0,True
2312.08889,7.0,1.0,7.0,4.0,2019.0,2023.0,True
2312.08914,5.0,4.0,5.0,2.0,2021.0,2021.0,True
2312.08926,0.0,4.0,4.0,0.0,2023.0,2023.0,True
2312.09067,13.0,17.0,17.0,8.0,2017.0,2015.0,True
2312.09109,3.0,2.0,3.0,0.0,2023.0,2023.0,True
2312.09158,5.0,2.0,5.0,3.0,2021.0,2020.0,True
2312.09187,7.0,0.0,7.0,3.0,2020.0,2024.0,True
2312.09222,9.0,113.0,113.0,19.0,2019.0,2004.0,True
2312.09237,1.0,0.0,1.0,0.0,2023.0,2024.0,True
2312.09241,0.0,1.0,1.0,0.0,2024.0,2023.0,True
2312.09244,2.0,131.0,131.0,16.0,2007.0,2007.0,True
2312.09246,0.0,277.0,277.0,54.0,2024.0,1969.0,True
2312.09251,0.0,8.0,8.0,0.0,2024.0,2023.0,True
2312.09252,1.0,224.0,224.0,23.0,2023.0,2000.0,True
2312.09256,12.0,14.0,14.0,4.0,2019.0,2021.0,True
2312.09299,1.0,31.0,31.0,8.0,2023.0,2015.0,True
2312.09300,1.0,82.0,82.0,14.0,2023.0,2009.0,True
2312.09305,4.0,3.0,4.0,0.0,2023.0,2023.0,True
2312.09323,73.0,4.0,73.0,4.0,2019.0,2022.0,True
2312.09390,10.0,4.0,10.0,5.0,2019.0,2018.0,True
2312.09571,2.0,20.0,20.0,2.0,2023.0,2021.0,True
2312.09579,5.0,24.0,24.0,1.0,2023.0,2022.0,True
2312.09608,2.0,1.0,2.0,0.0,2023.0,2023.0,True
2312.09767,3.0,3.0,3.0,0.0,2023.0,2023.0,True
2312.09911,11.0,3.0,11.0,4.0,2019.0,2023.0,True
2312.10003,5.0,3.0,5.0,1.0,2023.0,2022.0,True
2312.10007,7.0,5.0,7.0,7.0,2018.0,2016.0,True
2312.10029,0.0,0.0,0.0,0.0,2024.0,2024.0,True
2312.10034,0.0,0.0,0.0,,,,True
2312.10035,8.0,12.0,12.0,1.0,2022.0,2023.0,True
2312.10240,0.0,55.0,55.0,21.0,2023.0,2002.0,True
2312.10253,10.0,45.0,45.0,11.0,2016.0,2012.0,True
2312.10332,12.0,7.0,12.0,11.0,2012.0,2020.0,True
2312.10523,11.0,46.0,46.0,11.0,2021.0,2012.0,True
2312.10540,2.0,74.0,74.0,17.0,2020.0,2006.0,True
2312.10656,1.0,3.0,3.0,15.0,2008.0,2013.0,True
2312.10665,32.0,0.0,32.0,4.0,2019.0,2023.0,True
2312.10763,2.0,4.0,4.0,0.0,2023.0,2023.0,True
2312.10835,1.0,11.0,11.0,5.0,2023.0,2018.0,True
2312.10899,3.0,0.0,3.0,0.0,2023.0,2024.0,True
2312.11370,13.0,2.0,13.0,9.0,2014.0,2023.0,True
2312.11392,2.0,44.0,44.0,7.0,2023.0,2016.0,True
2312.11396,0.0,43.0,43.0,2.0,2024.0,2021.0,True
2312.11458,1.0,0.0,1.0,12.0,2011.0,2024.0,True
2312.11459,2.0,5.0,5.0,3.0,2020.0,2023.0,True
2312.11461,1.0,3.0,3.0,2.0,2023.0,2021.0,True
2312.11462,1.0,6.0,6.0,2.0,2021.0,2023.0,True
2312.11514,4.0,64.0,64.0,15.0,2017.0,2008.0,True
2312.11532,0.0,0.0,0.0,0.0,2024.0,2024.0,True
2312.11535,0.0,1.0,1.0,0.0,2023.0,2023.0,True
2312.11537,0.0,3.0,3.0,0.0,2024.0,2023.0,True
2312.11556,2.0,40.0,40.0,5.0,2022.0,2018.0,True
2312.11595,8.0,27.0,27.0,14.0,2021.0,2009.0,True
2312.11666,2.0,24.0,24.0,7.0,2022.0,2016.0,True
2312.11805,,,,,,,False
2312.11841,32.0,5.0,32.0,4.0,2019.0,2022.0,True
2312.11894,7.0,4.0,7.0,8.0,2015.0,2021.0,True
2312.11897,13.0,15.0,15.0,7.0,2016.0,2021.0,True
2312.12030,8.0,14.0,14.0,5.0,2018.0,2020.0,True
2312.12423,13.0,19.0,19.0,8.0,2019.0,2015.0,True
2312.12433,1.0,6.0,6.0,11.0,2012.0,2019.0,True
2312.12436,6.0,6.0,6.0,1.0,2023.0,2022.0,True
2312.12456,0.0,2.0,2.0,5.0,2024.0,2018.0,True
2312.12468,29.0,2.0,29.0,5.0,2018.0,2023.0,True
2312.12487,2.0,22.0,22.0,6.0,2017.0,2019.0,True
2312.12490,15.0,0.0,15.0,2.0,2021.0,2024.0,True
2312.12491,1.0,14.0,14.0,9.0,2022.0,2014.0,True
2312.12682,0.0,3.0,3.0,4.0,,2019.0,True
2312.12742,1.0,1.0,1.0,1.0,2023.0,2022.0,True
2312.12791,2.0,1.0,2.0,3.0,2023.0,2020.0,True
2312.12865,30.0,0.0,30.0,8.0,2015.0,2024.0,True
2312.13102,0.0,88.0,88.0,15.0,2024.0,2008.0,True
2312.13150,1.0,278.0,278.0,54.0,2023.0,1969.0,True
2312.13252,10.0,2.0,10.0,13.0,2017.0,2010.0,True
2312.13271,1.0,3.0,3.0,3.0,2023.0,2020.0,True
2312.13285,6.0,6.0,6.0,5.0,2018.0,2022.0,True
2312.13286,1.0,2.0,2.0,0.0,2023.0,2023.0,True
2312.13314,1.0,106.0,106.0,19.0,2023.0,2004.0,True
2312.13324,1.0,44.0,44.0,2.0,2023.0,2021.0,True
2312.13401,0.0,0.0,0.0,0.0,2024.0,2024.0,True
2312.13469,13.0,51.0,51.0,9.0,2016.0,2014.0,True
2312.13528,1.0,2.0,2.0,6.0,2023.0,2017.0,True
2312.13578,3.0,5.0,5.0,3.0,2020.0,2023.0,True
2312.13691,5.0,1.0,5.0,2.0,2021.0,2023.0,True
2312.13763,22.0,45.0,45.0,17.0,2006.0,2011.0,True
2312.13771,5.0,1.0,5.0,0.0,2023.0,2023.0,True
2312.13789,9.0,15.0,15.0,6.0,2017.0,2020.0,True
2312.13834,4.0,76.0,76.0,48.0,2023.0,1975.0,True
2312.13913,13.0,7.0,13.0,4.0,2019.0,2023.0,True
2312.13964,0.0,1.0,1.0,0.0,2024.0,2023.0,True
2312.13980,1.0,1.0,1.0,0.0,2023.0,2023.0,True
2312.14091,0.0,116.0,116.0,7.0,2024.0,2016.0,True
2312.14125,14.0,76.0,76.0,14.0,2017.0,2009.0,True
2312.14140,2.0,1.0,2.0,1.0,2022.0,2023.0,True
2312.14187,0.0,1.0,1.0,2.0,2023.0,2021.0,True
2312.14198,1.0,28.0,28.0,35.0,2023.0,1988.0,True
2312.14203,2.0,4.0,4.0,21.0,2002.0,2006.0,True
2312.14206,2.0,77.0,77.0,2.0,2023.0,2021.0,True
2312.14216,5.0,3.0,5.0,2.0,2021.0,2022.0,True
2312.14232,3.0,5.0,5.0,1.0,2022.0,2022.0,True
2312.14233,6.0,1.0,6.0,3.0,2020.0,2023.0,True
2312.14238,16.0,90.0,90.0,12.0,2020.0,2011.0,True
2312.14239,12.0,4.0,12.0,5.0,2018.0,2022.0,True
2312.14302,12.0,18.0,18.0,5.0,2018.0,2018.0,True
2312.14327,1.0,42.0,42.0,12.0,2023.0,2011.0,True
2312.14385,1.0,5.0,5.0,3.0,2023.0,2020.0,True
2312.14591,3.0,4.0,4.0,16.0,2021.0,2007.0,True
2312.14862,2.0,1.0,2.0,2.0,2021.0,2021.0,True
2312.14878,27.0,1.0,27.0,7.0,2016.0,2023.0,True
2312.14929,16.0,65.0,65.0,13.0,2018.0,2010.0,True
2312.15011,3.0,14.0,14.0,1.0,2022.0,2023.0,True
2312.15166,0.0,0.0,0.0,0.0,2024.0,2024.0,True
2312.15258,15.0,2.0,15.0,23.0,2000.0,2023.0,True
2312.15430,0.0,3.0,3.0,0.0,2024.0,2023.0,True
2312.15715,12.0,10.0,12.0,3.0,2020.0,2023.0,True
2312.15770,6.0,3.0,6.0,0.0,2023.0,2023.0,True
2312.15821,14.0,2.0,14.0,13.0,2014.0,2010.0,True
2312.15918,24.0,2.0,24.0,2.0,2021.0,2021.0,True
2312.15980,20.0,5.0,20.0,2.0,2021.0,2023.0,True
2312.16084,2.0,2.0,2.0,1.0,2023.0,2022.0,True
2312.16145,7.0,5.0,7.0,4.0,2019.0,2023.0,True
2312.16171,0.0,0.0,0.0,0.0,2024.0,2024.0,True
2312.16218,2.0,2.0,2.0,0.0,2023.0,2023.0,True
2312.16256,2.0,2.0,2.0,0.0,2023.0,2023.0,True
2312.16272,1.0,0.0,1.0,1.0,2022.0,2024.0,True
2312.16457,0.0,0.0,0.0,0.0,2024.0,2024.0,True
2312.16486,16.0,8.0,16.0,5.0,2018.0,2023.0,True
2312.16693,0.0,40.0,40.0,4.0,2023.0,2019.0,True
2312.16720,20.0,0.0,20.0,4.0,2019.0,2024.0,True
2312.16812,0.0,,0.0,0.0,2025.0,,True
2312.16837,8.0,3.0,8.0,3.0,2020.0,2023.0,True
2312.16862,1.0,3.0,3.0,0.0,2023.0,2023.0,True
2312.16886,48.0,0.0,48.0,6.0,2017.0,2024.0,True
2312.17120,5.0,0.0,5.0,1.0,2022.0,2024.0,True
2312.17135,20.0,2.0,20.0,4.0,2019.0,2023.0,True
2312.17142,20.0,2.0,20.0,4.0,2019.0,2023.0,True
2312.17161,6.0,0.0,6.0,3.0,2020.0,2024.0,True
2312.17172,8.0,88.0,88.0,15.0,2021.0,2008.0,True
2312.17241,9.0,2.0,9.0,4.0,2019.0,2023.0,True
2312.17243,1.0,6.0,6.0,1.0,2023.0,2022.0,True
2312.17244,11.0,35.0,35.0,12.0,2016.0,2011.0,True
2312.17276,5.0,1.0,5.0,14.0,2021.0,2009.0,True
2312.17653,0.0,0.0,0.0,0.0,2024.0,,True
2312.17661,12.0,0.0,12.0,2.0,2021.0,,True
2312.17681,1.0,17.0,17.0,3.0,2023.0,2020.0,True
2312.17742,42.0,2.0,42.0,9.0,2014.0,2020.0,True
2401.00134,2.0,6.0,6.0,5.0,2023.0,2018.0,True
2401.00246,6.0,0.0,6.0,11.0,2012.0,2024.0,True
2401.00368,26.0,20.0,26.0,9.0,2014.0,2021.0,True
2401.00434,3.0,63.0,63.0,3.0,2023.0,2020.0,True
2401.00448,1.0,2.0,2.0,44.0,2023.0,1979.0,True
2401.00604,32.0,7.0,32.0,4.0,2019.0,2022.0,True
2401.00788,24.0,22.0,24.0,4.0,2020.0,2020.0,True
2401.00849,2.0,3.0,3.0,1.0,2023.0,2023.0,True
2401.00896,3.0,374.0,374.0,36.0,2022.0,1987.0,True
2401.00908,0.0,46.0,46.0,16.0,2024.0,2007.0,True
2401.00909,32.0,7.0,32.0,4.0,2019.0,2022.0,True
2401.00935,1.0,0.0,1.0,8.0,2016.0,2024.0,True
2401.01055,6.0,25.0,25.0,9.0,2023.0,2015.0,True
2401.01117,14.0,9.0,14.0,3.0,2021.0,2021.0,True
2401.01173,9.0,4.0,9.0,8.0,2016.0,2023.0,True
2401.01256,14.0,56.0,56.0,8.0,2016.0,2016.0,True
2401.01286,80.0,44.0,80.0,11.0,2013.0,2018.0,True
2401.01325,10.0,20.0,20.0,4.0,2020.0,2022.0,True
2401.01335,8.0,8.0,8.0,2.0,2023.0,2022.0,True
2401.01461,1.0,1.0,1.0,5.0,2022.0,2019.0,True
2401.01614,8.0,69.0,69.0,11.0,2021.0,2013.0,True
2401.01647,0.0,1.0,1.0,19.0,2024.0,2005.0,True
2401.01699,4.0,1.0,4.0,1.0,2023.0,2023.0,True
2401.01702,2.0,0.0,2.0,3.0,2021.0,2024.0,True
2401.01755,3.0,0.0,3.0,6.0,2018.0,2025.0,True
2401.01792,0.0,17.0,17.0,6.0,2024.0,2018.0,True
2401.01808,5.0,36.0,36.0,5.0,2020.0,2019.0,True
2401.01827,3.0,46.0,46.0,12.0,2023.0,2012.0,True
2401.01854,11.0,9.0,11.0,8.0,2016.0,2018.0,True
2401.01862,19.0,6.0,19.0,9.0,2015.0,2023.0,True
2401.01885,7.0,2.0,7.0,5.0,2019.0,2019.0,True
2401.01952,42.0,1.0,42.0,9.0,2015.0,2023.0,True
2401.01970,0.0,1.0,1.0,1.0,2024.0,2023.0,True
2401.01974,2.0,58.0,58.0,59.0,2023.0,1965.0,True
2401.02015,1.0,1.0,1.0,2.0,2022.0,2022.0,True
2401.02038,10.0,5.0,10.0,2.0,2022.0,2022.0,True
2401.02072,2.0,3.0,3.0,5.0,2023.0,2019.0,True
2401.02117,17.0,2.0,17.0,5.0,2019.0,2023.0,True
2401.02330,7.0,1.0,7.0,3.0,2021.0,2023.0,True
2401.02385,0.0,1.0,1.0,1.0,2024.0,2023.0,True
2401.02400,13.0,219.0,219.0,13.0,2021.0,2011.0,True
2401.02411,7.0,5.0,7.0,6.0,2018.0,2018.0,True
2401.02412,10.0,125.0,125.0,20.0,2021.0,2004.0,True
2401.02415,0.0,12.0,12.0,1.0,2024.0,2023.0,True
2401.02416,9.0,51.0,51.0,8.0,2018.0,2016.0,True
2401.02669,0.0,3.0,3.0,1.0,2024.0,2023.0,True
2401.02677,3.0,37.0,37.0,8.0,2016.0,2019.0,True
2401.02823,20.0,72.0,72.0,18.0,2020.0,2006.0,True
2401.02839,49.0,3.0,49.0,7.0,2017.0,2023.0,True
2401.02954,0.0,0.0,0.0,0.0,,2024.0,True
2401.02955,11.0,17.0,17.0,6.0,2021.0,2018.0,True
2401.02957,3.0,3.0,3.0,1.0,2023.0,2023.0,True
2401.02987,5.0,41.0,41.0,6.0,2018.0,2019.0,True
2401.02994,6.0,5.0,6.0,13.0,2021.0,2011.0,True
2401.03003,10.0,2.0,10.0,6.0,2018.0,2018.0,True
2401.03065,1.0,0.0,1.0,1.0,2023.0,2024.0,True
2401.03462,11.0,9.0,11.0,15.0,2021.0,2009.0,True
2401.03506,2.0,2.0,2.0,1.0,2023.0,2023.0,True
2401.03804,0.0,2.0,2.0,1.0,2024.0,2023.0,True
2401.04081,3.0,6.0,6.0,7.0,2022.0,2017.0,True
2401.04088,1.0,1.0,1.0,1.0,2023.0,2023.0,True
2401.04092,5.0,14.0,14.0,8.0,2021.0,2016.0,True
2401.04099,32.0,22.0,32.0,15.0,2020.0,2009.0,True
2401.04283,1.0,3.0,3.0,2.0,2023.0,2022.0,True
2401.04398,15.0,6.0,15.0,5.0,2019.0,2023.0,True
2401.04468,0.0,4.0,4.0,1.0,2025.0,2023.0,True
2401.04575,6.0,6.0,6.0,13.0,2021.0,2011.0,True
2401.04577,1.0,46.0,46.0,6.0,2023.0,2018.0,True
2401.04658,14.0,3.0,14.0,2.0,2022.0,2023.0,True
2401.04695,20.0,33.0,33.0,7.0,2018.0,2017.0,True
2401.04718,1.0,2.0,2.0,1.0,2023.0,2023.0,True
2401.04925,3.0,3.0,3.0,1.0,2023.0,2023.0,True
2401.05033,15.0,2.0,15.0,5.0,2019.0,2023.0,True
2401.05252,6.0,10.0,10.0,1.0,2023.0,2023.0,True
2401.05293,22.0,193.0,193.0,25.0,2014.0,1999.0,True
2401.05314,1.0,0.0,1.0,4.0,2020.0,2024.0,True
2401.05334,1.0,0.0,1.0,6.0,2018.0,2024.0,True
2401.05335,12.0,8.0,12.0,6.0,2018.0,2022.0,True
2401.05391,0.0,0.0,0.0,0.0,2025.0,2025.0,True
2401.05561,5.0,1.0,5.0,1.0,2023.0,2023.0,True
2401.05566,6.0,2.0,6.0,2.0,2022.0,2023.0,True
2401.05583,32.0,147.0,147.0,23.0,2013.0,2001.0,True
2401.05654,4.0,30.0,30.0,12.0,2023.0,2012.0,True
2401.05675,7.0,2.0,7.0,3.0,2021.0,2022.0,True
2401.05735,18.0,45.0,45.0,15.0,2018.0,2009.0,True
2401.05749,32.0,2.0,32.0,127.0,2014.0,1897.0,True
2401.05811,0.0,16.0,16.0,29.0,2024.0,1995.0,True
2401.06003,10.0,7.0,10.0,10.0,2014.0,2016.0,True
2401.06066,34.0,3.0,34.0,7.0,2017.0,2022.0,True
2401.06071,2.0,0.0,2.0,2.0,2022.0,2024.0,True
2401.06080,2.0,65.0,65.0,10.0,2022.0,2014.0,True
2401.06102,1.0,34.0,34.0,7.0,2023.0,2017.0,True
2401.06104,0.0,34.0,34.0,13.0,2024.0,2011.0,True
2401.06105,14.0,4.0,14.0,19.0,2015.0,2005.0,True
2401.06121,11.0,181.0,181.0,21.0,2019.0,2003.0,True
2401.06129,16.0,19.0,19.0,7.0,2017.0,2018.0,True
2401.06951,1.0,0.0,1.0,1.0,2023.0,2024.0,True
2401.07004,0.0,2.0,2.0,1.0,2024.0,2023.0,True
2401.07049,11.0,250.0,250.0,30.0,2022.0,1994.0,True
2401.07519,3.0,3.0,3.0,7.0,2023.0,2017.0,True
2401.07727,2.0,11.0,11.0,8.0,2020.0,2016.0,True
2401.07781,13.0,50.0,50.0,7.0,2017.0,2021.0,True
2401.08417,16.0,26.0,26.0,20.0,2021.0,2004.0,True
2401.08541,18.0,109.0,109.0,16.0,2018.0,2008.0,True
2401.08565,1.0,1.0,1.0,1.0,2023.0,2023.0,True
2401.08671,13.0,31.0,31.0,9.0,2019.0,2015.0,True
2401.08740,0.0,2.0,2.0,1.0,2025.0,2023.0,True
2401.08937,16.0,35.0,35.0,17.0,2018.0,2007.0,True
2401.08967,2.0,1.0,2.0,1.0,2023.0,2023.0,True
2401.09047,13.0,16.0,16.0,17.0,2020.0,2007.0,True
2401.09048,0.0,0.0,0.0,0.0,2024.0,2024.0,True
2401.09084,10.0,1.0,10.0,4.0,2020.0,2024.0,True
2401.09135,0.0,113.0,113.0,47.0,2024.0,1977.0,True
2401.09340,22.0,2.0,22.0,7.0,2017.0,2023.0,True
2401.09416,0.0,2.0,2.0,1.0,2024.0,2023.0,True
2401.09417,1.0,2.0,2.0,6.0,2023.0,2018.0,True
2401.09419,7.0,77.0,77.0,40.0,2021.0,1984.0,True
2401.09603,26.0,0.0,26.0,10.0,2013.0,2023.0,True
2401.09865,27.0,1.0,27.0,6.0,2018.0,2021.0,True
2401.09962,8.0,2.0,8.0,4.0,2020.0,2022.0,True
2401.09985,5.0,3.0,5.0,12.0,2012.0,2021.0,True
2401.10020,0.0,6.0,6.0,25.0,2024.0,1999.0,True
2401.10032,0.0,2.0,2.0,1.0,2024.0,2023.0,True
2401.10061,1.0,1.0,1.0,1.0,2023.0,2023.0,True
2401.10166,0.0,2.0,2.0,2.0,2024.0,2022.0,True
2401.10171,0.0,38.0,38.0,3.0,2024.0,2021.0,True
2401.10225,1.0,4.0,4.0,3.0,2023.0,2021.0,True
2401.10241,3.0,0.0,3.0,17.0,2006.0,2024.0,True
2401.10404,0.0,0.0,0.0,0.0,2024.0,2024.0,True
2401.10774,0.0,0.0,0.0,0.0,2024.0,2024.0,True
2401.10822,0.0,1.0,1.0,1.0,2025.0,2023.0,True
2401.10831,12.0,48.0,48.0,65.0,2016.0,1959.0,True
2401.10838,23.0,0.0,23.0,17.0,2007.0,2025.0,True
2401.10889,2.0,1.0,2.0,2.0,2022.0,2023.0,True
2401.10891,1.0,15.0,15.0,1.0,2023.0,2023.0,True
2401.11002,0.0,21.0,21.0,10.0,2025.0,2014.0,True
2401.11053,25.0,22.0,25.0,11.0,2013.0,2020.0,True
2401.11067,11.0,6.0,11.0,5.0,2019.0,2021.0,True
2401.11078,15.0,1.0,15.0,14.0,2010.0,2023.0,True
2401.11605,11.0,0.0,11.0,30.0,1994.0,,True
2401.11708,0.0,2.0,2.0,2.0,2024.0,2022.0,True
2401.11739,0.0,3.0,3.0,1.0,2024.0,2023.0,True
2401.11944,28.0,2.0,28.0,4.0,2020.0,2023.0,True
2401.11985,5.0,2.0,5.0,2.0,2022.0,2023.0,True
2401.12070,0.0,11.0,11.0,2.0,2024.0,2022.0,True
2401.12168,8.0,3.0,8.0,5.0,2019.0,2023.0,True
2401.12175,1.0,2.0,2.0,1.0,2023.0,2023.0,True
2401.12179,3.0,1.0,3.0,2.0,2022.0,2023.0,True
2401.12187,0.0,11.0,11.0,5.0,2024.0,2019.0,True
2401.12202,0.0,3.0,3.0,1.0,2024.0,2023.0,True
2401.12208,1.0,3.0,3.0,1.0,2023.0,2023.0,True
2401.12244,2.0,7.0,7.0,9.0,2020.0,2015.0,True
2401.12246,0.0,11.0,11.0,7.0,2025.0,2017.0,True
2401.12474,7.0,9.0,9.0,3.0,2021.0,2022.0,True
2401.12503,2.0,6.0,6.0,2.0,2023.0,2022.0,True
2401.12522,1.0,0.0,1.0,2.0,2022.0,2024.0,True
2401.12789,25.0,2.0,25.0,6.0,2018.0,2023.0,True
2401.12945,7.0,20.0,20.0,60.0,2021.0,1964.0,True
2401.12954,22.0,134.0,134.0,27.0,2018.0,1997.0,True
2401.12963,7.0,2.0,7.0,5.0,2019.0,2023.0,True
2401.12979,0.0,3.0,3.0,4.0,2025.0,2020.0,True
2401.13160,1.0,2.0,2.0,1.0,2023.0,2023.0,True
2401.13303,3.0,413.0,413.0,35.0,2023.0,1989.0,True
2401.13311,5.0,13.0,13.0,4.0,2020.0,2023.0,True
2401.13388,1.0,1.0,1.0,2.0,2022.0,2022.0,True
2401.13601,1.0,1.0,1.0,1.0,2023.0,2023.0,True
2401.13627,0.0,1.0,1.0,1.0,2024.0,2023.0,True
2401.13660,0.0,4.0,4.0,1.0,2024.0,2023.0,True
2401.13795,22.0,17.0,22.0,21.0,2014.0,2003.0,True
2401.13919,14.0,6.0,14.0,3.0,2021.0,2023.0,True
2401.13923,3.0,1.0,3.0,1.0,2023.0,2023.0,True
2401.13974,26.0,3.0,26.0,11.0,2013.0,2023.0,True
2401.14019,6.0,2.0,6.0,3.0,2021.0,2023.0,True
2401.14066,10.0,5.0,10.0,2.0,2022.0,2022.0,True
2401.14112,2.0,4.0,4.0,1.0,2023.0,2023.0,True
2401.14196,33.0,4.0,33.0,6.0,2018.0,2022.0,True
2401.14257,7.0,27.0,27.0,5.0,2019.0,2019.0,True
2401.14367,5.0,50.0,50.0,6.0,2021.0,2018.0,True
2401.14391,10.0,0.0,10.0,3.0,2021.0,2024.0,True
2401.14398,0.0,105.0,105.0,14.0,2024.0,2010.0,True
2401.14403,0.0,3.0,3.0,1.0,2024.0,2023.0,True
2401.14404,0.0,7.0,7.0,7.0,2024.0,2017.0,True
2401.14405,6.0,4.0,6.0,2.0,2022.0,2023.0,True
2401.14673,13.0,155.0,155.0,14.0,2018.0,2010.0,True
2401.14688,5.0,6.0,6.0,1.0,2023.0,2023.0,True
2401.14828,12.0,4.0,12.0,5.0,2019.0,2023.0,True
2401.14953,35.0,49.0,49.0,31.0,2012.0,1993.0,True
2401.15024,16.0,1.0,16.0,4.0,2020.0,2023.0,True
2401.15071,1.0,1.0,1.0,1.0,2023.0,2023.0,True
2401.15077,2.0,0.0,2.0,2.0,2022.0,2024.0,True
2401.15687,0.0,0.0,0.0,0.0,2025.0,2024.0,True
2401.15688,,,,,,,False
2401.15708,1.0,0.0,1.0,1.0,2023.0,2025.0,True
2401.15914,14.0,2.0,14.0,6.0,2018.0,2023.0,True
2401.15947,3.0,3.0,3.0,1.0,2023.0,2023.0,True
2401.15975,5.0,5.0,5.0,2.0,2022.0,2023.0,True
2401.15977,19.0,3.0,19.0,5.0,2019.0,2023.0,True
2401.16013,7.0,13.0,13.0,4.0,2020.0,2020.0,True
2401.16158,2.0,4.0,4.0,1.0,2023.0,2023.0,True
2401.16380,12.0,110.0,110.0,19.0,2019.0,2005.0,True
2401.16420,6.0,3.0,6.0,4.0,2020.0,2023.0,True
2401.16465,2.0,1.0,2.0,2.0,2022.0,2024.0,True
2401.16467,0.0,1.0,1.0,1.0,2024.0,2023.0,True
2401.16468,33.0,378.0,378.0,18.0,2019.0,2006.0,True
2401.16658,29.0,5.0,29.0,4.0,2020.0,2023.0,True
2401.16677,9.0,1.0,9.0,7.0,2017.0,2023.0,True
2401.16818,6.0,2.0,6.0,4.0,2020.0,2020.0,True
2401.16861,12.0,7.0,12.0,4.0,2020.0,2021.0,True
2401.17053,0.0,2.0,2.0,1.0,2024.0,2023.0,True
2401.17093,13.0,20.0,20.0,5.0,2019.0,2021.0,True
2401.17181,0.0,5.0,5.0,14.0,2024.0,2010.0,True
2401.17221,8.0,66.0,66.0,10.0,2023.0,2014.0,True
2401.17256,14.0,3.0,14.0,5.0,2019.0,2023.0,True
2401.17264,1.0,32.0,32.0,10.0,2023.0,2014.0,True
2401.17268,4.0,42.0,42.0,5.0,2022.0,2019.0,True
2401.17270,24.0,15.0,24.0,6.0,2018.0,2023.0,True
2401.17377,14.0,191.0,191.0,17.0,2019.0,2007.0,True
2401.17464,0.0,4.0,4.0,1.0,2024.0,2023.0,True
2401.17509,1.0,0.0,1.0,1.0,2023.0,2025.0,True
2401.17574,0.0,3.0,3.0,19.0,2025.0,2005.0,True
2401.17583,10.0,3.0,10.0,4.0,2020.0,2023.0,True
2401.17807,4.0,5.0,5.0,42.0,1982.0,2023.0,True
2401.17895,0.0,2.0,2.0,1.0,2024.0,2023.0,True
2401.18058,14.0,74.0,74.0,21.0,2021.0,2003.0,True
2401.18059,12.0,1.0,12.0,18.0,2006.0,2023.0,True
2401.18075,4.0,1.0,4.0,2.0,2022.0,2022.0,True
2402.00159,55.0,70.0,70.0,18.0,2006.0,2018.0,True
2402.00351,1.0,313.0,313.0,31.0,2023.0,1993.0,True
2402.00396,18.0,2.0,18.0,9.0,2015.0,2021.0,True
2402.00518,4.0,9.0,9.0,15.0,2023.0,2009.0,True
2402.00742,0.0,3.0,3.0,1.0,2024.0,2023.0,True
2402.00769,5.0,4.0,5.0,3.0,2021.0,2023.0,True
2402.00786,1.0,3.0,3.0,1.0,2023.0,2023.0,True
2402.00838,13.0,8.0,13.0,8.0,2016.0,2021.0,True
2402.00854,8.0,237.0,237.0,30.0,2020.0,1994.0,True
2402.00858,11.0,1.0,11.0,6.0,2018.0,2023.0,True
2402.00867,1.0,149.0,149.0,23.0,2024.0,2001.0,True
2402.00892,2.0,0.0,2.0,1.0,2023.0,2024.0,True
2402.01032,19.0,26.0,26.0,7.0,2018.0,2017.0,True
2402.01093,89.0,52.0,89.0,21.0,2003.0,2013.0,True
2402.01118,2.0,3.0,3.0,1.0,2023.0,2023.0,True
2402.01391,27.0,104.0,104.0,7.0,2020.0,2017.0,True
2402.01521,0.0,10.0,10.0,2.0,2024.0,2022.0,True
2402.01566,8.0,1.0,8.0,5.0,2019.0,2023.0,True
2402.01613,3.0,8.0,8.0,6.0,2021.0,2018.0,True
2402.01622,6.0,71.0,71.0,11.0,2021.0,2013.0,True
2402.01739,17.0,0.0,17.0,3.0,2021.0,2024.0,True
2402.01761,4.0,10.0,10.0,3.0,2023.0,2021.0,True
2402.01771,0.0,57.0,57.0,6.0,2024.0,2018.0,True
2402.01831,1.0,6.0,6.0,3.0,2023.0,2021.0,True
2402.01878,6.0,4.0,6.0,1.0,2023.0,2023.0,True
2402.01935,32.0,1.0,32.0,11.0,2013.0,2023.0,True
2402.02583,19.0,3.0,19.0,4.0,2020.0,2023.0,True
2402.02791,42.0,9.0,42.0,7.0,2017.0,2021.0,True
2402.02834,1.0,5.0,5.0,24.0,2023.0,2000.0,True
2402.03040,7.0,5.0,7.0,2.0,2022.0,2023.0,True
2402.03161,1.0,3.0,3.0,1.0,2023.0,2023.0,True
2402.03162,1.0,0.0,1.0,1.0,2023.0,2024.0,True
2402.03286,6.0,61.0,61.0,17.0,2021.0,2007.0,True
2402.03300,21.0,35.0,35.0,6.0,2019.0,2018.0,True
2402.03310,14.0,1.0,14.0,6.0,2018.0,2024.0,True
2402.03570,0.0,0.0,0.0,,,,True
2402.03620,2.0,2.0,2.0,3.0,2021.0,2023.0,True
2402.03749,37.0,10.0,37.0,7.0,2017.0,2021.0,True
2402.03766,50.0,1.0,50.0,7.0,2017.0,2023.0,True
2402.03908,1.0,0.0,1.0,7.0,2017.0,2025.0,True
2402.03944,1.0,3.0,3.0,21.0,2021.0,2003.0,True
2402.04141,2.0,211.0,211.0,26.0,2013.0,1998.0,True
2402.04177,17.0,26.0,26.0,9.0,2020.0,2015.0,True
2402.04229,0.0,10.0,10.0,33.0,2024.0,1991.0,True
2402.04236,16.0,5.0,16.0,6.0,2018.0,2021.0,True
2402.04248,0.0,97.0,97.0,16.0,2024.0,2008.0,True
2402.04252,2.0,3.0,3.0,1.0,2023.0,2023.0,True
2402.04291,4.0,0.0,4.0,1.0,2023.0,2024.0,True
2402.04324,2.0,4.0,4.0,2.0,2022.0,2023.0,True
2402.04347,3.0,3.0,3.0,3.0,2021.0,2023.0,True
2402.04379,9.0,0.0,9.0,10.0,2014.0,2025.0,True
2402.04494,14.0,40.0,40.0,12.0,2019.0,2012.0,True
2402.04615,1.0,2.0,2.0,6.0,2021.0,2018.0,True
2402.04744,7.0,1.0,7.0,2.0,2022.0,2022.0,True
2402.04792,1.0,2.0,2.0,0.0,2024.0,2024.0,True
2402.04825,9.0,0.0,9.0,21.0,2003.0,2024.0,True
2402.04858,0.0,0.0,0.0,0.0,2025.0,2024.0,True
2402.04925,1.0,94.0,94.0,18.0,2024.0,2006.0,True
2402.05008,0.0,1.0,1.0,5.0,2024.0,2019.0,True
2402.05054,20.0,4.0,20.0,6.0,2018.0,2023.0,True
2402.05099,2.0,76.0,76.0,14.0,2022.0,2010.0,True
2402.05120,0.0,30.0,30.0,5.0,2024.0,2019.0,True
2402.05140,0.0,45.0,45.0,16.0,2024.0,2008.0,True
2402.05195,21.0,54.0,54.0,11.0,2018.0,2013.0,True
2402.05403,34.0,35.0,35.0,6.0,2018.0,2018.0,True
2402.05468,0.0,1.0,1.0,0.0,2025.0,2024.0,True
2402.05472,14.0,11.0,14.0,4.0,2021.0,2020.0,True
2402.05546,77.0,8.0,77.0,25.0,2011.0,1999.0,True
2402.05672,27.0,21.0,27.0,10.0,2014.0,2021.0,True
2402.05755,22.0,41.0,41.0,7.0,2017.0,2021.0,True
2402.05861,0.0,8.0,8.0,4.0,,2020.0,True
2402.05929,7.0,3.0,7.0,6.0,2018.0,2023.0,True
2402.05930,11.0,82.0,82.0,15.0,2019.0,2009.0,True
2402.05932,1.0,13.0,13.0,1.0,2023.0,2023.0,True
2402.05935,64.0,6.0,64.0,6.0,2018.0,2023.0,True
2402.05937,11.0,20.0,20.0,11.0,2013.0,2021.0,True
2402.06071,0.0,0.0,0.0,0.0,2025.0,2024.0,True
2402.06082,25.0,3.0,25.0,18.0,2006.0,2022.0,True
2402.06088,1.0,2.0,2.0,1.0,2023.0,2023.0,True
2402.06102,12.0,165.0,165.0,22.0,2015.0,2002.0,True
2402.06118,13.0,1.0,13.0,6.0,2018.0,2023.0,True
2402.06147,5.0,0.0,5.0,3.0,2021.0,2024.0,True
2402.06149,1.0,0.0,1.0,1.0,2023.0,2024.0,True
2402.06155,22.0,6.0,22.0,8.0,2016.0,2022.0,True
2402.06178,14.0,3.0,14.0,5.0,2020.0,2019.0,True
2402.06187,23.0,12.0,23.0,4.0,2021.0,2020.0,True
2402.06332,0.0,4.0,4.0,1.0,2024.0,2023.0,True
2402.06619,0.0,3.0,3.0,1.0,2024.0,2023.0,True
2402.06852,0.0,0.0,0.0,0.0,2024.0,2024.0,True
2402.06859,2.0,0.0,2.0,12.0,2012.0,2024.0,True
2402.07033,3.0,66.0,66.0,13.0,2022.0,2011.0,True
2402.07043,62.0,4.0,62.0,11.0,2013.0,2023.0,True
2402.07207,3.0,4.0,4.0,32.0,1992.0,2022.0,True
2402.07319,23.0,7.0,23.0,4.0,2020.0,2021.0,True
2402.07383,84.0,0.0,84.0,20.0,2004.0,2024.0,True
2402.07456,27.0,3.0,27.0,7.0,2017.0,2023.0,True
2402.07610,2.0,7.0,7.0,2.0,2023.0,2022.0,True
2402.07625,3.0,2.0,3.0,2.0,2022.0,2023.0,True
2402.07827,23.0,4.0,23.0,11.0,2013.0,2023.0,True
2402.07865,24.0,156.0,156.0,14.0,2017.0,2010.0,True
2402.07871,2.0,7.0,7.0,7.0,2023.0,2017.0,True
2402.07872,10.0,29.0,29.0,8.0,2016.0,2020.0,True
2402.07876,0.0,57.0,57.0,40.0,2025.0,1984.0,True
2402.07896,13.0,45.0,45.0,9.0,2017.0,2015.0,True
2402.07939,7.0,2.0,7.0,1.0,2023.0,2024.0,True
2402.08017,12.0,0.0,12.0,3.0,2021.0,2024.0,True
2402.08093,8.0,132.0,132.0,17.0,2019.0,2007.0,True
2402.08268,5.0,8.0,8.0,3.0,2022.0,2021.0,True
2402.08303,25.0,50.0,50.0,6.0,2019.0,2018.0,True
2402.08420,6.0,52.0,52.0,12.0,2022.0,2012.0,True
2402.08609,6.0,3.0,6.0,4.0,2020.0,2021.0,True
2402.08622,12.0,3.0,12.0,14.0,2010.0,2022.0,True
2402.08644,0.0,96.0,96.0,14.0,2025.0,2010.0,True
2402.08654,9.0,53.0,53.0,14.0,2021.0,2010.0,True
2402.08678,13.0,8.0,13.0,6.0,2018.0,2022.0,True
2402.08682,6.0,0.0,6.0,3.0,2021.0,2024.0,True
2402.08714,1.0,5.0,5.0,1.0,2024.0,2023.0,True
2402.08797,21.0,5.0,21.0,13.0,2011.0,2019.0,True
2402.08855,3.0,61.0,61.0,32.0,2023.0,1992.0,True
2402.08939,8.0,10.0,10.0,4.0,2020.0,2020.0,True
2402.08958,0.0,2.0,2.0,6.0,2024.0,2018.0,True
2402.09052,11.0,8.0,11.0,9.0,2015.0,2023.0,True
2402.09126,8.0,53.0,53.0,11.0,2022.0,2013.0,True
2402.09368,0.0,5.0,5.0,1.0,2024.0,2023.0,True
2402.09371,7.0,10.0,10.0,4.0,2020.0,2020.0,True
2402.09470,10.0,1.0,10.0,5.0,2019.0,2022.0,True
2402.09668,14.0,23.0,23.0,6.0,2018.0,2018.0,True
2402.09727,1.0,0.0,1.0,4.0,2020.0,2025.0,True
2402.09812,7.0,2.0,7.0,3.0,2021.0,2023.0,True
2402.09906,28.0,26.0,28.0,4.0,2020.0,2020.0,True
2402.10009,2.0,121.0,121.0,17.0,2023.0,2007.0,True
2402.10128,22.0,4.0,22.0,102.0,1922.0,2017.0,True
2402.10171,1.0,1.0,1.0,1.0,2023.0,2023.0,True
2402.10176,27.0,12.0,27.0,9.0,2015.0,2017.0,True
2402.10193,0.0,1.0,1.0,0.0,2024.0,2024.0,True
2402.10200,19.0,12.0,19.0,4.0,2022.0,2020.0,True
2402.10210,2.0,9.0,9.0,2.0,2023.0,2022.0,True
2402.10211,8.0,66.0,66.0,10.0,2018.0,2014.0,True
2402.10259,9.0,9.0,9.0,2.0,2022.0,2022.0,True
2402.10294,2.0,2.0,2.0,1.0,2023.0,2023.0,True
2402.10329,1.0,2.0,2.0,1.0,2023.0,2023.0,True
2402.10379,9.0,285.0,285.0,33.0,2018.0,1991.0,True
2402.10466,21.0,45.0,45.0,24.0,2017.0,2000.0,True
2402.10491,21.0,4.0,21.0,5.0,2019.0,2023.0,True
2402.10524,63.0,45.0,63.0,25.0,2010.0,1999.0,True
2402.10555,28.0,0.0,28.0,8.0,2016.0,2024.0,True
2402.10644,0.0,9.0,9.0,5.0,2024.0,2019.0,True
2402.10790,16.0,71.0,71.0,39.0,2018.0,1985.0,True
2402.10893,5.0,3.0,5.0,11.0,2013.0,2023.0,True
2402.10896,14.0,0.0,14.0,5.0,2019.0,2025.0,True
2402.10963,9.0,0.0,9.0,5.0,2019.0,,True
2402.10986,6.0,38.0,38.0,7.0,2022.0,2017.0,True
2402.11131,2.0,34.0,34.0,11.0,2021.0,2013.0,True
2402.11248,6.0,9.0,9.0,5.0,2022.0,2019.0,True
2402.11295,3.0,6.0,6.0,1.0,2023.0,2024.0,True
2402.11450,25.0,2.0,25.0,7.0,2017.0,2023.0,True
2402.11550,9.0,36.0,36.0,9.0,2023.0,2015.0,True
2402.11690,14.0,14.0,14.0,3.0,2021.0,2022.0,True
2402.11929,5.0,2.0,5.0,2.0,2022.0,2023.0,True
2402.12219,4.0,4.0,4.0,1.0,2023.0,2023.0,True
2402.12225,1.0,8.0,8.0,17.0,2007.0,2021.0,True
2402.12226,2.0,249.0,249.0,20.0,2023.0,2004.0,True
2402.12376,3.0,3.0,3.0,3.0,2024.0,2021.0,True
2402.12377,12.0,0.0,12.0,13.0,2011.0,2024.0,True
2402.12479,7.0,4.0,7.0,4.0,2020.0,2021.0,True
2402.12659,7.0,14.0,14.0,8.0,2023.0,2016.0,True
2402.12712,1.0,2.0,2.0,1.0,2024.0,2023.0,True
2402.12847,30.0,2.0,30.0,8.0,2016.0,2020.0,True
2402.12908,0.0,3.0,3.0,2.0,2024.0,2022.0,True
2402.13064,2.0,10.0,10.0,7.0,2021.0,2017.0,True
2402.13144,0.0,3.0,3.0,3.0,2024.0,2021.0,True
2402.13217,39.0,5.0,39.0,10.0,2014.0,2023.0,True
2402.13220,3.0,4.0,4.0,5.0,2019.0,2023.0,True
2402.13232,11.0,1.0,11.0,3.0,2021.0,2024.0,True
2402.13249,12.0,2.0,12.0,17.0,2020.0,2007.0,True
2402.13250,4.0,45.0,45.0,10.0,2020.0,2014.0,True
2402.13251,7.0,238.0,238.0,29.0,2019.0,1995.0,True
2402.13252,1.0,0.0,1.0,0.0,2024.0,2024.0,True
2402.13349,2.0,0.0,2.0,11.0,2013.0,2025.0,True
2402.13573,7.0,6.0,7.0,17.0,2007.0,2016.0,True
2402.13577,1.0,4.0,4.0,1.0,2023.0,2023.0,True
2402.13598,0.0,0.0,0.0,0.0,2024.0,2024.0,True
2402.13616,2.0,8.0,8.0,6.0,2019.0,2018.0,True
2402.13720,17.0,28.0,28.0,3.0,2021.0,2021.0,True
2402.13753,0.0,3.0,3.0,1.0,2025.0,2023.0,True
2402.13763,2.0,7.0,7.0,2.0,2023.0,2022.0,True
2402.13929,9.0,4.0,9.0,5.0,2019.0,2021.0,True
2402.14017,13.0,114.0,114.0,20.0,2018.0,2004.0,True
2402.14020,2.0,4.0,4.0,5.0,2022.0,2019.0,True
2402.14034,14.0,11.0,14.0,15.0,2022.0,2009.0,True
2402.14083,19.0,2.0,19.0,10.0,2014.0,2023.0,True
2402.14086,16.0,2.0,16.0,8.0,2016.0,2023.0,True
2402.14167,18.0,33.0,33.0,12.0,2020.0,2012.0,True
2402.14180,31.0,5.0,31.0,12.0,2012.0,2021.0,True
2402.14194,7.0,120.0,120.0,12.0,2019.0,2012.0,True
2402.14253,0.0,26.0,26.0,6.0,2025.0,2018.0,True
2402.14261,1.0,37.0,37.0,9.0,2023.0,2015.0,True
2402.14289,0.0,0.0,0.0,0.0,2024.0,2024.0,True
2402.14327,13.0,37.0,37.0,19.0,2020.0,2005.0,True
2402.14547,33.0,0.0,33.0,34.0,1990.0,2024.0,True
2402.14590,0.0,4.0,4.0,5.0,2024.0,2019.0,True
2402.14650,2.0,1.0,2.0,1.0,2023.0,2023.0,True
2402.14658,6.0,1.0,6.0,1.0,2023.0,2023.0,True
2402.14792,22.0,1.0,22.0,4.0,2020.0,2020.0,True
2402.14795,0.0,5.0,5.0,1.0,2024.0,2023.0,True
2402.14797,17.0,152.0,152.0,29.0,1995.0,2001.0,True
2402.14810,6.0,0.0,6.0,3.0,2021.0,2024.0,True
2402.14818,16.0,1.0,16.0,9.0,2015.0,2016.0,True
2402.14830,2.0,3.0,3.0,6.0,2023.0,2018.0,True
2402.14848,1.0,0.0,1.0,1.0,2023.0,2024.0,True
2402.14904,1.0,4.0,4.0,19.0,2024.0,2005.0,True
2402.14905,2.0,11.0,11.0,2.0,2023.0,2022.0,True
2402.15000,7.0,3.0,7.0,6.0,2018.0,2023.0,True
2402.15021,2.0,252.0,252.0,33.0,2021.0,1991.0,True
2402.15220,1.0,1.0,1.0,1.0,2023.0,2024.0,True
2402.15319,16.0,0.0,16.0,5.0,2019.0,2024.0,True
2402.15391,0.0,32.0,32.0,4.0,2024.0,2020.0,True
2402.15491,2.0,3.0,3.0,5.0,2023.0,2019.0,True
2402.15504,10.0,36.0,36.0,9.0,2015.0,2015.0,True
2402.15506,22.0,12.0,22.0,6.0,2018.0,2021.0,True
2402.15509,10.0,30.0,30.0,11.0,2020.0,2013.0,True
2402.15627,0.0,1.0,1.0,1.0,2024.0,2023.0,True
2402.16107,7.0,6.0,7.0,5.0,2023.0,2019.0,True
2402.16153,17.0,18.0,18.0,6.0,2018.0,2018.0,True
2402.16641,29.0,10.0,29.0,4.0,2020.0,2023.0,True
2402.16671,5.0,10.0,10.0,4.0,2020.0,2023.0,True
2402.16819,6.0,8.0,8.0,8.0,2016.0,2021.0,True
2402.16822,21.0,34.0,34.0,63.0,2015.0,1961.0,True
2402.16837,17.0,0.0,17.0,7.0,2017.0,2024.0,True
2402.16840,10.0,2.0,10.0,8.0,2019.0,2016.0,True
2402.16843,29.0,7.0,29.0,5.0,2019.0,2022.0,True
2402.16936,16.0,5.0,16.0,29.0,1995.0,2022.0,True
2402.17139,0.0,5.0,5.0,18.0,2024.0,2006.0,True
2402.17177,1.0,8.0,8.0,1.0,2023.0,2023.0,True
2402.17193,47.0,8.0,47.0,9.0,2015.0,2018.0,True
2402.17245,0.0,0.0,0.0,0.0,2024.0,2024.0,True
2402.17403,6.0,6.0,6.0,9.0,2019.0,2015.0,True
2402.17412,6.0,4.0,6.0,3.0,2021.0,2023.0,True
2402.17427,0.0,0.0,0.0,0.0,2024.0,2025.0,True
2402.17463,13.0,4.0,13.0,23.0,2001.0,2023.0,True
2402.17485,2.0,6.0,6.0,5.0,2021.0,2019.0,True
2402.17553,1.0,2.0,2.0,3.0,2021.0,2023.0,True
2402.17723,12.0,4.0,12.0,10.0,2014.0,2022.0,True
2402.17753,26.0,1.0,26.0,8.0,2016.0,2023.0,True
2402.17759,19.0,13.0,19.0,7.0,2019.0,2017.0,True
2402.17764,55.0,323.0,323.0,75.0,1949.0,2005.0,True
2402.18668,5.0,7.0,7.0,1.0,2023.0,2023.0,True
2402.18734,6.0,33.0,33.0,10.0,2019.0,2014.0,True
2402.18796,2.0,4.0,4.0,3.0,2022.0,2021.0,True
2402.18842,0.0,346.0,346.0,61.0,2024.0,1963.0,True
2402.19155,12.0,3.0,12.0,3.0,2021.0,2021.0,True
2402.19159,3.0,131.0,131.0,30.0,2023.0,1994.0,True
2402.19173,4.0,30.0,30.0,11.0,2021.0,2013.0,True
2402.19427,1.0,2.0,2.0,3.0,2024.0,2021.0,True
2402.19469,15.0,6.0,15.0,7.0,2017.0,2023.0,True
2402.19479,8.0,154.0,154.0,23.0,2019.0,2001.0,True
2402.19481,0.0,2.0,2.0,5.0,2024.0,2019.0,True
2403.00071,5.0,2.0,5.0,4.0,2020.0,2023.0,True
2403.00483,5.0,5.0,5.0,2.0,2022.0,2023.0,True
2403.00504,11.0,399.0,399.0,47.0,2015.0,1977.0,True
2403.00522,51.0,2.0,51.0,7.0,2017.0,2023.0,True
2403.00745,2.0,19.0,19.0,3.0,2023.0,2021.0,True
2403.00818,2.0,11.0,11.0,3.0,2023.0,2021.0,True
2403.01422,0.0,5.0,5.0,1.0,2024.0,2023.0,True
2403.01444,9.0,8.0,9.0,3.0,2023.0,2021.0,True
2403.01487,2.0,3.0,3.0,1.0,2023.0,2023.0,True
2403.01779,0.0,20.0,20.0,8.0,2024.0,2016.0,True
2403.01800,1.0,0.0,1.0,1.0,2023.0,2024.0,True
2403.01807,3.0,201.0,201.0,14.0,2021.0,2010.0,True
2403.01823,14.0,160.0,160.0,14.0,2019.0,2010.0,True
2403.02084,0.0,1.0,1.0,1.0,2025.0,2023.0,True
2403.02151,0.0,5.0,5.0,1.0,2024.0,2023.0,True
2403.02338,4.0,3.0,4.0,5.0,2019.0,2023.0,True
2403.02460,3.0,23.0,23.0,8.0,2021.0,2016.0,True
2403.02545,5.0,0.0,5.0,2.0,2022.0,2025.0,True
2403.02626,13.0,8.0,13.0,9.0,2020.0,2015.0,True
2403.02677,12.0,1.0,12.0,5.0,2019.0,2023.0,True
2403.02709,19.0,6.0,19.0,17.0,2012.0,2007.0,True
2403.02775,29.0,1.0,29.0,6.0,2018.0,2023.0,True
2403.02827,2.0,1.0,2.0,1.0,2023.0,2024.0,True
2403.02884,1.0,0.0,1.0,0.0,2024.0,2024.0,True
2403.03003,19.0,9.0,19.0,14.0,2019.0,2010.0,True
2403.03100,10.0,1.0,10.0,4.0,2020.0,2024.0,True
2403.03163,0.0,2.0,2.0,1.0,2024.0,2023.0,True
2403.03194,0.0,47.0,47.0,16.0,,2008.0,True
2403.03206,18.0,20.0,20.0,6.0,2018.0,2020.0,True
2403.03234,15.0,11.0,15.0,41.0,2020.0,1983.0,True
2403.03346,0.0,42.0,42.0,19.0,2025.0,2005.0,True
2403.03507,3.0,2.0,3.0,6.0,2018.0,2023.0,True
2403.03853,3.0,0.0,3.0,2.0,2022.0,2024.0,True
2403.03870,23.0,2.0,23.0,5.0,2019.0,2021.0,True
2403.03883,1.0,0.0,1.0,13.0,2011.0,2024.0,True
2403.03950,10.0,35.0,35.0,6.0,2018.0,2019.0,True
2403.03954,0.0,2.0,2.0,1.0,,2023.0,True
2403.03956,4.0,8.0,8.0,3.0,2022.0,2021.0,True
2403.04116,1.0,18.0,18.0,8.0,2023.0,2016.0,True
2403.04132,12.0,61.0,61.0,11.0,2015.0,2013.0,True
2403.04437,14.0,0.0,14.0,5.0,2019.0,2024.0,True
2403.04634,3.0,41.0,41.0,4.0,2022.0,2020.0,True
2403.04642,10.0,35.0,35.0,63.0,2019.0,1961.0,True
2403.04652,0.0,4.0,4.0,4.0,,2020.0,True
2403.04692,7.0,12.0,12.0,1.0,2023.0,2023.0,True
2403.04706,4.0,5.0,5.0,5.0,2023.0,2019.0,True
2403.04732,4.0,112.0,112.0,19.0,2023.0,2005.0,True
2403.04746,14.0,76.0,76.0,11.0,2018.0,2013.0,True
2403.05034,1.0,1.0,1.0,1.0,2023.0,2023.0,True
2403.05121,5.0,8.0,8.0,3.0,2022.0,2021.0,True
2403.05135,1.0,2.0,2.0,5.0,2019.0,2023.0,True
2403.05185,3.0,1.0,3.0,9.0,2015.0,2023.0,True
2403.05438,7.0,5.0,7.0,2.0,2022.0,2023.0,True
2403.05525,1.0,3.0,3.0,3.0,2024.0,2021.0,True
2403.05530,22.0,1.0,22.0,23.0,2020.0,2001.0,True
2403.05812,3.0,7.0,7.0,5.0,2022.0,2019.0,True
2403.06098,0.0,0.0,0.0,0.0,,2024.0,True
2403.06504,0.0,1.0,1.0,0.0,2024.0,2024.0,True
2403.06634,39.0,78.0,78.0,9.0,2019.0,2015.0,True
2403.06738,3.0,3.0,3.0,1.0,2023.0,2023.0,True
2403.06764,15.0,12.0,15.0,4.0,2020.0,2021.0,True
2403.06775,14.0,1.0,14.0,5.0,2019.0,2023.0,True
2403.06807,11.0,49.0,49.0,48.0,1976.0,2012.0,True
2403.06977,29.0,9.0,29.0,3.0,2021.0,2023.0,True
2403.07128,14.0,0.0,14.0,15.0,2009.0,2024.0,True
2403.07420,1.0,0.0,1.0,2.0,2022.0,2024.0,True
2403.07487,1.0,0.0,1.0,1.0,2023.0,2024.0,True
2403.07508,7.0,10.0,10.0,5.0,2022.0,2019.0,True
2403.07563,0.0,4.0,4.0,3.0,2024.0,2021.0,True
2403.07750,6.0,21.0,21.0,9.0,2015.0,2016.0,True
2403.07815,12.0,3.0,12.0,8.0,2016.0,2018.0,True
2403.07816,43.0,0.0,43.0,13.0,2011.0,2024.0,True
2403.07918,21.0,10.0,21.0,23.0,2018.0,2001.0,True
2403.08268,5.0,8.0,8.0,2.0,2022.0,2023.0,True
2403.08295,0.0,8.0,8.0,34.0,,1990.0,True
2403.08540,16.0,2.0,16.0,12.0,2012.0,2022.0,True
2403.08551,2.0,1.0,2.0,0.0,2024.0,2024.0,True
2403.08629,4.0,3.0,4.0,8.0,2016.0,2023.0,True
2403.08715,2.0,2.0,2.0,2.0,2023.0,2022.0,True
2403.08763,3.0,7.0,7.0,17.0,2017.0,2007.0,True
2403.08764,0.0,194.0,194.0,25.0,2024.0,1999.0,True
2403.08773,0.0,0.0,0.0,0.0,2024.0,2024.0,True
2403.09029,1.0,14.0,14.0,4.0,2023.0,2020.0,True
2403.09055,6.0,1.0,6.0,4.0,2020.0,2024.0,True
2403.09193,14.0,63.0,63.0,9.0,2018.0,2015.0,True
2403.09333,2.0,5.0,5.0,1.0,2023.0,2023.0,True
2403.09334,18.0,37.0,37.0,16.0,2019.0,2008.0,True
2403.09338,4.0,24.0,24.0,3.0,2022.0,2021.0,True
2403.09347,0.0,2.0,2.0,12.0,2025.0,2012.0,True
2403.09394,11.0,1.0,11.0,5.0,2019.0,2023.0,True
2403.09530,2.0,4.0,4.0,1.0,2023.0,2023.0,True
2403.09611,6.0,7.0,7.0,10.0,2014.0,2023.0,True
2403.09622,2.0,4.0,4.0,1.0,2023.0,2023.0,True
2403.09626,17.0,2.0,17.0,3.0,2021.0,2023.0,True
2403.09629,29.0,6.0,29.0,56.0,1968.0,2022.0,True
2403.09631,5.0,2.0,5.0,1.0,2023.0,2023.0,True
2403.09704,0.0,242.0,242.0,21.0,2024.0,2003.0,True
2403.09919,0.0,1.0,1.0,4.0,2024.0,2020.0,True
2403.09977,5.0,0.0,5.0,2.0,2022.0,2024.0,True
2403.09981,3.0,3.0,3.0,1.0,2023.0,2023.0,True
2403.10131,36.0,8.0,36.0,6.0,2018.0,2023.0,True
2403.10242,1.0,67.0,67.0,10.0,2023.0,2014.0,True
2403.10301,1.0,8.0,8.0,1.0,2024.0,2023.0,True
2403.10395,2.0,2.0,2.0,2.0,2023.0,2022.0,True
2403.10425,1.0,12.0,12.0,32.0,2016.0,1992.0,True
2403.10493,13.0,2.0,13.0,4.0,2020.0,2023.0,True
2403.10517,1.0,12.0,12.0,1.0,2023.0,2023.0,True
2403.10615,2.0,34.0,34.0,9.0,2022.0,2015.0,True
2403.10616,18.0,135.0,135.0,19.0,2020.0,2005.0,True
2403.10704,6.0,2.0,6.0,8.0,2016.0,2024.0,True
2403.11207,0.0,2.0,2.0,0.0,2024.0,2024.0,True
2403.11481,0.0,0.0,0.0,0.0,2024.0,2024.0,True
2403.11703,0.0,0.0,0.0,0.0,2024.0,2024.0,True
2403.11781,0.0,32.0,32.0,5.0,2024.0,2019.0,True
2403.11901,5.0,0.0,5.0,3.0,2021.0,2024.0,True
2403.12008,36.0,40.0,40.0,9.0,2015.0,2021.0,True
2403.12015,13.0,21.0,21.0,6.0,2018.0,2020.0,True
2403.12019,8.0,24.0,24.0,6.0,2020.0,2018.0,True
2403.12032,2.0,0.0,2.0,1.0,2023.0,2024.0,True
2403.12034,20.0,16.0,20.0,12.0,2012.0,2023.0,True
2403.12173,1.0,2.0,2.0,13.0,2023.0,2011.0,True
2403.12365,4.0,0.0,4.0,3.0,2021.0,2024.0,True
2403.12409,6.0,0.0,6.0,4.0,2020.0,2024.0,True
2403.12596,4.0,3.0,4.0,6.0,2023.0,2018.0,True
2403.12706,10.0,5.0,10.0,5.0,2019.0,2021.0,True
2403.12881,5.0,3.0,5.0,2.0,2022.0,2023.0,True
2403.12895,23.0,1.0,23.0,5.0,2019.0,2024.0,True
2403.12906,0.0,0.0,0.0,0.0,2024.0,2024.0,True
2403.12943,6.0,27.0,27.0,10.0,2020.0,2014.0,True
2403.12957,1.0,7.0,7.0,2.0,2023.0,2022.0,True
2403.12959,8.0,3.0,8.0,6.0,2018.0,2023.0,True
2403.12962,13.0,25.0,25.0,6.0,2022.0,2018.0,True
2403.12963,0.0,0.0,0.0,0.0,2024.0,2024.0,True
2403.12968,3.0,8.0,8.0,5.0,2023.0,2019.0,True
2403.13043,14.0,9.0,14.0,4.0,2020.0,2022.0,True
2403.13044,4.0,2.0,4.0,3.0,2021.0,2023.0,True
2403.13064,7.0,6.0,7.0,6.0,2018.0,2021.0,True
2403.13187,0.0,0.0,0.0,0.0,2024.0,2025.0,True
2403.13248,3.0,1.0,3.0,1.0,2023.0,2023.0,True
2403.13372,6.0,1.0,6.0,4.0,2020.0,2023.0,True
2403.13447,42.0,16.0,42.0,18.0,2015.0,2006.0,True
2403.13501,6.0,37.0,37.0,15.0,2022.0,2009.0,True
2403.13524,1.0,1.0,1.0,1.0,2023.0,2023.0,True
2403.13535,1.0,0.0,1.0,1.0,2023.0,2024.0,True
2403.13745,6.0,5.0,6.0,3.0,2021.0,2023.0,True
2403.13787,30.0,13.0,30.0,6.0,2018.0,2021.0,True
2403.13788,6.0,5.0,6.0,4.0,2020.0,2023.0,True
2403.13793,4.0,6.0,6.0,6.0,2018.0,2019.0,True
2403.13799,4.0,44.0,44.0,13.0,2023.0,2011.0,True
2403.13802,12.0,5.0,12.0,5.0,2019.0,2023.0,True
2403.13806,3.0,10.0,10.0,2.0,2023.0,2022.0,True
2403.14148,9.0,39.0,39.0,12.0,2021.0,2012.0,True
2403.14186,0.0,3.0,3.0,0.0,2025.0,2024.0,True
2403.14467,1.0,0.0,1.0,0.0,2024.0,2024.0,True
2403.14468,5.0,5.0,5.0,2.0,2022.0,2023.0,True
2403.14520,6.0,3.0,6.0,2.0,2022.0,2023.0,True
2403.14554,1.0,6.0,6.0,2.0,2022.0,2023.0,True
2403.14599,18.0,13.0,18.0,8.0,2020.0,2016.0,True
2403.14602,2.0,2.0,2.0,1.0,2023.0,2024.0,True
2403.14611,9.0,2.0,9.0,5.0,2019.0,2023.0,True
2403.14613,1.0,2.0,2.0,1.0,2023.0,2023.0,True
2403.14614,14.0,17.0,17.0,4.0,2020.0,2023.0,True
2403.14621,44.0,18.0,44.0,8.0,2017.0,2016.0,True
2403.14624,6.0,0.0,6.0,1.0,2023.0,2024.0,True
2403.14714,7.0,77.0,77.0,17.0,2019.0,2007.0,True
2403.14773,1.0,122.0,122.0,8.0,2023.0,2016.0,True
2403.14781,0.0,4.0,4.0,1.0,2024.0,2023.0,True
2403.14870,20.0,69.0,69.0,30.0,2015.0,1994.0,True
2403.15042,4.0,80.0,80.0,12.0,2021.0,2012.0,True
2403.15157,10.0,5.0,10.0,1.0,2023.0,2024.0,True
2403.15246,20.0,58.0,58.0,18.0,2019.0,2006.0,True
2403.15360,6.0,32.0,32.0,24.0,2014.0,2000.0,True
2403.15371,7.0,107.0,107.0,22.0,2013.0,2002.0,True
2403.15377,7.0,18.0,18.0,5.0,2023.0,2019.0,True
2403.15382,4.0,5.0,5.0,7.0,2021.0,2017.0,True
2403.15383,10.0,9.0,10.0,4.0,2020.0,2020.0,True
2403.15385,4.0,10.0,10.0,7.0,2021.0,2017.0,True
2403.15447,2.0,2.0,2.0,1.0,2024.0,2023.0,True
2403.15484,4.0,5.0,5.0,32.0,2015.0,1992.0,True
2403.16627,0.0,0.0,0.0,0.0,2024.0,2025.0,True
2403.16971,8.0,19.0,19.0,61.0,1963.0,2021.0,True
2403.16990,1.0,3.0,3.0,4.0,2020.0,2024.0,True
2403.17001,3.0,58.0,58.0,8.0,2023.0,2016.0,True
2403.17005,0.0,58.0,58.0,8.0,2025.0,2016.0,True
2403.17008,11.0,0.0,11.0,4.0,2020.0,2024.0,True
2403.17237,1.0,1.0,1.0,1.0,2023.0,2024.0,True
2403.17297,1.0,13.0,13.0,23.0,2001.0,2023.0,True
2403.17607,0.0,0.0,0.0,0.0,2024.0,2024.0,True
2403.17694,1.0,1.0,1.0,1.0,2023.0,2023.0,True
2403.17804,4.0,57.0,57.0,14.0,2020.0,2010.0,True
2403.17887,3.0,0.0,3.0,1.0,2023.0,2024.0,True
2403.17888,7.0,1.0,7.0,3.0,2021.0,2024.0,True
2403.17898,0.0,1.0,1.0,0.0,2024.0,2024.0,True
2403.17920,5.0,47.0,47.0,8.0,2021.0,2016.0,True
2403.18118,1.0,1.0,1.0,0.0,2024.0,2024.0,True
2403.18361,4.0,5.0,5.0,1.0,2023.0,2023.0,True
2403.18421,0.0,7.0,7.0,2.0,2024.0,2022.0,True
2403.18605,0.0,3.0,3.0,1.0,2024.0,2023.0,True
2403.18783,11.0,38.0,38.0,12.0,2018.0,2012.0,True
2403.18795,5.0,196.0,196.0,14.0,2021.0,2010.0,True
2403.18802,1.0,21.0,21.0,19.0,2023.0,2005.0,True
2403.18814,3.0,5.0,5.0,3.0,2023.0,2021.0,True
2403.18816,29.0,1.0,29.0,10.0,2014.0,2024.0,True
2403.18818,1.0,18.0,18.0,3.0,2024.0,2021.0,True
2403.18978,3.0,8.0,8.0,7.0,2017.0,2023.0,True
2403.19046,0.0,48.0,48.0,9.0,2024.0,2015.0,True
2403.19270,2.0,84.0,84.0,6.0,2023.0,2018.0,True
2403.19319,0.0,8.0,8.0,2.0,2025.0,2022.0,True
2403.19655,0.0,10.0,10.0,1.0,2024.0,2023.0,True
2403.19851,31.0,0.0,31.0,6.0,2018.0,2025.0,True
2403.19887,7.0,326.0,326.0,40.0,2009.0,1984.0,True
2403.19888,14.0,13.0,14.0,31.0,2018.0,1993.0,True
2403.19928,42.0,13.0,42.0,6.0,2018.0,2021.0,True
2403.20041,1.0,0.0,1.0,1.0,2023.0,2025.0,True
2403.20275,5.0,2.0,5.0,3.0,2021.0,2023.0,True
2403.20309,45.0,1.0,45.0,7.0,2017.0,2024.0,True
2403.20327,1.0,7.0,7.0,16.0,2021.0,2008.0,True
2403.20329,28.0,7.0,28.0,13.0,2016.0,2011.0,True
2403.20331,6.0,10.0,10.0,2.0,2022.0,2022.0,True
2404.00308,7.0,1.0,7.0,2.0,2022.0,2023.0,True
2404.00345,7.0,4.0,7.0,14.0,2010.0,2022.0,True
2404.00399,0.0,165.0,165.0,20.0,2024.0,2004.0,True
2404.00488,25.0,2.0,25.0,17.0,2015.0,2007.0,True
2404.00656,2.0,1.0,2.0,1.0,2023.0,2023.0,True
2404.00987,0.0,3.0,3.0,1.0,2025.0,2023.0,True
2404.01143,19.0,3.0,19.0,5.0,2019.0,2019.0,True
2404.01197,19.0,56.0,56.0,11.0,2018.0,2013.0,True
2404.01258,16.0,9.0,16.0,5.0,2019.0,2022.0,True
2404.01292,0.0,14.0,14.0,2.0,2024.0,2022.0,True
2404.01294,6.0,3.0,6.0,3.0,2022.0,2021.0,True
2404.01297,2.0,2.0,2.0,1.0,2023.0,2023.0,True
2404.01300,10.0,67.0,67.0,16.0,2021.0,2008.0,True
2404.01331,2.0,26.0,26.0,40.0,1984.0,2005.0,True
2404.01367,26.0,291.0,291.0,34.0,2018.0,1990.0,True
2404.01475,1.0,36.0,36.0,33.0,2024.0,1991.0,True
2404.01617,1.0,15.0,15.0,5.0,2023.0,2019.0,True
2404.01744,0.0,0.0,0.0,0.0,2024.0,2024.0,True
2404.01856,1.0,166.0,166.0,20.0,2023.0,2004.0,True
2404.01954,45.0,10.0,45.0,10.0,2014.0,2017.0,True
2404.02060,8.0,15.0,15.0,2.0,2022.0,2023.0,True
2404.02078,18.0,40.0,40.0,3.0,2021.0,2021.0,True
2404.02101,0.0,40.0,40.0,7.0,2024.0,2017.0,True
2404.02125,14.0,42.0,42.0,3.0,2022.0,2021.0,True
2404.02258,28.0,52.0,52.0,12.0,2012.0,2013.0,True
2404.02514,2.0,128.0,128.0,21.0,2024.0,2003.0,True
2404.02575,7.0,12.0,12.0,2.0,2022.0,2023.0,True
2404.02733,4.0,4.0,4.0,7.0,2023.0,2017.0,True
2404.02747,28.0,8.0,28.0,23.0,2018.0,2001.0,True
2404.02883,1.0,6.0,6.0,17.0,2023.0,2007.0,True
2404.02893,,26.0,26.0,4.0,,2020.0,True
2404.02905,0.0,0.0,0.0,0.0,,2024.0,True
2404.03118,5.0,28.0,28.0,19.0,2018.0,2005.0,True
2404.03204,17.0,2.0,17.0,4.0,2020.0,2024.0,True
2404.03411,4.0,43.0,43.0,6.0,2022.0,2018.0,True
2404.03413,0.0,50.0,50.0,7.0,2024.0,2017.0,True
2404.03543,,3.0,3.0,1.0,,2023.0,True
2404.03566,3.0,0.0,3.0,1.0,2023.0,2024.0,True
2404.03592,34.0,6.0,34.0,26.0,1998.0,2023.0,True
2404.03626,16.0,6.0,16.0,14.0,2018.0,2010.0,True
2404.03648,5.0,15.0,15.0,3.0,2021.0,2023.0,True
2404.03653,1.0,1.0,1.0,0.0,2024.0,2024.0,True
2404.03673,3.0,0.0,3.0,0.0,2024.0,2024.0,True
2404.03683,14.0,7.0,14.0,5.0,2019.0,2022.0,True
2404.03715,18.0,22.0,22.0,11.0,2018.0,2013.0,True
2404.03820,12.0,3.0,12.0,11.0,2020.0,2013.0,True
2404.04125,13.0,6.0,13.0,5.0,2019.0,2021.0,True
2404.04167,6.0,45.0,45.0,4.0,2024.0,2020.0,True
2404.04204,3.0,5.0,5.0,64.0,2023.0,1960.0,True
2404.04211,0.0,66.0,66.0,16.0,,2008.0,True
2404.04256,4.0,4.0,4.0,2.0,2022.0,2023.0,True
2404.04319,3.0,1.0,3.0,1.0,2023.0,2023.0,True
2404.04346,13.0,6.0,13.0,5.0,2019.0,2023.0,True
2404.04421,0.0,21.0,21.0,8.0,2025.0,2016.0,True
2404.04465,1.0,1.0,1.0,1.0,2024.0,2023.0,True
2404.04478,26.0,5.0,26.0,4.0,2020.0,2022.0,True
2404.04526,4.0,25.0,25.0,11.0,2019.0,2013.0,True
2404.04544,13.0,1.0,13.0,3.0,2021.0,2023.0,True
2404.04860,3.0,2.0,3.0,1.0,2023.0,2023.0,True
2404.05014,0.0,745.0,745.0,31.0,2024.0,1993.0,True
2404.05595,1.0,78.0,78.0,7.0,2024.0,2017.0,True
2404.05666,4.0,23.0,23.0,8.0,2020.0,2016.0,True
2404.05674,12.0,6.0,12.0,4.0,2020.0,2021.0,True
2404.05717,0.0,2.0,2.0,1.0,2024.0,2023.0,True
2404.05719,0.0,5.0,5.0,1.0,2024.0,2023.0,True
2404.05726,1.0,3.0,3.0,3.0,2024.0,2021.0,True
2404.05829,1.0,27.0,27.0,10.0,2023.0,2014.0,True
2404.05875,24.0,95.0,95.0,17.0,2017.0,2007.0,True
2404.05892,0.0,1.0,1.0,2.0,2025.0,2022.0,True
2404.05902,6.0,1.0,6.0,3.0,2021.0,2023.0,True
2404.05961,4.0,84.0,84.0,15.0,2021.0,2009.0,True
2404.06091,34.0,199.0,199.0,14.0,2020.0,2010.0,True
2404.06109,121.0,67.0,121.0,18.0,2006.0,2008.0,True
2404.06209,13.0,5.0,13.0,17.0,2020.0,2007.0,True
2404.06212,4.0,9.0,9.0,2.0,2022.0,2022.0,True
2404.06393,11.0,46.0,46.0,4.0,2023.0,2020.0,True
2404.06395,25.0,41.0,41.0,5.0,2019.0,2021.0,True
2404.06429,3.0,3.0,3.0,1.0,2023.0,2023.0,True
2404.06507,0.0,1.0,1.0,8.0,2024.0,2016.0,True
2404.06512,13.0,9.0,13.0,4.0,2020.0,2023.0,True
2404.06654,0.0,10.0,10.0,2.0,2024.0,2022.0,True
2404.06773,1.0,1.0,1.0,0.0,2024.0,2024.0,True
2404.06780,20.0,12.0,20.0,6.0,2018.0,2023.0,True
2404.06903,1.0,82.0,82.0,11.0,2023.0,2013.0,True
2404.07097,4.0,45.0,45.0,8.0,2020.0,2016.0,True
2404.07143,54.0,0.0,54.0,13.0,2011.0,2024.0,True
2404.07199,5.0,3.0,5.0,3.0,2021.0,2022.0,True
2404.07204,2.0,21.0,21.0,3.0,2023.0,2021.0,True
2404.07413,0.0,0.0,0.0,0.0,2024.0,2025.0,True
2404.07448,0.0,20.0,20.0,6.0,2024.0,2018.0,True
2404.07503,36.0,4.0,36.0,5.0,2019.0,2022.0,True
2404.07544,11.0,197.0,197.0,34.0,2020.0,1990.0,True
2404.07616,2.0,9.0,9.0,3.0,2023.0,2021.0,True
2404.07724,6.0,83.0,83.0,21.0,2017.0,2003.0,True
2404.07821,2.0,9.0,9.0,32.0,2021.0,1992.0,True
2404.07839,19.0,0.0,19.0,8.0,2016.0,,True
2404.07904,17.0,6.0,17.0,2.0,2022.0,2023.0,True
2404.07965,9.0,10.0,10.0,7.0,2017.0,2022.0,True
2404.07972,14.0,5.0,14.0,3.0,2021.0,2023.0,True
2404.07973,10.0,9.0,10.0,5.0,2019.0,2023.0,True
2404.07979,0.0,80.0,80.0,17.0,2024.0,2007.0,True
2404.07987,9.0,2.0,9.0,2.0,2022.0,2023.0,True
2404.08197,1.0,123.0,123.0,15.0,2023.0,2009.0,True
2404.08252,3.0,3.0,3.0,2.0,2022.0,2023.0,True
2404.08495,2.0,1.0,2.0,1.0,2023.0,2024.0,True
2404.08540,20.0,57.0,57.0,11.0,2018.0,2013.0,True
2404.08634,0.0,50.0,50.0,21.0,2024.0,2003.0,True
2404.08636,9.0,45.0,45.0,9.0,2015.0,2021.0,True
2404.08639,3.0,3.0,3.0,1.0,2023.0,2023.0,True
2404.08801,64.0,36.0,64.0,15.0,2009.0,2013.0,True
2404.08856,23.0,3.0,23.0,25.0,2011.0,1999.0,True
2404.09173,6.0,9.0,9.0,4.0,2022.0,2020.0,True
2404.09204,0.0,0.0,0.0,0.0,2024.0,2024.0,True
2404.09458,1.0,2.0,2.0,9.0,2024.0,2015.0,True
2404.09656,1.0,10.0,10.0,5.0,2024.0,2019.0,True
2404.09833,2.0,3.0,3.0,1.0,2023.0,2024.0,True
2404.09937,1.0,0.0,1.0,1.0,2023.0,2024.0,True
2404.09956,55.0,204.0,204.0,14.0,2017.0,2010.0,True
2404.09967,2.0,8.0,8.0,1.0,2023.0,2023.0,True
2404.09990,2.0,6.0,6.0,1.0,2023.0,2023.0,True
2404.09995,9.0,36.0,36.0,8.0,2016.0,2016.0,True
2404.10179,0.0,1.0,1.0,16.0,2026.0,2008.0,True
2404.10301,10.0,1.0,10.0,21.0,2003.0,2024.0,True
2404.11565,24.0,40.0,40.0,8.0,2016.0,2016.0,True
2404.11614,1.0,0.0,1.0,1.0,2023.0,2024.0,True
2404.11912,2.0,5.0,5.0,2.0,2022.0,2023.0,True
2404.11925,5.0,1.0,5.0,4.0,2020.0,2024.0,True
2404.12195,1.0,1.0,1.0,4.0,2023.0,2020.0,True
2404.12241,45.0,163.0,163.0,22.0,2016.0,2002.0,True
2404.12253,5.0,10.0,10.0,2.0,2023.0,2022.0,True
2404.12318,14.0,7.0,14.0,5.0,2019.0,2023.0,True
2404.12347,2.0,3.0,3.0,2.0,2022.0,2022.0,True
2404.12385,4.0,55.0,55.0,10.0,2023.0,2014.0,True
2404.12387,7.0,1.0,7.0,5.0,2019.0,2023.0,True
2404.12390,12.0,13.0,13.0,5.0,2019.0,2022.0,True
2404.12547,6.0,100.0,100.0,16.0,2020.0,2008.0,True
2404.12753,10.0,1.0,10.0,3.0,2021.0,2024.0,True
2404.12803,4.0,1.0,4.0,2.0,2022.0,2024.0,True
2404.12833,1.0,3.0,3.0,5.0,2023.0,2019.0,True
2404.12872,2.0,187.0,187.0,17.0,2023.0,2007.0,True
2404.13013,5.0,2.0,5.0,2.0,2022.0,2023.0,True
2404.13026,1.0,2.0,2.0,9.0,2020.0,2015.0,True
2404.13050,7.0,8.0,8.0,14.0,2010.0,2022.0,True
2404.13208,1.0,2.0,2.0,7.0,2023.0,2017.0,True
2404.13358,27.0,6.0,27.0,4.0,2020.0,2022.0,True
2404.13686,5.0,30.0,30.0,7.0,2023.0,2017.0,True
2404.14047,5.0,2.0,5.0,1.0,2023.0,2024.0,True
2404.14219,8.0,15.0,15.0,4.0,2020.0,2021.0,True
2404.14239,1.0,1.0,1.0,8.0,2016.0,2024.0,True
2404.14351,39.0,5.0,39.0,14.0,2010.0,2023.0,True
2404.14394,15.0,7.0,15.0,8.0,2016.0,2023.0,True
2404.14396,31.0,17.0,31.0,6.0,2018.0,2023.0,True
2404.14405,1.0,5.0,5.0,1.0,2023.0,2023.0,True
2404.14469,17.0,2.0,17.0,6.0,2018.0,2023.0,True
2404.14507,7.0,47.0,47.0,13.0,2019.0,2011.0,True
2404.14619,8.0,2.0,8.0,1.0,2023.0,2024.0,True
2404.14687,1.0,0.0,1.0,22.0,2002.0,,True
2404.14700,1.0,8.0,8.0,2.0,2024.0,2022.0,True
2404.14994,9.0,12.0,12.0,4.0,2020.0,2021.0,True
2404.15045,1.0,16.0,16.0,7.0,2024.0,2017.0,True
2404.15420,0.0,54.0,54.0,23.0,2025.0,2001.0,True
2404.15449,3.0,5.0,5.0,2.0,2023.0,2022.0,True
2404.15653,9.0,3.0,9.0,1.0,2023.0,2024.0,True
2404.15778,3.0,36.0,36.0,16.0,2024.0,2008.0,True
2404.15789,5.0,13.0,13.0,1.0,2023.0,2023.0,True
2404.16022,0.0,4.0,4.0,0.0,2025.0,2024.0,True
2404.16029,10.0,6.0,10.0,8.0,2016.0,2022.0,True
2404.16030,26.0,9.0,26.0,5.0,2019.0,2021.0,True
2404.16035,5.0,1.0,5.0,6.0,2018.0,2023.0,True
2404.16221,9.0,0.0,9.0,3.0,2021.0,2024.0,True
2404.16375,2.0,6.0,6.0,16.0,2008.0,2023.0,True
2404.16510,8.0,1.0,8.0,2.0,2022.0,2023.0,True
2404.16645,1.0,1.0,1.0,9.0,2024.0,2015.0,True
2404.16710,6.0,7.0,7.0,4.0,2022.0,2020.0,True
2404.16771,0.0,2.0,2.0,1.0,2025.0,2023.0,True
2404.16790,13.0,18.0,18.0,4.0,2020.0,2023.0,True
2404.16811,8.0,69.0,69.0,5.0,2020.0,2019.0,True
2404.16820,1.0,1.0,1.0,1.0,2023.0,2023.0,True
2404.16821,23.0,4.0,23.0,4.0,2020.0,2023.0,True
2404.16845,0.0,34.0,34.0,9.0,,2015.0,True
2404.16873,8.0,1.0,8.0,51.0,1973.0,2023.0,True
2404.16994,3.0,6.0,6.0,1.0,2023.0,2023.0,True
2404.17521,8.0,7.0,8.0,4.0,2020.0,2023.0,True
2404.17569,1.0,2.0,2.0,1.0,2023.0,2023.0,True
2404.17672,2.0,12.0,12.0,17.0,2017.0,2007.0,True
2404.18212,1.0,0.0,1.0,0.0,2024.0,2024.0,True
2404.18243,2.0,43.0,43.0,3.0,2022.0,2021.0,True
2404.18416,2.0,32.0,32.0,12.0,2023.0,2012.0,True
2404.18796,34.0,3.0,34.0,12.0,2012.0,2023.0,True
2404.18911,2.0,2.0,2.0,1.0,2023.0,2023.0,True
2404.18928,0.0,17.0,17.0,7.0,2024.0,2017.0,True
2404.19149,17.0,403.0,403.0,20.0,2017.0,2004.0,True
2404.19296,3.0,3.0,3.0,0.0,2024.0,2024.0,True
2404.19427,7.0,16.0,16.0,18.0,2016.0,2006.0,True
2404.19525,1.0,61.0,61.0,12.0,2012.0,2015.0,True
2404.19553,17.0,25.0,25.0,15.0,2021.0,2009.0,True
2404.19702,6.0,56.0,56.0,10.0,2023.0,2014.0,True
2404.19733,24.0,10.0,24.0,25.0,2018.0,1999.0,True
2404.19737,3.0,123.0,123.0,14.0,2023.0,2010.0,True
2404.19752,0.0,0.0,0.0,0.0,2024.0,2024.0,True
2404.19753,17.0,5.0,17.0,15.0,2016.0,2009.0,True
2404.19756,0.0,0.0,0.0,0.0,2024.0,,True
2404.19758,2.0,4.0,4.0,2.0,2022.0,2023.0,True
2404.19759,5.0,2.0,5.0,2.0,2022.0,2023.0,True
2404.19760,5.0,41.0,41.0,10.0,2019.0,2014.0,True
2405.00029,9.0,1.0,9.0,28.0,1996.0,2023.0,True
2405.00233,45.0,470.0,470.0,35.0,2019.0,1989.0,True
2405.00236,1.0,31.0,31.0,15.0,2024.0,2009.0,True
2405.00263,2.0,0.0,2.0,1.0,2023.0,2024.0,True
2405.00332,0.0,1.0,1.0,0.0,2024.0,2024.0,True
2405.00664,1.0,57.0,57.0,19.0,2023.0,2005.0,True
2405.00675,2.0,13.0,13.0,2.0,2023.0,2022.0,True
2405.00676,5.0,3.0,5.0,2.0,2022.0,2022.0,True
2405.00732,0.0,4.0,4.0,31.0,2024.0,1993.0,True
2405.00983,0.0,2.0,2.0,2.0,2024.0,2022.0,True
2405.01434,3.0,72.0,72.0,8.0,2023.0,2016.0,True
2405.01470,3.0,2.0,3.0,1.0,2023.0,2023.0,True
2405.01481,0.0,35.0,35.0,17.0,2024.0,2007.0,True
2405.01525,28.0,1.0,28.0,5.0,2019.0,2024.0,True
2405.01535,14.0,3.0,14.0,23.0,2001.0,2023.0,True
2405.01536,0.0,2.0,2.0,3.0,2026.0,2021.0,True
2405.02246,2.0,15.0,15.0,4.0,2023.0,2020.0,True
2405.06650,7.0,72.0,72.0,18.0,2022.0,2006.0,True
2405.06694,11.0,24.0,24.0,71.0,2008.0,1953.0,True
2405.06932,0.0,1.0,1.0,0.0,2024.0,2024.0,True
2405.07065,0.0,4.0,4.0,70.0,2024.0,1954.0,True
2405.07518,24.0,252.0,252.0,37.0,2012.0,1987.0,True
2405.07526,4.0,1.0,4.0,1.0,2023.0,2023.0,True
2405.07863,35.0,1.0,35.0,7.0,2017.0,2023.0,True
2405.07990,3.0,1.0,3.0,0.0,2024.0,2024.0,True
2405.08054,1.0,8.0,8.0,1.0,2023.0,2023.0,True
2405.08246,1.0,23.0,23.0,15.0,2023.0,2009.0,True
2405.08295,0.0,4.0,4.0,27.0,2024.0,1997.0,True
2405.08317,21.0,4.0,21.0,27.0,2019.0,1997.0,True
2405.08344,3.0,4.0,4.0,3.0,2021.0,2023.0,True
2405.08448,7.0,2.0,7.0,2.0,2023.0,2022.0,True
2405.08707,15.0,23.0,23.0,5.0,2019.0,2021.0,True
2405.08748,2.0,6.0,6.0,13.0,2011.0,2012.0,True
2405.09062,10.0,18.0,18.0,10.0,2020.0,2014.0,True
2405.09215,0.0,0.0,0.0,0.0,2025.0,2024.0,True
2405.09220,0.0,0.0,0.0,0.0,2024.0,2024.0,True
2405.09546,6.0,225.0,225.0,13.0,2022.0,2011.0,True
2405.09673,10.0,2.0,10.0,10.0,2016.0,2014.0,True
2405.09798,2.0,6.0,6.0,1.0,2023.0,2023.0,True
2405.09818,0.0,75.0,75.0,14.0,,2010.0,True
2405.09874,4.0,14.0,14.0,12.0,2019.0,2012.0,True
2405.10300,18.0,7.0,18.0,3.0,2021.0,2023.0,True
2405.10314,2.0,4.0,4.0,1.0,2023.0,2023.0,True
2405.10315,6.0,5.0,6.0,2.0,2022.0,2022.0,True
2405.10320,1.0,82.0,82.0,40.0,2023.0,1984.0,True
2405.10370,3.0,6.0,6.0,4.0,2020.0,2023.0,True
2405.10626,8.0,52.0,52.0,8.0,2022.0,2016.0,True
2405.10637,3.0,123.0,123.0,21.0,2022.0,2003.0,True
2405.10725,14.0,2.0,14.0,12.0,2017.0,2012.0,True
2405.10938,8.0,1.0,8.0,5.0,2019.0,2023.0,True
2405.11143,1.0,1.0,1.0,3.0,2024.0,2021.0,True
2405.11157,26.0,83.0,83.0,15.0,2018.0,2009.0,True
2405.11252,9.0,78.0,78.0,14.0,2020.0,2010.0,True
2405.11473,1.0,2.0,2.0,1.0,2023.0,2023.0,True
2405.11582,12.0,5.0,12.0,3.0,2021.0,2023.0,True
2405.12107,1.0,1.0,1.0,1.0,2023.0,2024.0,True
2405.12130,2.0,39.0,39.0,3.0,2023.0,2021.0,True
2405.12213,1.0,20.0,20.0,6.0,2018.0,2020.0,True
2405.12250,10.0,10.0,10.0,3.0,2021.0,2022.0,True
2405.12399,6.0,34.0,34.0,5.0,2019.0,2019.0,True
2405.12970,3.0,5.0,5.0,1.0,2023.0,2023.0,True
2405.12978,8.0,0.0,8.0,8.0,2016.0,2024.0,True
2405.12979,11.0,129.0,129.0,21.0,2019.0,2003.0,True
2405.12981,2.0,67.0,67.0,23.0,2023.0,2001.0,True
2405.13195,1.0,2.0,2.0,3.0,2021.0,2024.0,True
2405.13800,3.0,7.0,7.0,8.0,2023.0,2016.0,True
2405.13817,11.0,3.0,11.0,4.0,2020.0,2023.0,True
2405.13865,22.0,7.0,22.0,4.0,2020.0,2023.0,True
2405.14105,4.0,0.0,4.0,56.0,1968.0,2024.0,True
2405.14129,16.0,14.0,16.0,9.0,2015.0,2023.0,True
2405.14224,1.0,4.0,4.0,1.0,2023.0,2023.0,True
2405.14333,6.0,8.0,8.0,2.0,2023.0,2022.0,True
2405.14477,1.0,24.0,24.0,15.0,2023.0,2009.0,True
2405.14598,20.0,12.0,20.0,7.0,2017.0,2021.0,True
2405.14677,1.0,5.0,5.0,1.0,2024.0,2023.0,True
2405.14847,4.0,5.0,5.0,20.0,2021.0,2004.0,True
2405.14857,1.0,29.0,29.0,7.0,2024.0,2017.0,True
2405.14860,0.0,3.0,3.0,4.0,2024.0,2020.0,True
2405.14866,1.0,1.0,1.0,2.0,2022.0,2024.0,True
2405.14867,8.0,1.0,8.0,4.0,2020.0,2023.0,True
2405.14871,18.0,5.0,18.0,8.0,2016.0,2022.0,True
2405.14906,1.0,0.0,1.0,0.0,2024.0,2024.0,True
2405.14908,1.0,12.0,12.0,2.0,2023.0,2022.0,True
2405.14979,2.0,0.0,2.0,1.0,2023.0,2024.0,True
2405.15032,1.0,5.0,5.0,1.0,2024.0,2023.0,True
2405.15071,15.0,6.0,15.0,6.0,2018.0,2023.0,True
2405.15125,3.0,17.0,17.0,16.0,2023.0,2008.0,True
2405.15216,13.0,113.0,113.0,19.0,2019.0,2005.0,True
2405.15223,8.0,56.0,56.0,5.0,2022.0,2019.0,True
2405.15319,1.0,5.0,5.0,1.0,2024.0,2023.0,True
2405.15574,8.0,12.0,12.0,5.0,2022.0,2019.0,True
2405.15613,20.0,58.0,58.0,23.0,2001.0,2015.0,True
2405.15682,1.0,6.0,6.0,2.0,2024.0,2022.0,True
2405.15738,7.0,1.0,7.0,3.0,2021.0,2021.0,True
2405.15757,1.0,22.0,22.0,4.0,2023.0,2020.0,True
2405.16287,3.0,1.0,3.0,16.0,2008.0,2023.0,True
2405.16537,0.0,4.0,4.0,1.0,2024.0,2023.0,True
2405.16712,1.0,62.0,62.0,6.0,2024.0,2018.0,True
2405.16759,2.0,0.0,2.0,0.0,2024.0,2024.0,True
2405.16822,8.0,4.0,8.0,1.0,2023.0,2023.0,True
2405.16852,1.0,46.0,46.0,8.0,2024.0,2016.0,True
2405.16888,1.0,2.0,2.0,1.0,2024.0,2023.0,True
2405.17247,2.0,15.0,15.0,2.0,2023.0,2022.0,True
2405.17258,0.0,29.0,29.0,4.0,2025.0,2020.0,True
2405.17399,1.0,1.0,1.0,0.0,2024.0,2024.0,True
2405.17405,28.0,2.0,28.0,4.0,2020.0,2023.0,True
2405.17414,1.0,23.0,23.0,8.0,2023.0,2016.0,True
2405.17428,54.0,6.0,54.0,22.0,2002.0,2023.0,True
2405.17430,12.0,6.0,12.0,4.0,2020.0,2023.0,True
2405.17976,0.0,7.0,7.0,29.0,2025.0,1995.0,True
2405.17991,1.0,5.0,5.0,1.0,2024.0,2023.0,True
2405.18047,1.0,1.0,1.0,0.0,2024.0,2024.0,True
2405.18144,0.0,0.0,0.0,0.0,2024.0,2024.0,True
2405.18377,13.0,3.0,13.0,13.0,2011.0,2023.0,True
2405.18386,16.0,4.0,16.0,5.0,2020.0,2019.0,True
2405.18407,8.0,0.0,8.0,3.0,2021.0,2024.0,True
2405.18424,16.0,41.0,41.0,7.0,2020.0,2017.0,True
2405.18426,1.0,204.0,204.0,14.0,2024.0,2010.0,True
2405.18503,6.0,15.0,15.0,3.0,2021.0,2021.0,True
2405.18515,19.0,20.0,20.0,4.0,2020.0,2022.0,True
2405.18669,0.0,51.0,51.0,21.0,2024.0,2003.0,True
2405.18750,13.0,2.0,13.0,7.0,2017.0,2023.0,True
2405.18870,2.0,11.0,11.0,35.0,2024.0,1989.0,True
2405.18991,4.0,2.0,4.0,1.0,2023.0,2023.0,True
2405.19107,21.0,61.0,61.0,12.0,2017.0,2012.0,True
2405.19320,14.0,0.0,14.0,6.0,2018.0,2024.0,True
2405.19325,21.0,3.0,21.0,3.0,2021.0,2023.0,True
2405.19327,49.0,20.0,49.0,4.0,2020.0,2023.0,True
2405.19331,9.0,3.0,9.0,3.0,2021.0,2023.0,True
2405.19332,10.0,5.0,10.0,5.0,2019.0,2023.0,True
2405.19707,13.0,40.0,40.0,6.0,2021.0,2018.0,True
2405.19856,2.0,23.0,23.0,5.0,2023.0,2019.0,True
2405.19888,1.0,22.0,22.0,2.0,2023.0,2022.0,True
2405.19893,6.0,7.0,7.0,5.0,2019.0,2023.0,True
2405.19957,0.0,2.0,2.0,1.0,2024.0,2023.0,True
2405.20204,1.0,2.0,2.0,1.0,2024.0,2023.0,True
2405.20216,4.0,16.0,16.0,26.0,2005.0,1998.0,True
2405.20222,2.0,8.0,8.0,3.0,2023.0,2021.0,True
2405.20289,4.0,3.0,4.0,2.0,2022.0,2023.0,True
2405.20327,17.0,6.0,17.0,4.0,2020.0,2023.0,True
2405.20335,12.0,2.0,12.0,3.0,2021.0,2021.0,True
2405.20340,8.0,3.0,8.0,3.0,2021.0,2023.0,True
2405.20541,4.0,9.0,9.0,7.0,2022.0,2017.0,True
2405.20674,0.0,8.0,8.0,1.0,2025.0,2023.0,True
2405.21048,5.0,75.0,75.0,21.0,2023.0,2003.0,True
2405.21060,4.0,4.0,4.0,2.0,2022.0,2023.0,True
2405.21075,11.0,11.0,11.0,2.0,2023.0,2022.0,True
2406.00153,7.0,27.0,27.0,6.0,2022.0,2018.0,True
2406.00392,0.0,7.0,7.0,1.0,2024.0,2023.0,True
2406.00856,0.0,9.0,9.0,23.0,2026.0,2001.0,True
2406.00888,2.0,2.0,2.0,1.0,2023.0,2023.0,True
2406.00908,3.0,1.0,3.0,1.0,2023.0,2023.0,True
2406.01014,3.0,7.0,7.0,1.0,2023.0,2023.0,True
2406.01300,21.0,8.0,21.0,9.0,2015.0,2024.0,True
2406.01493,4.0,49.0,49.0,11.0,2023.0,2013.0,True
2406.01574,2.0,7.0,7.0,1.0,2023.0,2023.0,True
2406.01660,1.0,47.0,47.0,18.0,2022.0,2006.0,True
2406.02230,6.0,1.0,6.0,5.0,2019.0,2023.0,True
2406.02265,1.0,1.0,1.0,1.0,2024.0,2023.0,True
2406.02430,1.0,0.0,1.0,0.0,2024.0,2024.0,True
2406.02507,3.0,74.0,74.0,19.0,2012.0,2005.0,True
2406.02509,38.0,25.0,38.0,15.0,2020.0,2009.0,True
2406.02511,4.0,11.0,11.0,5.0,2019.0,2022.0,True
2406.02523,13.0,5.0,13.0,8.0,2016.0,2023.0,True
2406.02539,3.0,2.0,3.0,2.0,2023.0,2022.0,True
2406.02543,63.0,7.0,63.0,19.0,2005.0,2023.0,True
2406.02657,10.0,5.0,10.0,6.0,2018.0,2021.0,True
2406.02844,1.0,0.0,1.0,0.0,2024.0,2024.0,True
2406.02856,1.0,1.0,1.0,0.0,2024.0,2024.0,True
2406.02884,1.0,1.0,1.0,1.0,2023.0,2024.0,True
2406.02886,1.0,0.0,1.0,2.0,2022.0,2024.0,True
2406.02897,8.0,55.0,55.0,30.0,2017.0,1994.0,True
2406.02900,5.0,112.0,112.0,19.0,2024.0,2005.0,True
2406.03184,1.0,2.0,2.0,1.0,2023.0,2023.0,True
2406.03215,4.0,28.0,28.0,5.0,2023.0,2019.0,True
2406.03344,4.0,2.0,4.0,7.0,2017.0,2023.0,True
2406.04127,17.0,12.0,17.0,7.0,2017.0,2023.0,True
2406.04151,21.0,73.0,73.0,10.0,2022.0,2014.0,True
2406.04268,2.0,35.0,35.0,4.0,2023.0,2020.0,True
2406.04271,2.0,9.0,9.0,2.0,2024.0,2022.0,True
2406.04277,2.0,9.0,9.0,2.0,2023.0,2022.0,True
2406.04314,1.0,2.0,2.0,1.0,2024.0,2023.0,True
2406.04320,15.0,15.0,15.0,31.0,2018.0,1993.0,True
2406.04324,8.0,2.0,8.0,2.0,2022.0,2024.0,True
2406.04325,3.0,14.0,14.0,1.0,2023.0,2023.0,True
2406.04329,1.0,90.0,90.0,24.0,2023.0,2000.0,True
2406.04333,19.0,2.0,19.0,3.0,2021.0,2024.0,True
2406.04338,4.0,7.0,7.0,1.0,2023.0,2023.0,True
2406.04370,29.0,118.0,118.0,15.0,2017.0,2009.0,True
2406.04391,23.0,35.0,35.0,9.0,2020.0,2015.0,True
2406.04485,6.0,8.0,8.0,2.0,2022.0,2023.0,True
2406.04520,3.0,14.0,14.0,4.0,2023.0,2020.0,True
2406.04523,5.0,3.0,5.0,21.0,2019.0,2003.0,True
2406.04594,1.0,0.0,1.0,1.0,2023.0,2024.0,True
2406.04604,17.0,14.0,17.0,8.0,2020.0,2016.0,True
2406.04692,8.0,1.0,8.0,5.0,2019.0,2024.0,True
2406.04744,0.0,1.0,1.0,0.0,2024.0,2024.0,True
2406.04770,59.0,12.0,59.0,8.0,2016.0,2022.0,True
2406.05074,0.0,2.0,2.0,0.0,2025.0,2024.0,True
2406.05132,8.0,2.0,8.0,4.0,2020.0,2023.0,True
2406.05338,9.0,5.0,9.0,2.0,2022.0,2023.0,True
2406.05370,24.0,2.0,24.0,6.0,2018.0,2023.0,True
2406.05629,3.0,3.0,3.0,1.0,2023.0,2023.0,True
2406.05649,3.0,10.0,10.0,1.0,2023.0,2023.0,True
2406.05768,3.0,22.0,22.0,5.0,2023.0,2019.0,True
2406.05814,12.0,20.0,20.0,4.0,2020.0,2023.0,True
2406.05955,2.0,3.0,3.0,6.0,2023.0,2018.0,True
2406.05967,1.0,76.0,76.0,11.0,2024.0,2013.0,True
2406.05981,35.0,2.0,35.0,6.0,2018.0,2022.0,True
2406.06040,5.0,1.0,5.0,2.0,2022.0,2024.0,True
2406.06133,5.0,3.0,5.0,18.0,2017.0,2006.0,True
2406.06216,4.0,3.0,4.0,1.0,2023.0,2023.0,True
2406.06263,11.0,24.0,24.0,38.0,2020.0,1986.0,True
2406.06282,0.0,3.0,3.0,6.0,2025.0,2018.0,True
2406.06316,0.0,49.0,49.0,11.0,2025.0,2013.0,True
2406.06424,3.0,0.0,3.0,2.0,2022.0,2025.0,True
2406.06462,2.0,255.0,255.0,54.0,2023.0,1970.0,True
2406.06469,3.0,14.0,14.0,3.0,2021.0,2021.0,True
2406.06474,10.0,3.0,10.0,5.0,2019.0,2020.0,True
2406.06523,0.0,0.0,0.0,0.0,2024.0,2024.0,True
2406.06525,1.0,11.0,11.0,1.0,2024.0,2023.0,True
2406.06527,10.0,2.0,10.0,5.0,2019.0,2023.0,True
2406.06563,2.0,2.0,2.0,1.0,2023.0,2023.0,True
2406.06573,2.0,4.0,4.0,8.0,2023.0,2016.0,True
2406.06592,6.0,40.0,40.0,9.0,2023.0,2015.0,True
2406.06608,2.0,9.0,9.0,28.0,2023.0,1996.0,True
2406.06612,9.0,102.0,102.0,26.0,2019.0,1998.0,True
2406.06911,1.0,209.0,209.0,14.0,2023.0,2010.0,True
2406.07057,3.0,7.0,7.0,3.0,2023.0,2021.0,True
2406.07188,28.0,28.0,28.0,8.0,2016.0,2016.0,True
2406.07230,8.0,14.0,14.0,2.0,2022.0,2023.0,True
2406.07394,1.0,7.0,7.0,0.0,2024.0,2024.0,True
2406.07436,6.0,21.0,21.0,2.0,2022.0,2023.0,True
2406.07457,26.0,7.0,26.0,10.0,2014.0,2019.0,True
2406.07472,5.0,11.0,11.0,1.0,2023.0,2023.0,True
2406.07476,19.0,9.0,19.0,8.0,2021.0,2016.0,True
2406.07496,19.0,1.0,19.0,5.0,2019.0,2024.0,True
2406.07520,3.0,165.0,165.0,22.0,2023.0,2002.0,True
2406.07522,11.0,11.0,11.0,6.0,2018.0,2022.0,True
2406.07524,3.0,13.0,13.0,41.0,2022.0,1983.0,True
2406.07546,13.0,3.0,13.0,5.0,2019.0,2023.0,True
2406.07547,4.0,2.0,4.0,1.0,2023.0,2024.0,True
2406.07550,1.0,5.0,5.0,1.0,2024.0,2023.0,True
2406.07686,2.0,1.0,2.0,1.0,2023.0,2024.0,True
2406.07792,19.0,161.0,161.0,23.0,2018.0,2001.0,True
2406.07882,7.0,6.0,7.0,3.0,2021.0,2023.0,True
2406.07933,2.0,0.0,2.0,1.0,2023.0,2024.0,True
2406.08085,0.0,57.0,57.0,14.0,2024.0,2010.0,True
2406.08316,15.0,2.0,15.0,11.0,2013.0,2024.0,True
2406.08392,0.0,6.0,6.0,1.0,2024.0,2023.0,True
2406.08407,18.0,3.0,18.0,5.0,2019.0,2023.0,True
2406.08414,5.0,4.0,5.0,2.0,2022.0,2023.0,True
2406.08418,2.0,7.0,7.0,1.0,2024.0,2023.0,True
2406.08451,3.0,21.0,21.0,1.0,2024.0,2023.0,True
2406.08464,7.0,60.0,60.0,8.0,2023.0,2016.0,True
2406.08478,17.0,9.0,17.0,4.0,2020.0,2023.0,True
2406.08479,13.0,1.0,13.0,5.0,2019.0,2024.0,True
2406.08487,4.0,3.0,4.0,1.0,2023.0,2023.0,True
2406.08545,17.0,5.0,17.0,9.0,2015.0,2021.0,True
2406.08552,2.0,8.0,8.0,0.0,2024.0,2024.0,True
2406.08587,9.0,16.0,16.0,1.0,2023.0,2023.0,True
2406.08598,1.0,21.0,21.0,9.0,2024.0,2015.0,True
2406.08656,13.0,3.0,13.0,2.0,2022.0,2023.0,True
2406.08657,4.0,5.0,5.0,5.0,2023.0,2019.0,True
2406.08659,2.0,1.0,2.0,9.0,2023.0,2015.0,True
2406.08673,14.0,36.0,36.0,17.0,2019.0,2007.0,True
2406.08707,3.0,12.0,12.0,18.0,2020.0,2006.0,True
2406.08845,4.0,9.0,9.0,1.0,2023.0,2023.0,True
2406.08862,2.0,15.0,15.0,2.0,2022.0,2022.0,True
2406.08920,3.0,8.0,8.0,2.0,2023.0,2022.0,True
2406.08973,12.0,3.0,12.0,2.0,2022.0,2023.0,True
2406.09162,5.0,5.0,5.0,1.0,2023.0,2023.0,True
2406.09170,23.0,82.0,82.0,13.0,2014.0,2011.0,True
2406.09246,5.0,4.0,5.0,2.0,2022.0,2024.0,True
2406.09297,0.0,77.0,77.0,11.0,2025.0,2013.0,True
2406.09305,21.0,6.0,21.0,6.0,2018.0,2022.0,True
2406.09308,1.0,30.0,30.0,4.0,2024.0,2020.0,True
2406.09356,28.0,21.0,28.0,3.0,2021.0,2023.0,True
2406.09358,7.0,190.0,190.0,21.0,2020.0,2003.0,True
2406.09371,2.0,8.0,8.0,1.0,2023.0,2023.0,True
2406.09403,14.0,16.0,16.0,4.0,2020.0,2022.0,True
2406.09406,7.0,2.0,7.0,5.0,2019.0,2024.0,True
2406.09411,27.0,151.0,151.0,9.0,2019.0,2015.0,True
2406.09412,10.0,6.0,10.0,2.0,2022.0,2023.0,True
2406.09413,12.0,41.0,41.0,8.0,2019.0,2016.0,True
2406.09414,2.0,4.0,4.0,1.0,2023.0,2023.0,True
2406.09415,11.0,1.0,11.0,6.0,2018.0,2024.0,True
2406.09416,0.0,6.0,6.0,1.0,2025.0,2023.0,True
2406.09455,7.0,1.0,7.0,5.0,2019.0,2024.0,True
2406.09559,0.0,20.0,20.0,1.0,2024.0,2023.0,True
2406.09760,1.0,12.0,12.0,1.0,2023.0,2023.0,True
2406.09900,0.0,,0.0,0.0,2024.0,,True
2406.09961,11.0,6.0,11.0,7.0,2022.0,2017.0,True
2406.10023,10.0,5.0,10.0,5.0,2019.0,2020.0,True
2406.10111,2.0,5.0,5.0,5.0,2022.0,2019.0,True
2406.10118,32.0,22.0,32.0,5.0,2019.0,2020.0,True
2406.10126,4.0,2.0,4.0,3.0,2021.0,2023.0,True
2406.10149,19.0,74.0,74.0,39.0,2018.0,1985.0,True
2406.10163,2.0,2.0,2.0,1.0,2023.0,2023.0,True
2406.10208,3.0,7.0,7.0,1.0,2023.0,2023.0,True
2406.10209,1.0,18.0,18.0,2.0,2024.0,2022.0,True
2406.10210,0.0,27.0,27.0,6.0,,2018.0,True
2406.10227,3.0,22.0,22.0,3.0,2023.0,2021.0,True
2406.10324,25.0,23.0,25.0,18.0,2019.0,2006.0,True
2406.10328,11.0,0.0,11.0,4.0,2020.0,2024.0,True
2406.10522,14.0,1.0,14.0,5.0,2020.0,2019.0,True
2406.10601,,,,,,,False
2406.10615,2.0,1.0,2.0,1.0,2023.0,2023.0,True
2406.10670,21.0,252.0,252.0,25.0,2017.0,1999.0,True
2406.10803,3.0,10.0,10.0,5.0,2019.0,2022.0,True
2406.10900,10.0,34.0,34.0,29.0,2020.0,1995.0,True
2406.10906,0.0,0.0,0.0,,,,True
2406.10996,1.0,13.0,13.0,1.0,2024.0,2023.0,True
2406.11069,31.0,61.0,61.0,34.0,1990.0,2016.0,True
2406.11139,15.0,4.0,15.0,4.0,2020.0,2022.0,True
2406.11194,4.0,2.0,4.0,1.0,2023.0,2023.0,True
2406.11196,2.0,9.0,9.0,5.0,2020.0,2019.0,True
2406.11202,2.0,6.0,6.0,1.0,2023.0,2023.0,True
2406.11230,1.0,0.0,1.0,0.0,2024.0,2024.0,True
2406.11251,31.0,4.0,31.0,4.0,2020.0,2023.0,True
2406.11271,10.0,1.0,10.0,3.0,2021.0,2023.0,True
2406.11289,13.0,4.0,13.0,5.0,2020.0,2019.0,True
2406.11402,0.0,21.0,21.0,1.0,2024.0,2023.0,True
2406.11403,1.0,1.0,1.0,0.0,2024.0,2024.0,True
2406.11410,0.0,3.0,3.0,1.0,2024.0,2023.0,True
2406.11430,7.0,13.0,13.0,1.0,2023.0,2023.0,True
2406.11431,14.0,1.0,14.0,3.0,2021.0,2023.0,True
2406.11463,24.0,6.0,24.0,7.0,2017.0,2022.0,True
2406.11612,20.0,78.0,78.0,52.0,1972.0,2011.0,True
2406.11614,1.0,41.0,41.0,7.0,2023.0,2017.0,True
2406.11617,0.0,209.0,209.0,14.0,2025.0,2010.0,True
2406.11654,2.0,209.0,209.0,14.0,2024.0,2010.0,True
2406.11687,20.0,1.0,20.0,5.0,2019.0,2024.0,True
2406.11715,2.0,5.0,5.0,9.0,2015.0,2024.0,True
2406.11768,48.0,46.0,48.0,33.0,2019.0,1991.0,True
2406.11775,53.0,12.0,53.0,5.0,2019.0,2023.0,True
2406.11794,4.0,43.0,43.0,20.0,2004.0,2015.0,True
2406.11801,9.0,209.0,209.0,14.0,2019.0,2010.0,True
2406.11811,2.0,56.0,56.0,23.0,2023.0,2001.0,True
2406.11813,2.0,1.0,2.0,2.0,2022.0,2022.0,True
2406.11816,3.0,23.0,23.0,3.0,2023.0,2021.0,True
2406.11817,4.0,18.0,18.0,23.0,2001.0,2023.0,True
2406.11827,32.0,0.0,32.0,5.0,2019.0,2024.0,True
2406.11831,2.0,12.0,12.0,1.0,2023.0,2023.0,True
2406.11832,5.0,0.0,5.0,3.0,2021.0,2024.0,True
2406.11833,1.0,16.0,16.0,1.0,2024.0,2023.0,True
2406.11839,28.0,152.0,152.0,9.0,2019.0,2015.0,True
2406.11840,1.0,15.0,15.0,25.0,2023.0,1999.0,True
2406.11896,2.0,68.0,68.0,8.0,2023.0,2016.0,True
2406.11909,13.0,1.0,13.0,3.0,2021.0,2024.0,True
2406.11912,4.0,32.0,32.0,7.0,2022.0,2017.0,True
2406.11927,6.0,33.0,33.0,7.0,2022.0,2017.0,True
2406.11931,0.0,5.0,5.0,2.0,2024.0,2022.0,True
2406.11939,2.0,67.0,67.0,11.0,2023.0,2013.0,True
2406.12031,3.0,4.0,4.0,1.0,2023.0,2023.0,True
2406.12034,16.0,1.0,16.0,5.0,2019.0,2023.0,True
2406.12042,9.0,3.0,9.0,4.0,2020.0,2023.0,True
2406.12045,6.0,26.0,26.0,25.0,2023.0,1999.0,True
2406.12050,22.0,17.0,22.0,5.0,2019.0,2021.0,True
2406.12056,15.0,9.0,15.0,8.0,2021.0,2016.0,True
2406.12066,23.0,15.0,23.0,4.0,2023.0,2020.0,True
2406.12168,17.0,0.0,17.0,4.0,2020.0,2024.0,True
2406.12209,6.0,36.0,36.0,23.0,2021.0,2001.0,True
2406.12246,9.0,14.0,14.0,5.0,2022.0,2019.0,True
2406.12274,17.0,11.0,17.0,5.0,2020.0,2019.0,True
2406.12275,0.0,0.0,0.0,0.0,2024.0,2024.0,True
2406.12292,1.0,1.0,1.0,1.0,2023.0,2023.0,True
2406.12303,1.0,4.0,4.0,1.0,2023.0,2023.0,True
2406.12311,2.0,4.0,4.0,6.0,2023.0,2018.0,True
2406.12459,3.0,1.0,3.0,2.0,2022.0,2023.0,True
2406.12564,4.0,1.0,4.0,1.0,2023.0,2023.0,True
2406.12618,23.0,42.0,42.0,7.0,2018.0,2017.0,True
2406.12624,0.0,62.0,62.0,14.0,2025.0,2010.0,True
2406.12644,1.0,23.0,23.0,1.0,2024.0,2023.0,True
2406.12649,2.0,1.0,2.0,0.0,2024.0,2024.0,True
2406.12673,0.0,42.0,42.0,7.0,2024.0,2017.0,True
2406.12742,3.0,10.0,10.0,1.0,2023.0,2023.0,True
2406.12753,0.0,2.0,2.0,1.0,2024.0,2023.0,True
2406.12793,0.0,1.0,1.0,0.0,,2024.0,True
2406.12814,13.0,6.0,13.0,5.0,2019.0,2023.0,True
2406.12824,4.0,5.0,5.0,13.0,2011.0,2021.0,True
2406.12831,1.0,2.0,2.0,1.0,2024.0,2023.0,True
2406.12849,4.0,1.0,4.0,5.0,2019.0,2024.0,True
2406.12925,2.0,0.0,2.0,3.0,2021.0,2025.0,True
2406.13099,4.0,5.0,5.0,27.0,1997.0,2020.0,True
2406.13144,6.0,1.0,6.0,3.0,2021.0,2023.0,True
2406.13236,3.0,3.0,3.0,0.0,2024.0,2024.0,True
2406.13393,0.0,33.0,33.0,7.0,2025.0,2017.0,True
2406.13457,1.0,23.0,23.0,3.0,2023.0,2021.0,True
2406.13527,0.0,51.0,51.0,7.0,2024.0,2017.0,True
2406.13542,31.0,11.0,31.0,2.0,2022.0,2022.0,True
2406.13621,3.0,39.0,39.0,7.0,2023.0,2017.0,True
2406.13632,18.0,4.0,18.0,4.0,2020.0,2021.0,True
2406.13663,4.0,3.0,4.0,7.0,2022.0,2017.0,True
2406.13735,5.0,58.0,58.0,12.0,2021.0,2012.0,True
2406.13897,8.0,3.0,8.0,3.0,2021.0,2021.0,True
2406.13923,18.0,21.0,21.0,4.0,2020.0,2023.0,True
2406.14035,49.0,9.0,49.0,12.0,2012.0,2023.0,True
2406.14051,17.0,9.0,17.0,3.0,2021.0,2023.0,True
2406.14130,9.0,7.0,9.0,2.0,2022.0,2023.0,True
2406.14213,2.0,74.0,74.0,39.0,2021.0,1985.0,True
2406.14319,6.0,7.0,7.0,4.0,2020.0,2023.0,True
2406.14347,6.0,5.0,6.0,10.0,2014.0,2018.0,True
2406.14393,2.0,4.0,4.0,1.0,2023.0,2023.0,True
2406.14491,8.0,21.0,21.0,7.0,2021.0,2017.0,True
2406.14515,2.0,0.0,2.0,1.0,2023.0,2024.0,True
2406.14539,2.0,13.0,13.0,6.0,2023.0,2018.0,True
2406.14540,0.0,6.0,6.0,1.0,2025.0,2023.0,True
2406.14544,3.0,0.0,3.0,1.0,2023.0,2024.0,True
2406.14562,13.0,2.0,13.0,6.0,2018.0,2020.0,True
2406.14563,21.0,13.0,21.0,4.0,2020.0,2021.0,True
2406.14596,10.0,57.0,57.0,8.0,2020.0,2016.0,True
2406.14599,0.0,29.0,29.0,10.0,2025.0,2014.0,True
2406.14629,66.0,3.0,66.0,7.0,2017.0,2023.0,True
2406.14764,8.0,10.0,10.0,84.0,1940.0,2023.0,True
2406.14783,1.0,50.0,50.0,28.0,2024.0,1996.0,True
2406.14805,1.0,3.0,3.0,1.0,2023.0,2023.0,True
2406.14833,13.0,1.0,13.0,2.0,2022.0,2024.0,True
2406.14835,1.0,0.0,1.0,0.0,2024.0,2025.0,True
2406.14909,9.0,4.0,9.0,4.0,2020.0,2023.0,True
2406.14938,7.0,5.0,7.0,1.0,2023.0,2023.0,True
2406.14972,2.0,5.0,5.0,1.0,2024.0,2023.0,True
2406.15193,4.0,213.0,213.0,14.0,2023.0,2010.0,True
2406.15252,2.0,9.0,9.0,1.0,2024.0,2023.0,True
2406.15275,10.0,2.0,10.0,2.0,2022.0,2022.0,True
2406.15279,6.0,8.0,8.0,15.0,2022.0,2009.0,True
2406.15319,14.0,9.0,14.0,5.0,2019.0,2023.0,True
2406.15334,1.0,34.0,34.0,7.0,2023.0,2017.0,True
2406.15339,17.0,1.0,17.0,3.0,2021.0,2023.0,True
2406.15349,3.0,33.0,33.0,37.0,1987.0,2016.0,True
2406.15704,31.0,5.0,31.0,5.0,2019.0,2023.0,True
2406.15718,7.0,2.0,7.0,2.0,2022.0,2023.0,True
2406.15786,18.0,1.0,18.0,3.0,2021.0,2024.0,True
2406.15877,29.0,17.0,29.0,7.0,2020.0,2017.0,True
2406.15927,19.0,4.0,19.0,5.0,2019.0,2022.0,True
2406.16008,15.0,1.0,15.0,8.0,2016.0,2024.0,True
2406.16048,5.0,2.0,5.0,2.0,2022.0,2024.0,True
2406.16235,0.0,4.0,4.0,1.0,2024.0,2023.0,True
2406.16254,9.0,25.0,25.0,3.0,2022.0,2021.0,True
2406.16260,3.0,211.0,211.0,14.0,2023.0,2010.0,True
2406.16273,6.0,967.0,967.0,42.0,2020.0,1982.0,True
2406.16338,10.0,10.0,10.0,3.0,2022.0,2021.0,True
2406.16341,4.0,2.0,4.0,1.0,2023.0,2023.0,True
2406.16377,2.0,12.0,12.0,17.0,2022.0,2007.0,True
2406.16678,4.0,0.0,4.0,1.0,2023.0,2024.0,True
2406.16683,11.0,4.0,11.0,3.0,2021.0,2023.0,True
2406.16690,23.0,11.0,23.0,4.0,2020.0,2023.0,True
2406.16714,2.0,15.0,15.0,8.0,2023.0,2016.0,True
2406.16747,6.0,125.0,125.0,21.0,2022.0,2003.0,True
2406.16758,0.0,6.0,6.0,3.0,2025.0,2021.0,True
2406.16768,1.0,60.0,60.0,11.0,2024.0,2013.0,True
2406.16772,1.0,3.0,3.0,1.0,2024.0,2023.0,True
2406.16793,8.0,6.0,8.0,9.0,2022.0,2015.0,True
2406.16815,1.0,1.0,1.0,0.0,2024.0,2024.0,True
2406.16845,4.0,1.0,4.0,10.0,2021.0,2014.0,True
2406.16852,2.0,3.0,3.0,1.0,2023.0,2024.0,True
2406.16855,4.0,0.0,4.0,1.0,2023.0,2025.0,True
2406.16860,16.0,2.0,16.0,3.0,2021.0,2024.0,True
2406.16863,2.0,2.0,2.0,1.0,2023.0,2023.0,True
2406.16979,15.0,15.0,15.0,4.0,2020.0,2020.0,True
2406.17055,1.0,11.0,11.0,12.0,2024.0,2012.0,True
2406.17245,2.0,7.0,7.0,1.0,2024.0,2023.0,True
2406.17294,4.0,3.0,4.0,2.0,2022.0,2023.0,True
2406.17419,4.0,22.0,22.0,2.0,2023.0,2022.0,True
2406.17513,4.0,11.0,11.0,8.0,2023.0,2016.0,True
2406.17557,5.0,2.0,5.0,5.0,2023.0,2019.0,True
2406.17563,2.0,12.0,12.0,19.0,2023.0,2005.0,True
2406.17565,4.0,3.0,4.0,12.0,2012.0,2024.0,True
2406.17588,0.0,1.0,1.0,0.0,2025.0,2024.0,True
2406.17636,2.0,3.0,3.0,1.0,2023.0,2023.0,True
2406.17660,10.0,0.0,10.0,4.0,2020.0,2024.0,True
2406.17720,5.0,313.0,313.0,20.0,2019.0,2004.0,True
2406.17758,5.0,6.0,6.0,2.0,2022.0,2023.0,True
2406.17763,1.0,0.0,1.0,1.0,2023.0,2024.0,True
2406.17770,3.0,1.0,3.0,1.0,2023.0,2024.0,True
2406.18009,39.0,87.0,87.0,20.0,2012.0,2004.0,True
2406.18082,4.0,1.0,4.0,0.0,2024.0,2024.0,True
2406.18120,5.0,2.0,5.0,2.0,2022.0,2023.0,True
2406.18125,5.0,23.0,23.0,10.0,2022.0,2014.0,True
2406.18219,3.0,8.0,8.0,1.0,2024.0,2023.0,True
2406.18284,4.0,29.0,29.0,3.0,2022.0,2021.0,True
2406.18462,7.0,13.0,13.0,2.0,2022.0,2022.0,True
2406.18495,10.0,29.0,29.0,6.0,2020.0,2018.0,True
2406.18510,37.0,29.0,37.0,6.0,2019.0,2018.0,True
2406.18516,1.0,36.0,36.0,6.0,2024.0,2018.0,True
2406.18518,4.0,18.0,18.0,3.0,2024.0,2021.0,True
2406.18521,8.0,83.0,83.0,15.0,2022.0,2009.0,True
2406.18522,1.0,2.0,2.0,0.0,2024.0,2024.0,True
2406.18530,0.0,16.0,16.0,3.0,2024.0,2021.0,True
2406.18532,43.0,19.0,43.0,5.0,2019.0,2021.0,True
2406.18629,3.0,5.0,5.0,1.0,2023.0,2024.0,True
2406.18676,32.0,10.0,32.0,2.0,2022.0,2023.0,True
2406.18790,1.0,58.0,58.0,12.0,2024.0,2012.0,True
2406.19215,11.0,89.0,89.0,21.0,2021.0,2003.0,True
2406.19223,12.0,8.0,12.0,4.0,2022.0,2020.0,True
2406.19226,6.0,89.0,89.0,21.0,2022.0,2003.0,True
2406.19227,4.0,89.0,89.0,21.0,2023.0,2003.0,True
2406.19238,11.0,142.0,142.0,12.0,2020.0,2012.0,True
2406.19251,5.0,8.0,8.0,3.0,2021.0,2024.0,True
2406.19263,4.0,0.0,4.0,1.0,2023.0,2024.0,True
2406.19280,15.0,14.0,15.0,4.0,2020.0,2023.0,True
2406.19314,3.0,83.0,83.0,5.0,2023.0,2019.0,True
2406.19320,7.0,36.0,36.0,5.0,2020.0,2019.0,True
2406.19380,6.0,1.0,6.0,3.0,2021.0,2023.0,True
2406.19389,0.0,6.0,6.0,10.0,2024.0,2014.0,True
2406.19395,1.0,22.0,22.0,3.0,2024.0,2021.0,True
2406.19568,2.0,5.0,5.0,3.0,2024.0,2021.0,True
2406.19741,12.0,83.0,83.0,14.0,2017.0,2010.0,True
2406.19774,0.0,22.0,22.0,7.0,2024.0,2017.0,True
2406.19997,2.0,56.0,56.0,43.0,2021.0,1981.0,True
2406.19999,1.0,77.0,77.0,27.0,2023.0,1997.0,True
2406.20076,1.0,6.0,6.0,6.0,2024.0,2018.0,True
2406.20085,1.0,8.0,8.0,1.0,2024.0,2023.0,True
2406.20086,6.0,72.0,72.0,30.0,2021.0,1994.0,True
2406.20087,5.0,9.0,9.0,4.0,2020.0,2023.0,True
2406.20094,2.0,11.0,11.0,5.0,2019.0,2022.0,True
2406.20095,9.0,159.0,159.0,19.0,2021.0,2005.0,True
2407.00088,8.0,0.0,8.0,11.0,2013.0,2024.0,True
2407.00106,68.0,1.0,68.0,10.0,2014.0,2022.0,True
2407.00111,43.0,43.0,43.0,24.0,2000.0,2000.0,True
2407.00114,15.0,8.0,15.0,3.0,2021.0,2022.0,True
2407.00320,15.0,12.0,15.0,4.0,2020.0,2022.0,True
2407.00367,5.0,11.0,11.0,3.0,2022.0,2021.0,True
2407.00402,20.0,111.0,111.0,20.0,2017.0,2004.0,True
2407.00468,2.0,1.0,2.0,1.0,2023.0,2024.0,True
2407.00617,2.0,13.0,13.0,2.0,2024.0,2022.0,True
2407.00653,0.0,20.0,20.0,1.0,2024.0,2023.0,True
2407.00782,3.0,4.0,4.0,1.0,2023.0,2024.0,True
2407.00788,5.0,2.0,5.0,1.0,2023.0,2024.0,True
2407.00837,11.0,5.0,11.0,1.0,2023.0,2024.0,True
2407.01100,3.0,2.0,3.0,1.0,2023.0,2023.0,True
2407.01231,1.0,1.0,1.0,0.0,2024.0,2024.0,True
2407.01272,1.0,9.0,9.0,1.0,2024.0,2023.0,True
2407.01284,3.0,1.0,3.0,1.0,2023.0,2023.0,True
2407.01370,33.0,4.0,33.0,7.0,2017.0,2023.0,True
2407.01392,10.0,2.0,10.0,5.0,2019.0,2022.0,True
2407.01449,5.0,7.0,7.0,1.0,2023.0,2023.0,True
2407.01470,1.0,1.0,1.0,0.0,2024.0,2024.0,True
2407.01489,27.0,12.0,27.0,29.0,1995.0,2022.0,True
2407.01492,39.0,2.0,39.0,5.0,2019.0,2024.0,True
2407.01494,2.0,1.0,2.0,1.0,2023.0,2023.0,True
2407.01519,1.0,1.0,1.0,0.0,2024.0,2024.0,True
2407.01791,1.0,18.0,18.0,1.0,2024.0,2023.0,True
2407.01906,5.0,0.0,5.0,1.0,2023.0,,True
2407.01920,11.0,72.0,72.0,20.0,2004.0,2016.0,True
2407.02371,2.0,2.0,2.0,1.0,2023.0,2024.0,True
2407.02392,6.0,3.0,6.0,1.0,2023.0,2023.0,True
2407.02398,11.0,11.0,11.0,2.0,2022.0,2022.0,True
2407.02477,0.0,5.0,5.0,4.0,2025.0,2020.0,True
2407.02489,4.0,5.0,5.0,1.0,2023.0,2023.0,True
2407.02490,21.0,26.0,26.0,9.0,2015.0,2022.0,True
2407.02551,3.0,72.0,72.0,5.0,2019.0,2019.0,True
2407.02687,2.0,25.0,25.0,15.0,2023.0,2009.0,True
2407.02855,1.0,16.0,16.0,8.0,2024.0,2016.0,True
2407.02869,10.0,60.0,60.0,9.0,2021.0,2015.0,True
2407.02880,1.0,100.0,100.0,13.0,2018.0,2011.0,True
2407.03169,4.0,14.0,14.0,4.0,2020.0,2021.0,True
2407.03203,5.0,9.0,9.0,1.0,2023.0,2023.0,True
2407.03300,16.0,1.0,16.0,5.0,2019.0,2024.0,True
2407.03320,9.0,19.0,19.0,1.0,2023.0,2023.0,True
2407.03321,5.0,5.0,5.0,2.0,2022.0,2023.0,True
2407.03418,107.0,449.0,449.0,23.0,2017.0,2001.0,True
2407.03471,7.0,88.0,88.0,15.0,2020.0,2009.0,True
2407.03502,5.0,8.0,8.0,6.0,2023.0,2018.0,True
2407.03618,12.0,12.0,12.0,5.0,2019.0,2019.0,True
2407.03651,4.0,16.0,16.0,12.0,2012.0,2022.0,True
2407.03923,10.0,9.0,10.0,13.0,2011.0,2023.0,True
2407.03958,20.0,3.0,20.0,5.0,2019.0,2023.0,True
2407.03963,0.0,136.0,136.0,25.0,,1999.0,True
2407.04020,2.0,92.0,92.0,21.0,2023.0,2003.0,True
2407.04051,1.0,9.0,9.0,2.0,2023.0,2022.0,True
2407.04078,6.0,2.0,6.0,5.0,2019.0,2023.0,True
2407.04172,10.0,275.0,275.0,17.0,2020.0,2007.0,True
2407.04363,2.0,108.0,108.0,18.0,2024.0,2006.0,True
2407.04604,12.0,18.0,18.0,6.0,2019.0,2018.0,True
2407.04620,1.0,64.0,64.0,25.0,2023.0,1999.0,True
2407.04622,28.0,4.0,28.0,10.0,2014.0,2023.0,True
2407.04693,2.0,13.0,13.0,1.0,2024.0,2023.0,True
2407.04841,3.0,75.0,75.0,52.0,1972.0,1985.0,True
2407.04842,9.0,3.0,9.0,5.0,2019.0,2023.0,True
2407.04952,4.0,8.0,8.0,8.0,2020.0,2016.0,True
2407.05015,6.0,3.0,6.0,2.0,2022.0,2023.0,True
2407.05131,9.0,2.0,9.0,2.0,2022.0,2024.0,True
2407.05282,14.0,17.0,17.0,3.0,2021.0,2021.0,True
2407.05463,8.0,16.0,16.0,2.0,2023.0,2022.0,True
2407.05528,16.0,8.0,16.0,5.0,2019.0,2022.0,True
2407.05530,0.0,0.0,0.0,0.0,2024.0,2025.0,True
2407.05700,0.0,16.0,16.0,9.0,2024.0,2015.0,True
2407.05975,4.0,3.0,4.0,4.0,2020.0,2024.0,True
2407.06027,0.0,6.0,6.0,2.0,2024.0,2022.0,True
2407.06071,10.0,45.0,45.0,7.0,2021.0,2017.0,True
2407.06076,27.0,3.0,27.0,4.0,2020.0,2023.0,True
2407.06135,6.0,1.0,6.0,1.0,2023.0,2024.0,True
2407.06182,36.0,207.0,207.0,14.0,2020.0,2010.0,True
2407.06188,0.0,2.0,2.0,0.0,2025.0,2024.0,True
2407.06189,2.0,19.0,19.0,1.0,2023.0,2023.0,True
2407.06191,4.0,19.0,19.0,2.0,2022.0,2023.0,True
2407.06192,4.0,4.0,4.0,3.0,2021.0,2023.0,True
2407.06304,5.0,3.0,5.0,0.0,2024.0,2024.0,True
2407.06358,9.0,27.0,27.0,17.0,2020.0,2007.0,True
2407.06397,0.0,0.0,0.0,0.0,2024.0,,True
2407.06533,23.0,12.0,23.0,6.0,2018.0,2022.0,True
2407.06581,1.0,2.0,2.0,3.0,2021.0,2023.0,True
2407.06723,3.0,13.0,13.0,25.0,2012.0,1999.0,True
2407.06938,1.0,13.0,13.0,1.0,2024.0,2023.0,True
2407.06946,2.0,8.0,8.0,3.0,2024.0,2021.0,True
2407.07053,15.0,4.0,15.0,17.0,2021.0,2007.0,True
2407.07061,2.0,54.0,54.0,3.0,2024.0,2021.0,True
2407.07071,36.0,2.0,36.0,5.0,2019.0,2024.0,True
2407.07080,7.0,2.0,7.0,13.0,2020.0,2011.0,True
2407.07176,8.0,250.0,250.0,16.0,2014.0,2008.0,True
2407.07304,4.0,3.0,4.0,1.0,2023.0,2023.0,True
2407.07315,4.0,17.0,17.0,1.0,2023.0,2023.0,True
2407.07464,2.0,0.0,2.0,0.0,2024.0,2024.0,True
2407.07523,6.0,0.0,6.0,3.0,2021.0,2024.0,True
2407.07565,0.0,0.0,0.0,0.0,2025.0,2024.0,True
2407.07667,22.0,11.0,22.0,5.0,2019.0,2023.0,True
2407.07726,9.0,6.0,9.0,23.0,2001.0,2021.0,True
2407.07788,2.0,2.0,2.0,5.0,2019.0,2024.0,True
2407.07860,0.0,7.0,7.0,14.0,2026.0,2010.0,True
2407.07874,0.0,0.0,0.0,0.0,2025.0,2025.0,True
2407.07895,0.0,4.0,4.0,1.0,2024.0,2023.0,True
2407.08083,39.0,2.0,39.0,12.0,2012.0,2023.0,True
2407.08250,3.0,33.0,33.0,9.0,2021.0,2015.0,True
2407.08296,28.0,4.0,28.0,3.0,2021.0,2024.0,True
2407.08303,1.0,1.0,1.0,0.0,2024.0,2024.0,True
2407.08348,2.0,3.0,3.0,1.0,2024.0,2023.0,True
2407.08447,9.0,3.0,9.0,5.0,2019.0,2020.0,True
2407.08551,2.0,4.0,4.0,1.0,2023.0,2023.0,True
2407.08583,13.0,9.0,13.0,5.0,2019.0,2023.0,True
2407.08642,15.0,25.0,25.0,3.0,2021.0,2023.0,True
2407.08674,9.0,21.0,21.0,60.0,2020.0,1964.0,True
2407.08680,0.0,39.0,39.0,6.0,2025.0,2018.0,True
2407.08683,3.0,4.0,4.0,1.0,2023.0,2023.0,True
2407.08701,2.0,4.0,4.0,1.0,2023.0,2023.0,True
2407.08711,1.0,4.0,4.0,3.0,2024.0,2021.0,True
2407.08713,4.0,2.0,4.0,1.0,2023.0,2023.0,True
2407.08726,14.0,7.0,14.0,14.0,2010.0,2023.0,True
2407.08733,4.0,9.0,9.0,3.0,2021.0,2023.0,True
2407.08737,14.0,3.0,14.0,5.0,2019.0,2023.0,True
2407.08739,14.0,2.0,14.0,1.0,2023.0,2024.0,True
2407.08770,1.0,7.0,7.0,1.0,2023.0,2023.0,True
2407.08892,3.0,81.0,81.0,12.0,2017.0,2012.0,True
2407.09012,1.0,251.0,251.0,16.0,2023.0,2008.0,True
2407.09018,4.0,6.0,6.0,8.0,2020.0,2016.0,True
2407.09025,1.0,64.0,64.0,15.0,2024.0,2009.0,True
2407.09072,0.0,5.0,5.0,1.0,2024.0,2023.0,True
2407.09121,7.0,9.0,9.0,1.0,2023.0,2023.0,True
2407.09276,5.0,3.0,5.0,4.0,2021.0,2020.0,True
2407.09298,2.0,0.0,2.0,6.0,2018.0,2024.0,True
2407.09388,3.0,23.0,23.0,5.0,2024.0,2019.0,True
2407.09413,14.0,44.0,44.0,13.0,2019.0,2011.0,True
2407.09435,12.0,10.0,12.0,6.0,2018.0,2022.0,True
2407.09450,41.0,5.0,41.0,13.0,2011.0,2023.0,True
2407.09473,2.0,2.0,2.0,4.0,2020.0,2024.0,True
2407.09533,15.0,1.0,15.0,6.0,2018.0,2024.0,True
2407.09732,7.0,154.0,154.0,21.0,2023.0,2003.0,True
2407.10058,3.0,7.0,7.0,1.0,2024.0,2023.0,True
2407.10223,1.0,4.0,4.0,4.0,2020.0,2023.0,True
2407.10285,2.0,28.0,28.0,17.0,2020.0,2007.0,True
2407.10362,0.0,4.0,4.0,1.0,2024.0,2023.0,True
2407.10387,38.0,2.0,38.0,8.0,2016.0,2023.0,True
2407.10424,0.0,17.0,17.0,9.0,2025.0,2015.0,True
2407.10457,16.0,4.0,16.0,2.0,2022.0,2024.0,True
2407.10671,2.0,1.0,2.0,2.0,2022.0,2023.0,True
2407.10718,4.0,4.0,4.0,3.0,2021.0,2023.0,True
2407.10759,4.0,12.0,12.0,2.0,2023.0,2022.0,True
2407.10817,2.0,1.0,2.0,4.0,2020.0,2023.0,True
2407.10827,3.0,1.0,3.0,1.0,2023.0,2023.0,True
2407.10910,19.0,39.0,39.0,12.0,2012.0,2020.0,True
2407.10943,1.0,11.0,11.0,1.0,2024.0,2023.0,True
2407.10953,12.0,5.0,12.0,2.0,2022.0,2023.0,True
2407.10956,32.0,6.0,32.0,5.0,2019.0,2023.0,True
2407.10957,1.0,2.0,2.0,1.0,2023.0,2023.0,True
2407.10960,1.0,0.0,1.0,1.0,2023.0,2025.0,True
2407.10969,7.0,4.0,7.0,2.0,2022.0,2023.0,True
2407.10973,15.0,14.0,15.0,4.0,2020.0,2023.0,True
2407.11062,2.0,24.0,24.0,1.0,2024.0,2023.0,True
2407.11144,3.0,50.0,50.0,9.0,2023.0,2015.0,True
2407.11239,9.0,5.0,9.0,1.0,2023.0,2024.0,True
2407.11282,1.0,7.0,7.0,0.0,2024.0,2024.0,True
2407.11298,1.0,6.0,6.0,2.0,2024.0,2022.0,True
2407.11385,18.0,2.0,18.0,6.0,2018.0,2023.0,True
2407.11394,8.0,7.0,8.0,17.0,2021.0,2007.0,True
2407.11398,4.0,1.0,4.0,2.0,2022.0,2023.0,True
2407.11522,1.0,0.0,1.0,3.0,2021.0,2024.0,True
2407.11633,28.0,7.0,28.0,4.0,2020.0,2022.0,True
2407.11691,27.0,2.0,27.0,7.0,2017.0,2024.0,True
2407.11784,37.0,16.0,37.0,15.0,2018.0,2009.0,True
2407.11793,2.0,7.0,7.0,5.0,2021.0,2019.0,True
2407.11828,2.0,30.0,30.0,19.0,2016.0,2005.0,True
2407.11854,0.0,1.0,1.0,1.0,2024.0,2023.0,True
2407.11895,15.0,2.0,15.0,1.0,2023.0,2024.0,True
2407.11963,0.0,4.0,4.0,1.0,2024.0,2023.0,True
2407.11966,2.0,9.0,9.0,1.0,2023.0,2023.0,True
2407.12043,19.0,19.0,19.0,3.0,2023.0,2021.0,True
2407.12077,1.0,1.0,1.0,0.0,2024.0,2024.0,True
2407.12306,0.0,84.0,84.0,40.0,2025.0,1984.0,True
2407.12327,13.0,11.0,13.0,17.0,2020.0,2007.0,True
2407.12366,3.0,1.0,3.0,1.0,2023.0,2024.0,True
2407.12435,16.0,0.0,16.0,5.0,2019.0,2024.0,True
2407.12504,18.0,14.0,18.0,5.0,2019.0,2023.0,True
2407.12563,3.0,4.0,4.0,3.0,2021.0,2023.0,True
2407.12580,3.0,40.0,40.0,3.0,2023.0,2021.0,True
2407.12581,3.0,1.0,3.0,1.0,2023.0,2023.0,True
2407.12594,1.0,42.0,42.0,27.0,2022.0,1997.0,True
2407.12665,23.0,22.0,23.0,23.0,2001.0,2023.0,True
2407.12679,2.0,58.0,58.0,7.0,2024.0,2017.0,True
2407.12705,7.0,1.0,7.0,4.0,2020.0,2024.0,True
2407.12772,2.0,4.0,4.0,0.0,2024.0,2024.0,True
2407.12781,6.0,5.0,6.0,3.0,2021.0,2024.0,True
2407.12784,10.0,1.0,10.0,5.0,2019.0,2024.0,True
2407.12854,3.0,7.0,7.0,1.0,2023.0,2024.0,True
2407.12883,7.0,2.0,7.0,3.0,2021.0,2023.0,True
2407.12982,4.0,5.0,5.0,2.0,2022.0,2023.0,True
2407.13168,0.0,6.0,6.0,1.0,2024.0,2023.0,True
2407.13244,3.0,20.0,20.0,18.0,2024.0,2006.0,True
2407.13301,16.0,15.0,16.0,4.0,2020.0,2023.0,True
2407.13481,3.0,3.0,3.0,3.0,2021.0,2021.0,True
2407.13559,8.0,52.0,52.0,7.0,2022.0,2017.0,True
2407.13623,3.0,0.0,3.0,0.0,2024.0,2024.0,True
2407.13638,0.0,16.0,16.0,4.0,,2020.0,True
2407.13696,11.0,8.0,11.0,7.0,2017.0,2024.0,True
2407.13709,1.0,20.0,20.0,1.0,2024.0,2023.0,True
2407.13739,5.0,103.0,103.0,12.0,2023.0,2012.0,True
2407.13759,1.0,5.0,5.0,5.0,2019.0,2024.0,True
2407.13764,0.0,85.0,85.0,40.0,2024.0,1984.0,True
2407.13766,2.0,2.0,2.0,1.0,2023.0,2024.0,True
2407.13833,1.0,3.0,3.0,40.0,2024.0,1984.0,True
2407.13976,5.0,1.0,5.0,1.0,2023.0,2024.0,True
2407.14057,2.0,38.0,38.0,11.0,2023.0,2013.0,True
2407.14138,0.0,42.0,42.0,11.0,2025.0,2013.0,True
2407.14177,0.0,1.0,1.0,0.0,2025.0,2024.0,True
2407.14207,5.0,13.0,13.0,15.0,2023.0,2009.0,True
2407.14257,0.0,30.0,30.0,9.0,2025.0,2015.0,True
2407.14329,34.0,474.0,474.0,35.0,2015.0,1989.0,True
2407.14358,11.0,2.0,11.0,21.0,2003.0,2024.0,True
2407.14402,2.0,9.0,9.0,1.0,2023.0,2024.0,True
2407.14435,5.0,27.0,27.0,18.0,2006.0,2021.0,True
2407.14482,4.0,17.0,17.0,3.0,2022.0,2021.0,True
2407.14505,2.0,2.0,2.0,1.0,2023.0,2023.0,True
2407.14507,3.0,12.0,12.0,1.0,2023.0,2023.0,True
2407.14561,3.0,3.0,3.0,3.0,2021.0,2023.0,True
2407.14622,30.0,61.0,61.0,11.0,2016.0,2013.0,True
2407.14679,16.0,68.0,68.0,27.0,1997.0,2015.0,True
2407.14931,28.0,5.0,28.0,5.0,2019.0,2021.0,True
2407.14933,15.0,7.0,15.0,6.0,2021.0,2018.0,True
2407.14958,6.0,287.0,287.0,22.0,2016.0,2002.0,True
2407.15002,4.0,0.0,4.0,4.0,2020.0,2025.0,True
2407.15017,9.0,8.0,9.0,5.0,2019.0,2021.0,True
2407.15060,1.0,1.0,1.0,3.0,2022.0,2021.0,True
2407.15187,0.0,6.0,6.0,4.0,2024.0,2020.0,True
2407.15233,1.0,3.0,3.0,10.0,2014.0,2024.0,True
2407.15272,5.0,8.0,8.0,1.0,2023.0,2023.0,True
2407.15295,13.0,94.0,94.0,15.0,2021.0,2009.0,True
2407.15337,1.0,6.0,6.0,0.0,2024.0,2024.0,True
2407.15420,18.0,1.0,18.0,20.0,2004.0,2024.0,True
2407.15447,2.0,4.0,4.0,1.0,2023.0,2023.0,True
2407.15595,24.0,116.0,116.0,20.0,2018.0,2004.0,True
2407.15642,2.0,10.0,10.0,1.0,2023.0,2023.0,True
2407.15711,10.0,141.0,141.0,17.0,2021.0,2007.0,True
2407.15754,47.0,0.0,47.0,4.0,2020.0,2024.0,True
2407.15762,25.0,0.0,25.0,10.0,2014.0,2024.0,True
2407.15815,13.0,15.0,15.0,2.0,2022.0,2023.0,True
2407.15841,0.0,4.0,4.0,3.0,2024.0,2021.0,True
2407.15842,5.0,4.0,5.0,2.0,2022.0,2022.0,True
2407.15848,1.0,2.0,2.0,0.0,2024.0,2024.0,True
2407.16154,9.0,6.0,9.0,1.0,2023.0,2024.0,True
2407.16198,20.0,23.0,23.0,14.0,2022.0,2010.0,True
2407.16224,3.0,15.0,15.0,5.0,2023.0,2019.0,True
2407.16291,5.0,8.0,8.0,1.0,2023.0,2023.0,True
2407.16312,7.0,36.0,36.0,10.0,2022.0,2014.0,True
2407.16318,2.0,22.0,22.0,8.0,2023.0,2016.0,True
2407.16412,1.0,0.0,1.0,1.0,2023.0,2024.0,True
2407.16607,17.0,4.0,17.0,5.0,2019.0,2023.0,True
2407.16637,11.0,10.0,11.0,2.0,2022.0,2022.0,True
2407.16655,2.0,22.0,22.0,2.0,2023.0,2022.0,True
2407.16674,12.0,217.0,217.0,14.0,2020.0,2010.0,True
2407.16680,3.0,4.0,4.0,3.0,2021.0,2023.0,True
2407.16741,22.0,28.0,28.0,10.0,2020.0,2014.0,True
2407.16982,5.0,11.0,11.0,8.0,2023.0,2016.0,True
2407.16988,0.0,1.0,1.0,0.0,2024.0,2024.0,True
2407.17353,3.0,6.0,6.0,1.0,2023.0,2023.0,True
2407.17365,0.0,4.0,4.0,0.0,,2024.0,True
2407.17387,29.0,5.0,29.0,10.0,2014.0,2023.0,True
2407.17398,9.0,11.0,11.0,6.0,2019.0,2018.0,True
2407.17438,7.0,21.0,21.0,4.0,2020.0,2023.0,True
2407.17453,3.0,1.0,3.0,2.0,2022.0,2023.0,True
2407.17470,15.0,53.0,53.0,4.0,2020.0,2021.0,True
2407.17490,1.0,5.0,5.0,3.0,2021.0,2024.0,True
2407.17535,2.0,2.0,2.0,7.0,2021.0,2017.0,True
2407.17722,2.0,1.0,2.0,1.0,2023.0,2024.0,True
2407.17789,6.0,18.0,18.0,15.0,2023.0,2009.0,True
2407.17952,2.0,33.0,33.0,6.0,2024.0,2018.0,True
2407.18054,3.0,7.0,7.0,6.0,2022.0,2018.0,True
2407.18121,6.0,0.0,6.0,3.0,2021.0,2024.0,True
2407.18129,8.0,53.0,53.0,7.0,2021.0,2017.0,True
2407.18147,92.0,5.0,92.0,19.0,2005.0,2015.0,True
2407.18245,9.0,1.0,9.0,7.0,2017.0,2024.0,True
2407.18248,3.0,3.0,3.0,2.0,2022.0,2023.0,True
2407.18559,3.0,1.0,3.0,2.0,2022.0,2024.0,True
2407.18901,26.0,3.0,26.0,44.0,1980.0,2023.0,True
2407.18902,1.0,5.0,5.0,1.0,2024.0,2023.0,True
2407.18907,4.0,10.0,10.0,7.0,2023.0,2017.0,True
2407.18908,3.0,28.0,28.0,2.0,2022.0,2023.0,True
2407.18914,2.0,2.0,2.0,6.0,2023.0,2018.0,True
2407.18946,13.0,4.0,13.0,11.0,2019.0,2013.0,True
2407.18961,1.0,22.0,22.0,4.0,2024.0,2020.0,True
2407.19340,0.0,0.0,0.0,0.0,2025.0,2025.0,True
2407.19474,1.0,529.0,529.0,33.0,2023.0,1991.0,True
2407.19548,5.0,3.0,5.0,1.0,2023.0,2023.0,True
2407.19584,2.0,1.0,2.0,13.0,2011.0,2024.0,True
2407.19593,,,,,,,False
2407.19594,3.0,48.0,48.0,13.0,2023.0,2011.0,True
2407.19669,10.0,11.0,11.0,3.0,2021.0,2023.0,True
2407.19672,9.0,11.0,11.0,8.0,2023.0,2016.0,True
2407.19795,11.0,3.0,11.0,2.0,2022.0,2024.0,True
2407.19835,5.0,4.0,5.0,5.0,2022.0,2019.0,True
2407.19914,0.0,5.0,5.0,5.0,,2019.0,True
2407.19918,5.0,21.0,21.0,6.0,2023.0,2018.0,True
2407.19985,1.0,1.0,1.0,0.0,2024.0,2024.0,True
2407.20020,1.0,4.0,4.0,3.0,2023.0,2021.0,True
2407.20060,2.0,18.0,18.0,13.0,2023.0,2011.0,True
2407.20171,2.0,2.0,2.0,1.0,2023.0,2023.0,True
2407.20179,16.0,7.0,16.0,10.0,2018.0,2014.0,True
2407.20183,3.0,5.0,5.0,1.0,2024.0,2023.0,True
2407.20229,6.0,34.0,34.0,7.0,2021.0,2017.0,True
2407.20267,3.0,3.0,3.0,2.0,2022.0,2022.0,True
2407.20445,1.0,3.0,3.0,0.0,2024.0,2024.0,True
2407.20581,2.0,1.0,2.0,6.0,2018.0,2024.0,True
2407.20595,0.0,4.0,4.0,16.0,2024.0,2008.0,True
2407.20729,9.0,1.0,9.0,4.0,2021.0,2020.0,True
2407.20743,6.0,84.0,84.0,25.0,2021.0,1999.0,True
2407.20750,1.0,1.0,1.0,1.0,2023.0,2023.0,True
2407.20798,14.0,34.0,34.0,13.0,2018.0,2011.0,True
2407.21017,11.0,6.0,11.0,5.0,2019.0,2023.0,True
2407.21018,25.0,51.0,51.0,12.0,2018.0,2012.0,True
2407.21139,1.0,5.0,5.0,0.0,2024.0,2024.0,True
2407.21475,2.0,1.0,2.0,0.0,2024.0,2024.0,True
2407.21530,13.0,12.0,13.0,34.0,2020.0,1990.0,True
2407.21630,2.0,0.0,2.0,3.0,2021.0,2025.0,True
2407.21646,0.0,1.0,1.0,4.0,2025.0,2020.0,True
2407.21686,3.0,4.0,4.0,22.0,2002.0,2022.0,True
2407.21705,3.0,5.0,5.0,1.0,2023.0,2023.0,True
2407.21721,2.0,5.0,5.0,1.0,2024.0,2023.0,True
2407.21770,4.0,31.0,31.0,9.0,2023.0,2015.0,True
2407.21772,0.0,5.0,5.0,4.0,2024.0,2020.0,True
2407.21781,6.0,175.0,175.0,19.0,2020.0,2005.0,True
2407.21783,51.0,1.0,51.0,9.0,2015.0,2020.0,True
2407.21794,7.0,12.0,12.0,2.0,2022.0,2022.0,True
2408.00103,4.0,31.0,31.0,19.0,2021.0,2005.0,True
2408.00113,2.0,4.0,4.0,1.0,2023.0,2023.0,True
2408.00118,0.0,3.0,3.0,0.0,,2024.0,True
2408.00167,0.0,6.0,6.0,2.0,2024.0,2022.0,True
2408.00203,1.0,10.0,10.0,6.0,2024.0,2018.0,True
2408.00205,18.0,230.0,230.0,20.0,2020.0,2004.0,True
2408.00298,9.0,12.0,12.0,25.0,2020.0,1999.0,True
2408.00397,6.0,54.0,54.0,10.0,2023.0,2014.0,True
2408.00458,3.0,26.0,26.0,15.0,2023.0,2009.0,True
2408.00584,21.0,5.0,21.0,7.0,2020.0,2017.0,True
2408.00653,11.0,54.0,54.0,6.0,2018.0,2021.0,True
2408.00690,1.0,3.0,3.0,1.0,2024.0,2023.0,True
2408.00714,2.0,34.0,34.0,7.0,2017.0,2018.0,True
2408.00735,1.0,13.0,13.0,1.0,2023.0,2024.0,True
2408.00754,9.0,2.0,9.0,6.0,2020.0,2018.0,True
2408.00760,10.0,10.0,10.0,2.0,2022.0,2022.0,True
2408.00762,4.0,1.0,4.0,2.0,2022.0,2023.0,True
2408.00765,1.0,218.0,218.0,14.0,2024.0,2010.0,True
2408.00874,7.0,4.0,7.0,2.0,2022.0,2024.0,True
2408.01031,3.0,2.0,3.0,1.0,2024.0,2023.0,True
2408.01050,4.0,4.0,4.0,1.0,2023.0,2023.0,True
2408.01291,0.0,17.0,17.0,13.0,2024.0,2011.0,True
2408.01337,8.0,0.0,8.0,9.0,2015.0,2025.0,True
2408.01584,0.0,2.0,2.0,2.0,,2022.0,True
2408.01708,16.0,4.0,16.0,6.0,2018.0,2023.0,True
2408.01800,3.0,59.0,59.0,9.0,2015.0,2021.0,True
2408.02085,3.0,0.0,3.0,1.0,2023.0,2024.0,True
2408.02210,11.0,11.0,11.0,3.0,2022.0,2021.0,True
2408.02226,0.0,55.0,55.0,9.0,2025.0,2015.0,True
2408.02373,15.0,1.0,15.0,3.0,2021.0,2024.0,True
2408.02545,10.0,15.0,15.0,63.0,1961.0,2013.0,True
2408.02555,3.0,2.0,3.0,1.0,2023.0,2023.0,True
2408.02600,5.0,0.0,5.0,1.0,2023.0,2024.0,True
2408.02622,37.0,8.0,37.0,3.0,2021.0,2023.0,True
2408.02629,15.0,3.0,15.0,11.0,2013.0,2024.0,True
2408.02657,2.0,2.0,2.0,3.0,2024.0,2021.0,True
2408.02666,6.0,1.0,6.0,1.0,2023.0,2024.0,True
2408.02718,5.0,20.0,20.0,1.0,2023.0,2023.0,True
2408.02752,3.0,21.0,21.0,18.0,2023.0,2006.0,True
2408.02816,0.0,34.0,34.0,7.0,2024.0,2017.0,True
2408.02900,1.0,13.0,13.0,3.0,2024.0,2021.0,True
2408.03178,5.0,97.0,97.0,24.0,2019.0,2000.0,True
2408.03209,1.0,1.0,1.0,0.0,2024.0,2024.0,True
2408.03256,10.0,2.0,10.0,3.0,2021.0,2024.0,True
2408.03281,17.0,102.0,102.0,13.0,2021.0,2011.0,True
2408.03284,10.0,0.0,10.0,4.0,2020.0,2024.0,True
2408.03314,0.0,1.0,1.0,0.0,2025.0,2024.0,True
2408.03325,25.0,7.0,25.0,6.0,2018.0,2021.0,True
2408.03326,3.0,6.0,6.0,1.0,2023.0,2023.0,True
2408.03356,0.0,0.0,0.0,0.0,2025.0,2025.0,True
2408.03361,1.0,6.0,6.0,1.0,2023.0,2023.0,True
2408.03541,0.0,1.0,1.0,0.0,,2024.0,True
2408.03588,4.0,23.0,23.0,15.0,2024.0,2009.0,True
2408.03615,1.0,14.0,14.0,1.0,2024.0,2023.0,True
2408.03695,1.0,4.0,4.0,1.0,2024.0,2023.0,True
2408.03822,11.0,10.0,11.0,3.0,2021.0,2023.0,True
2408.03837,1.0,217.0,217.0,14.0,2023.0,2010.0,True
2408.03900,1.0,1.0,1.0,28.0,1996.0,2024.0,True
2408.03906,0.0,27.0,27.0,19.0,2024.0,2005.0,True
2408.03910,1.0,2.0,2.0,1.0,2023.0,2023.0,True
2408.03923,1.0,1.0,1.0,0.0,2024.0,2024.0,True
2408.04034,1.0,18.0,18.0,4.0,2024.0,2020.0,True
2408.04284,0.0,151.0,151.0,21.0,2024.0,2003.0,True
2408.04303,10.0,68.0,68.0,40.0,2022.0,1984.0,True
2408.04520,21.0,6.0,21.0,6.0,2018.0,2022.0,True
2408.04567,9.0,4.0,9.0,37.0,1987.0,2024.0,True
2408.04594,1.0,3.0,3.0,1.0,2024.0,2023.0,True
2408.04614,10.0,2.0,10.0,2.0,2022.0,2024.0,True
2408.04619,1.0,246.0,246.0,26.0,2023.0,1998.0,True
2408.04631,5.0,11.0,11.0,7.0,2021.0,2017.0,True
2408.04682,6.0,7.0,7.0,1.0,2023.0,2023.0,True
2408.04708,136.0,7.0,136.0,19.0,2005.0,2022.0,True
2408.04785,5.0,5.0,5.0,1.0,2023.0,2023.0,True
2408.04810,1.0,3.0,3.0,1.0,2024.0,2023.0,True
2408.04840,18.0,4.0,18.0,3.0,2021.0,2024.0,True
2408.05086,25.0,35.0,35.0,8.0,2019.0,2016.0,True
2408.05101,0.0,0.0,0.0,0.0,2024.0,2025.0,True
2408.05147,8.0,28.0,28.0,3.0,2022.0,2021.0,True
2408.05205,24.0,41.0,41.0,6.0,2018.0,2018.0,True
2408.05211,15.0,5.0,15.0,1.0,2023.0,2023.0,True
2408.05366,9.0,8.0,9.0,17.0,2007.0,2022.0,True
2408.05492,3.0,13.0,13.0,89.0,2023.0,1935.0,True
2408.05506,0.0,6.0,6.0,12.0,2024.0,2012.0,True
2408.05928,23.0,0.0,23.0,6.0,2018.0,2024.0,True
2408.05939,0.0,0.0,0.0,0.0,2025.0,2024.0,True
2408.06019,1.0,0.0,1.0,0.0,2024.0,2025.0,True
2408.06070,5.0,1.0,5.0,1.0,2023.0,2024.0,True
2408.06072,0.0,11.0,11.0,3.0,2025.0,2021.0,True
2408.06142,2.0,3.0,3.0,0.0,2024.0,2024.0,True
2408.06190,4.0,11.0,11.0,8.0,2022.0,2016.0,True
2408.06195,10.0,4.0,10.0,2.0,2022.0,2023.0,True
2408.06273,0.0,1.0,1.0,1.0,2024.0,2023.0,True
2408.06281,7.0,1.0,7.0,9.0,2015.0,2024.0,True
2408.06292,21.0,0.0,21.0,14.0,2010.0,2024.0,True
2408.06316,24.0,4.0,24.0,8.0,2016.0,2022.0,True
2408.06327,43.0,11.0,43.0,5.0,2019.0,2021.0,True
2408.06396,8.0,9.0,9.0,26.0,2023.0,1998.0,True
2408.06481,3.0,1.0,3.0,1.0,2023.0,2024.0,True
2408.06506,27.0,12.0,27.0,11.0,2014.0,2013.0,True
2408.06663,4.0,62.0,62.0,15.0,2021.0,2009.0,True
2408.06693,1.0,10.0,10.0,15.0,2022.0,2009.0,True
2408.06697,0.0,7.0,7.0,1.0,2024.0,2023.0,True
2408.06793,9.0,9.0,9.0,1.0,2023.0,2023.0,True
2408.06941,3.0,2.0,3.0,8.0,2024.0,2016.0,True
2408.07009,0.0,0.0,0.0,,,,True
2408.07055,20.0,93.0,93.0,21.0,2021.0,2003.0,True
2408.07060,1.0,21.0,21.0,3.0,2023.0,2021.0,True
2408.07089,24.0,2.0,24.0,11.0,2013.0,2023.0,True
2408.07116,2.0,3.0,3.0,5.0,2019.0,2021.0,True
2408.07246,5.0,15.0,15.0,5.0,2023.0,2019.0,True
2408.07410,2.0,4.0,4.0,1.0,2023.0,2023.0,True
2408.07416,7.0,11.0,11.0,10.0,2014.0,2021.0,True
2408.07540,2.0,8.0,8.0,1.0,2023.0,2023.0,True
2408.07547,25.0,34.0,34.0,19.0,2020.0,2005.0,True
2408.07852,21.0,27.0,27.0,24.0,2000.0,2014.0,True
2408.07888,1.0,6.0,6.0,9.0,2015.0,2022.0,True
2408.07931,0.0,4.0,4.0,0.0,2024.0,2024.0,True
2408.07990,11.0,7.0,11.0,5.0,2023.0,2019.0,True
2408.08000,3.0,9.0,9.0,3.0,2024.0,2021.0,True
2408.08019,26.0,35.0,35.0,19.0,2020.0,2005.0,True
2408.08072,11.0,3.0,11.0,1.0,2023.0,2024.0,True
2408.08152,8.0,6.0,8.0,3.0,2023.0,2021.0,True
2408.08172,29.0,2.0,29.0,16.0,2015.0,2008.0,True
2408.08189,0.0,2.0,2.0,1.0,2024.0,2023.0,True
2408.08201,5.0,219.0,219.0,14.0,2022.0,2010.0,True
2408.08274,3.0,7.0,7.0,9.0,2021.0,2015.0,True
2408.08291,6.0,98.0,98.0,16.0,2022.0,2008.0,True
2408.08313,5.0,27.0,27.0,4.0,2020.0,2022.0,True
2408.08332,7.0,12.0,12.0,4.0,2020.0,2021.0,True
2408.08435,4.0,4.0,4.0,5.0,2020.0,2019.0,True
2408.08441,29.0,2.0,29.0,13.0,2011.0,2024.0,True
2408.08459,4.0,19.0,19.0,1.0,2023.0,2023.0,True
2408.08793,4.0,768.0,768.0,41.0,2022.0,1983.0,True
2408.08872,14.0,1.0,14.0,7.0,2017.0,2024.0,True
2408.08926,0.0,0.0,0.0,0.0,2024.0,2024.0,True
2408.08946,6.0,4.0,6.0,6.0,2018.0,2023.0,True
2408.09085,34.0,7.0,34.0,7.0,2017.0,2023.0,True
2408.09174,4.0,25.0,25.0,1.0,2023.0,2023.0,True
2408.09574,34.0,1.0,34.0,10.0,2014.0,2024.0,True
2408.09702,9.0,17.0,17.0,5.0,2019.0,2019.0,True
2408.09739,7.0,29.0,29.0,14.0,2012.0,2010.0,True
2408.09787,18.0,6.0,18.0,3.0,2021.0,2024.0,True
2408.09858,2.0,16.0,16.0,8.0,2016.0,2023.0,True
2408.10088,3.0,0.0,3.0,3.0,2021.0,2024.0,True
2408.10119,2.0,1.0,2.0,10.0,2014.0,2014.0,True
2408.10161,2.0,14.0,14.0,32.0,2016.0,1992.0,True
2408.10188,1.0,4.0,4.0,3.0,2024.0,2021.0,True
2408.10195,5.0,24.0,24.0,7.0,2022.0,2017.0,True
2408.10198,24.0,7.0,24.0,7.0,2017.0,2023.0,True
2408.10446,3.0,16.0,16.0,37.0,2023.0,1987.0,True
2408.10487,0.0,17.0,17.0,17.0,2024.0,2007.0,True
2408.10635,4.0,6.0,6.0,4.0,2023.0,2020.0,True
2408.10701,0.0,219.0,219.0,14.0,2024.0,2010.0,True
2408.10764,0.0,14.0,14.0,2.0,2024.0,2022.0,True
2408.10906,3.0,115.0,115.0,32.0,2023.0,1992.0,True
2408.10914,2.0,9.0,9.0,1.0,2024.0,2023.0,True
2408.10945,1.0,1.0,1.0,3.0,2021.0,2023.0,True
2408.10998,10.0,19.0,19.0,22.0,2019.0,2002.0,True
2408.11001,4.0,2.0,4.0,2.0,2022.0,2023.0,True
2408.11039,37.0,1.0,37.0,11.0,2013.0,2024.0,True
2408.11048,5.0,18.0,18.0,8.0,2023.0,2016.0,True
2408.11049,1.0,1.0,1.0,0.0,2024.0,2024.0,True
2408.11054,0.0,5.0,5.0,1.0,2025.0,2023.0,True
2408.11237,0.0,6.0,6.0,9.0,2025.0,2015.0,True
2408.11247,1.0,8.0,8.0,32.0,1992.0,2023.0,True
2408.11318,16.0,2.0,16.0,7.0,2017.0,2023.0,True
2408.11457,0.0,32.0,32.0,21.0,2024.0,2003.0,True
2408.11475,6.0,0.0,6.0,18.0,2006.0,2024.0,True
2408.11706,2.0,8.0,8.0,2.0,2023.0,2022.0,True
2408.11721,1.0,25.0,25.0,14.0,2024.0,2010.0,True
2408.11727,13.0,9.0,13.0,1.0,2023.0,2023.0,True
2408.11745,1.0,2.0,2.0,6.0,2024.0,2018.0,True
2408.11796,3.0,72.0,72.0,9.0,2020.0,2015.0,True
2408.11812,3.0,24.0,24.0,4.0,2022.0,2020.0,True
2408.11813,0.0,0.0,0.0,0.0,2024.0,2024.0,True
2408.11817,2.0,88.0,88.0,11.0,2023.0,2013.0,True
2408.11857,0.0,2.0,2.0,3.0,2025.0,2021.0,True
2408.11878,15.0,25.0,25.0,5.0,2023.0,2019.0,True
2408.11915,4.0,4.0,4.0,3.0,2021.0,2024.0,True
2408.12060,2.0,17.0,17.0,37.0,2009.0,1987.0,True
2408.12076,4.0,4.0,4.0,2.0,2022.0,2024.0,True
2408.12114,13.0,16.0,16.0,7.0,2017.0,2019.0,True
2408.12245,0.0,6.0,6.0,1.0,2024.0,2023.0,True
2408.12282,1.0,3.0,3.0,19.0,2024.0,2005.0,True
2408.12369,,,,,,,False
2408.12418,18.0,0.0,18.0,19.0,2005.0,2025.0,True
2408.12480,0.0,10.0,10.0,5.0,,2019.0,True
2408.12503,1.0,2.0,2.0,1.0,2023.0,2023.0,True
2408.12528,4.0,9.0,9.0,2.0,2023.0,2022.0,True
2408.12569,16.0,0.0,16.0,6.0,2018.0,2024.0,True
2408.12570,0.0,329.0,329.0,40.0,,1984.0,True
2408.12588,5.0,1.0,5.0,1.0,2023.0,2024.0,True
2408.12590,1.0,23.0,23.0,3.0,2024.0,2021.0,True
2408.12599,4.0,14.0,14.0,1.0,2023.0,2023.0,True
2408.12601,2.0,12.0,12.0,1.0,2023.0,2023.0,True
2408.12637,3.0,3.0,3.0,1.0,2023.0,2023.0,True
2408.12757,5.0,76.0,76.0,13.0,2016.0,2011.0,True
2408.12857,2.0,4.0,4.0,1.0,2023.0,2024.0,True
2408.12885,2.0,3.0,3.0,1.0,2024.0,2023.0,True
2408.12894,0.0,12.0,12.0,3.0,2024.0,2021.0,True
2408.13010,0.0,9.0,9.0,6.0,2025.0,2018.0,True
2408.13233,15.0,5.0,15.0,1.0,2023.0,2023.0,True
2408.13239,2.0,2.0,2.0,1.0,2023.0,2023.0,True
2408.13252,2.0,11.0,11.0,1.0,2023.0,2023.0,True
2408.13257,5.0,23.0,23.0,6.0,2023.0,2018.0,True
2408.13359,10.0,104.0,104.0,12.0,2023.0,2012.0,True
2408.13402,6.0,2.0,6.0,10.0,2021.0,2014.0,True
2408.13413,1.0,3.0,3.0,1.0,2024.0,2023.0,True
2408.13423,,27.0,27.0,3.0,,2021.0,True
2408.13467,0.0,2.0,2.0,1.0,2024.0,2023.0,True
2408.13629,0.0,47.0,47.0,9.0,2025.0,2015.0,True
2408.13674,15.0,52.0,52.0,14.0,2019.0,2010.0,True
2408.13933,0.0,5.0,5.0,2.0,2024.0,2022.0,True
2408.13934,6.0,82.0,82.0,25.0,1999.0,2003.0,True
2408.14176,1.0,3.0,3.0,1.0,2023.0,2023.0,True
2408.14211,3.0,6.0,6.0,3.0,2022.0,2021.0,True
2408.14236,14.0,14.0,14.0,5.0,2019.0,2019.0,True
2408.14307,5.0,156.0,156.0,15.0,2021.0,2009.0,True
2408.14340,1.0,3.0,3.0,1.0,2024.0,2023.0,True
2408.14354,21.0,10.0,21.0,5.0,2019.0,2019.0,True
2408.14468,20.0,2.0,20.0,3.0,2021.0,2023.0,True
2408.14572,1.0,1.0,1.0,0.0,2024.0,2024.0,True
2408.14608,0.0,21.0,21.0,7.0,2024.0,2017.0,True
2408.14717,3.0,6.0,6.0,35.0,1989.0,2018.0,True
2408.14765,6.0,15.0,15.0,5.0,2024.0,2019.0,True
2408.14805,1.0,3.0,3.0,0.0,2024.0,2024.0,True
2408.14819,24.0,18.0,24.0,10.0,2014.0,2022.0,True
2408.14837,5.0,6.0,6.0,2.0,2022.0,2023.0,True
2408.14849,15.0,15.0,15.0,5.0,2019.0,2019.0,True
2408.14886,28.0,19.0,28.0,18.0,2018.0,2006.0,True
2408.14906,4.0,3.0,4.0,43.0,1981.0,2023.0,True
2408.15079,2.0,7.0,7.0,1.0,2023.0,2024.0,True
2408.15237,2.0,7.0,7.0,2.0,2024.0,2022.0,True
2408.15239,2.0,9.0,9.0,23.0,2023.0,2001.0,True
2408.15300,1.0,114.0,114.0,18.0,2024.0,2006.0,True
2408.15496,0.0,6.0,6.0,1.0,2025.0,2023.0,True
2408.15518,6.0,0.0,6.0,0.0,2024.0,2025.0,True
2408.15545,2.0,2.0,2.0,0.0,2024.0,2024.0,True
2408.15664,5.0,2.0,5.0,2.0,2022.0,2024.0,True
2408.15666,11.0,2.0,11.0,7.0,2017.0,2023.0,True
2408.15708,5.0,3.0,5.0,1.0,2023.0,2023.0,True
2408.15792,1.0,8.0,8.0,2.0,2024.0,2022.0,True
2408.15827,3.0,0.0,3.0,3.0,2021.0,,True
2408.15836,5.0,3.0,5.0,3.0,2021.0,2024.0,True
2408.15881,5.0,7.0,7.0,1.0,2023.0,2023.0,True
2408.15914,1.0,45.0,45.0,13.0,2024.0,2011.0,True
2408.15915,10.0,3.0,10.0,2.0,2022.0,2023.0,True
2408.15980,14.0,3.0,14.0,3.0,2021.0,2023.0,True
2408.15991,0.0,7.0,7.0,1.0,2024.0,2023.0,True
2408.15993,2.0,1.0,2.0,17.0,2007.0,2024.0,True
2408.15995,0.0,46.0,46.0,7.0,2026.0,2017.0,True
2408.15998,1.0,2.0,2.0,1.0,2024.0,2023.0,True
2408.16046,34.0,2.0,34.0,9.0,2015.0,2021.0,True
2408.16061,5.0,8.0,8.0,2.0,2022.0,2022.0,True
2408.16176,10.0,137.0,137.0,13.0,2020.0,2011.0,True
2408.16245,0.0,182.0,182.0,15.0,2024.0,2009.0,True
2408.16293,3.0,120.0,120.0,15.0,2014.0,2009.0,True
2408.16357,9.0,6.0,9.0,7.0,2017.0,2023.0,True
2408.16444,0.0,5.0,5.0,1.0,2024.0,2023.0,True
2408.16500,11.0,2.0,11.0,5.0,2021.0,2019.0,True
2408.16532,10.0,4.0,10.0,1.0,2023.0,2024.0,True
2408.16667,8.0,7.0,8.0,15.0,2009.0,2010.0,True
2408.16672,2.0,3.0,3.0,1.0,2023.0,2023.0,True
2408.16725,1.0,1.0,1.0,2.0,2024.0,2022.0,True
2408.16766,1.0,3.0,3.0,0.0,2024.0,2024.0,True
2408.16767,8.0,13.0,13.0,1.0,2023.0,2023.0,True
2408.16768,9.0,14.0,14.0,3.0,2021.0,2023.0,True
2408.17024,31.0,0.0,31.0,3.0,2021.0,2024.0,True
2408.17131,1.0,11.0,11.0,14.0,2024.0,2010.0,True
2408.17253,8.0,7.0,8.0,3.0,2021.0,2023.0,True
2408.17267,0.0,7.0,7.0,0.0,2024.0,2024.0,True
2409.00138,15.0,9.0,15.0,9.0,2022.0,2015.0,True
2409.00391,3.0,2.0,3.0,1.0,2023.0,2024.0,True
2409.00447,0.0,1.0,1.0,2.0,2026.0,2022.0,True
2409.00492,12.0,0.0,12.0,6.0,2018.0,2024.0,True
2409.00509,6.0,16.0,16.0,4.0,2023.0,2020.0,True
2409.00558,6.0,2.0,6.0,1.0,2023.0,2024.0,True
2409.00587,29.0,8.0,29.0,4.0,2020.0,2022.0,True
2409.00588,12.0,3.0,12.0,4.0,2020.0,2023.0,True
2409.00729,1.0,9.0,9.0,7.0,2024.0,2017.0,True
2409.00844,0.0,3.0,3.0,1.0,2025.0,2023.0,True
2409.00921,7.0,1.0,7.0,5.0,2019.0,2024.0,True
2409.01055,0.0,3.0,3.0,0.0,2025.0,2024.0,True
2409.01071,0.0,1.0,1.0,0.0,2025.0,2024.0,True
2409.01083,1.0,3.0,3.0,4.0,2020.0,2024.0,True
2409.01199,2.0,3.0,3.0,2.0,2022.0,2024.0,True
2409.01322,4.0,13.0,13.0,6.0,2022.0,2018.0,True
2409.01357,5.0,90.0,90.0,15.0,2021.0,2009.0,True
2409.01392,0.0,6.0,6.0,3.0,2025.0,2021.0,True
2409.01437,0.0,3.0,3.0,50.0,,1974.0,True
2409.01704,6.0,11.0,11.0,2.0,2023.0,2022.0,True
2409.01944,27.0,26.0,27.0,7.0,2017.0,2023.0,True
2409.02060,46.0,22.0,46.0,4.0,2020.0,2021.0,True
2409.02076,1.0,1.0,1.0,0.0,2024.0,2024.0,True
2409.02078,4.0,1.0,4.0,51.0,1973.0,2022.0,True
2409.02095,5.0,7.0,7.0,30.0,2023.0,1994.0,True
2409.02097,9.0,1.0,9.0,1.0,2023.0,2023.0,True
2409.02245,63.0,3.0,63.0,12.0,2012.0,2024.0,True
2409.02326,1.0,19.0,19.0,31.0,2024.0,1993.0,True
2409.02392,25.0,15.0,25.0,4.0,2020.0,2023.0,True
2409.02634,3.0,1.0,3.0,0.0,2024.0,2024.0,True
2409.02795,5.0,18.0,18.0,3.0,2022.0,2021.0,True
2409.02813,9.0,29.0,29.0,10.0,2023.0,2014.0,True
2409.02877,32.0,62.0,62.0,6.0,2018.0,2021.0,True
2409.02889,6.0,16.0,16.0,1.0,2023.0,2023.0,True
2409.02897,11.0,95.0,95.0,21.0,2021.0,2003.0,True
2409.03420,28.0,5.0,28.0,5.0,2019.0,2024.0,True
2409.03512,46.0,63.0,63.0,3.0,2021.0,2021.0,True
2409.03525,1.0,5.0,5.0,8.0,2023.0,2016.0,True
2409.03643,13.0,26.0,26.0,3.0,2023.0,2021.0,True
2409.03718,3.0,2.0,3.0,4.0,2020.0,2024.0,True
2409.03752,3.0,15.0,15.0,1.0,2023.0,2023.0,True
2409.03753,7.0,5.0,7.0,12.0,2023.0,2012.0,True
2409.03810,8.0,18.0,18.0,1.0,2023.0,2023.0,True
2409.04005,1.0,1.0,1.0,0.0,2024.0,2024.0,True
2409.04057,0.0,2.0,2.0,1.0,2025.0,2023.0,True
2409.04109,3.0,3.0,3.0,1.0,2024.0,2023.0,True
2409.04196,1.0,8.0,8.0,3.0,2021.0,2023.0,True
2409.04234,2.0,48.0,48.0,22.0,2023.0,2002.0,True
2409.04269,1.0,0.0,1.0,3.0,2021.0,2025.0,True
2409.04410,4.0,25.0,25.0,1.0,2023.0,2023.0,True
2409.04593,1.0,3.0,3.0,1.0,2024.0,2023.0,True
2409.04828,3.0,1.0,3.0,2.0,2022.0,2024.0,True
2409.05152,7.0,74.0,74.0,8.0,2022.0,2016.0,True
2409.05162,1.0,4.0,4.0,1.0,2024.0,2023.0,True
2409.05177,1.0,1.0,1.0,0.0,2024.0,2024.0,True
2409.05591,22.0,0.0,22.0,21.0,2003.0,2024.0,True
2409.05806,3.0,65.0,65.0,6.0,2023.0,2018.0,True
2409.05840,5.0,23.0,23.0,2.0,2023.0,2022.0,True
2409.05862,2.0,224.0,224.0,30.0,2023.0,1994.0,True
2409.05865,2.0,7.0,7.0,6.0,2023.0,2018.0,True
2409.06029,20.0,8.0,20.0,19.0,2017.0,2005.0,True
2409.06135,3.0,5.0,5.0,1.0,2023.0,2023.0,True
2409.06185,5.0,23.0,23.0,2.0,2023.0,2022.0,True
2409.06210,0.0,4.0,4.0,1.0,2024.0,2023.0,True
2409.06277,22.0,2.0,22.0,7.0,2017.0,2024.0,True
2409.06595,0.0,15.0,15.0,10.0,,2014.0,True
2409.06633,8.0,19.0,19.0,1.0,2023.0,2023.0,True
2409.06666,14.0,13.0,14.0,3.0,2021.0,2023.0,True
2409.06703,2.0,136.0,136.0,13.0,2023.0,2011.0,True
2409.06744,1.0,7.0,7.0,9.0,2024.0,2015.0,True
2409.06762,3.0,125.0,125.0,15.0,2024.0,2009.0,True
2409.06765,0.0,87.0,87.0,40.0,2024.0,1984.0,True
2409.06820,8.0,8.0,8.0,6.0,2018.0,2018.0,True
2409.06957,9.0,28.0,28.0,8.0,2016.0,2016.0,True
2409.07012,6.0,2.0,6.0,2.0,2022.0,2023.0,True
2409.07129,1.0,31.0,31.0,5.0,2024.0,2019.0,True
2409.07146,10.0,1.0,10.0,5.0,2019.0,2023.0,True
2409.07239,2.0,7.0,7.0,1.0,2023.0,2023.0,True
2409.07314,4.0,3.0,4.0,8.0,2016.0,2024.0,True
2409.07429,2.0,18.0,18.0,2.0,2024.0,2022.0,True
2409.07440,22.0,120.0,120.0,16.0,2017.0,2008.0,True
2409.07441,4.0,3.0,4.0,1.0,2023.0,2023.0,True
2409.07450,2.0,3.0,3.0,1.0,2024.0,2023.0,True
2409.07452,2.0,67.0,67.0,8.0,2023.0,2016.0,True
2409.07703,20.0,10.0,20.0,2.0,2022.0,2023.0,True
2409.08199,4.0,3.0,4.0,27.0,2023.0,1997.0,True
2409.08239,4.0,3.0,4.0,1.0,2023.0,2023.0,True
2409.08240,4.0,16.0,16.0,6.0,2023.0,2018.0,True
2409.08248,0.0,0.0,0.0,0.0,2024.0,2025.0,True
2409.08264,1.0,0.0,1.0,0.0,2024.0,,True
2409.08270,9.0,3.0,9.0,3.0,2021.0,2022.0,True
2409.08272,0.0,48.0,48.0,33.0,,1991.0,True
2409.08278,3.0,13.0,13.0,8.0,2023.0,2016.0,True
2409.08353,11.0,4.0,11.0,3.0,2021.0,2023.0,True
2409.08425,1.0,223.0,223.0,18.0,2024.0,2006.0,True
2409.08513,15.0,87.0,87.0,9.0,2020.0,2015.0,True
2409.08514,3.0,2.0,3.0,5.0,2019.0,2023.0,True
2409.08554,1.0,25.0,25.0,15.0,2024.0,2009.0,True
2409.08615,0.0,1.0,1.0,11.0,2025.0,2013.0,True
2409.08692,9.0,5.0,9.0,3.0,2021.0,2023.0,True
2409.08831,2.0,139.0,139.0,24.0,2000.0,2003.0,True
2409.08857,2.0,2.0,2.0,2.0,2022.0,2024.0,True
2409.08947,4.0,234.0,234.0,37.0,2022.0,1987.0,True
2409.09213,49.0,47.0,49.0,33.0,2019.0,1991.0,True
2409.09214,1.0,2.0,2.0,1.0,2024.0,2023.0,True
2409.09269,1.0,25.0,25.0,1.0,2024.0,2023.0,True
2409.09323,3.0,105.0,105.0,18.0,2023.0,2006.0,True
2409.09401,4.0,3.0,4.0,0.0,2024.0,2024.0,True
2409.09502,10.0,16.0,16.0,14.0,2022.0,2010.0,True
2409.10038,2.0,3.0,3.0,1.0,2023.0,2023.0,True
2409.10173,4.0,5.0,5.0,1.0,2023.0,2023.0,True
2409.10309,6.0,3.0,6.0,14.0,2021.0,2010.0,True
2409.10516,0.0,27.0,27.0,2.0,2025.0,2022.0,True
2409.10568,39.0,21.0,39.0,7.0,2017.0,2018.0,True
2409.10594,38.0,4.0,38.0,4.0,2020.0,2022.0,True
2409.10819,9.0,4.0,9.0,2.0,2022.0,2024.0,True
2409.10831,0.0,6.0,6.0,0.0,2025.0,2024.0,True
2409.10836,19.0,106.0,106.0,18.0,2020.0,2006.0,True
2409.10923,25.0,1.0,25.0,7.0,2017.0,2024.0,True
2409.11055,10.0,20.0,20.0,11.0,2016.0,2013.0,True
2409.11074,26.0,1.0,26.0,23.0,2001.0,2023.0,True
2409.11136,25.0,0.0,25.0,5.0,2019.0,2024.0,True
2409.11211,12.0,2.0,12.0,6.0,2018.0,2023.0,True
2409.11242,2.0,220.0,220.0,14.0,2022.0,2010.0,True
2409.11276,12.0,1.0,12.0,7.0,2017.0,2020.0,True
2409.11315,4.0,6.0,6.0,3.0,2023.0,2021.0,True
2409.11340,34.0,29.0,34.0,10.0,2021.0,2014.0,True
2409.11355,0.0,40.0,40.0,17.0,2026.0,2007.0,True
2409.11363,3.0,16.0,16.0,23.0,2023.0,2001.0,True
2409.11367,3.0,88.0,88.0,9.0,2024.0,2015.0,True
2409.11393,0.0,0.0,0.0,0.0,2024.0,2024.0,True
2409.11402,24.0,10.0,24.0,4.0,2020.0,2023.0,True
2409.11406,17.0,21.0,21.0,4.0,2020.0,2020.0,True
2409.11564,89.0,0.0,89.0,9.0,2015.0,2024.0,True
2409.11733,19.0,7.0,19.0,12.0,2019.0,2012.0,True
2409.11901,10.0,43.0,43.0,15.0,2020.0,2009.0,True
2409.12001,8.0,43.0,43.0,8.0,2021.0,2016.0,True
2409.12106,7.0,2.0,7.0,2.0,2022.0,2024.0,True
2409.12134,2.0,23.0,23.0,7.0,2022.0,2017.0,True
2409.12136,6.0,2.0,6.0,3.0,2023.0,2021.0,True
2409.12139,0.0,3.0,3.0,1.0,2024.0,2023.0,True
2409.12181,7.0,1.0,7.0,1.0,2023.0,2024.0,True
2409.12183,7.0,127.0,127.0,14.0,2022.0,2010.0,True
2409.12186,2.0,2.0,2.0,0.0,2024.0,2024.0,True
2409.12191,3.0,2.0,3.0,3.0,2021.0,2024.0,True
2409.12192,3.0,8.0,8.0,2.0,2022.0,2023.0,True
2409.12193,10.0,1.0,10.0,3.0,2021.0,2024.0,True
2409.12431,3.0,8.0,8.0,13.0,2023.0,2011.0,True
2409.12532,0.0,20.0,20.0,12.0,2025.0,2012.0,True
2409.12568,7.0,11.0,11.0,1.0,2023.0,2023.0,True
2409.12576,0.0,2.0,2.0,3.0,2025.0,2021.0,True
2409.12822,18.0,3.0,18.0,4.0,2020.0,2024.0,True
2409.12892,4.0,203.0,203.0,14.0,2021.0,2010.0,True
2409.12903,2.0,67.0,67.0,16.0,2023.0,2008.0,True
2409.12917,1.0,5.0,5.0,2.0,2024.0,2022.0,True
2409.12941,21.0,65.0,65.0,14.0,2019.0,2010.0,True
2409.12957,21.0,7.0,21.0,4.0,2020.0,2023.0,True
2409.12958,23.0,30.0,30.0,38.0,2019.0,1986.0,True
2409.12959,4.0,3.0,4.0,0.0,2024.0,2024.0,True
2409.12960,4.0,2.0,4.0,9.0,2015.0,2024.0,True
2409.12961,7.0,57.0,57.0,7.0,2021.0,2017.0,True
2409.12962,3.0,3.0,3.0,1.0,2023.0,2024.0,True
2409.13156,16.0,1.0,16.0,1.0,2023.0,2024.0,True
2409.13191,3.0,1.0,3.0,1.0,2023.0,2023.0,True
2409.13216,6.0,1.0,6.0,1.0,2023.0,2024.0,True
2409.13346,0.0,8.0,8.0,3.0,2024.0,2021.0,True
2409.13449,8.0,111.0,111.0,17.0,2023.0,2007.0,True
2409.13591,3.0,9.0,9.0,2.0,2023.0,2022.0,True
2409.13592,20.0,9.0,20.0,6.0,2018.0,2023.0,True
2409.13598,9.0,1.0,9.0,5.0,2019.0,2024.0,True
2409.13648,2.0,5.0,5.0,1.0,2023.0,2023.0,True
2409.13689,0.0,34.0,34.0,3.0,2025.0,2021.0,True
2409.13690,7.0,23.0,23.0,12.0,2019.0,2012.0,True
2409.13773,2.0,2.0,2.0,0.0,2024.0,2024.0,True
2409.13882,10.0,5.0,10.0,3.0,2021.0,2023.0,True
2409.13910,43.0,272.0,272.0,33.0,2006.0,1991.0,True
2409.13926,7.0,3.0,7.0,6.0,2018.0,2024.0,True
2409.14128,1.0,122.0,122.0,14.0,2024.0,2010.0,True
2409.14195,2.0,16.0,16.0,2.0,2024.0,2022.0,True
2409.14254,23.0,8.0,23.0,8.0,2016.0,2022.0,True
2409.14340,14.0,71.0,71.0,19.0,2019.0,2005.0,True
2409.14393,18.0,4.0,18.0,8.0,2016.0,2023.0,True
2409.14674,2.0,3.0,3.0,1.0,2023.0,2023.0,True
2409.14677,7.0,6.0,7.0,6.0,2018.0,2022.0,True
2409.14683,3.0,0.0,3.0,1.0,2023.0,2024.0,True
2409.14713,11.0,17.0,17.0,5.0,2022.0,2019.0,True
2409.14988,4.0,4.0,4.0,0.0,2024.0,2024.0,True
2409.15041,2.0,10.0,10.0,3.0,2022.0,2021.0,True
2409.15127,1.0,123.0,123.0,14.0,2024.0,2010.0,True
2409.15268,12.0,3.0,12.0,2.0,2022.0,2022.0,True
2409.15272,28.0,19.0,28.0,3.0,2021.0,2023.0,True
2409.15273,6.0,69.0,69.0,53.0,1971.0,2013.0,True
2409.15277,3.0,14.0,14.0,3.0,2024.0,2021.0,True
2409.15278,3.0,8.0,8.0,1.0,2024.0,2023.0,True
2409.15360,2.0,0.0,2.0,0.0,2024.0,2026.0,True
2409.15700,3.0,31.0,31.0,10.0,2023.0,2014.0,True
2409.15933,2.0,6.0,6.0,0.0,2024.0,2024.0,True
2409.15997,5.0,4.0,5.0,10.0,2014.0,2023.0,True
2409.16040,14.0,8.0,14.0,10.0,2014.0,2023.0,True
2409.16143,5.0,5.0,5.0,1.0,2023.0,2023.0,True
2409.16160,11.0,1.0,11.0,8.0,2016.0,2024.0,True
2409.16191,4.0,5.0,5.0,1.0,2023.0,2023.0,True
2409.16211,9.0,7.0,9.0,5.0,2019.0,2023.0,True
2409.16235,2.0,20.0,20.0,6.0,2024.0,2018.0,True
2409.16280,2.0,2.0,2.0,0.0,2024.0,2024.0,True
2409.16283,43.0,17.0,43.0,6.0,2018.0,2018.0,True
2409.16288,10.0,0.0,10.0,7.0,2017.0,2025.0,True
2409.16299,2.0,36.0,36.0,7.0,2024.0,2017.0,True
2409.16493,4.0,11.0,11.0,3.0,2021.0,2023.0,True
2409.16629,1.0,7.0,7.0,6.0,2020.0,2018.0,True
2409.16666,9.0,30.0,30.0,10.0,2019.0,2014.0,True
2409.16686,11.0,28.0,28.0,5.0,2019.0,2023.0,True
2409.16925,1.0,1.0,1.0,0.0,2024.0,2024.0,True
2409.17058,2.0,9.0,9.0,8.0,2023.0,2016.0,True
2409.17066,0.0,2.0,2.0,0.0,2024.0,2024.0,True
2409.17115,11.0,1.0,11.0,5.0,2019.0,2024.0,True
2409.17143,13.0,0.0,13.0,4.0,2020.0,2024.0,True
2409.17145,2.0,3.0,3.0,1.0,2023.0,2023.0,True
2409.17146,8.0,97.0,97.0,16.0,2017.0,2008.0,True
2409.17280,2.0,4.0,4.0,7.0,2017.0,2023.0,True
2409.17422,28.0,4.0,28.0,5.0,2019.0,2022.0,True
2409.17433,28.0,15.0,28.0,16.0,2008.0,2022.0,True
2409.17481,26.0,0.0,26.0,15.0,2009.0,2024.0,True
2409.17545,1.0,1.0,1.0,7.0,2017.0,2017.0,True
2409.17565,0.0,6.0,6.0,1.0,2025.0,2023.0,True
2409.17580,0.0,10.0,10.0,15.0,2024.0,2009.0,True
2409.17692,9.0,19.0,19.0,1.0,2023.0,2023.0,True
2409.17912,13.0,0.0,13.0,6.0,2018.0,2025.0,True
2409.18042,14.0,1.0,14.0,1.0,2023.0,2024.0,True
2409.18111,7.0,2.0,7.0,4.0,2020.0,2024.0,True
2409.18121,2.0,88.0,88.0,40.0,2024.0,1984.0,True
2409.18124,2.0,1.0,2.0,1.0,2023.0,2024.0,True
2409.18125,5.0,5.0,5.0,1.0,2023.0,2023.0,True
2409.18313,2.0,118.0,118.0,15.0,2023.0,2009.0,True
2409.18747,0.0,2.0,2.0,0.0,2025.0,2024.0,True
2409.18786,18.0,5.0,18.0,2.0,2022.0,2023.0,True
2409.18839,14.0,27.0,27.0,3.0,2023.0,2021.0,True
2409.18869,4.0,6.0,6.0,8.0,2023.0,2016.0,True
2409.18943,5.0,8.0,8.0,2.0,2022.0,2023.0,True
2409.18957,,,,,,,False
2409.18964,1.0,2.0,2.0,1.0,2023.0,2023.0,True
2409.19020,2.0,97.0,97.0,30.0,2023.0,1994.0,True
2409.19291,2.0,6.0,6.0,0.0,2024.0,2024.0,True
2409.19339,3.0,48.0,48.0,6.0,2023.0,2018.0,True
2409.19603,9.0,7.0,9.0,1.0,2023.0,2023.0,True
2409.19606,0.0,0.0,0.0,0.0,2024.0,2024.0,True
2409.19627,5.0,191.0,191.0,15.0,2020.0,2009.0,True
2409.19715,10.0,32.0,32.0,12.0,2022.0,2012.0,True
2409.19808,3.0,7.0,7.0,1.0,2023.0,2023.0,True
2409.19946,2.0,3.0,3.0,1.0,2024.0,2023.0,True
2409.19951,31.0,129.0,129.0,19.0,2019.0,2005.0,True
2409.19952,1.0,4.0,4.0,0.0,2024.0,2024.0,True
2409.19989,0.0,94.0,94.0,20.0,2025.0,2004.0,True
2409.20018,1.0,0.0,1.0,1.0,2023.0,2025.0,True
2409.20059,1.0,22.0,22.0,5.0,2024.0,2019.0,True
2409.20325,20.0,5.0,20.0,43.0,1981.0,2020.0,True
2409.20537,3.0,8.0,8.0,7.0,2023.0,2017.0,True
2409.20551,8.0,25.0,25.0,6.0,2021.0,2018.0,True
2409.20563,3.0,21.0,21.0,8.0,2023.0,2016.0,True
2409.20566,11.0,12.0,12.0,5.0,2019.0,2023.0,True
2410.00086,4.0,7.0,7.0,3.0,2021.0,2023.0,True
2410.00231,1.0,5.0,5.0,1.0,2024.0,2023.0,True
2410.00255,8.0,1.0,8.0,1.0,2023.0,2024.0,True
2410.00296,5.0,0.0,5.0,1.0,2023.0,2025.0,True
2410.00316,1.0,3.0,3.0,1.0,2024.0,2023.0,True
2410.00337,1.0,2.0,2.0,0.0,2024.0,2024.0,True
2410.00418,7.0,6.0,7.0,3.0,2021.0,2021.0,True
2410.00531,34.0,7.0,34.0,6.0,2018.0,2023.0,True
2410.00545,14.0,106.0,106.0,24.0,2020.0,2000.0,True
2410.00890,22.0,4.0,22.0,12.0,2012.0,2024.0,True
2410.00907,0.0,1.0,1.0,0.0,2025.0,2024.0,True
2410.01036,41.0,15.0,41.0,4.0,2020.0,2023.0,True
2410.01044,6.0,1.0,6.0,1.0,2023.0,2024.0,True
2410.01171,12.0,15.0,15.0,5.0,2019.0,2021.0,True
2410.01215,1.0,3.0,3.0,1.0,2024.0,2023.0,True
2410.01257,17.0,5.0,17.0,5.0,2019.0,2023.0,True
2410.01273,1.0,9.0,9.0,1.0,2024.0,2023.0,True
2410.01335,3.0,4.0,4.0,3.0,2021.0,2022.0,True
2410.01440,1.0,9.0,9.0,1.0,2024.0,2023.0,True
2410.01463,1.0,7.0,7.0,9.0,2024.0,2015.0,True
2410.01481,2.0,6.0,6.0,11.0,2024.0,2013.0,True
2410.01518,6.0,0.0,6.0,3.0,2021.0,2024.0,True
2410.01647,5.0,3.0,5.0,1.0,2023.0,2023.0,True
2410.01679,4.0,3.0,4.0,4.0,2020.0,2024.0,True
2410.01680,2.0,36.0,36.0,7.0,2023.0,2017.0,True
2410.01691,24.0,7.0,24.0,5.0,2019.0,2020.0,True
2410.01699,2.0,6.0,6.0,1.0,2023.0,2023.0,True
2410.01723,3.0,5.0,5.0,1.0,2023.0,2024.0,True
2410.01731,25.0,32.0,32.0,6.0,2018.0,2018.0,True
2410.01744,3.0,2.0,3.0,1.0,2023.0,2024.0,True
2410.01748,8.0,2.0,8.0,3.0,2021.0,2024.0,True
2410.01769,11.0,2.0,11.0,2.0,2022.0,2024.0,True
2410.01782,1.0,17.0,17.0,8.0,2023.0,2016.0,True
2410.01804,0.0,14.0,14.0,3.0,2025.0,2021.0,True
2410.01912,5.0,20.0,20.0,3.0,2023.0,2021.0,True
2410.01946,1.0,5.0,5.0,10.0,2024.0,2014.0,True
2410.01968,5.0,2.0,5.0,1.0,2023.0,2024.0,True
2410.01999,2.0,37.0,37.0,7.0,2022.0,2017.0,True
2410.02052,4.0,3.0,4.0,1.0,2023.0,2023.0,True
2410.02056,50.0,48.0,50.0,33.0,2019.0,1991.0,True
2410.02073,5.0,228.0,228.0,47.0,2020.0,1977.0,True
2410.02103,1.0,1.0,1.0,0.0,2024.0,2024.0,True
2410.02115,18.0,11.0,18.0,5.0,2019.0,2023.0,True
2410.02197,4.0,0.0,4.0,2.0,2022.0,2024.0,True
2410.02241,2.0,0.0,2.0,0.0,2024.0,2026.0,True
2410.02362,7.0,6.0,7.0,14.0,2010.0,2023.0,True
2410.02367,4.0,54.0,54.0,11.0,2021.0,2013.0,True
2410.02416,3.0,27.0,27.0,15.0,2023.0,2009.0,True
2410.02426,44.0,44.0,44.0,24.0,2000.0,2000.0,True
2410.02428,0.0,1.0,1.0,23.0,2025.0,2001.0,True
2410.02458,3.0,1.0,3.0,4.0,2020.0,2024.0,True
2410.02465,4.0,1.0,4.0,29.0,1995.0,2001.0,True
2410.02503,1.0,3.0,3.0,7.0,2023.0,2017.0,True
2410.02525,5.0,4.0,5.0,1.0,2023.0,2023.0,True
2410.02536,1.0,5.0,5.0,2.0,2023.0,2022.0,True
2410.02613,4.0,15.0,15.0,2.0,2022.0,2023.0,True
2410.02675,24.0,0.0,24.0,4.0,2020.0,2024.0,True
2410.02678,16.0,7.0,16.0,5.0,2019.0,2023.0,True
2410.02703,8.0,3.0,8.0,2.0,2022.0,2023.0,True
2410.02705,0.0,1.0,1.0,0.0,2024.0,2024.0,True
2410.02707,9.0,135.0,135.0,11.0,2018.0,2013.0,True
2410.02712,6.0,0.0,6.0,1.0,2023.0,2025.0,True
2410.02713,26.0,7.0,26.0,5.0,2019.0,2023.0,True
2410.02724,1.0,70.0,70.0,11.0,2024.0,2013.0,True
2410.02740,4.0,13.0,13.0,1.0,2023.0,2023.0,True
2410.02743,21.0,12.0,21.0,5.0,2019.0,2020.0,True
2410.02746,4.0,11.0,11.0,19.0,2005.0,2023.0,True
2410.02749,3.0,2.0,3.0,4.0,2020.0,2023.0,True
2410.02757,1.0,0.0,1.0,0.0,2024.0,2024.0,True
2410.02760,18.0,4.0,18.0,6.0,2018.0,2024.0,True
2410.02762,0.0,21.0,21.0,6.0,2025.0,2018.0,True
2410.02763,3.0,10.0,10.0,1.0,2023.0,2023.0,True
2410.02884,3.0,16.0,16.0,5.0,2024.0,2019.0,True
2410.03017,0.0,3.0,3.0,3.0,2025.0,2021.0,True
2410.03027,1.0,1.0,1.0,12.0,2024.0,2012.0,True
2410.03051,0.0,0.0,0.0,0.0,2025.0,2025.0,True
2410.03103,0.0,13.0,13.0,5.0,2024.0,2019.0,True
2410.03160,3.0,1.0,3.0,5.0,2019.0,2024.0,True
2410.03187,7.0,4.0,7.0,8.0,2016.0,2021.0,True
2410.03290,3.0,19.0,19.0,2.0,2024.0,2022.0,True
2410.03399,2.0,116.0,116.0,18.0,2024.0,2006.0,True
2410.03437,4.0,2.0,4.0,9.0,2023.0,2015.0,True
2410.03450,3.0,76.0,76.0,6.0,2023.0,2018.0,True
2410.03535,6.0,6.0,6.0,6.0,2018.0,2018.0,True
2410.03617,24.0,57.0,57.0,13.0,2018.0,2011.0,True
2410.03645,3.0,1.0,3.0,2.0,2022.0,2023.0,True
2410.03825,5.0,0.0,5.0,2.0,2022.0,,True
2410.03864,5.0,16.0,16.0,2.0,2023.0,2022.0,True
2410.03959,1.0,0.0,1.0,0.0,2024.0,2024.0,True
2410.03960,1.0,34.0,34.0,9.0,2024.0,2015.0,True
2410.04081,42.0,3.0,42.0,10.0,2014.0,2024.0,True
2410.04199,7.0,13.0,13.0,6.0,2023.0,2018.0,True
2410.04223,16.0,3.0,16.0,3.0,2021.0,2024.0,True
2410.04343,38.0,138.0,138.0,17.0,2020.0,2007.0,True
2410.04364,0.0,8.0,8.0,2.0,2024.0,2022.0,True
2410.04422,3.0,1.0,3.0,3.0,2023.0,2021.0,True
2410.04534,0.0,1.0,1.0,0.0,2024.0,2024.0,True
2410.04698,1.0,52.0,52.0,12.0,2024.0,2012.0,True
2410.04717,3.0,5.0,5.0,0.0,2024.0,2024.0,True
2410.04734,11.0,2.0,11.0,7.0,2017.0,2017.0,True
2410.04751,22.0,5.0,22.0,5.0,2019.0,2023.0,True
2410.04808,7.0,14.0,14.0,6.0,2023.0,2018.0,True
2410.04932,2.0,4.0,4.0,0.0,2024.0,2024.0,True
2410.05046,95.0,5.0,95.0,15.0,2009.0,2024.0,True
2410.05057,13.0,11.0,13.0,12.0,2022.0,2012.0,True
2410.05076,4.0,0.0,4.0,1.0,2023.0,2024.0,True
2410.05080,9.0,2.0,9.0,2.0,2022.0,2024.0,True
2410.05160,18.0,11.0,18.0,5.0,2019.0,2023.0,True
2410.05167,9.0,4.0,9.0,2.0,2022.0,2023.0,True
2410.05193,6.0,0.0,6.0,3.0,2021.0,2024.0,True
2410.05210,13.0,2.0,13.0,4.0,2020.0,2020.0,True
2410.05229,5.0,69.0,69.0,16.0,2023.0,2008.0,True
2410.05243,1.0,85.0,85.0,11.0,2024.0,2013.0,True
2410.05248,0.0,1.0,1.0,0.0,2024.0,2024.0,True
2410.05254,4.0,6.0,6.0,20.0,2022.0,2004.0,True
2410.05255,6.0,1.0,6.0,1.0,2023.0,2024.0,True
2410.05258,6.0,2.0,6.0,4.0,2022.0,2020.0,True
2410.05262,3.0,1.0,3.0,0.0,2024.0,2024.0,True
2410.05265,3.0,1.0,3.0,5.0,2024.0,2019.0,True
2410.05269,34.0,269.0,269.0,23.0,2019.0,2001.0,True
2410.05295,16.0,8.0,16.0,3.0,2021.0,2023.0,True
2410.05355,17.0,13.0,17.0,6.0,2018.0,2023.0,True
2410.05363,6.0,28.0,28.0,1.0,2023.0,2023.0,True
2410.05591,20.0,9.0,20.0,23.0,2001.0,2022.0,True
2410.05603,5.0,1.0,5.0,32.0,2018.0,1992.0,True
2410.05629,18.0,16.0,18.0,5.0,2019.0,2021.0,True
2410.05643,1.0,3.0,3.0,0.0,2024.0,2024.0,True
2410.05651,4.0,9.0,9.0,5.0,2019.0,2022.0,True
2410.05664,2.0,3.0,3.0,4.0,2023.0,2020.0,True
2410.05677,18.0,7.0,18.0,7.0,2017.0,2023.0,True
2410.05791,0.0,0.0,0.0,0.0,2025.0,2025.0,True
2410.05873,13.0,34.0,34.0,38.0,2020.0,1986.0,True
2410.05954,3.0,3.0,3.0,9.0,2023.0,2015.0,True
2410.05993,24.0,1.0,24.0,6.0,2018.0,2024.0,True
2410.06084,4.0,5.0,5.0,0.0,2024.0,2024.0,True
2410.06154,15.0,4.0,15.0,3.0,2021.0,2023.0,True
2410.06166,44.0,7.0,44.0,5.0,2019.0,2023.0,True
2410.06172,9.0,0.0,9.0,6.0,2018.0,2025.0,True
2410.06241,3.0,21.0,21.0,1.0,2023.0,2023.0,True
2410.06244,15.0,2.0,15.0,21.0,2003.0,2024.0,True
2410.06264,10.0,17.0,17.0,7.0,2017.0,2018.0,True
2410.06293,49.0,1.0,49.0,7.0,2017.0,2024.0,True
2410.06373,2.0,2.0,2.0,0.0,2024.0,2024.0,True
2410.06456,3.0,12.0,12.0,1.0,2023.0,2023.0,True
2410.06458,6.0,2.0,6.0,3.0,2021.0,2024.0,True
2410.06462,64.0,13.0,64.0,6.0,2018.0,2022.0,True
2410.06468,25.0,229.0,229.0,47.0,2017.0,1977.0,True
2410.06508,8.0,17.0,17.0,2.0,2023.0,2022.0,True
2410.06524,10.0,15.0,15.0,6.0,2018.0,2020.0,True
2410.06555,2.0,3.0,3.0,3.0,2021.0,2024.0,True
2410.06593,7.0,0.0,7.0,1.0,2023.0,2024.0,True
2410.06634,7.0,55.0,55.0,10.0,2023.0,2014.0,True
2410.06845,5.0,3.0,5.0,1.0,2023.0,2023.0,True
2410.06885,0.0,1.0,1.0,0.0,2025.0,2024.0,True
2410.06949,0.0,1.0,1.0,0.0,2024.0,2024.0,True
2410.06961,3.0,3.0,3.0,4.0,2024.0,2020.0,True
2410.06985,3.0,3.0,3.0,1.0,2023.0,2024.0,True
2410.07002,2.0,45.0,45.0,5.0,2024.0,2019.0,True
2410.07035,2.0,0.0,2.0,0.0,2024.0,2024.0,True
2410.07041,12.0,0.0,12.0,4.0,2020.0,2026.0,True
2410.07062,0.0,0.0,0.0,0.0,2025.0,2025.0,True
2410.07064,22.0,5.0,22.0,5.0,2019.0,2021.0,True
2410.07071,7.0,253.0,253.0,30.0,2020.0,1994.0,True
2410.07073,0.0,1.0,1.0,0.0,2025.0,2024.0,True
2410.07095,0.0,1.0,1.0,3.0,2025.0,2021.0,True
2410.07112,1.0,0.0,1.0,0.0,2024.0,2024.0,True
2410.07113,34.0,11.0,34.0,7.0,2017.0,2023.0,True
2410.07133,1.0,9.0,9.0,3.0,2024.0,2021.0,True
2410.07137,7.0,13.0,13.0,6.0,2018.0,2023.0,True
2410.07145,10.0,67.0,67.0,3.0,2021.0,2021.0,True
2410.07155,1.0,4.0,4.0,1.0,2023.0,2023.0,True
2410.07160,9.0,9.0,9.0,8.0,2016.0,2023.0,True
2410.07167,13.0,76.0,76.0,17.0,2021.0,2007.0,True
2410.07170,7.0,253.0,253.0,30.0,2018.0,1994.0,True
2410.07171,1.0,12.0,12.0,2.0,2024.0,2022.0,True
2410.07177,2.0,15.0,15.0,1.0,2023.0,2023.0,True
2410.07303,1.0,7.0,7.0,1.0,2023.0,2023.0,True
2410.07331,3.0,15.0,15.0,2.0,2023.0,2022.0,True
2410.07484,0.0,9.0,9.0,1.0,2025.0,2023.0,True
2410.07536,2.0,4.0,4.0,3.0,2024.0,2021.0,True
2410.07656,8.0,11.0,11.0,5.0,2020.0,2019.0,True
2410.07707,7.0,8.0,8.0,1.0,2023.0,2024.0,True
2410.07722,3.0,6.0,6.0,1.0,2023.0,2023.0,True
2410.07752,11.0,8.0,11.0,4.0,2020.0,2023.0,True
2410.07869,10.0,66.0,66.0,6.0,2022.0,2018.0,True
2410.07985,7.0,21.0,21.0,3.0,2022.0,2021.0,True
2410.08001,9.0,4.0,9.0,1.0,2023.0,2024.0,True
2410.08049,11.0,7.0,11.0,2.0,2022.0,2023.0,True
2410.08102,2.0,3.0,3.0,2.0,2024.0,2022.0,True
2410.08115,4.0,69.0,69.0,3.0,2024.0,2021.0,True
2410.08151,3.0,2.0,3.0,1.0,2023.0,2024.0,True
2410.08159,7.0,49.0,49.0,9.0,2023.0,2015.0,True
2410.08164,5.0,0.0,5.0,3.0,2021.0,2025.0,True
2410.08168,2.0,11.0,11.0,4.0,2020.0,2021.0,True
2410.08193,14.0,3.0,14.0,4.0,2020.0,2024.0,True
2410.08196,4.0,7.0,7.0,1.0,2023.0,2023.0,True
2410.08207,9.0,6.0,9.0,5.0,2019.0,2022.0,True
2410.08261,8.0,9.0,9.0,10.0,2021.0,2014.0,True
2410.08391,1.0,5.0,5.0,3.0,2024.0,2021.0,True
2410.08565,1.0,4.0,4.0,16.0,2024.0,2008.0,True
2410.08584,9.0,88.0,88.0,16.0,2023.0,2008.0,True
2410.08612,2.0,4.0,4.0,0.0,2024.0,2024.0,True
2410.08815,3.0,38.0,38.0,2.0,2024.0,2022.0,True
2410.08968,13.0,20.0,20.0,3.0,2021.0,2023.0,True
2410.09008,5.0,2.0,5.0,1.0,2024.0,2023.0,True
2410.09009,5.0,6.0,6.0,1.0,2023.0,2023.0,True
2410.09019,2.0,187.0,187.0,15.0,2023.0,2009.0,True
2410.09037,1.0,10.0,10.0,14.0,2024.0,2010.0,True
2410.09038,3.0,2.0,3.0,1.0,2023.0,2023.0,True
2410.09045,36.0,16.0,36.0,34.0,1990.0,2021.0,True
2410.09223,13.0,122.0,122.0,14.0,2019.0,2010.0,True
2410.09335,8.0,0.0,8.0,4.0,2020.0,2024.0,True
2410.09342,2.0,71.0,71.0,3.0,2024.0,2021.0,True
2410.09347,5.0,1.0,5.0,6.0,2023.0,2018.0,True
2410.09426,0.0,4.0,4.0,2.0,2025.0,2022.0,True
2410.09584,1.0,45.0,45.0,59.0,2023.0,1965.0,True
2410.09637,13.0,11.0,13.0,5.0,2019.0,2020.0,True
2410.09704,13.0,1.0,13.0,1.0,2023.0,2024.0,True
2410.09724,5.0,2.0,5.0,5.0,2019.0,2024.0,True
2410.09732,5.0,8.0,8.0,0.0,2024.0,2024.0,True
2410.09733,16.0,5.0,16.0,6.0,2018.0,2020.0,True
2410.09745,13.0,6.0,13.0,2.0,2022.0,2023.0,True
2410.09754,13.0,16.0,16.0,9.0,2021.0,2015.0,True
2410.09870,0.0,7.0,7.0,0.0,2024.0,2024.0,True
2410.10139,10.0,4.0,10.0,2.0,2022.0,2023.0,True
2410.10210,3.0,3.0,3.0,1.0,2023.0,2023.0,True
2410.10306,0.0,3.0,3.0,1.0,2024.0,2023.0,True
2410.10563,16.0,12.0,16.0,7.0,2017.0,2023.0,True
2410.10594,6.0,72.0,72.0,5.0,2019.0,2021.0,True
2410.10626,15.0,18.0,18.0,22.0,2002.0,2023.0,True
2410.10630,5.0,50.0,50.0,13.0,2023.0,2011.0,True
2410.10672,21.0,7.0,21.0,5.0,2019.0,2024.0,True
2410.10774,42.0,2.0,42.0,4.0,2020.0,2023.0,True
2410.10783,2.0,7.0,7.0,3.0,2022.0,2021.0,True
2410.10792,26.0,2.0,26.0,7.0,2017.0,2023.0,True
2410.10803,0.0,51.0,51.0,5.0,2024.0,2019.0,True
2410.10812,26.0,5.0,26.0,5.0,2019.0,2019.0,True
2410.10813,13.0,4.0,13.0,3.0,2021.0,2024.0,True
2410.10814,1.0,0.0,1.0,0.0,2024.0,2025.0,True
2410.10816,2.0,1.0,2.0,0.0,2024.0,2024.0,True
2410.10818,19.0,1.0,19.0,4.0,2020.0,2024.0,True
2410.10819,15.0,4.0,15.0,3.0,2021.0,2023.0,True
2410.10934,25.0,1.0,25.0,3.0,2021.0,2024.0,True
2410.11081,0.0,0.0,0.0,0.0,2025.0,2025.0,True
2410.11096,4.0,7.0,7.0,4.0,2020.0,2023.0,True
2410.11190,2.0,2.0,2.0,2.0,2024.0,2022.0,True
2410.11331,0.0,0.0,0.0,0.0,2025.0,2025.0,True
2410.11419,2.0,3.0,3.0,1.0,2023.0,2024.0,True
2410.11619,19.0,21.0,21.0,6.0,2018.0,2023.0,True
2410.11623,19.0,0.0,19.0,6.0,2018.0,2025.0,True
2410.11710,0.0,3.0,3.0,1.0,2025.0,2023.0,True
2410.11711,5.0,5.0,5.0,11.0,2023.0,2013.0,True
2410.11758,17.0,11.0,17.0,5.0,2019.0,2023.0,True
2410.11779,3.0,67.0,67.0,6.0,2019.0,2018.0,True
2410.11795,7.0,4.0,7.0,1.0,2023.0,2023.0,True
2410.11805,1.0,8.0,8.0,1.0,2024.0,2023.0,True
2410.11817,12.0,4.0,12.0,11.0,2022.0,2013.0,True
2410.11842,23.0,2.0,23.0,2.0,2022.0,2024.0,True
2410.11843,0.0,10.0,10.0,0.0,2024.0,2024.0,True
2410.11878,8.0,5.0,8.0,2.0,2022.0,2022.0,True
2410.11900,8.0,146.0,146.0,12.0,2016.0,2012.0,True
2410.12109,4.0,23.0,23.0,3.0,2023.0,2021.0,True
2410.12183,0.0,83.0,83.0,12.0,2025.0,2012.0,True
2410.12381,12.0,4.0,12.0,22.0,2002.0,2024.0,True
2410.12391,0.0,1.0,1.0,0.0,2025.0,2024.0,True
2410.12405,4.0,4.0,4.0,1.0,2023.0,2024.0,True
2410.12409,9.0,11.0,11.0,3.0,2021.0,2021.0,True
2410.12490,2.0,16.0,16.0,8.0,2024.0,2016.0,True
2410.12491,0.0,2.0,2.0,4.0,2024.0,2020.0,True
2410.12613,4.0,68.0,68.0,18.0,2006.0,2018.0,True
2410.12628,4.0,28.0,28.0,3.0,2023.0,2021.0,True
2410.12705,93.0,4.0,93.0,9.0,2015.0,2018.0,True
2410.12722,2.0,33.0,33.0,1.0,2024.0,2023.0,True
2410.12771,0.0,104.0,104.0,18.0,2025.0,2006.0,True
2410.12781,0.0,3.0,3.0,0.0,2024.0,2024.0,True
2410.12784,2.0,8.0,8.0,4.0,2024.0,2020.0,True
2410.12787,9.0,16.0,16.0,8.0,2021.0,2016.0,True
2410.12788,2.0,18.0,18.0,1.0,2023.0,2023.0,True
2410.12791,14.0,22.0,22.0,33.0,2020.0,1991.0,True
2410.12957,14.0,5.0,14.0,2.0,2022.0,2024.0,True
2410.13060,14.0,12.0,14.0,5.0,2019.0,2020.0,True
2410.13085,11.0,5.0,11.0,2.0,2022.0,2023.0,True
2410.13184,19.0,7.0,19.0,3.0,2021.0,2023.0,True
2410.13198,51.0,7.0,51.0,5.0,2019.0,2022.0,True
2410.13218,3.0,4.0,4.0,4.0,2020.0,2023.0,True
2410.13232,12.0,25.0,25.0,2.0,2022.0,2023.0,True
2410.13268,3.0,13.0,13.0,28.0,1996.0,2023.0,True
2410.13276,4.0,3.0,4.0,1.0,2023.0,2024.0,True
2410.13293,34.0,0.0,34.0,13.0,2011.0,2025.0,True
2410.13334,1.0,1.0,1.0,0.0,2024.0,2024.0,True
2410.13360,0.0,1.0,1.0,0.0,2024.0,2024.0,True
2410.13370,5.0,16.0,16.0,1.0,2023.0,2023.0,True
2410.13394,20.0,148.0,148.0,16.0,2021.0,2008.0,True
2410.13458,0.0,5.0,5.0,0.0,2025.0,2024.0,True
2410.13618,5.0,2.0,5.0,1.0,2023.0,2024.0,True
2410.13639,4.0,1.0,4.0,0.0,2024.0,2024.0,True
2410.13674,2.0,0.0,2.0,1.0,2023.0,2024.0,True
2410.13720,33.0,0.0,33.0,9.0,2015.0,2025.0,True
2410.13726,3.0,38.0,38.0,12.0,2021.0,2012.0,True
2410.13754,1.0,1.0,1.0,0.0,2024.0,2024.0,True
2410.13757,9.0,14.0,14.0,4.0,2020.0,2023.0,True
2410.13782,2.0,8.0,8.0,9.0,2024.0,2015.0,True
2410.13785,11.0,1.0,11.0,1.0,2023.0,2024.0,True
2410.13787,0.0,25.0,25.0,18.0,2025.0,2006.0,True
2410.13804,3.0,2.0,3.0,21.0,2003.0,2024.0,True
2410.13816,3.0,26.0,26.0,4.0,2022.0,2020.0,True
2410.13824,5.0,3.0,5.0,3.0,2021.0,2024.0,True
2410.13828,6.0,27.0,27.0,6.0,2024.0,2018.0,True
2410.13830,7.0,2.0,7.0,1.0,2023.0,2023.0,True
2410.13832,1.0,4.0,4.0,1.0,2024.0,2023.0,True
2410.13841,5.0,112.0,112.0,13.0,2023.0,2011.0,True
2410.13848,4.0,2.0,4.0,0.0,2024.0,2024.0,True
2410.13852,3.0,72.0,72.0,13.0,2022.0,2011.0,True
2410.13854,4.0,15.0,15.0,1.0,2024.0,2023.0,True
2410.13859,0.0,33.0,33.0,14.0,2024.0,2010.0,True
2410.13861,13.0,0.0,13.0,5.0,2019.0,2025.0,True
2410.13863,22.0,3.0,22.0,7.0,2017.0,2024.0,True
2410.13924,0.0,9.0,9.0,1.0,2025.0,2023.0,True
2410.13925,4.0,8.0,8.0,3.0,2024.0,2021.0,True
2410.14059,2.0,3.0,3.0,0.0,2024.0,2024.0,True
2410.14086,6.0,8.0,8.0,5.0,2019.0,2021.0,True
2410.14208,3.0,3.0,3.0,1.0,2023.0,2023.0,True
2410.14470,16.0,70.0,70.0,9.0,2018.0,2015.0,True
2410.14596,17.0,18.0,18.0,1.0,2024.0,2023.0,True
2410.14649,0.0,226.0,226.0,17.0,2025.0,2007.0,True
2410.14669,4.0,27.0,27.0,5.0,2024.0,2019.0,True
2410.14672,9.0,10.0,10.0,2.0,2022.0,2023.0,True
2410.14677,1.0,32.0,32.0,35.0,2024.0,1989.0,True
2410.14745,10.0,31.0,31.0,5.0,2019.0,2022.0,True
2410.14940,6.0,12.0,12.0,1.0,2023.0,2024.0,True
2410.15002,21.0,47.0,47.0,14.0,2010.0,2018.0,True
2410.15017,2.0,7.0,7.0,9.0,2015.0,2021.0,True
2410.15316,0.0,0.0,0.0,0.0,2025.0,2025.0,True
2410.15460,1.0,0.0,1.0,0.0,2024.0,2024.0,True
2410.15522,0.0,25.0,25.0,11.0,2024.0,2013.0,True
2410.15580,1.0,34.0,34.0,8.0,2020.0,2016.0,True
2410.15633,17.0,0.0,17.0,4.0,2020.0,2024.0,True
2410.15735,6.0,6.0,6.0,4.0,2020.0,2020.0,True
2410.15748,0.0,0.0,0.0,0.0,,2025.0,True
2410.15926,4.0,9.0,9.0,1.0,2023.0,2023.0,True
2410.15999,8.0,22.0,22.0,2.0,2022.0,2023.0,True
2410.16048,4.0,1.0,4.0,2.0,2022.0,2022.0,True
2410.16090,8.0,22.0,22.0,2.0,2022.0,2023.0,True
2410.16153,0.0,34.0,34.0,10.0,2024.0,2014.0,True
2410.16184,5.0,4.0,5.0,1.0,2023.0,2024.0,True
2410.16198,17.0,13.0,17.0,5.0,2019.0,2022.0,True
2410.16215,6.0,4.0,6.0,3.0,2021.0,2024.0,True
2410.16251,7.0,6.0,7.0,6.0,2018.0,2023.0,True
2410.16256,5.0,6.0,6.0,1.0,2023.0,2023.0,True
2410.16259,22.0,90.0,90.0,40.0,2016.0,1984.0,True
2410.16266,0.0,0.0,0.0,0.0,2024.0,2024.0,True
2410.16267,2.0,133.0,133.0,18.0,2024.0,2006.0,True
2410.16268,19.0,24.0,24.0,4.0,2020.0,2023.0,True
2410.16270,1.0,8.0,8.0,1.0,2024.0,2023.0,True
2410.16271,2.0,2.0,2.0,0.0,2024.0,2024.0,True
2410.16392,14.0,7.0,14.0,4.0,2020.0,2023.0,True
2410.16429,5.0,185.0,185.0,16.0,2021.0,2008.0,True
2410.16930,1.0,18.0,18.0,9.0,2024.0,2015.0,True
2410.17131,4.0,1.0,4.0,4.0,2020.0,2024.0,True
2410.17215,23.0,6.0,23.0,5.0,2019.0,2021.0,True
2410.17241,30.0,4.0,30.0,6.0,2018.0,2023.0,True
2410.17242,5.0,4.0,5.0,1.0,2023.0,2024.0,True
2410.17243,23.0,19.0,23.0,8.0,2021.0,2016.0,True
2410.17247,1.0,34.0,34.0,4.0,2024.0,2020.0,True
2410.17249,0.0,0.0,0.0,0.0,2025.0,2025.0,True
2410.17250,0.0,14.0,14.0,2.0,2025.0,2022.0,True
2410.17434,16.0,21.0,21.0,3.0,2021.0,2022.0,True
2410.17637,4.0,26.0,26.0,1.0,2024.0,2023.0,True
2410.17655,1.0,235.0,235.0,24.0,2013.0,2000.0,True
2410.17779,11.0,6.0,11.0,9.0,2021.0,2015.0,True
2410.17856,14.0,10.0,14.0,4.0,2020.0,2022.0,True
2410.17883,28.0,7.0,28.0,8.0,2016.0,2023.0,True
2410.17891,11.0,9.0,11.0,2.0,2022.0,2023.0,True
2410.17897,4.0,5.0,5.0,2.0,2022.0,2023.0,True
2410.18013,18.0,5.0,18.0,5.0,2019.0,2024.0,True
2410.18057,0.0,2.0,2.0,2.0,2024.0,2022.0,True
2410.18071,0.0,17.0,17.0,1.0,2024.0,2023.0,True
2410.18072,5.0,2.0,5.0,1.0,2023.0,2023.0,True
2410.18076,0.0,10.0,10.0,8.0,,2016.0,True
2410.18084,1.0,7.0,7.0,0.0,2024.0,2024.0,True
2410.18194,1.0,187.0,187.0,16.0,2023.0,2008.0,True
2410.18234,5.0,4.0,5.0,18.0,2006.0,2020.0,True
2410.18252,8.0,36.0,36.0,6.0,2018.0,2020.0,True
2410.18362,2.0,2.0,2.0,1.0,2024.0,2023.0,True
2410.18441,4.0,4.0,4.0,0.0,2024.0,2024.0,True
2410.18451,4.0,4.0,4.0,1.0,2023.0,2023.0,True
2410.18481,18.0,236.0,236.0,24.0,2018.0,2000.0,True
2410.18505,3.0,5.0,5.0,1.0,2024.0,2023.0,True
2410.18533,20.0,6.0,20.0,5.0,2019.0,2021.0,True
2410.18538,0.0,34.0,34.0,6.0,2025.0,2018.0,True
2410.18558,4.0,5.0,5.0,1.0,2023.0,2023.0,True
2410.18565,0.0,0.0,0.0,0.0,2025.0,2025.0,True
2410.18572,5.0,6.0,6.0,5.0,2022.0,2019.0,True
2410.18603,19.0,3.0,19.0,3.0,2021.0,2024.0,True
2410.18647,3.0,4.0,4.0,4.0,2020.0,2023.0,True
2410.18666,9.0,7.0,9.0,1.0,2023.0,2023.0,True
2410.18693,4.0,6.0,6.0,3.0,2023.0,2021.0,True
2410.18745,3.0,3.0,3.0,10.0,2023.0,2014.0,True
2410.18775,3.0,5.0,5.0,3.0,2021.0,2021.0,True
2410.18785,0.0,17.0,17.0,6.0,2024.0,2018.0,True
2410.18798,9.0,64.0,64.0,9.0,2016.0,2015.0,True
2410.18860,22.0,7.0,22.0,7.0,2017.0,2019.0,True
2410.18889,1.0,17.0,17.0,1.0,2023.0,2023.0,True
2410.18912,6.0,1.0,6.0,6.0,2018.0,2024.0,True
2410.18958,10.0,8.0,10.0,3.0,2021.0,2023.0,True
2410.18975,12.0,5.0,12.0,4.0,2020.0,2023.0,True
2410.18976,0.0,100.0,100.0,16.0,2025.0,2008.0,True
2410.18977,9.0,0.0,9.0,3.0,2021.0,2025.0,True
2410.18978,12.0,28.0,28.0,12.0,2012.0,2022.0,True
2410.19008,21.0,3.0,21.0,6.0,2018.0,2024.0,True
2410.19100,1.0,59.0,59.0,30.0,2024.0,1994.0,True
2410.19123,9.0,3.0,9.0,2.0,2022.0,2024.0,True
2410.19133,12.0,47.0,47.0,15.0,2016.0,2009.0,True
2410.19168,10.0,55.0,55.0,33.0,2020.0,1991.0,True
2410.19290,6.0,10.0,10.0,1.0,2023.0,2023.0,True
2410.19313,4.0,8.0,8.0,5.0,2022.0,2019.0,True
2410.19355,5.0,2.0,5.0,3.0,2021.0,2021.0,True
2410.19482,7.0,73.0,73.0,10.0,2024.0,2014.0,True
2410.19609,16.0,13.0,16.0,3.0,2021.0,2023.0,True
2410.19730,3.0,1.0,3.0,0.0,2024.0,2024.0,True
2410.20011,6.0,7.0,7.0,5.0,2022.0,2019.0,True
2410.20050,1.0,0.0,1.0,0.0,2024.0,2025.0,True
2410.20088,2.0,2.0,2.0,0.0,2024.0,2024.0,True
2410.20220,16.0,1.0,16.0,29.0,2021.0,1995.0,True
2410.20280,1.0,1.0,1.0,1.0,2024.0,2023.0,True
2410.20290,3.0,1.0,3.0,2.0,2022.0,2024.0,True
2410.20305,1.0,2.0,2.0,4.0,2024.0,2020.0,True
2410.20424,20.0,1.0,20.0,6.0,2018.0,2023.0,True
2410.20474,0.0,1.0,1.0,0.0,2025.0,2024.0,True
2410.20636,65.0,65.0,65.0,6.0,2018.0,2018.0,True
2410.20650,3.0,3.0,3.0,0.0,2024.0,2024.0,True
2410.20672,17.0,54.0,54.0,49.0,2020.0,1975.0,True
2410.20779,4.0,26.0,26.0,16.0,2023.0,2008.0,True
2410.21157,17.0,1.0,17.0,0.0,2024.0,2024.0,True
2410.21169,2.0,11.0,11.0,0.0,2024.0,2024.0,True
2410.21220,2.0,8.0,8.0,1.0,2023.0,2023.0,True
2410.21242,4.0,3.0,4.0,3.0,2021.0,2024.0,True
2410.21252,13.0,7.0,13.0,3.0,2021.0,2024.0,True
2410.21264,1.0,137.0,137.0,13.0,2019.0,2011.0,True
2410.21271,8.0,6.0,8.0,1.0,2023.0,2023.0,True
2410.21276,0.0,1.0,1.0,46.0,,1978.0,True
2410.21333,2.0,12.0,12.0,12.0,2024.0,2012.0,True
2410.21411,8.0,25.0,25.0,8.0,2024.0,2016.0,True
2410.21465,4.0,5.0,5.0,2.0,2022.0,2024.0,True
2410.21647,3.0,3.0,3.0,1.0,2024.0,2023.0,True
2410.21666,2.0,6.0,6.0,18.0,2024.0,2006.0,True
2410.21845,10.0,27.0,27.0,4.0,2020.0,2020.0,True
2410.21969,2.0,49.0,49.0,6.0,2024.0,2018.0,True
2410.22304,3.0,3.0,3.0,1.0,2023.0,2024.0,True
2410.22325,3.0,16.0,16.0,1.0,2023.0,2023.0,True
2410.22330,7.0,19.0,19.0,7.0,2021.0,2017.0,True
2410.22366,4.0,73.0,73.0,56.0,1968.0,1994.0,True
2410.22370,0.0,57.0,57.0,8.0,2024.0,2016.0,True
2410.22391,9.0,258.0,258.0,30.0,2020.0,1994.0,True
2410.22394,21.0,6.0,21.0,3.0,2021.0,2023.0,True
2410.22476,28.0,17.0,28.0,14.0,2010.0,2023.0,True
2410.22587,1.0,10.0,10.0,11.0,2024.0,2013.0,True
2410.22884,4.0,44.0,44.0,5.0,2024.0,2019.0,True
2410.22901,5.0,0.0,5.0,10.0,2014.0,2025.0,True
2410.23054,56.0,27.0,56.0,18.0,2006.0,2009.0,True
2410.23090,3.0,47.0,47.0,15.0,2023.0,2009.0,True
2410.23123,1.0,21.0,21.0,3.0,2024.0,2021.0,True
2410.23168,12.0,588.0,588.0,31.0,2019.0,1993.0,True
2410.23218,4.0,3.0,4.0,1.0,2024.0,2023.0,True
2410.23266,0.0,24.0,24.0,1.0,2024.0,2023.0,True
2410.23277,0.0,18.0,18.0,1.0,2025.0,2023.0,True
2410.23287,0.0,5.0,5.0,6.0,2026.0,2018.0,True
2410.23331,12.0,42.0,42.0,20.0,2020.0,2004.0,True
2410.23743,18.0,10.0,18.0,2.0,2022.0,2023.0,True
2410.23775,4.0,9.0,9.0,5.0,2019.0,2023.0,True
2410.23825,14.0,35.0,35.0,38.0,2020.0,1986.0,True
2410.23918,3.0,39.0,39.0,2.0,2022.0,2022.0,True
2410.23933,6.0,2.0,6.0,0.0,2024.0,2024.0,True
2410.24024,,49.0,49.0,4.0,,2020.0,True
2410.24032,5.0,14.0,14.0,1.0,2023.0,2024.0,True
2410.24159,4.0,18.0,18.0,5.0,2023.0,2019.0,True
2410.24175,5.0,8.0,8.0,1.0,2023.0,2024.0,True
2410.24198,8.0,6.0,8.0,1.0,2023.0,2023.0,True
2410.24211,5.0,44.0,44.0,16.0,2008.0,2013.0,True
2410.24213,1.0,22.0,22.0,8.0,2016.0,2018.0,True
2410.24218,0.0,5.0,5.0,1.0,2025.0,2023.0,True
2411.00027,4.0,2.0,4.0,0.0,2024.0,2024.0,True
2411.00030,0.0,6.0,6.0,74.0,,1950.0,True
2411.00225,2.0,1.0,2.0,2.0,2022.0,2024.0,True
2411.00233,0.0,7.0,7.0,1.0,,2023.0,True
2411.00322,4.0,8.0,8.0,1.0,2023.0,2023.0,True
2411.00359,13.0,33.0,33.0,18.0,2006.0,2015.0,True
2411.00369,1.0,3.0,3.0,0.0,2024.0,2024.0,True
2411.00412,6.0,2.0,6.0,1.0,2023.0,2024.0,True
2411.00492,15.0,3.0,15.0,2.0,2022.0,2023.0,True
2411.00660,3.0,1.0,3.0,0.0,2024.0,2024.0,True
2411.00680,1.0,89.0,89.0,33.0,2010.0,1991.0,True
2411.00743,11.0,1.0,11.0,4.0,2020.0,2024.0,True
2411.00762,7.0,154.0,154.0,26.0,2018.0,1998.0,True
2411.00771,4.0,2.0,4.0,4.0,2020.0,2024.0,True
2411.00776,4.0,8.0,8.0,1.0,2024.0,2023.0,True
2411.00785,1.0,3.0,3.0,1.0,2023.0,2024.0,True
2411.00836,0.0,3.0,3.0,0.0,2025.0,2024.0,True
2411.00860,4.0,147.0,147.0,12.0,2021.0,2012.0,True
2411.00871,15.0,1.0,15.0,4.0,2020.0,2023.0,True
2411.00918,2.0,1.0,2.0,1.0,2023.0,2024.0,True
2411.01106,9.0,9.0,9.0,2.0,2022.0,2022.0,True
2411.01192,10.0,58.0,58.0,7.0,2022.0,2017.0,True
2411.01493,5.0,20.0,20.0,3.0,2021.0,2023.0,True
2411.01602,5.0,0.0,5.0,0.0,2024.0,2025.0,True
2411.01747,0.0,2.0,2.0,0.0,2024.0,2024.0,True
2411.01798,11.0,8.0,11.0,7.0,2022.0,2017.0,True
2411.02265,0.0,0.0,0.0,0.0,2025.0,2025.0,True
2411.02319,21.0,19.0,21.0,5.0,2019.0,2023.0,True
2411.02327,10.0,0.0,10.0,2.0,2022.0,2025.0,True
2411.02335,2.0,75.0,75.0,3.0,2022.0,2021.0,True
2411.02336,2.0,18.0,18.0,2.0,2022.0,2023.0,True
2411.02337,5.0,51.0,51.0,4.0,2024.0,2020.0,True
2411.02355,21.0,228.0,228.0,17.0,2018.0,2007.0,True
2411.02359,6.0,0.0,6.0,1.0,2023.0,2024.0,True
2411.02385,3.0,4.0,4.0,1.0,2023.0,2023.0,True
2411.02393,1.0,0.0,1.0,0.0,2024.0,2025.0,True
2411.02394,0.0,4.0,4.0,0.0,2025.0,2024.0,True
2411.02395,6.0,30.0,30.0,7.0,2017.0,2022.0,True
2411.02397,24.0,2.0,24.0,6.0,2018.0,2023.0,True
2411.02462,4.0,3.0,4.0,11.0,2013.0,2023.0,True
2411.02657,3.0,45.0,45.0,15.0,2023.0,2009.0,True
2411.02844,3.0,55.0,55.0,13.0,2023.0,2011.0,True
2411.02959,3.0,47.0,47.0,59.0,2022.0,1965.0,True
2411.03047,5.0,2.0,5.0,3.0,2021.0,2023.0,True
2411.03312,1.0,201.0,201.0,21.0,2024.0,2003.0,True
2411.03562,20.0,8.0,20.0,4.0,2020.0,2023.0,True
2411.03590,3.0,5.0,5.0,8.0,2023.0,2016.0,True
2411.03823,8.0,21.0,21.0,4.0,2020.0,2023.0,True
2411.03884,1.0,0.0,1.0,1.0,2023.0,2024.0,True
2411.04075,4.0,26.0,26.0,9.0,2015.0,2023.0,True
2411.04097,8.0,9.0,9.0,5.0,2019.0,2023.0,True
2411.04109,16.0,0.0,16.0,4.0,2020.0,2024.0,True
2411.04282,1.0,16.0,16.0,1.0,2024.0,2023.0,True
2411.04335,1.0,1.0,1.0,0.0,2024.0,2024.0,True
2411.04425,2.0,0.0,2.0,0.0,2024.0,,True
2411.04496,23.0,6.0,23.0,5.0,2019.0,2023.0,True
2411.04709,16.0,5.0,16.0,4.0,2020.0,2024.0,True
2411.04752,27.0,16.0,27.0,48.0,1976.0,2023.0,True
2411.04905,1.0,20.0,20.0,6.0,2019.0,2018.0,True
2411.04923,3.0,4.0,4.0,3.0,2021.0,2023.0,True
2411.04928,5.0,13.0,13.0,1.0,2023.0,2023.0,True
2411.04952,30.0,12.0,30.0,6.0,2018.0,2023.0,True
2411.04954,2.0,1.0,2.0,6.0,2023.0,2018.0,True
2411.04965,9.0,6.0,9.0,2.0,2022.0,2023.0,True
2411.04983,3.0,9.0,9.0,1.0,2023.0,2023.0,True
2411.04986,16.0,2.0,16.0,5.0,2019.0,2024.0,True
2411.04989,1.0,10.0,10.0,1.0,2024.0,2023.0,True
2411.04996,34.0,5.0,34.0,6.0,2018.0,2023.0,True
2411.04997,2.0,28.0,28.0,2.0,2024.0,2022.0,True
2411.04999,2.0,9.0,9.0,1.0,2024.0,2023.0,True
2411.05000,3.0,91.0,91.0,11.0,2023.0,2013.0,True
2411.05001,4.0,6.0,6.0,4.0,2024.0,2020.0,True
2411.05003,7.0,6.0,7.0,1.0,2023.0,2023.0,True
2411.05005,3.0,5.0,5.0,5.0,2023.0,2019.0,True
2411.05007,4.0,0.0,4.0,0.0,2024.0,2024.0,True
2411.05197,10.0,75.0,75.0,10.0,2017.0,2014.0,True
2411.05288,0.0,2.0,2.0,1.0,2025.0,2023.0,True
2411.05457,9.0,3.0,9.0,12.0,2022.0,2012.0,True
2411.05738,11.0,8.0,11.0,3.0,2021.0,2023.0,True
2411.05830,3.0,0.0,3.0,4.0,2020.0,2025.0,True
2411.05902,4.0,3.0,4.0,0.0,2024.0,2024.0,True
2411.05945,14.0,1.0,14.0,5.0,2019.0,2024.0,True
2411.05966,6.0,1.0,6.0,3.0,2023.0,2021.0,True
2411.05990,44.0,12.0,44.0,17.0,2007.0,2022.0,True
2411.06176,21.0,190.0,190.0,17.0,2019.0,2007.0,True
2411.06208,4.0,41.0,41.0,2.0,2024.0,2022.0,True
2411.06272,0.0,6.0,6.0,1.0,2025.0,2023.0,True
2411.06307,3.0,1.0,3.0,2.0,2022.0,2023.0,True
2411.06424,2.0,0.0,2.0,9.0,2015.0,2024.0,True
2411.06469,24.0,7.0,24.0,2.0,2022.0,2023.0,True
2411.06481,3.0,2.0,3.0,1.0,2023.0,2024.0,True
2411.06490,27.0,1.0,27.0,6.0,2018.0,2023.0,True
2411.06558,1.0,1.0,1.0,0.0,2024.0,2024.0,True
2411.06559,21.0,87.0,87.0,11.0,2018.0,2013.0,True
2411.07126,0.0,6.0,6.0,0.0,,2024.0,True
2411.07133,11.0,11.0,11.0,18.0,2023.0,2006.0,True
2411.07140,3.0,1.0,3.0,0.0,2024.0,2024.0,True
2411.07180,31.0,19.0,31.0,6.0,2018.0,2021.0,True
2411.07184,4.0,4.0,4.0,5.0,2019.0,2023.0,True
2411.07199,7.0,26.0,26.0,1.0,2023.0,2023.0,True
2411.07231,4.0,112.0,112.0,22.0,2024.0,2002.0,True
2411.07232,8.0,34.0,34.0,6.0,2021.0,2018.0,True
2411.07461,14.0,1.0,14.0,3.0,2021.0,2024.0,True
2411.07618,4.0,2.0,4.0,0.0,2024.0,2024.0,True
2411.07641,2.0,7.0,7.0,16.0,2012.0,2008.0,True
2411.07975,1.0,8.0,8.0,3.0,2024.0,2021.0,True
2411.08017,22.0,3.0,22.0,5.0,2019.0,2024.0,True
2411.08033,11.0,1.0,11.0,4.0,2020.0,2023.0,True
2411.08034,1.0,3.0,3.0,2.0,2022.0,2023.0,True
2411.08147,19.0,0.0,19.0,2.0,2022.0,2024.0,True
2411.08307,0.0,24.0,24.0,11.0,2026.0,2013.0,True
2411.08328,6.0,2.0,6.0,1.0,2023.0,2023.0,True
2411.08380,9.0,3.0,9.0,12.0,2012.0,2023.0,True
2411.08768,18.0,18.0,18.0,22.0,2002.0,2024.0,True
2411.08790,4.0,1.0,4.0,0.0,2024.0,2024.0,True
2411.08868,13.0,5.0,13.0,15.0,2018.0,2009.0,True
2411.08954,5.0,30.0,30.0,7.0,2022.0,2017.0,True
2411.09009,16.0,51.0,51.0,16.0,2019.0,2008.0,True
2411.09213,13.0,9.0,13.0,5.0,2020.0,2019.0,True
2411.09595,9.0,12.0,12.0,7.0,2023.0,2017.0,True
2411.09661,27.0,32.0,32.0,9.0,2015.0,2016.0,True
2411.09703,3.0,7.0,7.0,1.0,2023.0,2023.0,True
2411.09944,8.0,22.0,22.0,5.0,2019.0,2021.0,True
2411.10083,0.0,1.0,1.0,14.0,2024.0,2010.0,True
2411.10161,8.0,11.0,11.0,5.0,2019.0,2023.0,True
2411.10168,,,,,,,False
2411.10323,4.0,26.0,26.0,3.0,2024.0,2021.0,True
2411.10332,7.0,2.0,7.0,0.0,2024.0,2024.0,True
2411.10438,6.0,2.0,6.0,1.0,2023.0,2024.0,True
2411.10440,5.0,7.0,7.0,2.0,2023.0,2023.0,True
2411.10442,13.0,16.0,16.0,2.0,2022.0,2023.0,True
2411.10499,7.0,9.0,9.0,2.0,2022.0,2023.0,True
2411.10510,5.0,24.0,24.0,11.0,2023.0,2013.0,True
2411.10640,7.0,0.0,7.0,1.0,2023.0,2024.0,True
2411.10669,1.0,2.0,2.0,1.0,2023.0,2024.0,True
2411.10818,11.0,0.0,11.0,4.0,2020.0,2024.0,True
2411.10836,0.0,1.0,1.0,0.0,2025.0,2024.0,True
2411.10867,21.0,20.0,21.0,37.0,2015.0,1987.0,True
2411.10913,3.0,4.0,4.0,11.0,2018.0,2013.0,True
2411.10958,5.0,58.0,58.0,11.0,2021.0,2013.0,True
2411.11024,0.0,98.0,98.0,13.0,2024.0,2011.0,True
2411.11045,3.0,2.0,3.0,1.0,2023.0,2023.0,True
2411.11171,12.0,2.0,12.0,4.0,2020.0,2023.0,True
2411.11504,5.0,73.0,73.0,9.0,2022.0,2015.0,True
2411.11767,5.0,22.0,22.0,35.0,1989.0,2016.0,True
2411.11844,3.0,32.0,32.0,6.0,2024.0,2018.0,True
2411.11909,4.0,116.0,116.0,22.0,2024.0,2002.0,True
2411.11922,27.0,23.0,27.0,3.0,2021.0,2023.0,True
2411.11925,21.0,7.0,21.0,6.0,2018.0,2023.0,True
2411.12044,2.0,20.0,20.0,7.0,2023.0,2017.0,True
2411.12240,13.0,43.0,43.0,11.0,2013.0,2014.0,True
2411.12275,0.0,1.0,1.0,0.0,2025.0,2024.0,True
2411.12364,1.0,2.0,2.0,0.0,2024.0,2024.0,True
2411.12372,1.0,2.0,2.0,0.0,2024.0,2024.0,True
2411.12734,4.0,8.0,8.0,1.0,2023.0,2023.0,True
2411.12811,4.0,4.0,4.0,0.0,2024.0,2024.0,True
2411.12814,10.0,10.0,10.0,2.0,2022.0,2023.0,True
2411.12925,1.0,266.0,266.0,25.0,2024.0,1999.0,True
2411.12946,2.0,0.0,2.0,10.0,2014.0,2025.0,True
2411.13025,6.0,28.0,28.0,1.0,2023.0,2023.0,True
2411.13082,0.0,0.0,0.0,0.0,2025.0,2025.0,True
2411.13127,18.0,8.0,18.0,3.0,2021.0,2023.0,True
2411.13281,29.0,2.0,29.0,4.0,2020.0,2024.0,True
2411.13476,5.0,82.0,82.0,7.0,2023.0,2017.0,True
2411.13503,4.0,13.0,13.0,1.0,2023.0,2023.0,True
2411.13543,3.0,37.0,37.0,4.0,2024.0,2020.0,True
2411.13550,2.0,1.0,2.0,4.0,2020.0,2024.0,True
2411.13676,2.0,78.0,78.0,9.0,2024.0,2015.0,True
2411.13807,4.0,6.0,6.0,1.0,2023.0,2023.0,True
2411.14199,4.0,28.0,28.0,3.0,2023.0,2021.0,True
2411.14208,7.0,0.0,7.0,1.0,2023.0,2024.0,True
2411.14251,19.0,8.0,19.0,5.0,2019.0,2023.0,True
2411.14257,16.0,29.0,29.0,4.0,2020.0,2021.0,True
2411.14343,0.0,39.0,39.0,25.0,,1999.0,True
2411.14347,20.0,9.0,20.0,3.0,2021.0,2023.0,True
2411.14384,6.0,4.0,6.0,16.0,2023.0,2008.0,True
2411.14402,2.0,20.0,20.0,6.0,2023.0,2018.0,True
2411.14405,0.0,7.0,7.0,0.0,2024.0,2024.0,True
2411.14430,12.0,15.0,15.0,3.0,2021.0,2024.0,True
2411.14432,7.0,1.0,7.0,1.0,2023.0,2024.0,True
2411.14486,66.0,14.0,66.0,6.0,2018.0,2022.0,True
2411.14521,5.0,8.0,8.0,7.0,2017.0,2023.0,True
2411.14522,19.0,11.0,19.0,3.0,2021.0,2023.0,True
2411.14525,6.0,11.0,11.0,1.0,2023.0,2023.0,True
2411.14721,4.0,2.0,4.0,1.0,2023.0,2023.0,True
2411.14740,10.0,6.0,10.0,2.0,2022.0,2023.0,True
2411.14762,7.0,25.0,25.0,5.0,2022.0,2019.0,True
2411.14793,21.0,4.0,21.0,3.0,2021.0,2023.0,True
2411.14794,2.0,2.0,2.0,1.0,2023.0,2024.0,True
2411.14951,1.0,0.0,1.0,5.0,2019.0,2025.0,True
2411.14974,6.0,16.0,16.0,21.0,2023.0,2003.0,True
2411.14982,5.0,3.0,5.0,1.0,2024.0,2023.0,True
2411.15033,0.0,0.0,0.0,0.0,2024.0,2024.0,True
2411.15098,6.0,2.0,6.0,1.0,2023.0,2023.0,True
2411.15115,2.0,14.0,14.0,1.0,2023.0,2023.0,True
2411.15124,36.0,29.0,36.0,6.0,2018.0,2021.0,True
2411.15131,3.0,8.0,8.0,3.0,2024.0,2021.0,True
2411.15138,11.0,10.0,11.0,7.0,2020.0,2017.0,True
2411.15139,15.0,10.0,15.0,6.0,2021.0,2018.0,True
2411.15221,0.0,104.0,104.0,19.0,2025.0,2005.0,True
2411.15241,3.0,4.0,4.0,1.0,2024.0,2023.0,True
2411.15296,18.0,1.0,18.0,1.0,2023.0,2024.0,True
2411.15411,17.0,6.0,17.0,6.0,2018.0,2020.0,True
2411.15466,14.0,5.0,14.0,3.0,2021.0,2023.0,True
2411.15611,33.0,15.0,33.0,21.0,2003.0,2024.0,True
2411.15640,12.0,28.0,28.0,7.0,2018.0,2017.0,True
2411.15671,17.0,367.0,367.0,24.0,2018.0,2000.0,True
2411.15862,0.0,0.0,0.0,0.0,2024.0,2024.0,True
2411.15872,0.0,16.0,16.0,1.0,2025.0,2023.0,True
2411.16034,13.0,3.0,13.0,6.0,2018.0,2024.0,True
2411.16035,11.0,1.0,11.0,3.0,2021.0,2023.0,True
2411.16085,3.0,5.0,5.0,1.0,2023.0,2024.0,True
2411.16173,4.0,20.0,20.0,5.0,2023.0,2019.0,True
2411.16205,89.0,25.0,89.0,9.0,2015.0,2017.0,True
2411.16318,1.0,11.0,11.0,3.0,2024.0,2021.0,True
2411.16341,9.0,0.0,9.0,2.0,2022.0,2025.0,True
2411.16443,19.0,8.0,19.0,3.0,2021.0,2023.0,True
2411.16489,3.0,3.0,3.0,0.0,2024.0,2024.0,True
2411.16508,2.0,1.0,2.0,2.0,2024.0,2022.0,True
2411.16594,21.0,4.0,21.0,2.0,2022.0,2023.0,True
2411.16657,2.0,15.0,15.0,1.0,2024.0,2023.0,True
2411.16665,7.0,166.0,166.0,28.0,2022.0,1996.0,True
2411.16681,11.0,9.0,11.0,1.0,2023.0,2023.0,True
2411.16754,3.0,21.0,21.0,37.0,2018.0,1987.0,True
2411.16781,1.0,8.0,8.0,6.0,2024.0,2018.0,True
2411.16801,1.0,4.0,4.0,0.0,2024.0,2024.0,True
2411.16819,7.0,2.0,7.0,3.0,2021.0,2024.0,True
2411.16832,5.0,1.0,5.0,1.0,2023.0,2024.0,True
2411.16856,8.0,3.0,8.0,4.0,2020.0,2023.0,True
2411.17041,3.0,8.0,8.0,1.0,2024.0,2023.0,True
2411.17116,8.0,0.0,8.0,10.0,2014.0,2025.0,True
2411.17176,20.0,9.0,20.0,4.0,2021.0,2020.0,True
2411.17188,11.0,3.0,11.0,6.0,2023.0,2018.0,True
2411.17190,1.0,11.0,11.0,1.0,2024.0,2023.0,True
2411.17223,1.0,9.0,9.0,1.0,2023.0,2023.0,True
2411.17383,0.0,11.0,11.0,1.0,2025.0,2023.0,True
2411.17440,3.0,5.0,5.0,0.0,2024.0,2024.0,True
2411.17451,49.0,10.0,49.0,5.0,2019.0,2023.0,True
2411.17459,1.0,5.0,5.0,0.0,2024.0,2024.0,True
2411.17465,10.0,10.0,10.0,1.0,2023.0,2023.0,True
2411.17467,5.0,2.0,5.0,3.0,2021.0,2021.0,True
2411.17673,14.0,11.0,14.0,4.0,2020.0,2023.0,True
2411.17686,0.0,21.0,21.0,5.0,2025.0,2019.0,True
2411.17691,0.0,18.0,18.0,2.0,2025.0,2022.0,True
2411.17698,3.0,3.0,3.0,9.0,2024.0,2015.0,True
2411.17769,3.0,44.0,44.0,6.0,2023.0,2018.0,True
2411.17786,4.0,19.0,19.0,3.0,2022.0,2021.0,True
2411.17787,3.0,1.0,3.0,1.0,2023.0,2024.0,True
2411.17863,11.0,83.0,83.0,10.0,2015.0,2014.0,True
2411.17945,6.0,88.0,88.0,12.0,2019.0,2012.0,True
2411.17949,10.0,9.0,10.0,1.0,2023.0,2023.0,True
2411.17991,9.0,8.0,9.0,2.0,2022.0,2023.0,True
2411.18092,1.0,2.0,2.0,0.0,2024.0,2024.0,True
2411.18104,15.0,15.0,15.0,8.0,2016.0,2016.0,True
2411.18197,3.0,2.0,3.0,2.0,2022.0,2023.0,True
2411.18203,5.0,20.0,20.0,5.0,2024.0,2019.0,True
2411.18279,16.0,19.0,19.0,1.0,2023.0,2024.0,True
2411.18350,10.0,0.0,10.0,6.0,2018.0,2025.0,True
2411.18363,6.0,10.0,10.0,1.0,2023.0,2023.0,True
2411.18412,1.0,3.0,3.0,1.0,2024.0,2023.0,True
2411.18462,10.0,0.0,10.0,1.0,2023.0,2024.0,True
2411.18478,3.0,5.0,5.0,1.0,2023.0,2024.0,True
2411.18499,8.0,18.0,18.0,5.0,2019.0,2023.0,True
2411.18552,8.0,6.0,8.0,2.0,2023.0,2022.0,True
2411.18613,13.0,11.0,13.0,5.0,2019.0,2022.0,True
2411.18616,7.0,33.0,33.0,8.0,2022.0,2016.0,True
2411.18664,9.0,257.0,257.0,16.0,2014.0,2008.0,True
2411.18665,,,,,,,False
2411.18671,0.0,1.0,1.0,0.0,2025.0,2024.0,True
2411.18673,9.0,9.0,9.0,3.0,2021.0,2024.0,True
2411.18676,2.0,1.0,2.0,2.0,2022.0,2024.0,True
2411.18915,1.0,1.0,1.0,1.0,2023.0,2024.0,True
2411.18933,7.0,23.0,23.0,2.0,2023.0,2022.0,True
2411.19067,4.0,11.0,11.0,17.0,2014.0,2007.0,True
2411.19103,0.0,0.0,0.0,0.0,2025.0,2025.0,True
2411.19108,2.0,6.0,6.0,2.0,2024.0,2022.0,True
2411.19146,16.0,3.0,16.0,18.0,2018.0,2006.0,True
2411.19189,4.0,8.0,8.0,2.0,2022.0,2023.0,True
2411.19309,0.0,2.0,2.0,0.0,2025.0,2024.0,True
2411.19324,1.0,9.0,9.0,1.0,2024.0,2023.0,True
2411.19415,1.0,3.0,3.0,0.0,2024.0,2024.0,True
2411.19458,6.0,12.0,12.0,4.0,2023.0,2020.0,True
2411.19460,1.0,21.0,21.0,5.0,2024.0,2019.0,True
2411.19477,3.0,20.0,20.0,15.0,2023.0,2009.0,True
2411.19527,4.0,1.0,4.0,4.0,2020.0,2024.0,True
2411.19542,2.0,21.0,21.0,16.0,2010.0,2008.0,True
2411.19574,0.0,12.0,12.0,0.0,2025.0,2024.0,True
2411.19638,19.0,7.0,19.0,8.0,2017.0,2016.0,True
2411.19655,6.0,39.0,39.0,19.0,2019.0,2005.0,True
2411.19799,8.0,8.0,8.0,4.0,2020.0,2024.0,True
2411.19842,3.0,0.0,3.0,1.0,2023.0,2025.0,True
2411.19865,7.0,7.0,7.0,6.0,2018.0,2024.0,True
2411.19870,1.0,39.0,39.0,14.0,2023.0,2010.0,True
2411.19930,9.0,0.0,9.0,3.0,2021.0,2025.0,True
2411.19939,1.0,3.0,3.0,0.0,2024.0,2024.0,True
2411.19943,4.0,1.0,4.0,0.0,2024.0,2024.0,True
2411.19950,12.0,3.0,12.0,8.0,2021.0,2016.0,True
2412.00100,26.0,6.0,26.0,6.0,2018.0,2024.0,True
2412.00131,13.0,7.0,13.0,1.0,2023.0,2024.0,True
2412.00154,2.0,11.0,11.0,1.0,2023.0,2023.0,True
2412.00174,3.0,5.0,5.0,1.0,2023.0,2023.0,True
2412.00176,8.0,12.0,12.0,6.0,2018.0,2023.0,True
2412.00177,4.0,27.0,27.0,6.0,2021.0,2018.0,True
2412.00239,1.0,1.0,1.0,0.0,2024.0,2024.0,True
2412.00319,1.0,303.0,303.0,35.0,2018.0,1989.0,True
2412.00493,11.0,2.0,11.0,3.0,2021.0,2023.0,True
2412.00568,26.0,4.0,26.0,5.0,2019.0,2021.0,True
2412.00869,13.0,28.0,28.0,11.0,2013.0,2018.0,True
2412.00927,9.0,13.0,13.0,2.0,2022.0,2023.0,True
2412.00947,12.0,3.0,12.0,5.0,2019.0,2023.0,True
2412.01064,3.0,1.0,3.0,24.0,2021.0,2000.0,True
2412.01106,3.0,11.0,11.0,2.0,2022.0,2022.0,True
2412.01169,5.0,3.0,5.0,1.0,2023.0,2023.0,True
2412.01199,28.0,2.0,28.0,15.0,2009.0,2024.0,True
2412.01250,7.0,2.0,7.0,1.0,2023.0,2024.0,True
2412.01253,0.0,11.0,11.0,3.0,,2021.0,True
2412.01292,1.0,7.0,7.0,1.0,2023.0,2023.0,True
2412.01316,1.0,4.0,4.0,1.0,2023.0,2024.0,True
2412.01339,14.0,20.0,20.0,5.0,2020.0,2019.0,True
2412.01408,1.0,22.0,22.0,9.0,2024.0,2015.0,True
2412.01506,9.0,5.0,9.0,3.0,2021.0,2022.0,True
2412.01558,0.0,12.0,12.0,1.0,2026.0,2023.0,True
2412.01718,3.0,52.0,52.0,11.0,2024.0,2013.0,True
2412.01800,1.0,4.0,4.0,6.0,2024.0,2018.0,True
2412.01819,3.0,1.0,3.0,0.0,2024.0,2024.0,True
2412.01820,1.0,21.0,21.0,3.0,2024.0,2021.0,True
2412.01821,1.0,9.0,9.0,1.0,2024.0,2023.0,True
2412.01822,12.0,0.0,12.0,2.0,2022.0,2025.0,True
2412.01824,7.0,27.0,27.0,1.0,2023.0,2023.0,True
2412.01928,4.0,1.0,4.0,1.0,2023.0,2024.0,True
2412.01981,20.0,0.0,20.0,3.0,2021.0,2025.0,True
2412.02030,2.0,1.0,2.0,1.0,2023.0,2024.0,True
2412.02114,6.0,2.0,6.0,7.0,2017.0,2024.0,True
2412.02142,10.0,12.0,12.0,0.0,2024.0,2024.0,True
2412.02186,0.0,6.0,6.0,1.0,2025.0,2023.0,True
2412.02259,2.0,2.0,2.0,0.0,2024.0,2024.0,True
2412.02592,1.0,1.0,1.0,0.0,2024.0,2024.0,True
2412.02611,1.0,2.0,2.0,0.0,2024.0,2024.0,True
2412.02632,2.0,15.0,15.0,3.0,2024.0,2021.0,True
2412.02687,2.0,2.0,2.0,1.0,2023.0,2024.0,True
2412.02700,5.0,12.0,12.0,11.0,2023.0,2013.0,True
2412.02980,12.0,2.0,12.0,25.0,2019.0,1999.0,True
2412.03069,6.0,0.0,6.0,3.0,2021.0,2025.0,True
2412.03085,1.0,9.0,9.0,1.0,2024.0,2023.0,True
2412.03123,4.0,4.0,4.0,1.0,2023.0,2023.0,True
2412.03187,2.0,11.0,11.0,1.0,2024.0,2023.0,True
2412.03205,0.0,2.0,2.0,0.0,2026.0,2024.0,True
2412.03248,3.0,3.0,3.0,1.0,2023.0,2024.0,True
2412.03304,3.0,9.0,9.0,1.0,2024.0,2023.0,True
2412.03428,3.0,4.0,4.0,1.0,2024.0,2023.0,True
2412.03439,3.0,12.0,12.0,1.0,2023.0,2023.0,True
2412.03515,1.0,10.0,10.0,1.0,2024.0,2023.0,True
2412.03517,2.0,1.0,2.0,1.0,2023.0,2024.0,True
2412.03548,5.0,7.0,7.0,3.0,2021.0,2024.0,True
2412.03552,3.0,14.0,14.0,3.0,2021.0,2023.0,True
2412.03555,18.0,7.0,18.0,15.0,2009.0,2021.0,True
2412.03558,7.0,3.0,7.0,3.0,2021.0,2023.0,True
2412.03565,2.0,85.0,85.0,10.0,2023.0,2014.0,True
2412.03632,7.0,3.0,7.0,3.0,2021.0,2023.0,True
2412.03679,22.0,1.0,22.0,23.0,2001.0,2024.0,True
2412.03704,0.0,22.0,22.0,1.0,,2023.0,True
2412.03895,5.0,8.0,8.0,8.0,2016.0,2023.0,True
2412.04003,2.0,8.0,8.0,0.0,2024.0,2024.0,True
2412.04062,1.0,93.0,93.0,16.0,2024.0,2008.0,True
2412.04106,6.0,23.0,23.0,3.0,2022.0,2021.0,True
2412.04139,4.0,10.0,10.0,0.0,2024.0,2024.0,True
2412.04144,19.0,2.0,19.0,5.0,2019.0,2024.0,True
2412.04146,5.0,2.0,5.0,0.0,2024.0,2024.0,True
2412.04262,1.0,0.0,1.0,1.0,2023.0,2025.0,True
2412.04280,2.0,4.0,4.0,0.0,2024.0,2024.0,True
2412.04301,1.0,13.0,13.0,14.0,2024.0,2010.0,True
2412.04315,38.0,78.0,78.0,6.0,2018.0,2021.0,True
2412.04363,4.0,1.0,4.0,1.0,2023.0,2024.0,True
2412.04378,8.0,7.0,8.0,4.0,2020.0,2022.0,True
2412.04403,11.0,30.0,30.0,3.0,2022.0,2021.0,True
2412.04424,24.0,3.0,24.0,5.0,2019.0,2022.0,True
2412.04431,0.0,0.0,0.0,0.0,2025.0,2025.0,True
2412.04432,36.0,28.0,36.0,6.0,2018.0,2023.0,True
2412.04440,5.0,6.0,6.0,6.0,2018.0,2023.0,True
2412.04445,5.0,9.0,9.0,2.0,2023.0,2022.0,True
2412.04448,9.0,2.0,9.0,1.0,2023.0,2024.0,True
2412.04449,0.0,0.0,0.0,0.0,2025.0,2024.0,True
2412.04454,14.0,11.0,14.0,5.0,2019.0,2023.0,True
2412.04455,4.0,1.0,4.0,1.0,2023.0,2024.0,True
2412.04462,45.0,15.0,45.0,11.0,2013.0,2023.0,True
2412.04467,4.0,8.0,8.0,1.0,2023.0,2024.0,True
2412.04468,4.0,7.0,7.0,3.0,2023.0,2021.0,True
2412.04470,1.0,18.0,18.0,1.0,2024.0,2023.0,True
2412.04626,6.0,3.0,6.0,2.0,2022.0,2023.0,True
2412.04653,0.0,5.0,5.0,1.0,2025.0,2023.0,True
2412.04814,7.0,7.0,7.0,1.0,2023.0,2024.0,True
2412.04827,7.0,57.0,57.0,17.0,2020.0,2007.0,True
2412.04835,0.0,40.0,40.0,11.0,2024.0,2013.0,True
2412.04862,1.0,2.0,2.0,1.0,2023.0,2024.0,True
2412.04887,1.0,2.0,2.0,1.0,2024.0,2023.0,True
2412.04905,8.0,42.0,42.0,2.0,2023.0,2022.0,True
2412.05148,6.0,45.0,45.0,6.0,2022.0,2018.0,True
2412.05210,3.0,8.0,8.0,0.0,2024.0,2024.0,True
2412.05237,0.0,1.0,1.0,0.0,2025.0,2024.0,True
2412.05243,10.0,0.0,10.0,4.0,2020.0,2025.0,True
2412.05263,5.0,10.0,10.0,2.0,2022.0,2024.0,True
2412.05270,39.0,0.0,39.0,7.0,2017.0,2025.0,True
2412.05271,9.0,25.0,25.0,1.0,2024.0,2023.0,True
2412.05355,5.0,31.0,31.0,10.0,2023.0,2014.0,True
2412.05467,1.0,55.0,55.0,25.0,2024.0,1999.0,True
2412.05552,4.0,2.0,4.0,1.0,2023.0,2024.0,True
2412.05600,14.0,0.0,14.0,3.0,2021.0,,True
2412.05718,18.0,117.0,117.0,19.0,2018.0,2005.0,True
2412.05939,18.0,4.0,18.0,15.0,2020.0,2009.0,True
2412.05983,0.0,2.0,2.0,0.0,2024.0,2024.0,True
2412.05994,36.0,4.0,36.0,18.0,2006.0,2024.0,True
2412.06016,4.0,4.0,4.0,1.0,2023.0,2023.0,True
2412.06071,3.0,3.0,3.0,1.0,2024.0,2023.0,True
2412.06089,0.0,10.0,10.0,15.0,,2009.0,True
2412.06234,9.0,12.0,12.0,2.0,2022.0,2023.0,True
2412.06329,52.0,82.0,82.0,21.0,2015.0,2003.0,True
2412.06464,2.0,40.0,40.0,12.0,2024.0,2012.0,True
2412.06531,1.0,3.0,3.0,47.0,1977.0,2023.0,True
2412.06559,22.0,4.0,22.0,5.0,2019.0,2024.0,True
2412.06578,1.0,47.0,47.0,15.0,2024.0,2009.0,True
2412.06673,4.0,3.0,4.0,1.0,2023.0,2024.0,True
2412.06674,31.0,4.0,31.0,2.0,2023.0,2022.0,True
2412.06676,6.0,243.0,243.0,17.0,2018.0,2007.0,True
2412.06699,0.0,1.0,1.0,1.0,2025.0,2023.0,True
2412.06745,5.0,12.0,12.0,4.0,2020.0,2021.0,True
2412.06767,2.0,2.0,2.0,2.0,2022.0,2023.0,True
2412.06769,8.0,7.0,8.0,2.0,2022.0,2023.0,True
2412.06781,7.0,3.0,7.0,2.0,2022.0,2024.0,True
2412.06782,0.0,9.0,9.0,1.0,2025.0,2023.0,True
2412.06845,10.0,3.0,10.0,1.0,2023.0,2024.0,True
2412.07112,4.0,89.0,89.0,11.0,2013.0,2013.0,True
2412.07147,1.0,1.0,1.0,0.0,2024.0,2024.0,True
2412.07187,2.0,4.0,4.0,1.0,2024.0,2023.0,True
2412.07282,0.0,2.0,2.0,1.0,2025.0,2023.0,True
2412.07334,2.0,2.0,2.0,1.0,2023.0,2023.0,True
2412.07338,4.0,99.0,99.0,10.0,2024.0,2014.0,True
2412.07517,16.0,0.0,16.0,11.0,2013.0,2025.0,True
2412.07583,0.0,0.0,0.0,,,,True
2412.07589,8.0,14.0,14.0,2.0,2022.0,2022.0,True
2412.07626,15.0,35.0,35.0,3.0,2022.0,2021.0,True
2412.07674,15.0,4.0,15.0,5.0,2021.0,2019.0,True
2412.07720,16.0,79.0,79.0,4.0,2020.0,2021.0,True
2412.07721,1.0,45.0,45.0,6.0,2024.0,2018.0,True
2412.07724,46.0,127.0,127.0,15.0,2016.0,2009.0,True
2412.07730,5.0,19.0,19.0,1.0,2024.0,2023.0,True
2412.07744,1.0,0.0,1.0,0.0,2024.0,2025.0,True
2412.07759,1.0,1.0,1.0,0.0,2024.0,2024.0,True
2412.07760,8.0,2.0,8.0,2.0,2022.0,2024.0,True
2412.07769,8.0,86.0,86.0,11.0,2022.0,2013.0,True
2412.07774,1.0,8.0,8.0,2.0,2022.0,2024.0,True
2412.07776,2.0,9.0,9.0,2.0,2022.0,2024.0,True
2412.07797,0.0,0.0,0.0,0.0,2025.0,2025.0,True
2412.07825,23.0,0.0,23.0,5.0,2019.0,2024.0,True
2412.08347,2.0,2.0,2.0,0.0,2024.0,2024.0,True
2412.08443,5.0,2.0,5.0,2.0,2022.0,2024.0,True
2412.08467,11.0,22.0,22.0,5.0,2020.0,2019.0,True
2412.08486,2.0,6.0,6.0,1.0,2023.0,2023.0,True
2412.08503,2.0,1.0,2.0,2.0,2022.0,2024.0,True
2412.08580,1.0,11.0,11.0,1.0,2024.0,2023.0,True
2412.08629,1.0,135.0,135.0,17.0,2024.0,2007.0,True
2412.08635,10.0,5.0,10.0,4.0,2022.0,2020.0,True
2412.08645,2.0,25.0,25.0,3.0,2024.0,2021.0,True
2412.08646,20.0,0.0,20.0,5.0,2019.0,,True
2412.08687,1.0,20.0,20.0,9.0,2022.0,2015.0,True
2412.08737,9.0,73.0,73.0,12.0,2021.0,2012.0,True
2412.08905,10.0,4.0,10.0,4.0,2020.0,2023.0,True
2412.08972,4.0,2.0,4.0,2.0,2022.0,2024.0,True
2412.09013,8.0,46.0,46.0,6.0,2024.0,2018.0,True
2412.09025,1.0,1.0,1.0,0.0,2024.0,2024.0,True
2412.09283,1.0,5.0,5.0,0.0,2024.0,2024.0,True
2412.09349,1.0,0.0,1.0,0.0,2024.0,2025.0,True
2412.09370,2.0,40.0,40.0,19.0,2023.0,2005.0,True
2412.09405,2.0,37.0,37.0,14.0,2016.0,2010.0,True
2412.09428,2.0,3.0,3.0,2.0,2022.0,2023.0,True
2412.09460,4.0,2.0,4.0,32.0,1992.0,2020.0,True
2412.09501,1.0,15.0,15.0,3.0,2024.0,2021.0,True
2412.09551,8.0,2.0,8.0,4.0,2020.0,2024.0,True
2412.09569,18.0,11.0,18.0,5.0,2019.0,2021.0,True
2412.09573,3.0,2.0,3.0,0.0,2024.0,2024.0,True
2412.09585,11.0,3.0,11.0,4.0,2020.0,2023.0,True
2412.09586,12.0,44.0,44.0,36.0,2021.0,1988.0,True
2412.09593,5.0,5.0,5.0,3.0,2021.0,2024.0,True
2412.09596,10.0,1.0,10.0,1.0,2023.0,2024.0,True
2412.09604,3.0,21.0,21.0,1.0,2023.0,2023.0,True
2412.09605,15.0,1.0,15.0,5.0,2019.0,2024.0,True
2412.09611,4.0,33.0,33.0,10.0,2023.0,2014.0,True
2412.09618,12.0,15.0,15.0,4.0,2020.0,2023.0,True
2412.09619,3.0,10.0,10.0,2.0,2022.0,2023.0,True
2412.09622,19.0,33.0,33.0,10.0,2019.0,2014.0,True
2412.09624,4.0,1.0,4.0,0.0,2024.0,2024.0,True
2412.09626,3.0,3.0,3.0,1.0,2024.0,2023.0,True
2412.09645,3.0,1.0,3.0,1.0,2023.0,2024.0,True
2412.09722,14.0,5.0,14.0,5.0,2019.0,2023.0,True
2412.09856,2.0,43.0,43.0,7.0,2020.0,2017.0,True
2412.09858,5.0,0.0,5.0,1.0,2023.0,,True
2412.09871,19.0,2.0,19.0,6.0,2018.0,2024.0,True
2412.09910,3.0,110.0,110.0,18.0,2022.0,2006.0,True
2412.09982,5.0,6.0,6.0,4.0,2020.0,2023.0,True
2412.10047,31.0,20.0,31.0,2.0,2022.0,2024.0,True
2412.10208,3.0,3.0,3.0,0.0,2024.0,2024.0,True
2412.10316,2.0,7.0,7.0,1.0,2023.0,2023.0,True
2412.10319,20.0,30.0,30.0,3.0,2021.0,2022.0,True
2412.10345,26.0,1.0,26.0,3.0,2021.0,2024.0,True
2412.10360,3.0,1.0,3.0,1.0,2023.0,2024.0,True
2412.10447,4.0,152.0,152.0,19.0,2020.0,2005.0,True
2412.10533,28.0,10.0,28.0,6.0,2018.0,2022.0,True
2412.10704,12.0,5.0,12.0,2.0,2022.0,2023.0,True
2412.11100,3.0,0.0,3.0,0.0,2024.0,2025.0,True
2412.11231,1.0,1.0,1.0,0.0,2024.0,2024.0,True
2412.11258,2.0,5.0,5.0,0.0,2024.0,2024.0,True
2412.11279,15.0,16.0,16.0,5.0,2019.0,2023.0,True
2412.11314,0.0,0.0,0.0,0.0,2025.0,2025.0,True
2412.11423,25.0,4.0,25.0,7.0,2017.0,2022.0,True
2412.11449,5.0,5.0,5.0,0.0,2024.0,2024.0,True
2412.11457,4.0,10.0,10.0,1.0,2024.0,2023.0,True
2412.11525,0.0,1.0,1.0,0.0,2025.0,2024.0,True
2412.11586,3.0,8.0,8.0,2.0,2022.0,2022.0,True
2412.11605,3.0,24.0,24.0,8.0,2023.0,2016.0,True
2412.11634,3.0,15.0,15.0,1.0,2023.0,2023.0,True
2412.11689,4.0,64.0,64.0,5.0,2023.0,2019.0,True
2412.11713,1.0,2.0,2.0,0.0,2024.0,2024.0,True
2412.11768,1.0,7.0,7.0,4.0,2023.0,2020.0,True
2412.11815,8.0,2.0,8.0,3.0,2021.0,2024.0,True
2412.11834,2.0,2.0,2.0,0.0,2024.0,2024.0,True
2412.11863,13.0,49.0,49.0,5.0,2023.0,2019.0,True
2412.11919,6.0,49.0,49.0,15.0,2022.0,2009.0,True
2412.11974,4.0,228.0,228.0,14.0,2023.0,2010.0,True
2412.12004,0.0,11.0,11.0,7.0,,2017.0,True
2412.12083,3.0,38.0,38.0,4.0,2023.0,2020.0,True
2412.12091,3.0,11.0,11.0,1.0,2024.0,2023.0,True
2412.12094,0.0,0.0,0.0,0.0,2025.0,2025.0,True
2412.12095,0.0,0.0,0.0,0.0,2025.0,2025.0,True
2412.12098,17.0,27.0,27.0,8.0,2022.0,2016.0,True
2412.12276,1.0,2.0,2.0,0.0,2024.0,2024.0,True
2412.12527,8.0,28.0,28.0,7.0,2022.0,2017.0,True
2412.12571,6.0,10.0,10.0,5.0,2019.0,2023.0,True
2412.12606,3.0,2.0,3.0,1.0,2023.0,2023.0,True
2412.12877,0.0,7.0,7.0,7.0,2025.0,2017.0,True
2412.12953,9.0,43.0,43.0,10.0,2022.0,2014.0,True
2412.13018,8.0,49.0,49.0,59.0,2023.0,1965.0,True
2412.13061,11.0,4.0,11.0,3.0,2021.0,2024.0,True
2412.13147,1.0,2.0,2.0,3.0,2021.0,2024.0,True
2412.13171,1.0,24.0,24.0,1.0,2024.0,2023.0,True
2412.13180,0.0,31.0,31.0,1.0,2025.0,2023.0,True
2412.13185,10.0,5.0,10.0,8.0,2019.0,2016.0,True
2412.13194,8.0,4.0,8.0,2.0,2022.0,2023.0,True
2412.13303,12.0,13.0,13.0,11.0,2013.0,2022.0,True
2412.13377,11.0,0.0,11.0,2.0,2022.0,2025.0,True
2412.13389,1.0,24.0,24.0,16.0,2021.0,2008.0,True
2412.13501,2.0,210.0,210.0,13.0,2024.0,2011.0,True
2412.13649,12.0,5.0,12.0,2.0,2022.0,2023.0,True
2412.13663,0.0,19.0,19.0,6.0,2025.0,2018.0,True
2412.13670,2.0,3.0,3.0,0.0,2024.0,2024.0,True
2412.13746,22.0,38.0,38.0,3.0,2021.0,2021.0,True
2412.13795,1.0,30.0,30.0,5.0,2024.0,2019.0,True
2412.13871,0.0,1.0,1.0,19.0,2024.0,2005.0,True
2412.14015,14.0,0.0,14.0,4.0,2020.0,2024.0,True
2412.14042,14.0,160.0,160.0,17.0,2019.0,2007.0,True
2412.14093,9.0,9.0,9.0,24.0,2000.0,2022.0,True
2412.14123,3.0,4.0,4.0,0.0,2024.0,2024.0,True
2412.14161,6.0,38.0,38.0,10.0,2024.0,2014.0,True
2412.14168,1.0,9.0,9.0,2.0,2022.0,2024.0,True
2412.14169,4.0,2.0,4.0,3.0,2021.0,2023.0,True
2412.14171,17.0,3.0,17.0,6.0,2018.0,2024.0,True
2412.14172,4.0,6.0,6.0,1.0,2023.0,2023.0,True
2412.14173,1.0,0.0,1.0,0.0,2024.0,2024.0,True
2412.14233,5.0,2.0,5.0,1.0,2023.0,2024.0,True
2412.14283,3.0,10.0,10.0,2.0,2023.0,2022.0,True
2412.14294,1.0,172.0,172.0,18.0,2023.0,2006.0,True
2412.14462,1.0,27.0,27.0,8.0,2024.0,2016.0,True
2412.14470,3.0,26.0,26.0,8.0,2024.0,2016.0,True
2412.14475,6.0,6.0,6.0,1.0,2023.0,2023.0,True
2412.14590,1.0,2.0,2.0,0.0,2024.0,2024.0,True
2412.14642,6.0,3.0,6.0,1.0,2023.0,2023.0,True
2412.14689,7.0,33.0,33.0,2.0,2022.0,2023.0,True
2412.14711,7.0,10.0,10.0,3.0,2021.0,2024.0,True
2412.14835,4.0,15.0,15.0,1.0,2023.0,2023.0,True
2412.14922,11.0,35.0,35.0,5.0,2019.0,2022.0,True
2412.14963,10.0,1.0,10.0,25.0,2012.0,1999.0,True
2412.15035,31.0,85.0,85.0,12.0,2021.0,2012.0,True
2412.15084,6.0,12.0,12.0,1.0,2023.0,2023.0,True
2412.15115,0.0,15.0,15.0,4.0,,2020.0,True
2412.15118,10.0,118.0,118.0,22.0,2021.0,2002.0,True
2412.15119,3.0,2.0,3.0,0.0,2024.0,2024.0,True
2412.15191,4.0,14.0,14.0,3.0,2021.0,2024.0,True
2412.15200,0.0,0.0,0.0,0.0,2025.0,2024.0,True
2412.15204,23.0,99.0,99.0,21.0,2021.0,2003.0,True
2412.15213,0.0,0.0,0.0,0.0,2024.0,2024.0,True
2412.15214,1.0,3.0,3.0,0.0,2024.0,2024.0,True
2412.15216,20.0,30.0,30.0,5.0,2019.0,2021.0,True
2412.15322,2.0,41.0,41.0,3.0,2023.0,2021.0,True
2412.15443,0.0,0.0,0.0,0.0,2024.0,2024.0,True
2412.15450,4.0,4.0,4.0,9.0,2015.0,2015.0,True
2412.15484,14.0,15.0,15.0,7.0,2018.0,2017.0,True
2412.15487,0.0,4.0,4.0,0.0,2026.0,2024.0,True
2412.15797,2.0,1.0,2.0,18.0,2006.0,2024.0,True
2412.16112,13.0,3.0,13.0,1.0,2023.0,2023.0,True
2412.16145,3.0,1.0,3.0,2.0,2022.0,2023.0,True
2412.16153,8.0,7.0,8.0,3.0,2021.0,2022.0,True
2412.16429,0.0,27.0,27.0,14.0,2025.0,2010.0,True
2412.16686,6.0,4.0,6.0,1.0,2023.0,2023.0,True
2412.16720,48.0,48.0,48.0,12.0,2012.0,2012.0,True
2412.16849,3.0,12.0,12.0,1.0,2023.0,2023.0,True
2412.16926,33.0,5.0,33.0,9.0,2019.0,2015.0,True
2412.17153,9.0,35.0,35.0,7.0,2022.0,2017.0,True
2412.17256,16.0,1.0,16.0,3.0,2021.0,2024.0,True
2412.17295,10.0,9.0,10.0,2.0,2022.0,2023.0,True
2412.17451,10.0,2.0,10.0,5.0,2019.0,2023.0,True
2412.17483,7.0,53.0,53.0,15.0,2020.0,2009.0,True
2412.17498,2.0,31.0,31.0,1.0,2024.0,2023.0,True
2412.17589,0.0,4.0,4.0,0.0,2025.0,2024.0,True
2412.17606,4.0,5.0,5.0,4.0,2023.0,2020.0,True
2412.17726,8.0,5.0,8.0,1.0,2023.0,2024.0,True
2412.17739,9.0,2.0,9.0,0.0,2024.0,2024.0,True
2412.17743,2.0,16.0,16.0,1.0,2024.0,2023.0,True
2412.17747,5.0,6.0,6.0,23.0,2023.0,2001.0,True
2412.17758,1.0,1.0,1.0,0.0,2024.0,2024.0,True
2412.17762,2.0,23.0,23.0,7.0,2020.0,2017.0,True
2412.17767,4.0,1.0,4.0,1.0,2023.0,2024.0,True
2412.17780,3.0,38.0,38.0,7.0,2024.0,2017.0,True
2412.17805,14.0,5.0,14.0,10.0,2014.0,2022.0,True
2412.17847,23.0,24.0,24.0,10.0,2021.0,2014.0,True
2412.17998,12.0,5.0,12.0,6.0,2018.0,2024.0,True
2412.18072,4.0,2.0,4.0,1.0,2023.0,2023.0,True
2412.18153,2.0,0.0,2.0,0.0,2024.0,2025.0,True
2412.18176,10.0,3.0,10.0,34.0,1990.0,2024.0,True
2412.18319,4.0,1.0,4.0,1.0,2023.0,2024.0,True
2412.18450,5.0,6.0,6.0,5.0,2019.0,2023.0,True
2412.18495,28.0,2.0,28.0,4.0,2020.0,2020.0,True
2412.18525,0.0,29.0,29.0,0.0,2025.0,2024.0,True
2412.18547,8.0,47.0,47.0,2.0,2022.0,2022.0,True
2412.18597,0.0,2.0,2.0,0.0,2024.0,2024.0,True
2412.18605,21.0,9.0,21.0,1.0,2023.0,2024.0,True
2412.18608,2.0,17.0,17.0,7.0,2023.0,2017.0,True
2412.18609,3.0,2.0,3.0,1.0,2023.0,2024.0,True
2412.18619,7.0,23.0,23.0,3.0,2023.0,2021.0,True
2412.18653,0.0,11.0,11.0,1.0,2025.0,2023.0,True
2412.18702,3.0,0.0,3.0,1.0,2023.0,2025.0,True
2412.18925,17.0,25.0,25.0,4.0,2020.0,2023.0,True
2412.19326,2.0,13.0,13.0,1.0,2024.0,2023.0,True
2412.19412,1.0,14.0,14.0,3.0,2024.0,2021.0,True
2412.19512,2.0,4.0,4.0,1.0,2023.0,2023.0,True
2412.19638,1.0,2.0,2.0,14.0,2024.0,2010.0,True
2412.19645,4.0,3.0,4.0,1.0,2023.0,2023.0,True
2412.19712,2.0,2.0,2.0,1.0,2023.0,2024.0,True
2412.19723,21.0,6.0,21.0,2.0,2022.0,2024.0,True
2412.20005,3.0,3.0,3.0,1.0,2024.0,2023.0,True
2412.20070,3.0,26.0,26.0,1.0,2024.0,2023.0,True
2412.20422,5.0,36.0,36.0,10.0,2014.0,2018.0,True
2412.20631,7.0,12.0,12.0,2.0,2023.0,2022.0,True
2412.20735,0.0,22.0,22.0,2.0,2025.0,2022.0,True
2412.20750,5.0,23.0,23.0,5.0,2024.0,2019.0,True
2412.20800,0.0,2.0,2.0,1.0,2025.0,2023.0,True
2412.20993,2.0,0.0,2.0,0.0,2024.0,2025.0,True
2412.21015,0.0,19.0,19.0,8.0,2024.0,2016.0,True
2412.21037,5.0,230.0,230.0,14.0,2023.0,2010.0,True
2412.21059,8.0,57.0,57.0,4.0,2022.0,2020.0,True
2412.21079,10.0,3.0,10.0,3.0,2021.0,2024.0,True
2412.21139,13.0,0.0,13.0,2.0,2022.0,2025.0,True
2412.21140,3.0,6.0,6.0,24.0,2023.0,2000.0,True
2412.21187,9.0,20.0,20.0,3.0,2021.0,2022.0,True
2412.21199,3.0,3.0,3.0,0.0,2024.0,2024.0,True
2412.21206,1.0,8.0,8.0,4.0,2024.0,2020.0,True
2501.00103,5.0,0.0,5.0,14.0,2010.0,2026.0,True
2501.00192,2.0,3.0,3.0,0.0,2024.0,2024.0,True
2501.00316,1.0,20.0,20.0,8.0,2024.0,2016.0,True
2501.00599,4.0,20.0,20.0,8.0,2023.0,2016.0,True
2501.00658,46.0,0.0,46.0,5.0,2019.0,2025.0,True
2501.00712,2.0,5.0,5.0,1.0,2024.0,2024.0,True
2501.00874,13.0,11.0,13.0,6.0,2020.0,2019.0,True
2501.00910,0.0,0.0,0.0,0.0,2025.0,2025.0,True
2501.00912,6.0,8.0,8.0,5.0,2023.0,2020.0,True
2501.00958,21.0,22.0,22.0,9.0,2021.0,2016.0,True
2501.01054,5.0,7.0,7.0,10.0,2023.0,2015.0,True
2501.01073,11.0,2.0,11.0,5.0,2020.0,2024.0,True
2501.01149,2.0,0.0,2.0,4.0,2021.0,2025.0,True
2501.01245,1.0,2.0,2.0,1.0,2024.0,2024.0,True
2501.01257,8.0,12.0,12.0,1.0,2024.0,2024.0,True
2501.01264,14.0,3.0,14.0,2.0,2023.0,2024.0,True
2501.01320,4.0,3.0,4.0,2.0,2023.0,2023.0,True
2501.01407,33.0,17.0,33.0,5.0,2020.0,2024.0,True
2501.01423,5.0,12.0,12.0,7.0,2024.0,2018.0,True
2501.01426,0.0,26.0,26.0,6.0,2025.0,2019.0,True
2501.01427,0.0,11.0,11.0,1.0,2025.0,2024.0,True
2501.01540,21.0,9.0,21.0,13.0,2019.0,2012.0,True
2501.01790,32.0,10.0,32.0,5.0,2020.0,2022.0,True
2501.01821,7.0,0.0,7.0,2.0,2023.0,2025.0,True
2501.01830,7.0,124.0,124.0,14.0,2015.0,2011.0,True
2501.01895,16.0,8.0,16.0,8.0,2023.0,2017.0,True
2501.01904,10.0,4.0,10.0,3.0,2022.0,2023.0,True
2501.01957,23.0,4.0,23.0,2.0,2023.0,2024.0,True
2501.02045,9.0,75.0,75.0,13.0,2023.0,2012.0,True
2501.02157,1.0,35.0,35.0,13.0,2024.0,2012.0,True
2501.02260,1.0,3.0,3.0,1.0,2024.0,2024.0,True
2501.02376,2.0,6.0,6.0,1.0,2024.0,2024.0,True
2501.02393,0.0,0.0,0.0,0.0,2025.0,2025.0,True
2501.02423,21.0,5.0,21.0,2.0,2023.0,2023.0,True
2501.02497,12.0,14.0,14.0,4.0,2021.0,2023.0,True
2501.02506,22.0,3.0,22.0,3.0,2022.0,2023.0,True
2501.02576,8.0,6.0,8.0,2.0,2023.0,2023.0,True
2501.02690,20.0,13.0,20.0,6.0,2019.0,2023.0,True
2501.02772,2.0,13.0,13.0,2.0,2024.0,2023.0,True
2501.02790,3.0,0.0,3.0,1.0,2024.0,2025.0,True
2501.02832,1.0,0.0,1.0,1.0,2024.0,2025.0,True
2501.02955,15.0,18.0,18.0,4.0,2021.0,2021.0,True
2501.02976,3.0,10.0,10.0,1.0,2024.0,2024.0,True
2501.03006,11.0,5.0,11.0,2.0,2023.0,2023.0,True
2501.03059,4.0,35.0,35.0,10.0,2023.0,2015.0,True
2501.03124,1.0,9.0,9.0,1.0,2024.0,2024.0,True
2501.03218,6.0,31.0,31.0,2.0,2023.0,2023.0,True
2501.03220,2.0,2.0,2.0,2.0,2023.0,2023.0,True
2501.03225,32.0,36.0,36.0,7.0,2018.0,2023.0,True
2501.03226,2.0,31.0,31.0,2.0,2024.0,2023.0,True
2501.03262,1.0,1.0,1.0,1.0,2024.0,2024.0,True
2501.03271,27.0,37.0,37.0,38.0,1987.0,2023.0,True
2501.03489,16.0,15.0,16.0,6.0,2019.0,2020.0,True
2501.03575,0.0,0.0,0.0,0.0,,2025.0,True
2501.03714,4.0,1.0,4.0,2.0,2024.0,2023.0,True
2501.03841,0.0,2.0,2.0,1.0,2025.0,2024.0,True
2501.03847,0.0,4.0,4.0,1.0,2026.0,2024.0,True
2501.03895,31.0,17.0,31.0,6.0,2019.0,2023.0,True
2501.03916,17.0,1.0,17.0,3.0,2022.0,2024.0,True
2501.03931,15.0,4.0,15.0,4.0,2021.0,2023.0,True
2501.03936,5.0,125.0,125.0,14.0,2021.0,2011.0,True
2501.04001,19.0,24.0,24.0,4.0,2021.0,2022.0,True
2501.04003,9.0,22.0,22.0,2.0,2023.0,2023.0,True
2501.04144,14.0,26.0,26.0,6.0,2019.0,2021.0,True
2501.04227,23.0,26.0,26.0,33.0,2020.0,1992.0,True
2501.04306,4.0,3.0,4.0,3.0,2022.0,2024.0,True
2501.04377,3.0,26.0,26.0,1.0,2024.0,2024.0,True
2501.04519,0.0,7.0,7.0,2.0,2025.0,2023.0,True
2501.04561,10.0,1.0,10.0,2.0,2023.0,2025.0,True
2501.04575,2.0,1.0,2.0,1.0,2024.0,2024.0,True
2501.04652,2.0,2.0,2.0,1.0,2024.0,2024.0,True
2501.04682,7.0,11.0,11.0,5.0,2020.0,2024.0,True
2501.04686,7.0,11.0,11.0,1.0,2024.0,2024.0,True
2501.04689,6.0,60.0,60.0,4.0,2023.0,2021.0,True
2501.04693,14.0,18.0,18.0,27.0,1998.0,2002.0,True
2501.04694,4.0,3.0,4.0,3.0,2022.0,2024.0,True
2501.04698,4.0,15.0,15.0,2.0,2023.0,2023.0,True
2501.04828,12.0,8.0,12.0,9.0,2016.0,2018.0,True
2501.04961,2.0,16.0,16.0,3.0,2024.0,2022.0,True
2501.05032,0.0,0.0,0.0,0.0,,2026.0,True
2501.05040,2.0,3.0,3.0,2.0,2023.0,2024.0,True
2501.05122,15.0,37.0,37.0,6.0,2020.0,2019.0,True
2501.05131,3.0,10.0,10.0,2.0,2024.0,2023.0,True
2501.05366,7.0,57.0,57.0,16.0,2022.0,2009.0,True
2501.05441,5.0,120.0,120.0,16.0,2023.0,2009.0,True
2501.05452,17.0,4.0,17.0,6.0,2019.0,2022.0,True
2501.05453,32.0,7.0,32.0,8.0,2017.0,2023.0,True
2501.05510,1.0,33.0,33.0,2.0,2024.0,2023.0,True
2501.05542,68.0,16.0,68.0,7.0,2018.0,2022.0,True
2501.05707,4.0,17.0,17.0,7.0,2024.0,2018.0,True
2501.05727,5.0,8.0,8.0,1.0,2024.0,2024.0,True
2501.05767,3.0,91.0,91.0,4.0,2024.0,2021.0,True
2501.05874,28.0,11.0,28.0,11.0,2014.0,2023.0,True
2501.06173,18.0,0.0,18.0,6.0,2019.0,2025.0,True
2501.06186,15.0,16.0,16.0,6.0,2019.0,2023.0,True
2501.06187,10.0,17.0,17.0,6.0,2019.0,2024.0,True
2501.06250,17.0,4.0,17.0,3.0,2022.0,2023.0,True
2501.06252,4.0,3.0,4.0,7.0,2018.0,2022.0,True
2501.06282,5.0,4.0,5.0,2.0,2023.0,2023.0,True
2501.06425,3.0,5.0,5.0,23.0,2002.0,2023.0,True
2501.06458,8.0,4.0,8.0,3.0,2022.0,2023.0,True
2501.06590,55.0,16.0,55.0,31.0,2019.0,1994.0,True
2501.06708,7.0,1.0,7.0,22.0,2021.0,2003.0,True
2501.06751,5.0,146.0,146.0,12.0,2022.0,2013.0,True
2501.06842,1.0,37.0,37.0,6.0,2024.0,2019.0,True
2501.07171,4.0,37.0,37.0,2.0,2024.0,2023.0,True
2501.07301,8.0,9.0,9.0,2.0,2023.0,2024.0,True
2501.07556,11.0,25.0,25.0,4.0,2022.0,2021.0,True
2501.07572,14.0,22.0,22.0,3.0,2022.0,2023.0,True
2501.07574,0.0,42.0,42.0,11.0,2025.0,2014.0,True
2501.07730,1.0,13.0,13.0,2.0,2024.0,2023.0,True
2501.07783,10.0,27.0,27.0,5.0,2020.0,2023.0,True
2501.07888,3.0,4.0,4.0,4.0,2023.0,2021.0,True
2501.08120,8.0,8.0,8.0,12.0,2013.0,2013.0,True
2501.08167,3.0,9.0,9.0,14.0,2021.0,2011.0,True
2501.08187,29.0,73.0,73.0,7.0,2019.0,2018.0,True
2501.08197,6.0,2.0,6.0,4.0,2023.0,2021.0,True
2501.08225,10.0,27.0,27.0,3.0,2022.0,2023.0,True
2501.08284,50.0,19.0,50.0,13.0,2016.0,2012.0,True
2501.08292,45.0,14.0,45.0,10.0,2015.0,2023.0,True
2501.08313,0.0,0.0,0.0,0.0,,2025.0,True
2501.08316,12.0,4.0,12.0,6.0,2019.0,2023.0,True
2501.08319,1.0,60.0,60.0,8.0,2025.0,2017.0,True
2501.08325,1.0,0.0,1.0,1.0,2024.0,2025.0,True
2501.08326,11.0,3.0,11.0,18.0,2007.0,2024.0,True
2501.08328,5.0,77.0,77.0,20.0,2010.0,2005.0,True
2501.08331,2.0,2.0,2.0,1.0,2024.0,2024.0,True
2501.08332,3.0,1.0,3.0,1.0,2024.0,2024.0,True
2501.08365,15.0,4.0,15.0,14.0,2011.0,2019.0,True
2501.08617,7.0,8.0,8.0,4.0,2021.0,2023.0,True
2501.08809,0.0,12.0,12.0,2.0,,2023.0,True
2501.08828,10.0,2.0,10.0,2.0,2023.0,2024.0,True
2501.08970,81.0,24.0,81.0,50.0,2014.0,1975.0,True
2501.08983,7.0,9.0,9.0,2.0,2023.0,2024.0,True
2501.08994,9.0,15.0,15.0,2.0,2023.0,2023.0,True
2501.09012,6.0,6.0,6.0,3.0,2022.0,2022.0,True
2501.09019,17.0,77.0,77.0,9.0,2016.0,2016.0,True
2501.09038,16.0,33.0,33.0,10.0,2019.0,2015.0,True
2501.09284,3.0,2.0,3.0,1.0,2024.0,2024.0,True
2501.09433,1.0,1.0,1.0,1.0,2024.0,2024.0,True
2501.09484,20.0,0.0,20.0,6.0,2019.0,2025.0,True
2501.09503,1.0,3.0,3.0,1.0,2024.0,2024.0,True
2501.09653,6.0,34.0,34.0,16.0,2009.0,2014.0,True
2501.09686,107.0,13.0,107.0,11.0,2014.0,2021.0,True
2501.09732,1.0,3.0,3.0,1.0,2024.0,2024.0,True
2501.09747,36.0,31.0,36.0,7.0,2018.0,2020.0,True
2501.09751,7.0,74.0,74.0,7.0,2023.0,2018.0,True
2501.09755,8.0,4.0,8.0,3.0,2022.0,2022.0,True
2501.09756,152.0,13.0,152.0,24.0,2001.0,2022.0,True
2501.09775,1.0,35.0,35.0,18.0,2024.0,2007.0,True
2501.09781,1.0,60.0,60.0,15.0,2023.0,2010.0,True
2501.09825,1.0,7.0,7.0,9.0,2024.0,2016.0,True
2501.09891,4.0,2.0,4.0,5.0,2020.0,2024.0,True
2501.09978,3.0,1.0,3.0,1.0,2024.0,2024.0,True
2501.10018,2.0,4.0,4.0,6.0,2019.0,2024.0,True
2501.10020,4.0,2.0,4.0,2.0,2023.0,2024.0,True
2501.10021,2.0,4.0,4.0,2.0,2023.0,2023.0,True
2501.10045,6.0,18.0,18.0,11.0,2023.0,2014.0,True
2501.10057,27.0,56.0,56.0,9.0,2020.0,2016.0,True
2501.10120,2.0,161.0,161.0,34.0,2024.0,1991.0,True
2501.10132,2.0,3.0,3.0,1.0,2024.0,2024.0,True
2501.10283,2.0,0.0,2.0,1.0,2024.0,2025.0,True
2501.10573,2.0,2.0,2.0,1.0,2024.0,2024.0,True
2501.10687,4.0,8.0,8.0,6.0,2021.0,2019.0,True
2501.10799,15.0,3.0,15.0,6.0,2019.0,2024.0,True
2501.10893,10.0,111.0,111.0,14.0,2021.0,2011.0,True
2501.10979,6.0,6.0,6.0,16.0,2022.0,2009.0,True
2501.11067,10.0,12.0,12.0,17.0,2011.0,2008.0,True
2501.11223,77.0,11.0,77.0,15.0,2010.0,2023.0,True
2501.11325,3.0,3.0,3.0,1.0,2024.0,2024.0,True
2501.11425,1.0,0.0,1.0,0.0,2025.0,2025.0,True
2501.11733,17.0,5.0,17.0,4.0,2021.0,2022.0,True
2501.11858,3.0,3.0,3.0,3.0,2022.0,2024.0,True
2501.11873,1.0,10.0,10.0,1.0,2024.0,2024.0,True
2501.11900,3.0,1.0,3.0,4.0,2021.0,2024.0,True
2501.12202,3.0,5.0,5.0,1.0,2024.0,2024.0,True
2501.12206,3.0,0.0,3.0,4.0,2021.0,2025.0,True
2501.12224,4.0,50.0,50.0,61.0,2023.0,1964.0,True
2501.12273,7.0,8.0,8.0,2.0,2023.0,2023.0,True
2501.12326,57.0,1.0,57.0,8.0,2017.0,2024.0,True
2501.12368,47.0,34.0,47.0,7.0,2018.0,2023.0,True
2501.12370,1.0,25.0,25.0,23.0,2024.0,2002.0,True
2501.12375,1.0,5.0,5.0,2.0,2024.0,2023.0,True
2501.12380,2.0,44.0,44.0,2.0,2024.0,2023.0,True
2501.12387,3.0,95.0,95.0,41.0,2024.0,1984.0,True
2501.12389,0.0,128.0,128.0,35.0,2025.0,1990.0,True
2501.12390,0.0,2.0,2.0,1.0,2025.0,2024.0,True
2501.12570,1.0,111.0,111.0,13.0,2023.0,2012.0,True
2501.12599,0.0,1.0,1.0,3.0,2025.0,2022.0,True
2501.12895,24.0,1.0,24.0,4.0,2021.0,2025.0,True
2501.12909,13.0,1.0,13.0,4.0,2021.0,2024.0,True
2501.12948,3.0,3.0,3.0,1.0,2024.0,2024.0,True
2501.13007,6.0,13.0,13.0,2.0,2023.0,2024.0,True
2501.13074,20.0,4.0,20.0,3.0,2022.0,2023.0,True
2501.13075,97.0,3.0,97.0,63.0,1962.0,2011.0,True
2501.13106,4.0,8.0,8.0,1.0,2024.0,2024.0,True
2501.13124,16.0,44.0,44.0,20.0,2005.0,2022.0,True
2501.13200,3.0,80.0,80.0,40.0,2021.0,1985.0,True
2501.13452,0.0,2.0,2.0,1.0,2025.0,2024.0,True
2501.13554,1.0,10.0,10.0,2.0,2023.0,2023.0,True
2501.13629,12.0,3.0,12.0,8.0,2017.0,2022.0,True
2501.13687,0.0,36.0,36.0,37.0,,1988.0,True
2501.13824,11.0,6.0,11.0,3.0,2022.0,2024.0,True
2501.13826,2.0,7.0,7.0,2.0,2023.0,2023.0,True
2501.13918,7.0,24.0,24.0,24.0,2001.0,2023.0,True
2501.13919,3.0,38.0,38.0,2.0,2023.0,2023.0,True
2501.13920,2.0,8.0,8.0,1.0,2024.0,2024.0,True
2501.13925,0.0,0.0,0.0,0.0,2025.0,2025.0,True
2501.13926,13.0,28.0,28.0,20.0,2021.0,2005.0,True
2501.13928,12.0,42.0,42.0,18.0,2020.0,2007.0,True
2501.13953,121.0,96.0,121.0,5.0,2020.0,2021.0,True
2501.14176,2.0,0.0,2.0,7.0,2018.0,2025.0,True
2501.14249,4.0,0.0,4.0,20.0,2005.0,2025.0,True
2501.14334,4.0,0.0,4.0,6.0,2019.0,2026.0,True
2501.14342,32.0,25.0,32.0,11.0,2014.0,2021.0,True
2501.14417,4.0,7.0,7.0,2.0,2023.0,2024.0,True
2501.14492,6.0,11.0,11.0,1.0,2024.0,2024.0,True
2501.14677,5.0,52.0,52.0,7.0,2023.0,2018.0,True
2501.14723,2.0,85.0,85.0,15.0,2024.0,2010.0,True
2501.14726,4.0,5.0,5.0,2.0,2023.0,2024.0,True
2501.14912,1.0,4.0,4.0,13.0,2024.0,2012.0,True
2501.15368,3.0,5.0,5.0,17.0,2024.0,2008.0,True
2501.15369,0.0,0.0,0.0,0.0,2025.0,2025.0,True
2501.15383,6.0,7.0,7.0,13.0,2022.0,2012.0,True
2501.15420,6.0,3.0,6.0,7.0,2023.0,2018.0,True
2501.15427,3.0,6.0,6.0,2.0,2023.0,2024.0,True
2501.15570,0.0,1.0,1.0,5.0,2025.0,2020.0,True
2501.15654,0.0,109.0,109.0,14.0,2025.0,2011.0,True
2501.15747,3.0,26.0,26.0,12.0,2024.0,2013.0,True
2501.15891,1.0,4.0,4.0,2.0,2024.0,2023.0,True
2501.15907,4.0,8.0,8.0,2.0,2023.0,2024.0,True
2501.16142,0.0,4.0,4.0,2.0,2025.0,2023.0,True
2501.16273,27.0,4.0,27.0,49.0,2001.0,1976.0,True
2501.16295,36.0,2.0,36.0,7.0,2018.0,2024.0,True
2501.16372,6.0,7.0,7.0,4.0,2021.0,2023.0,True
2501.16411,2.0,7.0,7.0,14.0,2011.0,2023.0,True
2501.16496,3.0,5.0,5.0,15.0,2024.0,2010.0,True
2501.16609,7.0,4.0,7.0,4.0,2021.0,2024.0,True
2501.16764,3.0,3.0,3.0,1.0,2024.0,2024.0,True
2501.16937,5.0,2.0,5.0,2.0,2023.0,2024.0,True
2501.16975,2.0,3.0,3.0,1.0,2024.0,2024.0,True
2501.17116,3.0,4.0,4.0,4.0,2021.0,2023.0,True
2501.17117,2.0,3.0,3.0,2.0,2023.0,2023.0,True
2501.17161,5.0,8.0,8.0,3.0,2023.0,2022.0,True
2501.17195,4.0,1.0,4.0,13.0,2012.0,2024.0,True
2501.17433,20.0,16.0,20.0,4.0,2021.0,2023.0,True
2501.17703,7.0,30.0,30.0,2.0,2023.0,2023.0,True
2501.17749,70.0,1.0,70.0,15.0,2010.0,2025.0,True
2501.18009,0.0,0.0,0.0,0.0,2025.0,2025.0,True
2501.18052,2.0,8.0,8.0,3.0,2023.0,2022.0,True
2501.18055,1.0,5.0,5.0,7.0,2024.0,2018.0,True
2501.18119,5.0,3.0,5.0,1.0,2024.0,2024.0,True
2501.18128,0.0,21.0,21.0,19.0,,2006.0,True
2501.18362,1.0,5.0,5.0,1.0,2024.0,2024.0,True
2501.18427,6.0,9.0,9.0,6.0,2024.0,2019.0,True
2501.18438,71.0,2.0,71.0,15.0,2010.0,2025.0,True
2501.18492,0.0,4.0,4.0,1.0,2025.0,2024.0,True
2501.18511,16.0,15.0,16.0,13.0,2022.0,2012.0,True
2501.18512,21.0,19.0,21.0,28.0,2020.0,1997.0,True
2501.18585,1.0,1.0,1.0,2.0,2024.0,2023.0,True
2501.18636,5.0,2.0,5.0,2.0,2023.0,2024.0,True
2501.18753,1.0,4.0,4.0,2.0,2025.0,2023.0,True
2501.18804,73.0,76.0,76.0,17.0,2008.0,2008.0,True
2501.18837,11.0,6.0,11.0,6.0,2019.0,2024.0,True
2501.18841,7.0,2.0,7.0,1.0,2024.0,2024.0,True
2501.18965,6.0,6.0,6.0,4.0,2021.0,2021.0,True
2501.19054,0.0,3.0,3.0,1.0,2025.0,2024.0,True
2501.19066,3.0,0.0,3.0,3.0,2022.0,2025.0,True
2501.19085,0.0,5.0,5.0,1.0,2025.0,2024.0,True
2501.19324,14.0,14.0,14.0,7.0,2018.0,2023.0,True
2501.19339,3.0,4.0,4.0,2.0,2024.0,2023.0,True
2501.19389,4.0,28.0,28.0,2.0,2023.0,2023.0,True
2501.19393,55.0,14.0,55.0,5.0,2020.0,2021.0,True
2501.19399,3.0,3.0,3.0,36.0,1989.0,1989.0,True
2502.00094,11.0,3.0,11.0,4.0,2022.0,2021.0,True
2502.00226,18.0,3.0,18.0,44.0,1994.0,1981.0,True
2502.00299,11.0,26.0,26.0,7.0,2023.0,2018.0,True
2502.00306,6.0,2.0,6.0,19.0,2023.0,2006.0,True
2502.00314,23.0,116.0,116.0,19.0,2020.0,2006.0,True
2502.00473,7.0,7.0,7.0,1.0,2024.0,2024.0,True
2502.00674,3.0,0.0,3.0,1.0,2024.0,2025.0,True
2502.00698,5.0,3.0,5.0,4.0,2021.0,2024.0,True
2502.00840,1.0,2.0,2.0,2.0,2025.0,2023.0,True
2502.00963,2.0,2.0,2.0,18.0,2024.0,2007.0,True
2502.00987,1.0,109.0,109.0,14.0,2024.0,2011.0,True
2502.00988,2.0,215.0,215.0,14.0,2024.0,2011.0,True
2502.00989,2.0,215.0,215.0,14.0,2024.0,2011.0,True
2502.01061,5.0,7.0,7.0,9.0,2024.0,2016.0,True
2502.01068,3.0,5.0,5.0,5.0,2023.0,2020.0,True
2502.01081,4.0,235.0,235.0,15.0,2023.0,2010.0,True
2502.01100,11.0,2.0,11.0,2.0,2023.0,2024.0,True
2502.01105,20.0,10.0,20.0,3.0,2022.0,2024.0,True
2502.01126,8.0,3.0,8.0,4.0,2021.0,2023.0,True
2502.01142,9.0,39.0,39.0,3.0,2022.0,2023.0,True
2502.01154,8.0,6.0,8.0,11.0,2014.0,2022.0,True
2502.01208,0.0,35.0,35.0,14.0,2025.0,2011.0,True
2502.01237,2.0,12.0,12.0,6.0,2024.0,2019.0,True
2502.01341,13.0,5.0,13.0,5.0,2020.0,2023.0,True
2502.01362,7.0,18.0,18.0,55.0,1970.0,2011.0,True
2502.01441,9.0,11.0,11.0,20.0,2022.0,2005.0,True
2502.01456,41.0,61.0,61.0,7.0,2018.0,2019.0,True
2502.01506,4.0,2.0,4.0,1.0,2024.0,2024.0,True
2502.01534,24.0,7.0,24.0,3.0,2022.0,2023.0,True
2502.01572,20.0,10.0,20.0,3.0,2022.0,2024.0,True
2502.01584,2.0,7.0,7.0,2.0,2024.0,2023.0,True
2502.01591,32.0,1.0,32.0,23.0,2002.0,2024.0,True
2502.01618,0.0,8.0,8.0,2.0,2025.0,2023.0,True
2502.01619,18.0,26.0,26.0,5.0,2020.0,2023.0,True
2502.01636,2.0,79.0,79.0,20.0,2024.0,2005.0,True
2502.01637,2.0,18.0,18.0,4.0,2024.0,2021.0,True
2502.01639,20.0,3.0,20.0,7.0,2018.0,2023.0,True
2502.01718,1.0,0.0,1.0,1.0,2024.0,2025.0,True
2502.01720,21.0,26.0,26.0,14.0,2018.0,2011.0,True
2502.01839,16.0,117.0,117.0,30.0,2020.0,1995.0,True
2502.01941,12.0,27.0,27.0,7.0,2023.0,2018.0,True
2502.02095,2.0,4.0,4.0,1.0,2024.0,2024.0,True
2502.02339,4.0,8.0,8.0,2.0,2023.0,2024.0,True
2502.02358,20.0,9.0,20.0,25.0,2011.0,2000.0,True
2502.02421,14.0,48.0,48.0,10.0,2018.0,2015.0,True
2502.02492,10.0,11.0,11.0,5.0,2020.0,2021.0,True
2502.02508,12.0,1.0,12.0,5.0,2020.0,2024.0,True
2502.02584,6.0,3.0,6.0,1.0,2024.0,2024.0,True
2502.02589,10.0,14.0,14.0,2.0,2023.0,2023.0,True
2502.02671,23.0,7.0,23.0,5.0,2020.0,2024.0,True
2502.02692,9.0,6.0,9.0,22.0,2023.0,2003.0,True
2502.02737,10.0,5.0,10.0,6.0,2022.0,2019.0,True
2502.02909,7.0,11.0,11.0,2.0,2024.0,2023.0,True
2502.02928,1.0,1.0,1.0,1.0,2024.0,2024.0,True
2502.03032,0.0,13.0,13.0,6.0,2025.0,2019.0,True
2502.03275,4.0,1.0,4.0,10.0,2015.0,2024.0,True
2502.03373,8.0,2.0,8.0,26.0,1999.0,2024.0,True
2502.03387,4.0,5.0,5.0,1.0,2024.0,2024.0,True
2502.03492,5.0,5.0,5.0,11.0,2023.0,2014.0,True
2502.03512,28.0,31.0,31.0,38.0,1987.0,2018.0,True
2502.03544,5.0,2.0,5.0,7.0,2018.0,2024.0,True
2502.03621,1.0,51.0,51.0,61.0,2023.0,1964.0,True
2502.03628,1.0,12.0,12.0,20.0,2024.0,2005.0,True
2502.03639,0.0,9.0,9.0,1.0,2025.0,2024.0,True
2502.03738,7.0,74.0,74.0,11.0,2023.0,2014.0,True
2502.03771,3.0,1.0,3.0,26.0,1999.0,2024.0,True
2502.03860,3.0,15.0,15.0,2.0,2024.0,2023.0,True
2502.03997,3.0,4.0,4.0,4.0,2021.0,2024.0,True
2502.04128,6.0,1.0,6.0,1.0,2024.0,2024.0,True
2502.04153,17.0,4.0,17.0,4.0,2022.0,2021.0,True
2502.04223,9.0,14.0,14.0,14.0,2020.0,2011.0,True
2502.04235,0.0,1.0,1.0,4.0,2025.0,2021.0,True
2502.04270,15.0,5.0,15.0,12.0,2013.0,2014.0,True
2502.04295,3.0,4.0,4.0,1.0,2024.0,2024.0,True
2502.04296,5.0,4.0,5.0,2.0,2023.0,2024.0,True
2502.04299,18.0,2.0,18.0,4.0,2021.0,2025.0,True
2502.04306,0.0,66.0,66.0,15.0,2025.0,2010.0,True
2502.04313,17.0,16.0,17.0,9.0,2016.0,2022.0,True
2502.04320,14.0,254.0,254.0,27.0,2018.0,1998.0,True
2502.04322,3.0,5.0,5.0,1.0,2024.0,2024.0,True
2502.04327,22.0,72.0,72.0,9.0,2018.0,2016.0,True
2502.04328,9.0,1.0,9.0,4.0,2021.0,2024.0,True
2502.04350,8.0,9.0,9.0,2.0,2023.0,2023.0,True
2502.04363,1.0,21.0,21.0,8.0,2023.0,2017.0,True
2502.04370,3.0,2.0,3.0,2.0,2023.0,2024.0,True
2502.04376,0.0,26.0,26.0,1.0,2025.0,2024.0,True
2502.04403,44.0,0.0,44.0,15.0,2010.0,2025.0,True
2502.04404,9.0,7.0,9.0,3.0,2022.0,2024.0,True
2502.04411,26.0,28.0,28.0,16.0,2009.0,2018.0,True
2502.04416,11.0,10.0,11.0,4.0,2021.0,2024.0,True
2502.04465,14.0,91.0,91.0,28.0,2009.0,1997.0,True
2502.04507,4.0,0.0,4.0,1.0,2024.0,2025.0,True
2502.04520,10.0,4.0,10.0,2.0,2023.0,2024.0,True
2502.04689,17.0,6.0,17.0,4.0,2021.0,2024.0,True
2502.04728,2.0,4.0,4.0,2.0,2024.0,2023.0,True
2502.04896,4.0,1.0,4.0,2.0,2023.0,2024.0,True
2502.04959,10.0,138.0,138.0,28.0,2020.0,1997.0,True
2502.05003,4.0,236.0,236.0,18.0,2024.0,2007.0,True
2502.05092,9.0,31.0,31.0,10.0,2015.0,2023.0,True
2502.05163,,,,,,,False
2502.05167,12.0,40.0,40.0,39.0,2021.0,1986.0,True
2502.05171,18.0,4.0,18.0,3.0,2022.0,2024.0,True
2502.05173,4.0,19.0,19.0,2.0,2024.0,2023.0,True
2502.05176,6.0,1.0,6.0,16.0,2009.0,2024.0,True
2502.05178,19.0,7.0,19.0,8.0,2017.0,2024.0,True
2502.05179,16.0,3.0,16.0,5.0,2020.0,2023.0,True
2502.05282,33.0,1.0,33.0,6.0,2019.0,2024.0,True
2502.05364,7.0,5.0,7.0,61.0,1964.0,2023.0,True
2502.05415,0.0,4.0,4.0,2.0,2025.0,2023.0,True
2502.05431,9.0,3.0,9.0,2.0,2023.0,2024.0,True
2502.05609,19.0,1.0,19.0,3.0,2022.0,2023.0,True
2502.05664,1.0,21.0,21.0,9.0,2024.0,2016.0,True
2502.05761,1.0,1.0,1.0,1.0,2024.0,2024.0,True
2502.05795,0.0,40.0,40.0,6.0,2025.0,2019.0,True
2502.05878,5.0,24.0,24.0,2.0,2024.0,2023.0,True
2502.05932,3.0,36.0,36.0,4.0,2024.0,2021.0,True
2502.05957,11.0,0.0,11.0,2.0,2023.0,2025.0,True
2502.05979,2.0,54.0,54.0,7.0,2024.0,2018.0,True
2502.06023,10.0,5.0,10.0,20.0,2022.0,2005.0,True
2502.06049,0.0,0.0,0.0,0.0,2025.0,2025.0,True
2502.06060,8.0,187.0,187.0,15.0,2020.0,2010.0,True
2502.06145,10.0,9.0,10.0,6.0,2019.0,2019.0,True
2502.06155,1.0,1.0,1.0,0.0,2025.0,2025.0,True
2502.06282,4.0,28.0,28.0,33.0,2023.0,1992.0,True
2502.06329,3.0,4.0,4.0,6.0,2019.0,2023.0,True
2502.06394,7.0,4.0,7.0,2.0,2023.0,2023.0,True
2502.06428,2.0,5.0,5.0,2.0,2025.0,2023.0,True
2502.06527,0.0,6.0,6.0,2.0,2025.0,2023.0,True
2502.06533,0.0,2.0,2.0,1.0,,2024.0,True
2502.06589,40.0,1.0,40.0,9.0,2016.0,2024.0,True
2502.06608,11.0,11.0,11.0,2.0,2023.0,2023.0,True
2502.06635,0.0,2.0,2.0,1.0,2025.0,2024.0,True
2502.06703,7.0,35.0,35.0,3.0,2022.0,2023.0,True
2502.06755,12.0,94.0,94.0,12.0,2020.0,2013.0,True
2502.06764,0.0,4.0,4.0,3.0,2025.0,2022.0,True
2502.06772,10.0,3.0,10.0,1.0,2024.0,2024.0,True
2502.06776,7.0,16.0,16.0,20.0,2022.0,2005.0,True
2502.06781,14.0,22.0,22.0,3.0,2022.0,2023.0,True
2502.06782,5.0,2.0,5.0,1.0,2024.0,2024.0,True
2502.06786,14.0,32.0,32.0,8.0,2021.0,2017.0,True
2502.06788,13.0,3.0,13.0,4.0,2021.0,2024.0,True
2502.06807,50.0,4.0,50.0,13.0,2012.0,2022.0,True
2502.06857,3.0,4.0,4.0,1.0,2024.0,2024.0,True
2502.06867,72.0,19.0,72.0,7.0,2018.0,2022.0,True
2502.06872,6.0,90.0,90.0,10.0,2015.0,2015.0,True
2502.06884,6.0,12.0,12.0,2.0,2023.0,2023.0,True
2502.07316,5.0,3.0,5.0,13.0,2012.0,2023.0,True
2502.07346,3.0,5.0,5.0,2.0,2023.0,2024.0,True
2502.07374,6.0,6.0,6.0,2.0,2023.0,2024.0,True
2502.07445,5.0,13.0,13.0,4.0,2021.0,2021.0,True
2502.07490,0.0,41.0,41.0,6.0,2025.0,2019.0,True
2502.07508,4.0,4.0,4.0,2.0,2023.0,2024.0,True
2502.07527,42.0,15.0,42.0,5.0,2020.0,2021.0,True
2502.07531,12.0,1.0,12.0,7.0,2018.0,2022.0,True
2502.07563,11.0,0.0,11.0,2.0,2023.0,2025.0,True
2502.07586,0.0,3.0,3.0,2.0,2025.0,2023.0,True
2502.07599,3.0,0.0,3.0,2.0,2023.0,2025.0,True
2502.07617,7.0,8.0,8.0,4.0,2023.0,2021.0,True
2502.07640,1.0,1.0,1.0,0.0,2025.0,2025.0,True
2502.07701,8.0,4.0,8.0,2.0,2023.0,2023.0,True
2502.07737,26.0,9.0,26.0,19.0,2006.0,2023.0,True
2502.07776,2.0,16.0,16.0,5.0,2020.0,2021.0,True
2502.07780,1.0,238.0,238.0,18.0,2024.0,2007.0,True
2502.07785,21.0,4.0,21.0,6.0,2019.0,2022.0,True
2502.07856,1.0,29.0,29.0,9.0,2024.0,2016.0,True
2502.07864,7.0,9.0,9.0,2.0,2023.0,2023.0,True
2502.07870,6.0,2.0,6.0,2.0,2023.0,2024.0,True
2502.07985,29.0,29.0,29.0,9.0,2016.0,2016.0,True
2502.08047,3.0,27.0,27.0,4.0,2023.0,2021.0,True
2502.08127,6.0,2.0,6.0,1.0,2024.0,2024.0,True
2502.08130,1.0,6.0,6.0,20.0,2024.0,2005.0,True
2502.08168,2.0,0.0,2.0,6.0,2019.0,2025.0,True
2502.08213,0.0,0.0,0.0,,,,True
2502.08235,3.0,1.0,3.0,5.0,2024.0,2020.0,True
2502.08441,0.0,1.0,1.0,2.0,2025.0,2023.0,True
2502.08468,8.0,63.0,63.0,16.0,2024.0,2009.0,True
2502.08524,20.0,5.0,20.0,5.0,2020.0,2024.0,True
2502.08590,8.0,0.0,8.0,6.0,2019.0,2025.0,True
2502.08606,21.0,16.0,21.0,13.0,2013.0,2012.0,True
2502.08639,11.0,17.0,17.0,3.0,2022.0,2023.0,True
2502.08680,0.0,0.0,0.0,0.0,2025.0,2025.0,True
2502.08690,5.0,2.0,5.0,7.0,2018.0,2023.0,True
2502.08745,10.0,2.0,10.0,7.0,2018.0,2024.0,True
2502.08769,4.0,61.0,61.0,10.0,2023.0,2015.0,True
2502.08820,6.0,69.0,69.0,35.0,2022.0,1990.0,True
2502.08826,3.0,17.0,17.0,10.0,2024.0,2015.0,True
2502.08869,52.0,17.0,52.0,11.0,2014.0,2023.0,True
2502.08910,8.0,7.0,8.0,7.0,2018.0,2023.0,True
2502.08946,2.0,9.0,9.0,1.0,2025.0,2024.0,True
2502.09042,26.0,4.0,26.0,4.0,2021.0,2023.0,True
2502.09056,4.0,3.0,4.0,2.0,2023.0,2023.0,True
2502.09061,24.0,3.0,24.0,5.0,2020.0,2024.0,True
2502.09082,20.0,4.0,20.0,7.0,2022.0,2018.0,True
2502.09083,9.0,0.0,9.0,4.0,2021.0,2025.0,True
2502.09100,13.0,3.0,13.0,5.0,2020.0,2023.0,True
2502.09245,0.0,14.0,14.0,6.0,2025.0,2019.0,True
2502.09390,1.0,32.0,32.0,10.0,2024.0,2015.0,True
2502.09411,4.0,51.0,51.0,13.0,2022.0,2012.0,True
2502.09509,5.0,3.0,5.0,3.0,2022.0,2024.0,True
2502.09560,21.0,2.0,21.0,5.0,2020.0,2023.0,True
2502.09601,21.0,4.0,21.0,5.0,2020.0,2024.0,True
2502.09604,39.0,47.0,47.0,7.0,2019.0,2018.0,True
2502.09613,2.0,2.0,2.0,1.0,2024.0,2024.0,True
2502.09614,9.0,2.0,9.0,4.0,2021.0,2024.0,True
2502.09619,8.0,26.0,26.0,4.0,2022.0,2021.0,True
2502.09620,9.0,31.0,31.0,3.0,2022.0,2023.0,True
2502.09621,7.0,10.0,10.0,1.0,2024.0,2024.0,True
2502.09638,1.0,2.0,2.0,1.0,2025.0,2024.0,True
2502.09696,6.0,100.0,100.0,12.0,2023.0,2013.0,True
2502.09741,3.0,52.0,52.0,22.0,2024.0,2003.0,True
2502.09838,3.0,12.0,12.0,3.0,2024.0,2022.0,True
2502.09935,1.0,18.0,18.0,2.0,2024.0,2023.0,True
2502.09955,70.0,1.0,70.0,27.0,1998.0,2024.0,True
2502.09969,3.0,13.0,13.0,15.0,2024.0,2010.0,True
2502.09980,0.0,8.0,8.0,2.0,2025.0,2023.0,True
2502.09992,8.0,10.0,10.0,3.0,2022.0,2023.0,True
2502.10140,4.0,34.0,34.0,12.0,2024.0,2013.0,True
2502.10173,6.0,21.0,21.0,23.0,2002.0,2013.0,True
2502.10177,0.0,17.0,17.0,2.0,2025.0,2023.0,True
2502.10235,7.0,6.0,7.0,12.0,2023.0,2013.0,True
2502.10248,1.0,1.0,1.0,2.0,2023.0,2024.0,True
2502.10362,19.0,8.0,19.0,4.0,2021.0,2021.0,True
2502.10389,,,,,,,False
2502.10391,9.0,26.0,26.0,7.0,2023.0,2018.0,True
2502.10392,6.0,16.0,16.0,2.0,2023.0,2023.0,True
2502.10454,53.0,14.0,53.0,5.0,2020.0,2023.0,True
2502.10458,0.0,1.0,1.0,1.0,2025.0,2024.0,True
2502.10550,2.0,7.0,7.0,48.0,1977.0,2023.0,True
2502.10708,9.0,2.0,9.0,2.0,2023.0,2024.0,True
2502.10852,0.0,0.0,0.0,0.0,2025.0,2025.0,True
2502.10990,8.0,19.0,19.0,10.0,2023.0,2015.0,True
2502.11079,1.0,1.0,1.0,6.0,2019.0,2022.0,True
2502.11085,7.0,1.0,7.0,2.0,2023.0,2024.0,True
2502.11089,6.0,5.0,6.0,2.0,2023.0,2024.0,True
2502.11098,6.0,5.0,6.0,1.0,2024.0,2024.0,True
2502.11157,5.0,0.0,5.0,1.0,2024.0,2025.0,True
2502.11167,8.0,3.0,8.0,2.0,2023.0,2024.0,True
2502.11177,5.0,108.0,108.0,18.0,2024.0,2007.0,True
2502.11190,1.0,86.0,86.0,9.0,2024.0,2016.0,True
2502.11196,10.0,75.0,75.0,7.0,2022.0,2018.0,True
2502.11262,8.0,1.0,8.0,3.0,2022.0,2024.0,True
2502.11271,38.0,1.0,38.0,8.0,2017.0,2025.0,True
2502.11275,11.0,5.0,11.0,2.0,2023.0,2024.0,True
2502.11330,1.0,1.0,1.0,9.0,2016.0,2024.0,True
2502.11336,5.0,8.0,8.0,4.0,2021.0,2023.0,True
2502.11357,20.0,11.0,20.0,9.0,2016.0,2018.0,True
2502.11433,5.0,26.0,26.0,2.0,2024.0,2023.0,True
2502.11438,5.0,9.0,9.0,2.0,2023.0,2024.0,True
2502.11564,10.0,5.0,10.0,4.0,2021.0,2023.0,True
2502.11573,1.0,17.0,17.0,2.0,2025.0,2023.0,True
2502.11574,0.0,6.0,6.0,10.0,2025.0,2015.0,True
2502.11578,6.0,0.0,6.0,10.0,2015.0,2025.0,True
2502.11663,3.0,2.0,3.0,1.0,2024.0,2024.0,True
2502.11748,38.0,72.0,72.0,24.0,2013.0,2001.0,True
2502.11775,41.0,10.0,41.0,6.0,2019.0,2023.0,True
2502.11831,14.0,23.0,23.0,10.0,2015.0,2018.0,True
2502.11901,5.0,2.0,5.0,1.0,2024.0,2024.0,True
2502.11995,5.0,9.0,9.0,6.0,2021.0,2019.0,True
2502.12018,2.0,51.0,51.0,7.0,2024.0,2018.0,True
2502.12054,8.0,9.0,9.0,1.0,2024.0,2024.0,True
2502.12084,8.0,1.0,8.0,3.0,2022.0,2025.0,True
2502.12115,1.0,13.0,13.0,6.0,2024.0,2019.0,True
2502.12130,45.0,2.0,45.0,8.0,2017.0,2024.0,True
2502.12135,8.0,8.0,8.0,6.0,2019.0,2023.0,True
2502.12143,1.0,16.0,16.0,19.0,2024.0,2006.0,True
2502.12146,4.0,19.0,19.0,3.0,2023.0,2022.0,True
2502.12148,11.0,19.0,19.0,3.0,2024.0,2022.0,True
2502.12152,4.0,1.0,4.0,1.0,2024.0,2024.0,True
2502.12154,4.0,17.0,17.0,5.0,2020.0,2023.0,True
2502.12170,3.0,4.0,4.0,7.0,2024.0,2018.0,True
2502.12215,8.0,6.0,8.0,1.0,2024.0,2024.0,True
2502.12464,28.0,4.0,28.0,7.0,2018.0,2024.0,True
2502.12501,9.0,2.0,9.0,4.0,2021.0,2024.0,True
2502.12513,7.0,7.0,7.0,2.0,2023.0,2024.0,True
2502.12524,23.0,4.0,23.0,5.0,2020.0,2024.0,True
2502.12574,4.0,79.0,79.0,13.0,2024.0,2012.0,True
2502.12638,3.0,59.0,59.0,7.0,2024.0,2018.0,True
2502.12659,11.0,1.0,11.0,7.0,2018.0,2024.0,True
2502.12669,14.0,1.0,14.0,2.0,2023.0,2024.0,True
2502.12752,3.0,36.0,36.0,7.0,2024.0,2018.0,True
2502.12769,0.0,0.0,0.0,0.0,,2025.0,True
2502.12852,11.0,39.0,39.0,6.0,2019.0,2019.0,True
2502.12853,21.0,5.0,21.0,6.0,2019.0,2023.0,True
2502.12859,3.0,1.0,3.0,15.0,2010.0,2022.0,True
2502.12894,3.0,7.0,7.0,4.0,2023.0,2021.0,True
2502.12900,1.0,3.0,3.0,1.0,2024.0,2024.0,True
2502.12929,14.0,4.0,14.0,14.0,2011.0,2012.0,True
2502.12982,26.0,1.0,26.0,7.0,2018.0,2023.0,True
2502.12996,106.0,4.0,106.0,21.0,2004.0,2023.0,True
2502.13063,26.0,81.0,81.0,40.0,2018.0,1985.0,True
2502.13074,3.0,53.0,53.0,24.0,2017.0,2001.0,True
2502.13092,13.0,3.0,13.0,3.0,2022.0,2024.0,True
2502.13128,2.0,0.0,2.0,1.0,2024.0,2025.0,True
2502.13130,2.0,10.0,10.0,3.0,2024.0,2022.0,True
2502.13131,10.0,39.0,39.0,9.0,2021.0,2016.0,True
2502.13138,3.0,16.0,16.0,8.0,2023.0,2017.0,True
2502.13142,4.0,39.0,39.0,8.0,2023.0,2017.0,True
2502.13143,10.0,2.0,10.0,10.0,2015.0,2023.0,True
2502.13144,3.0,11.0,11.0,7.0,2024.0,2018.0,True
2502.13145,16.0,11.0,16.0,7.0,2021.0,2018.0,True
2502.13173,0.0,0.0,0.0,0.0,2025.0,2025.0,True
2502.13189,1.0,0.0,1.0,0.0,2025.0,2025.0,True
2502.13233,3.0,16.0,16.0,2.0,2024.0,2023.0,True
2502.13270,3.0,2.0,3.0,2.0,2023.0,2023.0,True
2502.13347,4.0,31.0,31.0,4.0,2022.0,2021.0,True
2502.13369,6.0,1.0,6.0,2.0,2023.0,2024.0,True
2502.13407,4.0,2.0,4.0,4.0,2024.0,2021.0,True
2502.13449,4.0,5.0,5.0,4.0,2021.0,2024.0,True
2502.13502,1.0,1.0,1.0,1.0,2024.0,2024.0,True
2502.13533,3.0,6.0,6.0,4.0,2024.0,2021.0,True
2502.13573,3.0,5.0,5.0,5.0,2024.0,2020.0,True
2502.13581,33.0,26.0,33.0,7.0,2020.0,2018.0,True
2502.13595,6.0,56.0,56.0,5.0,2021.0,2020.0,True
2502.13622,3.0,1.0,3.0,3.0,2024.0,2022.0,True
2502.13685,0.0,1.0,1.0,0.0,2025.0,2025.0,True
2502.13759,10.0,3.0,10.0,2.0,2023.0,2024.0,True
2502.13766,4.0,77.0,77.0,9.0,2023.0,2016.0,True
2502.13791,9.0,20.0,20.0,10.0,2020.0,2015.0,True
2502.13908,9.0,10.0,10.0,2.0,2023.0,2023.0,True
2502.13917,10.0,2.0,10.0,15.0,2010.0,2024.0,True
2502.13922,5.0,26.0,26.0,9.0,2023.0,2016.0,True
2502.13923,12.0,3.0,12.0,13.0,2012.0,2024.0,True
2502.13928,0.0,3.0,3.0,2.0,2025.0,2023.0,True
2502.13943,7.0,0.0,7.0,2.0,2023.0,2025.0,True
2502.13946,16.0,6.0,16.0,2.0,2023.0,2024.0,True
2502.13962,4.0,34.0,34.0,3.0,2022.0,2023.0,True
2502.13965,2.0,5.0,5.0,6.0,2024.0,2019.0,True
2502.13991,0.0,3.0,3.0,1.0,2025.0,2024.0,True
2502.13995,1.0,0.0,1.0,4.0,2021.0,2025.0,True
2502.14044,4.0,17.0,17.0,2.0,2024.0,2023.0,True
2502.14122,6.0,8.0,8.0,2.0,2023.0,2023.0,True
2502.14127,16.0,25.0,25.0,7.0,2023.0,2018.0,True
2502.14132,11.0,1.0,11.0,4.0,2021.0,2025.0,True
2502.14191,70.0,58.0,70.0,17.0,2017.0,2008.0,True
2502.14247,3.0,15.0,15.0,2.0,2023.0,2023.0,True
2502.14258,2.0,13.0,13.0,1.0,2024.0,2024.0,True
2502.14282,8.0,25.0,25.0,2.0,2023.0,2023.0,True
2502.14296,30.0,19.0,30.0,2.0,2023.0,2024.0,True
2502.14302,10.0,1.0,10.0,5.0,2020.0,2025.0,True
2502.14372,0.0,1.0,1.0,1.0,2026.0,2024.0,True
2502.14377,8.0,11.0,11.0,1.0,2024.0,2024.0,True
2502.14382,8.0,8.0,8.0,2.0,2023.0,2024.0,True
2502.14397,2.0,6.0,6.0,1.0,2024.0,2024.0,True
2502.14409,14.0,1.0,14.0,5.0,2020.0,2025.0,True
2502.14429,42.0,1.0,42.0,6.0,2019.0,2024.0,True
2502.14494,2.0,23.0,23.0,8.0,2022.0,2017.0,True
2502.14499,13.0,46.0,46.0,64.0,2018.0,1961.0,True
2502.14502,13.0,9.0,13.0,76.0,2020.0,1949.0,True
2502.14541,0.0,0.0,0.0,0.0,2026.0,2025.0,True
2502.14637,2.0,0.0,2.0,3.0,2022.0,2025.0,True
2502.14638,3.0,13.0,13.0,4.0,2021.0,2022.0,True
2502.14669,1.0,1.0,1.0,1.0,2024.0,2024.0,True
2502.14678,12.0,74.0,74.0,11.0,2019.0,2014.0,True
2502.14739,2.0,1.0,2.0,21.0,2004.0,2024.0,True
2502.14767,5.0,2.0,5.0,2.0,2023.0,2024.0,True
2502.14768,1.0,0.0,1.0,1.0,2024.0,2025.0,True
2502.14776,6.0,26.0,26.0,2.0,2023.0,2023.0,True
2502.14786,65.0,10.0,65.0,60.0,1965.0,2021.0,True
2502.14802,1.0,96.0,96.0,12.0,2024.0,2013.0,True
2502.14834,16.0,103.0,103.0,22.0,2021.0,2003.0,True
2502.14842,2.0,1.0,2.0,1.0,2024.0,2025.0,True
2502.14844,16.0,50.0,50.0,9.0,2018.0,2016.0,True
2502.14846,22.0,1.0,22.0,8.0,2017.0,2024.0,True
2502.14854,11.0,112.0,112.0,14.0,2021.0,2011.0,True
2502.14855,2.0,1.0,2.0,46.0,2024.0,1979.0,True
2502.14856,29.0,96.0,96.0,4.0,2021.0,2021.0,True
2502.14866,12.0,7.0,12.0,2.0,2023.0,2023.0,True
2502.14892,1.0,2.0,2.0,2.0,2023.0,2024.0,True
2502.14905,1.0,0.0,1.0,1.0,2024.0,2025.0,True
2502.14922,4.0,0.0,4.0,1.0,2024.0,2025.0,True
2502.14949,12.0,4.0,12.0,4.0,2022.0,2021.0,True
2502.14975,73.0,7.0,73.0,7.0,2018.0,2018.0,True
2502.15007,14.0,2.0,14.0,4.0,2021.0,2024.0,True
2502.15011,8.0,5.0,8.0,16.0,2009.0,2024.0,True
2502.15027,4.0,12.0,12.0,2.0,2023.0,2023.0,True
2502.15069,2.0,23.0,23.0,18.0,2023.0,2007.0,True
2502.15082,10.0,28.0,28.0,4.0,2021.0,2023.0,True
2502.15086,13.0,13.0,13.0,3.0,2022.0,2023.0,True
2502.15122,10.0,4.0,10.0,6.0,2019.0,2023.0,True
2502.15167,4.0,98.0,98.0,18.0,2021.0,2007.0,True
2502.15168,1.0,24.0,24.0,4.0,2024.0,2021.0,True
2502.15422,6.0,4.0,6.0,6.0,2023.0,2019.0,True
2502.15425,8.0,7.0,8.0,12.0,2023.0,2013.0,True
2502.15499,2.0,0.0,2.0,18.0,2007.0,2025.0,True
2502.15589,10.0,4.0,10.0,3.0,2022.0,2023.0,True
2502.15612,1.0,4.0,4.0,3.0,2024.0,2022.0,True
2502.15631,0.0,5.0,5.0,8.0,2025.0,2017.0,True
2502.15657,12.0,17.0,17.0,15.0,2023.0,2010.0,True
2502.15681,8.0,42.0,42.0,16.0,2018.0,2009.0,True
2502.15799,0.0,130.0,130.0,19.0,,2006.0,True
2502.15814,5.0,69.0,69.0,7.0,2022.0,2018.0,True
2502.15823,5.0,19.0,19.0,34.0,1991.0,2021.0,True
2502.15872,2.0,8.0,8.0,2.0,2024.0,2023.0,True
2502.15885,1.0,7.0,7.0,1.0,2025.0,2024.0,True
2502.15894,10.0,6.0,10.0,16.0,2009.0,2023.0,True
2502.15919,4.0,8.0,8.0,2.0,2023.0,2023.0,True
2502.15920,19.0,29.0,29.0,33.0,2019.0,1992.0,True
2502.15987,2.0,2.0,2.0,1.0,2024.0,2024.0,True
2502.16033,3.0,6.0,6.0,1.0,2024.0,2024.0,True
2502.16069,6.0,1.0,6.0,3.0,2022.0,2024.0,True
2502.16111,35.0,8.0,35.0,7.0,2019.0,2018.0,True
2502.16284,32.0,163.0,163.0,12.0,2017.0,2013.0,True
2502.16457,3.0,6.0,6.0,2.0,2023.0,2023.0,True
2502.16584,0.0,33.0,33.0,3.0,2025.0,2022.0,True
2502.16614,4.0,7.0,7.0,2.0,2023.0,2024.0,True
2502.16622,3.0,1.0,3.0,9.0,2024.0,2016.0,True
2502.16645,2.0,20.0,20.0,2.0,2024.0,2023.0,True
2502.16701,9.0,6.0,9.0,9.0,2019.0,2016.0,True
2502.16707,2.0,14.0,14.0,5.0,2023.0,2020.0,True
2502.16750,5.0,3.0,5.0,17.0,2023.0,2008.0,True
2502.16776,5.0,32.0,32.0,9.0,2024.0,2016.0,True
2502.16779,9.0,4.0,9.0,29.0,1996.0,2024.0,True
2502.16794,13.0,167.0,167.0,22.0,2023.0,2003.0,True
2502.16810,14.0,3.0,14.0,5.0,2020.0,2022.0,True
2502.16825,0.0,0.0,0.0,0.0,2025.0,2025.0,True
2502.16894,5.0,10.0,10.0,2.0,2023.0,2023.0,True
2502.16922,5.0,7.0,7.0,2.0,2023.0,2023.0,True
2502.16944,2.0,27.0,27.0,1.0,2024.0,2024.0,True
2502.17055,3.0,42.0,42.0,6.0,2024.0,2019.0,True
2502.17092,2.0,1.0,2.0,1.0,2024.0,2025.0,True
2502.17110,6.0,13.0,13.0,2.0,2023.0,2023.0,True
2502.17125,12.0,6.0,12.0,7.0,2019.0,2018.0,True
2502.17129,10.0,18.0,18.0,16.0,2023.0,2009.0,True
2502.17157,3.0,31.0,31.0,3.0,2023.0,2022.0,True
2502.17237,18.0,21.0,21.0,5.0,2020.0,2022.0,True
2502.17258,4.0,24.0,24.0,7.0,2021.0,2018.0,True
2502.17262,3.0,2.0,3.0,5.0,2020.0,2021.0,True
2502.17355,18.0,42.0,42.0,39.0,2021.0,1986.0,True
2502.17363,1.0,1.0,1.0,2.0,2023.0,2024.0,True
2502.17407,4.0,4.0,4.0,1.0,2024.0,2024.0,True
2502.17414,2.0,7.0,7.0,2.0,2024.0,2023.0,True
2502.17422,10.0,39.0,39.0,4.0,2021.0,2021.0,True
2502.17425,17.0,2.0,17.0,5.0,2020.0,2024.0,True
2502.17435,1.0,2.0,2.0,1.0,2024.0,2024.0,True
2502.17535,4.0,4.0,4.0,2.0,2024.0,2023.0,True
2502.17540,11.0,3.0,11.0,10.0,2015.0,2024.0,True
2502.17814,8.0,27.0,27.0,5.0,2021.0,2020.0,True
2502.17910,9.0,9.0,9.0,16.0,2009.0,2009.0,True
2502.17941,6.0,6.0,6.0,2.0,2024.0,2023.0,True
2502.17955,21.0,1.0,21.0,12.0,2013.0,2024.0,True
2502.18017,3.0,13.0,13.0,12.0,2024.0,2013.0,True
2502.18137,8.0,3.0,8.0,5.0,2021.0,2020.0,True
2502.18197,8.0,49.0,49.0,8.0,2017.0,2021.0,True
2502.18302,12.0,0.0,12.0,2.0,2023.0,2025.0,True
2502.18316,2.0,74.0,74.0,10.0,2024.0,2015.0,True
2502.18356,1.0,1.0,1.0,0.0,2025.0,2025.0,True
2502.18364,26.0,18.0,26.0,6.0,2019.0,2023.0,True
2502.18411,6.0,8.0,8.0,2.0,2023.0,2024.0,True
2502.18417,1.0,15.0,15.0,3.0,2022.0,2022.0,True
2502.18418,31.0,35.0,35.0,6.0,2019.0,2023.0,True
2502.18449,11.0,1.0,11.0,2.0,2023.0,2024.0,True
2502.18461,1.0,2.0,2.0,4.0,2021.0,2023.0,True
2502.18600,2.0,1.0,2.0,2.0,2024.0,2023.0,True
2502.18772,13.0,37.0,37.0,6.0,2023.0,2019.0,True
2502.18779,31.0,13.0,31.0,4.0,2021.0,2023.0,True
2502.18860,19.0,29.0,29.0,7.0,2018.0,2021.0,True
2502.18864,12.0,39.0,39.0,13.0,2021.0,2012.0,True
2502.18890,1.0,2.0,2.0,1.0,2024.0,2024.0,True
2502.18906,3.0,28.0,28.0,1.0,2024.0,2024.0,True
2502.18924,38.0,1.0,38.0,5.0,2020.0,2020.0,True
2502.18934,0.0,2.0,2.0,4.0,,2021.0,True
2502.18965,3.0,3.0,3.0,1.0,2024.0,2024.0,True
2502.18968,1.0,1.0,1.0,1.0,2024.0,2025.0,True
2502.19187,1.0,3.0,3.0,23.0,2015.0,2002.0,True
2502.19204,2.0,2.0,2.0,2.0,2024.0,2023.0,True
2502.19261,8.0,0.0,8.0,1.0,2024.0,2025.0,True
2502.19279,4.0,3.0,4.0,2.0,2023.0,2024.0,True
2502.19312,2.0,9.0,9.0,2.0,2024.0,2023.0,True
2502.19328,9.0,14.0,14.0,4.0,2021.0,2024.0,True
2502.19361,11.0,5.0,11.0,1.0,2024.0,2024.0,True
2502.19400,11.0,0.0,11.0,3.0,2022.0,2025.0,True
2502.19402,3.0,6.0,6.0,1.0,2024.0,2024.0,True
2502.19413,5.0,21.0,21.0,4.0,2021.0,2021.0,True
2502.19414,4.0,12.0,12.0,1.0,2024.0,2024.0,True
2502.19459,2.0,11.0,11.0,2.0,2024.0,2023.0,True
2502.19577,3.0,25.0,25.0,27.0,2022.0,1998.0,True
2502.19587,0.0,82.0,82.0,23.0,,2002.0,True
2502.19613,29.0,6.0,29.0,5.0,2020.0,2023.0,True
2502.19634,19.0,5.0,19.0,5.0,2020.0,2024.0,True
2502.19731,4.0,1.0,4.0,5.0,2020.0,2024.0,True
2502.19735,4.0,1.0,4.0,4.0,2021.0,2024.0,True
2502.19870,4.0,2.0,4.0,2.0,2023.0,2024.0,True
2502.20082,6.0,8.0,8.0,2.0,2023.0,2023.0,True
2502.20126,3.0,2.0,3.0,1.0,2024.0,2024.0,True
2502.20127,7.0,4.0,7.0,7.0,2023.0,2018.0,True
2502.20172,8.0,24.0,24.0,4.0,2023.0,2021.0,True
2502.20238,7.0,2.0,7.0,2.0,2023.0,2024.0,True
2502.20258,1.0,2.0,2.0,1.0,2024.0,2024.0,True
2502.20307,69.0,4.0,69.0,18.0,2007.0,2024.0,True
2502.20311,0.0,0.0,0.0,0.0,,2025.0,True
2502.20317,4.0,1.0,4.0,1.0,2024.0,2025.0,True
2502.20321,10.0,3.0,10.0,3.0,2022.0,2024.0,True
2502.20378,2.0,9.0,9.0,3.0,2023.0,2022.0,True
2502.20380,2.0,3.0,3.0,2.0,2024.0,2023.0,True
2502.20383,0.0,0.0,0.0,0.0,2025.0,2025.0,True
2502.20388,11.0,15.0,15.0,2.0,2023.0,2023.0,True
2502.20395,0.0,1.0,1.0,1.0,2025.0,2024.0,True
2502.20396,1.0,6.0,6.0,2.0,2024.0,2023.0,True
2502.20475,3.0,4.0,4.0,6.0,2024.0,2019.0,True
2502.20490,3.0,9.0,9.0,2.0,2023.0,2023.0,True
2502.20545,2.0,43.0,43.0,6.0,2024.0,2019.0,True
2502.20583,6.0,82.0,82.0,14.0,2022.0,2011.0,True
2502.20730,4.0,130.0,130.0,14.0,2024.0,2011.0,True
2502.20811,3.0,14.0,14.0,2.0,2023.0,2024.0,True
2502.20900,7.0,8.0,8.0,2.0,2023.0,2023.0,True
2502.20969,4.0,83.0,83.0,14.0,2023.0,2011.0,True
2502.21263,1.0,6.0,6.0,4.0,2025.0,2021.0,True
2502.21291,0.0,1.0,1.0,1.0,2025.0,2024.0,True
2502.21318,0.0,24.0,24.0,4.0,2025.0,2021.0,True
2503.00031,11.0,5.0,11.0,4.0,2021.0,2024.0,True
2503.00069,13.0,96.0,96.0,16.0,2014.0,2009.0,True
2503.00200,1.0,0.0,1.0,1.0,2024.0,2025.0,True
2503.00307,3.0,19.0,19.0,42.0,2022.0,1983.0,True
2503.00329,1.0,1.0,1.0,2.0,2023.0,2025.0,True
2503.00455,2.0,0.0,2.0,2.0,2023.0,2025.0,True
2503.00501,7.0,56.0,56.0,4.0,2021.0,2023.0,True
2503.00502,6.0,19.0,19.0,2.0,2023.0,2023.0,True
2503.00714,1.0,20.0,20.0,10.0,2024.0,2015.0,True
2503.00729,1.0,18.0,18.0,2.0,2025.0,2023.0,True
2503.00735,3.0,0.0,3.0,1.0,2024.0,2025.0,True
2503.00784,12.0,26.0,26.0,7.0,2022.0,2018.0,True
2503.00808,11.0,2.0,11.0,4.0,2021.0,2024.0,True
2503.00865,11.0,15.0,15.0,2.0,2023.0,2023.0,True
2503.00876,4.0,3.0,4.0,2.0,2023.0,2023.0,True
2503.00955,5.0,2.0,5.0,2.0,2023.0,2023.0,True
2503.01063,74.0,74.0,74.0,7.0,2018.0,2018.0,True
2503.01103,14.0,21.0,21.0,5.0,2022.0,2020.0,True
2503.01183,15.0,4.0,15.0,3.0,2022.0,2024.0,True
2503.01295,3.0,10.0,10.0,2.0,2024.0,2023.0,True
2503.01307,4.0,11.0,11.0,13.0,2024.0,2012.0,True
2503.01328,7.0,4.0,7.0,2.0,2023.0,2023.0,True
2503.01342,1.0,3.0,3.0,2.0,2024.0,2023.0,True
2503.01370,4.0,6.0,6.0,2.0,2023.0,2024.0,True
2503.01372,24.0,9.0,24.0,7.0,2018.0,2020.0,True
2503.01375,0.0,14.0,14.0,15.0,2025.0,2010.0,True
2503.01378,18.0,218.0,218.0,20.0,2022.0,2005.0,True
2503.01449,7.0,3.0,7.0,2.0,2023.0,2024.0,True
2503.01496,5.0,2.0,5.0,1.0,2024.0,2025.0,True
2503.01506,16.0,45.0,45.0,16.0,2018.0,2009.0,True
2503.01688,0.0,2.0,2.0,2.0,2025.0,2023.0,True
2503.01713,10.0,0.0,10.0,4.0,2021.0,2025.0,True
2503.01714,2.0,1.0,2.0,1.0,2024.0,2025.0,True
2503.01729,0.0,63.0,63.0,10.0,,2015.0,True
2503.01739,17.0,7.0,17.0,5.0,2020.0,2024.0,True
2503.01743,1.0,4.0,4.0,14.0,2024.0,2011.0,True
2503.01763,13.0,32.0,32.0,5.0,2022.0,2020.0,True
2503.01774,18.0,28.0,28.0,19.0,2017.0,2006.0,True
2503.01785,7.0,37.0,37.0,2.0,2024.0,2023.0,True
2503.01807,15.0,53.0,53.0,16.0,2021.0,2009.0,True
2503.01820,15.0,18.0,18.0,7.0,2018.0,2023.0,True
2503.01836,0.0,21.0,21.0,2.0,2026.0,2023.0,True
2503.01840,5.0,5.0,5.0,3.0,2022.0,2024.0,True
2503.01842,0.0,66.0,66.0,6.0,2025.0,2019.0,True
2503.01901,2.0,64.0,64.0,12.0,2024.0,2013.0,True
2503.01917,2.0,1.0,2.0,1.0,2024.0,2025.0,True
2503.01933,1.0,2.0,2.0,1.0,2024.0,2025.0,True
2503.01935,3.0,3.0,3.0,23.0,2024.0,2002.0,True
2503.02003,2.0,5.0,5.0,2.0,2023.0,2023.0,True
2503.02130,0.0,6.0,6.0,1.0,2025.0,2024.0,True
2503.02152,8.0,8.0,8.0,4.0,2021.0,2021.0,True
2503.02191,11.0,89.0,89.0,22.0,2018.0,2003.0,True
2503.02197,1.0,3.0,3.0,1.0,2024.0,2024.0,True
2503.02199,19.0,17.0,19.0,7.0,2018.0,2019.0,True
2503.02268,1.0,0.0,1.0,1.0,2024.0,2025.0,True
2503.02304,1.0,17.0,17.0,3.0,2025.0,2022.0,True
2503.02357,127.0,101.0,127.0,5.0,2020.0,2021.0,True
2503.02368,4.0,0.0,4.0,1.0,2024.0,2025.0,True
2503.02379,21.0,3.0,21.0,5.0,2020.0,2024.0,True
2503.02495,0.0,85.0,85.0,18.0,2025.0,2007.0,True
2503.02537,1.0,0.0,1.0,0.0,2025.0,2025.0,True
2503.02682,8.0,12.0,12.0,2.0,2023.0,2023.0,True
2503.02783,3.0,6.0,6.0,1.0,2024.0,2024.0,True
2503.02812,7.0,18.0,18.0,19.0,2022.0,2006.0,True
2503.02819,3.0,24.0,24.0,8.0,2020.0,2017.0,True
2503.02823,4.0,0.0,4.0,2.0,2023.0,,True
2503.02846,4.0,23.0,23.0,2.0,2024.0,2023.0,True
2503.02876,1.0,3.0,3.0,1.0,2024.0,2024.0,True
2503.02878,6.0,2.0,6.0,19.0,2020.0,2006.0,True
2503.02879,0.0,22.0,22.0,2.0,2025.0,2023.0,True
2503.02924,1.0,7.0,7.0,2.0,2024.0,2023.0,True
2503.02951,15.0,18.0,18.0,19.0,2023.0,2006.0,True
2503.02954,2.0,0.0,2.0,1.0,2024.0,2025.0,True
2503.02972,2.0,3.0,3.0,5.0,2020.0,2024.0,True
2503.03044,25.0,11.0,25.0,8.0,2020.0,2017.0,True
2503.03278,3.0,25.0,25.0,19.0,2024.0,2006.0,True
2503.03499,5.0,8.0,8.0,2.0,2024.0,2023.0,True
2503.03511,0.0,35.0,35.0,9.0,2025.0,2016.0,True
2503.03601,6.0,7.0,7.0,15.0,2022.0,2010.0,True
2503.03651,20.0,2.0,20.0,6.0,2019.0,2024.0,True
2503.03746,4.0,6.0,6.0,2.0,2023.0,2024.0,True
2503.03751,13.0,5.0,13.0,6.0,2019.0,2023.0,True
2503.03803,10.0,2.0,10.0,3.0,2023.0,2022.0,True
2503.03962,10.0,12.0,12.0,5.0,2020.0,2022.0,True
2503.03983,56.0,0.0,56.0,6.0,2019.0,,True
2503.04094,1.0,4.0,4.0,6.0,2024.0,2019.0,True
2503.04130,1.0,53.0,53.0,16.0,2024.0,2009.0,True
2503.04222,3.0,14.0,14.0,2.0,2024.0,2023.0,True
2503.04359,34.0,2.0,34.0,6.0,2019.0,2024.0,True
2503.04369,27.0,5.0,27.0,4.0,2021.0,2023.0,True
2503.04378,19.0,41.0,41.0,18.0,2019.0,2007.0,True
2503.04504,4.0,7.0,7.0,1.0,2024.0,2024.0,True
2503.04548,11.0,1.0,11.0,2.0,2023.0,2024.0,True
2503.04598,5.0,3.0,5.0,2.0,2023.0,2024.0,True
2503.04606,,,,,,,False
2503.04625,9.0,22.0,22.0,6.0,2019.0,2023.0,True
2503.04629,13.0,2.0,13.0,4.0,2021.0,2024.0,True
2503.04644,0.0,3.0,3.0,1.0,2025.0,2024.0,True
2503.04724,2.0,96.0,96.0,12.0,2024.0,2013.0,True
2503.04725,1.0,21.0,21.0,9.0,2024.0,2016.0,True
2503.04808,0.0,1.0,1.0,0.0,2025.0,2025.0,True
2503.04812,7.0,4.0,7.0,2.0,2023.0,2024.0,True
2503.04824,0.0,4.0,4.0,2.0,2025.0,2023.0,True
2503.04872,9.0,4.0,9.0,16.0,2009.0,2022.0,True
2503.04919,3.0,5.0,5.0,8.0,2017.0,2024.0,True
2503.04957,2.0,97.0,97.0,16.0,2024.0,2009.0,True
2503.04973,2.0,12.0,12.0,3.0,2024.0,2022.0,True
2503.05085,11.0,4.0,11.0,2.0,2023.0,2024.0,True
2503.05132,1.0,15.0,15.0,1.0,2024.0,2024.0,True
2503.05179,0.0,13.0,13.0,2.0,,2023.0,True
2503.05236,8.0,38.0,38.0,2.0,2023.0,2023.0,True
2503.05244,16.0,7.0,16.0,3.0,2022.0,2023.0,True
2503.05265,1.0,0.0,1.0,1.0,2024.0,,True
2503.05283,2.0,173.0,173.0,18.0,2024.0,2007.0,True
2503.05315,0.0,0.0,0.0,0.0,2025.0,2025.0,True
2503.05379,3.0,1.0,3.0,2.0,2023.0,2025.0,True
2503.05447,2.0,3.0,3.0,0.0,2025.0,2025.0,True
2503.05500,3.0,11.0,11.0,2.0,2023.0,2023.0,True
2503.05578,11.0,6.0,11.0,2.0,2023.0,2024.0,True
2503.05592,2.0,42.0,42.0,5.0,2024.0,2020.0,True
2503.05638,1.0,11.0,11.0,44.0,1981.0,1994.0,True
2503.05639,15.0,12.0,15.0,2.0,2023.0,2023.0,True
2503.05641,11.0,31.0,31.0,7.0,2018.0,2023.0,True
2503.05652,9.0,10.0,10.0,3.0,2022.0,2023.0,True
2503.05689,2.0,7.0,7.0,1.0,2024.0,2024.0,True
2503.05856,0.0,56.0,56.0,13.0,2025.0,2012.0,True
2503.06053,2.0,20.0,20.0,7.0,2023.0,2018.0,True
2503.06121,0.0,2.0,2.0,5.0,,2020.0,True
2503.06141,0.0,0.0,0.0,0.0,2025.0,2025.0,True
2503.06269,0.0,10.0,10.0,9.0,,2016.0,True
2503.06273,12.0,62.0,62.0,13.0,2022.0,2012.0,True
2503.06362,13.0,102.0,102.0,19.0,2019.0,2006.0,True
2503.06520,3.0,10.0,10.0,1.0,2024.0,2024.0,True
2503.06542,0.0,1.0,1.0,1.0,2025.0,2024.0,True
2503.06553,0.0,1.0,1.0,1.0,2025.0,2024.0,True
2503.06580,4.0,7.0,7.0,2.0,2023.0,2023.0,True
2503.06626,24.0,2.0,24.0,5.0,2020.0,2024.0,True
2503.06674,8.0,3.0,8.0,33.0,1992.0,2024.0,True
2503.06680,3.0,7.0,7.0,1.0,2024.0,2024.0,True
2503.06698,0.0,41.0,41.0,11.0,2025.0,2014.0,True
2503.06749,3.0,18.0,18.0,3.0,2023.0,2022.0,True
2503.06885,10.0,4.0,10.0,2.0,2023.0,2024.0,True
2503.06960,16.0,8.0,16.0,5.0,2020.0,2023.0,True
2503.07002,2.0,94.0,94.0,7.0,2023.0,2018.0,True
2503.07027,8.0,7.0,8.0,3.0,2022.0,2024.0,True
2503.07067,2.0,11.0,11.0,4.0,2021.0,2023.0,True
2503.07197,5.0,2.0,5.0,2.0,2023.0,2024.0,True
2503.07216,,6.0,6.0,1.0,,2024.0,True
2503.07265,0.0,7.0,7.0,2.0,2025.0,2023.0,True
2503.07274,0.0,6.0,6.0,2.0,2025.0,2023.0,True
2503.07314,2.0,11.0,11.0,4.0,2023.0,2021.0,True
2503.07334,0.0,9.0,9.0,10.0,2025.0,2015.0,True
2503.07365,8.0,44.0,44.0,7.0,2023.0,2018.0,True
2503.07389,4.0,4.0,4.0,2.0,2023.0,2024.0,True
2503.07413,1.0,3.0,3.0,2.0,2023.0,2023.0,True
2503.07426,4.0,5.0,5.0,1.0,2024.0,2024.0,True
2503.07459,10.0,17.0,17.0,31.0,2023.0,1994.0,True
2503.07465,10.0,36.0,36.0,2.0,2023.0,2023.0,True
2503.07507,1.0,1.0,1.0,19.0,2017.0,2006.0,True
2503.07595,4.0,1.0,4.0,4.0,2021.0,2024.0,True
2503.07597,2.0,2.0,2.0,1.0,2024.0,2024.0,True
2503.07598,10.0,8.0,10.0,3.0,2023.0,2022.0,True
2503.07602,12.0,4.0,12.0,2.0,2023.0,2023.0,True
2503.07603,16.0,36.0,36.0,11.0,2019.0,2014.0,True
2503.07605,7.0,27.0,27.0,2.0,2023.0,2023.0,True
2503.07608,13.0,13.0,13.0,7.0,2021.0,2018.0,True
2503.07677,1.0,12.0,12.0,6.0,2023.0,2019.0,True
2503.07906,2.0,2.0,2.0,1.0,2024.0,2024.0,True
2503.08111,1.0,3.0,3.0,2.0,2024.0,2023.0,True
2503.08153,5.0,4.0,5.0,1.0,2024.0,2024.0,True
2503.08683,2.0,0.0,2.0,3.0,2022.0,2025.0,True
2503.08893,6.0,15.0,15.0,3.0,2022.0,2024.0,True
2503.09279,4.0,13.0,13.0,1.0,2024.0,2024.0,True
2503.09330,4.0,10.0,10.0,5.0,2022.0,2020.0,True
2503.09443,1.0,1.0,1.0,1.0,2024.0,2024.0,True
2503.09949,5.0,1.0,5.0,2.0,2023.0,2025.0,True
2503.10284,7.0,12.0,12.0,2.0,2023.0,2023.0,True
2503.10410,1.0,1.0,1.0,1.0,2024.0,2025.0,True
2503.10522,7.0,57.0,57.0,7.0,2024.0,2018.0,True
2503.10546,0.0,0.0,0.0,0.0,2025.0,2025.0,True
2503.10620,2.0,10.0,10.0,16.0,2023.0,2009.0,True
2503.10624,1.0,22.0,22.0,7.0,2024.0,2018.0,True
2503.10625,22.0,18.0,22.0,7.0,2018.0,2023.0,True
2503.10632,5.0,35.0,35.0,11.0,2017.0,2014.0,True
2503.10684,8.0,18.0,18.0,17.0,2008.0,2022.0,True
2503.10696,10.0,99.0,99.0,17.0,2023.0,2008.0,True
2503.10704,3.0,1.0,3.0,1.0,2024.0,2024.0,True
2503.10719,0.0,1.0,1.0,1.0,2025.0,2024.0,True
2503.10772,7.0,16.0,16.0,2.0,2024.0,2023.0,True
2503.10781,66.0,186.0,186.0,22.0,2007.0,2003.0,True
2503.10905,7.0,3.0,7.0,6.0,2019.0,2021.0,True
2503.10970,9.0,199.0,199.0,55.0,2023.0,1970.0,True
2503.10997,4.0,3.0,4.0,2.0,2023.0,2024.0,True
2503.11069,21.0,63.0,63.0,5.0,2023.0,2020.0,True
2503.11207,14.0,19.0,19.0,3.0,2022.0,2023.0,True
2503.11224,12.0,6.0,12.0,2.0,2023.0,2024.0,True
2503.11227,4.0,37.0,37.0,9.0,2016.0,2018.0,True
2503.11412,3.0,3.0,3.0,2.0,2023.0,2024.0,True
2503.11495,3.0,6.0,6.0,2.0,2024.0,2023.0,True
2503.11509,11.0,45.0,45.0,17.0,2021.0,2008.0,True
2503.11514,3.0,10.0,10.0,10.0,2024.0,2015.0,True
2503.11557,16.0,8.0,16.0,7.0,2018.0,2024.0,True
2503.11572,8.0,5.0,8.0,1.0,2024.0,2024.0,True
2503.11576,5.0,44.0,44.0,11.0,2023.0,2014.0,True
2503.11579,11.0,32.0,32.0,3.0,2022.0,2023.0,True
2503.11629,5.0,4.0,5.0,9.0,2016.0,2023.0,True
2503.11646,17.0,10.0,17.0,8.0,2023.0,2017.0,True
2503.11647,10.0,10.0,10.0,3.0,2022.0,2024.0,True
2503.11651,7.0,3.0,7.0,4.0,2021.0,2023.0,True
2503.11751,18.0,59.0,59.0,17.0,2019.0,2008.0,True
2503.11849,5.0,2.0,5.0,1.0,2024.0,2025.0,True
2503.11958,3.0,2.0,3.0,6.0,2022.0,2019.0,True
2503.12127,2.0,28.0,28.0,2.0,2023.0,2024.0,True
2503.12271,7.0,4.0,7.0,2.0,2023.0,2023.0,True
2503.12303,1.0,3.0,3.0,20.0,2024.0,2005.0,True
2503.12329,8.0,8.0,8.0,2.0,2023.0,2023.0,True
2503.12349,0.0,257.0,257.0,57.0,2025.0,1968.0,True
2503.12355,0.0,5.0,5.0,8.0,2025.0,2017.0,True
2503.12505,4.0,3.0,4.0,1.0,2024.0,2024.0,True
2503.12528,6.0,3.0,6.0,7.0,2019.0,2018.0,True
2503.12530,0.0,6.0,6.0,6.0,2026.0,2019.0,True
2503.12532,5.0,17.0,17.0,4.0,2022.0,2021.0,True
2503.12533,13.0,96.0,96.0,7.0,2019.0,2018.0,True
2503.12545,4.0,3.0,4.0,1.0,2024.0,2024.0,True
2503.12590,1.0,5.0,5.0,5.0,2020.0,2023.0,True
2503.12605,0.0,5.0,5.0,1.0,2025.0,2024.0,True
2503.12689,18.0,6.0,18.0,6.0,2019.0,2023.0,True
2503.12720,11.0,1.0,11.0,4.0,2021.0,2024.0,True
2503.12769,5.0,7.0,7.0,1.0,2024.0,2024.0,True
2503.12797,2.0,4.0,4.0,20.0,2023.0,2005.0,True
2503.12821,2.0,10.0,10.0,1.0,2024.0,2024.0,True
2503.12885,4.0,12.0,12.0,2.0,2024.0,2023.0,True
2503.12937,7.0,6.0,7.0,4.0,2021.0,2024.0,True
2503.12963,6.0,28.0,28.0,6.0,2022.0,2019.0,True
2503.12964,4.0,7.0,7.0,5.0,2024.0,2020.0,True
2503.13070,10.0,5.0,10.0,33.0,1992.0,2024.0,True
2503.13074,3.0,8.0,8.0,2.0,2024.0,2023.0,True
2503.13082,3.0,8.0,8.0,2.0,2023.0,2023.0,True
2503.13111,2.0,10.0,10.0,5.0,2023.0,2020.0,True
2503.13265,3.0,3.0,3.0,13.0,2012.0,2024.0,True
2503.13288,19.0,7.0,19.0,4.0,2021.0,2024.0,True
2503.13327,3.0,12.0,12.0,4.0,2023.0,2021.0,True
2503.13356,6.0,5.0,6.0,11.0,2014.0,2023.0,True
2503.13358,12.0,23.0,23.0,14.0,2018.0,2011.0,True
2503.13360,6.0,6.0,6.0,3.0,2023.0,2022.0,True
2503.13369,3.0,2.0,3.0,11.0,2014.0,2024.0,True
2503.13399,13.0,44.0,44.0,3.0,2022.0,2023.0,True
2503.13424,0.0,0.0,0.0,0.0,2025.0,2025.0,True
2503.13434,3.0,2.0,3.0,2.0,2023.0,2023.0,True
2503.13435,1.0,4.0,4.0,2.0,2024.0,2023.0,True
2503.13444,8.0,4.0,8.0,5.0,2020.0,2021.0,True
2503.13517,1.0,14.0,14.0,6.0,2025.0,2019.0,True
2503.13553,5.0,37.0,37.0,8.0,2021.0,2017.0,True
2503.13657,4.0,11.0,11.0,3.0,2022.0,2024.0,True
2503.13661,1.0,1.0,1.0,1.0,2024.0,2024.0,True
2503.13834,12.0,7.0,12.0,3.0,2022.0,2024.0,True
2503.13891,5.0,28.0,28.0,7.0,2023.0,2018.0,True
2503.13964,3.0,7.0,7.0,1.0,2024.0,2024.0,True
2503.14002,2.0,4.0,4.0,4.0,2021.0,2024.0,True
2503.14125,3.0,6.0,6.0,1.0,2024.0,2024.0,True
2503.14151,1.0,4.0,4.0,1.0,2024.0,2024.0,True
2503.14201,2.0,9.0,9.0,1.0,2025.0,2024.0,True
2503.14237,4.0,25.0,25.0,6.0,2024.0,2019.0,True
2503.14378,14.0,16.0,16.0,2.0,2023.0,2024.0,True
2503.14428,2.0,16.0,16.0,17.0,2024.0,2008.0,True
2503.14434,3.0,15.0,15.0,5.0,2020.0,2023.0,True
2503.14456,1.0,0.0,1.0,1.0,2024.0,2025.0,True
2503.14476,8.0,5.0,8.0,4.0,2022.0,2021.0,True
2503.14478,9.0,35.0,35.0,2.0,2023.0,2023.0,True
2503.14487,1.0,20.0,20.0,2.0,2024.0,2023.0,True
2503.14492,0.0,4.0,4.0,1.0,,2024.0,True
2503.14495,12.0,5.0,12.0,2.0,2023.0,2024.0,True
2503.14499,2.0,4.0,4.0,5.0,2020.0,2022.0,True
2503.14504,2.0,27.0,27.0,7.0,2025.0,2018.0,True
2503.14505,1.0,12.0,12.0,24.0,2024.0,2001.0,True
2503.14607,7.0,6.0,7.0,2.0,2023.0,2024.0,True
2503.14774,3.0,9.0,9.0,2.0,2024.0,2023.0,True
2503.14830,7.0,1.0,7.0,2.0,2023.0,2025.0,True
2503.14868,6.0,3.0,6.0,7.0,2018.0,2023.0,True
2503.14891,3.0,3.0,3.0,1.0,2024.0,2024.0,True
2503.14905,1.0,14.0,14.0,1.0,2024.0,2024.0,True
2503.14941,0.0,3.0,3.0,2.0,2025.0,2023.0,True
2503.15055,2.0,0.0,2.0,4.0,2021.0,,True
2503.15242,1.0,142.0,142.0,15.0,2021.0,2010.0,True
2503.15264,2.0,23.0,23.0,6.0,2024.0,2019.0,True
2503.15265,1.0,10.0,10.0,2.0,2024.0,2023.0,True
2503.15299,,,,,,,False
2503.15354,6.0,2.0,6.0,3.0,2022.0,2024.0,True
2503.15417,1.0,9.0,9.0,1.0,2025.0,2024.0,True
2503.15450,5.0,10.0,10.0,2.0,2024.0,2023.0,True
2503.15451,1.0,0.0,1.0,1.0,2024.0,2025.0,True
2503.15475,2.0,0.0,2.0,2.0,2023.0,,True
2503.15478,11.0,3.0,11.0,3.0,2022.0,2024.0,True
2503.15485,3.0,7.0,7.0,1.0,2024.0,2024.0,True
2503.15558,0.0,2.0,2.0,2.0,,2023.0,True
2503.15567,9.0,10.0,10.0,2.0,2023.0,2023.0,True
2503.15667,1.0,2.0,2.0,2.0,2023.0,2023.0,True
2503.15672,10.0,10.0,10.0,4.0,2021.0,2023.0,True
2503.15851,4.0,4.0,4.0,2.0,2023.0,2024.0,True
2503.15855,22.0,10.0,22.0,4.0,2021.0,2023.0,True
2503.15879,4.0,2.0,4.0,1.0,2024.0,2024.0,True
2503.15893,10.0,5.0,10.0,3.0,2022.0,2023.0,True
2503.16025,0.0,26.0,26.0,15.0,,2010.0,True
2503.16031,1.0,14.0,14.0,4.0,2024.0,2021.0,True
2503.16055,1.0,14.0,14.0,3.0,2024.0,2022.0,True
2503.16057,0.0,5.0,5.0,3.0,2025.0,2022.0,True
2503.16081,6.0,4.0,6.0,2.0,2023.0,2024.0,True
2503.16091,10.0,14.0,14.0,3.0,2022.0,2023.0,True
2503.16188,3.0,4.0,4.0,2.0,2024.0,2023.0,True
2503.16194,7.0,5.0,7.0,2.0,2023.0,2024.0,True
2503.16212,16.0,6.0,16.0,3.0,2022.0,2023.0,True
2503.16219,2.0,1.0,2.0,1.0,2024.0,2024.0,True
2503.16252,2.0,3.0,3.0,6.0,2019.0,2021.0,True
2503.16257,3.0,3.0,3.0,1.0,2024.0,2024.0,True
2503.16278,2.0,24.0,24.0,2.0,2023.0,2023.0,True
2503.16282,7.0,6.0,7.0,3.0,2023.0,2022.0,True
2503.16302,3.0,5.0,5.0,1.0,2024.0,2024.0,True
2503.16322,7.0,6.0,7.0,3.0,2022.0,2023.0,True
2503.16356,36.0,47.0,47.0,4.0,2021.0,2023.0,True
2503.16365,0.0,20.0,20.0,3.0,2025.0,2022.0,True
2503.16375,3.0,108.0,108.0,25.0,2024.0,2000.0,True
2503.16397,4.0,15.0,15.0,7.0,2023.0,2018.0,True
2503.16408,8.0,1.0,8.0,2.0,2023.0,2025.0,True
2503.16413,5.0,2.0,5.0,1.0,2024.0,2025.0,True
2503.16416,20.0,62.0,62.0,23.0,2021.0,2002.0,True
2503.16418,1.0,2.0,2.0,1.0,2024.0,2024.0,True
2503.16419,25.0,16.0,25.0,4.0,2021.0,2022.0,True
2503.16420,3.0,21.0,21.0,8.0,2022.0,2017.0,True
2503.16421,9.0,0.0,9.0,6.0,2019.0,2025.0,True
2503.16422,1.0,10.0,10.0,3.0,2024.0,2022.0,True
2503.16423,3.0,4.0,4.0,20.0,2005.0,2023.0,True
2503.16425,8.0,2.0,8.0,5.0,2020.0,2024.0,True
2503.16426,44.0,98.0,98.0,13.0,2018.0,2012.0,True
2503.16428,2.0,8.0,8.0,2.0,2024.0,2023.0,True
2503.16429,2.0,3.0,3.0,1.0,2024.0,2024.0,True
2503.16430,4.0,3.0,4.0,1.0,2024.0,2024.0,True
2503.16549,1.0,1.0,1.0,2.0,2024.0,2023.0,True
2503.16660,1.0,3.0,3.0,59.0,1966.0,2023.0,True
2503.16709,4.0,3.0,4.0,1.0,2024.0,2024.0,True
2503.16776,0.0,1.0,1.0,1.0,,2024.0,True
2503.16867,1.0,8.0,8.0,3.0,2024.0,2022.0,True
2503.16870,0.0,1.0,1.0,1.0,,2024.0,True
2503.16874,0.0,39.0,39.0,13.0,2025.0,2012.0,True
2503.16905,0.0,1.0,1.0,1.0,2025.0,2024.0,True
2503.16921,3.0,3.0,3.0,2.0,2025.0,2023.0,True
2503.16924,13.0,14.0,14.0,4.0,2021.0,2023.0,True
2503.16965,6.0,5.0,6.0,2.0,2024.0,2023.0,True
2503.16983,0.0,1.0,1.0,0.0,2025.0,2025.0,True
2503.17032,1.0,3.0,3.0,1.0,2024.0,2024.0,True
2503.17069,1.0,2.0,2.0,1.0,2024.0,2024.0,True
2503.17095,2.0,9.0,9.0,1.0,2024.0,2024.0,True
2503.17126,8.0,7.0,8.0,1.0,2024.0,2024.0,True
2503.17237,7.0,7.0,7.0,10.0,2015.0,2015.0,True
2503.17287,7.0,5.0,7.0,1.0,2024.0,2024.0,True
2503.17352,7.0,39.0,39.0,2.0,2023.0,2023.0,True
2503.17358,2.0,4.0,4.0,19.0,2022.0,2006.0,True
2503.17359,2.0,1.0,2.0,1.0,2024.0,2025.0,True
2503.17361,4.0,5.0,5.0,2.0,2024.0,2023.0,True
2503.17407,5.0,10.0,10.0,1.0,2024.0,2024.0,True
2503.17422,0.0,10.0,10.0,28.0,,1997.0,True
2503.17439,3.0,5.0,5.0,1.0,2024.0,2024.0,True
2503.17489,4.0,0.0,4.0,2.0,2023.0,2025.0,True
2503.17500,4.0,0.0,4.0,5.0,2020.0,2025.0,True
2503.17735,5.0,4.0,5.0,1.0,2024.0,2024.0,True
2503.17760,0.0,5.0,5.0,1.0,2025.0,2024.0,True
2503.17811,1.0,3.0,3.0,2.0,2025.0,2023.0,True
2503.17827,2.0,4.0,4.0,2.0,2024.0,2023.0,True
2503.17970,44.0,2.0,44.0,24.0,2001.0,2024.0,True
2503.17973,1.0,1.0,1.0,1.0,2024.0,2024.0,True
2503.17982,0.0,13.0,13.0,3.0,2025.0,2022.0,True
2503.18013,4.0,11.0,11.0,2.0,2023.0,2023.0,True
2503.18018,0.0,4.0,4.0,13.0,2025.0,2012.0,True
2503.18033,13.0,10.0,13.0,5.0,2020.0,2023.0,True
2503.18071,4.0,9.0,9.0,2.0,2023.0,2023.0,True
2503.18102,5.0,1.0,5.0,1.0,2024.0,2024.0,True
2503.18225,1.0,58.0,58.0,5.0,2024.0,2020.0,True
2503.18352,1.0,3.0,3.0,2.0,2024.0,2023.0,True
2503.18406,7.0,3.0,7.0,4.0,2021.0,2024.0,True
2503.18446,1.0,3.0,3.0,1.0,2024.0,2024.0,True
2503.18470,14.0,5.0,14.0,11.0,2014.0,2024.0,True
2503.18476,1.0,22.0,22.0,2.0,2025.0,2023.0,True
2503.18494,1.0,0.0,1.0,0.0,2025.0,2025.0,True
2503.18559,12.0,34.0,34.0,33.0,2019.0,1992.0,True
2503.18673,7.0,6.0,7.0,24.0,2017.0,2001.0,True
2503.18674,5.0,11.0,11.0,2.0,2023.0,2023.0,True
2503.18712,3.0,60.0,60.0,37.0,2020.0,1988.0,True
2503.18769,3.0,11.0,11.0,13.0,2024.0,2012.0,True
2503.18783,15.0,4.0,15.0,10.0,2015.0,2023.0,True
2503.18809,2.0,76.0,76.0,48.0,2024.0,1977.0,True
2503.18813,13.0,17.0,17.0,14.0,2020.0,2011.0,True
2503.18817,,,,,,,False
2503.18866,13.0,4.0,13.0,6.0,2019.0,2024.0,True
2503.18878,2.0,61.0,61.0,14.0,2024.0,2011.0,True
2503.18886,2.0,1.0,2.0,1.0,2025.0,2024.0,True
2503.18892,18.0,3.0,18.0,4.0,2021.0,2024.0,True
2503.18893,3.0,20.0,20.0,2.0,2025.0,2023.0,True
2503.18908,,,,,,,False
2503.18923,2.0,6.0,6.0,7.0,2024.0,2018.0,True
2503.18929,17.0,165.0,165.0,12.0,2018.0,2013.0,True
2503.18931,3.0,97.0,97.0,11.0,2024.0,2014.0,True
2503.18940,6.0,21.0,21.0,3.0,2023.0,2022.0,True
2503.18942,11.0,16.0,16.0,2.0,2023.0,2023.0,True
2503.18945,98.0,2.0,98.0,39.0,1986.0,2024.0,True
2503.18948,,,,,,,False
2503.18950,1.0,3.0,3.0,17.0,2024.0,2008.0,True
2503.18968,2.0,8.0,8.0,1.0,2024.0,2024.0,True
2503.19041,5.0,6.0,6.0,2.0,2023.0,2023.0,True
2503.19065,0.0,74.0,74.0,8.0,2025.0,2017.0,True
2503.19108,7.0,22.0,22.0,7.0,2022.0,2018.0,True
2503.19123,8.0,3.0,8.0,3.0,2022.0,2023.0,True
2503.19207,3.0,10.0,10.0,16.0,2023.0,2009.0,True
2503.19325,12.0,4.0,12.0,2.0,2023.0,2024.0,True
2503.19355,7.0,3.0,7.0,4.0,2021.0,2023.0,True
2503.19356,5.0,12.0,12.0,13.0,2023.0,2012.0,True
2503.19385,3.0,2.0,3.0,2.0,2023.0,2024.0,True
2503.19462,1.0,11.0,11.0,2.0,2024.0,2023.0,True
2503.19470,17.0,19.0,19.0,6.0,2019.0,2024.0,True
2503.19480,4.0,35.0,35.0,2.0,2023.0,2023.0,True
2503.19622,22.0,18.0,22.0,11.0,2021.0,2014.0,True
2503.19693,1.0,3.0,3.0,3.0,2024.0,2022.0,True
2503.19757,3.0,3.0,3.0,1.0,2024.0,2024.0,True
2503.19777,1.0,73.0,73.0,24.0,2025.0,2001.0,True
2503.19786,0.0,5.0,5.0,1.0,,2024.0,True
2503.19794,1.0,2.0,2.0,1.0,2024.0,2024.0,True
2503.19846,2.0,12.0,12.0,18.0,2023.0,2007.0,True
2503.19855,1.0,0.0,1.0,1.0,2024.0,2025.0,True
2503.19881,2.0,11.0,11.0,1.0,2024.0,2024.0,True
2503.19901,4.0,4.0,4.0,2.0,2024.0,2023.0,True
2503.19903,17.0,59.0,59.0,8.0,2020.0,2017.0,True
2503.19904,2.0,23.0,23.0,8.0,2024.0,2017.0,True
2503.19906,1.0,5.0,5.0,3.0,2025.0,2022.0,True
2503.19907,19.0,13.0,19.0,5.0,2020.0,2023.0,True
2503.19910,8.0,13.0,13.0,7.0,2018.0,2024.0,True
2503.19950,4.0,4.0,4.0,2.0,2024.0,2023.0,True
2503.19953,0.0,13.0,13.0,4.0,2025.0,2021.0,True
2503.19990,2.0,3.0,3.0,15.0,2010.0,2024.0,True
2503.20020,1.0,1.0,1.0,1.0,2024.0,2024.0,True
2503.20110,11.0,4.0,11.0,3.0,2022.0,2022.0,True
2503.20198,7.0,3.0,7.0,2.0,2023.0,2024.0,True
2503.20201,3.0,259.0,259.0,57.0,2022.0,1968.0,True
2503.20215,2.0,4.0,4.0,1.0,2025.0,2024.0,True
2503.20220,3.0,30.0,30.0,17.0,2023.0,2008.0,True
2503.20240,3.0,2.0,3.0,3.0,2022.0,2024.0,True
2503.20271,11.0,17.0,17.0,2.0,2023.0,2023.0,True
2503.20286,2.0,5.0,5.0,1.0,2024.0,2024.0,True
2503.20308,1.0,6.0,6.0,2.0,2024.0,2023.0,True
2503.20314,1.0,1.0,1.0,12.0,2024.0,2013.0,True
2503.20533,1.0,1.0,1.0,1.0,2024.0,2024.0,True
2503.20578,0.0,20.0,20.0,11.0,,2014.0,True
2503.20641,6.0,6.0,6.0,1.0,2024.0,2024.0,True
2503.20672,3.0,11.0,11.0,2.0,2023.0,2023.0,True
2503.20731,4.0,4.0,4.0,2.0,2023.0,2023.0,True
2503.20756,5.0,88.0,88.0,9.0,2019.0,2016.0,True
2503.20757,2.0,49.0,49.0,2.0,2024.0,2023.0,True
2503.20776,4.0,93.0,93.0,12.0,2023.0,2013.0,True
2503.20783,7.0,22.0,22.0,4.0,2021.0,2023.0,True
2503.20785,10.0,5.0,10.0,2.0,2023.0,2023.0,True
2503.20822,4.0,6.0,6.0,4.0,2023.0,2021.0,True
2503.20853,2.0,64.0,64.0,9.0,2023.0,2016.0,True
2503.20990,11.0,3.0,11.0,1.0,2024.0,2024.0,True
2503.21088,2.0,89.0,89.0,9.0,2024.0,2016.0,True
2503.21144,0.0,10.0,10.0,6.0,2025.0,2019.0,True
2503.21248,3.0,28.0,28.0,6.0,2023.0,2019.0,True
2503.21332,3.0,1.0,3.0,1.0,2024.0,2024.0,True
2503.21380,2.0,5.0,5.0,2.0,2024.0,2023.0,True
2503.21460,17.0,1.0,17.0,6.0,2019.0,2023.0,True
2503.21541,2.0,32.0,32.0,10.0,2024.0,2015.0,True
2503.21544,18.0,8.0,18.0,4.0,2021.0,2024.0,True
2503.21614,18.0,4.0,18.0,2.0,2023.0,2025.0,True
2503.21620,2.0,1.0,2.0,1.0,2024.0,2025.0,True
2503.21694,5.0,7.0,7.0,2.0,2024.0,2023.0,True
2503.21696,27.0,14.0,27.0,18.0,2021.0,2007.0,True
2503.21729,3.0,19.0,19.0,1.0,2024.0,2024.0,True
2503.21732,3.0,12.0,12.0,2.0,2023.0,2023.0,True
2503.21749,5.0,5.0,5.0,2.0,2024.0,2023.0,True
2503.21751,14.0,9.0,14.0,3.0,2022.0,2024.0,True
2503.21755,0.0,17.0,17.0,2.0,2025.0,2023.0,True
2503.21758,8.0,7.0,8.0,4.0,2022.0,2021.0,True
2503.21765,2.0,8.0,8.0,2.0,2024.0,2023.0,True
2503.21774,1.0,3.0,3.0,1.0,2024.0,2024.0,True
2503.21776,1.0,6.0,6.0,1.0,2024.0,2024.0,True
2503.21779,5.0,15.0,15.0,2.0,2023.0,2023.0,True
2503.21780,0.0,2.0,2.0,3.0,,2022.0,True
2503.21821,0.0,49.0,49.0,2.0,2025.0,2023.0,True
2503.21851,10.0,15.0,15.0,5.0,2022.0,2020.0,True
2503.21860,10.0,11.0,11.0,5.0,2020.0,2023.0,True
2503.22165,23.0,4.0,23.0,5.0,2020.0,2024.0,True
2503.22194,4.0,6.0,6.0,16.0,2009.0,2023.0,True
2503.22230,3.0,2.0,3.0,13.0,2012.0,2025.0,True
2503.22236,6.0,3.0,6.0,3.0,2022.0,2023.0,True
2503.22268,4.0,4.0,4.0,2.0,2023.0,2024.0,True
2503.22329,5.0,1.0,5.0,5.0,2020.0,2025.0,True
2503.22444,2.0,0.0,2.0,1.0,2024.0,2025.0,True
2503.22622,3.0,12.0,12.0,3.0,2023.0,2022.0,True
2503.22625,5.0,4.0,5.0,2.0,2023.0,2023.0,True
2503.22655,2.0,6.0,6.0,1.0,2024.0,2024.0,True
2503.22668,14.0,4.0,14.0,61.0,2017.0,1964.0,True
2503.22673,10.0,42.0,42.0,4.0,2024.0,2021.0,True
2503.22675,15.0,3.0,15.0,7.0,2018.0,2024.0,True
2503.22677,7.0,24.0,24.0,8.0,2021.0,2017.0,True
2503.22738,3.0,2.0,3.0,2.0,2023.0,2024.0,True
2503.22879,8.0,7.0,8.0,4.0,2021.0,2023.0,True
2503.22952,19.0,3.0,19.0,3.0,2022.0,2024.0,True
2503.23022,4.0,4.0,4.0,2.0,2023.0,2024.0,True
2503.23077,1.0,11.0,11.0,3.0,2025.0,2022.0,True
2503.23135,11.0,38.0,38.0,2.0,2023.0,2023.0,True
2503.23145,15.0,3.0,15.0,5.0,2020.0,2024.0,True
2503.23157,9.0,116.0,116.0,14.0,2022.0,2011.0,True
2503.23162,10.0,10.0,10.0,5.0,2023.0,2020.0,True
2503.23284,3.0,3.0,3.0,3.0,2022.0,2024.0,True
2503.23307,13.0,16.0,16.0,2.0,2023.0,2023.0,True
2503.23361,5.0,3.0,5.0,1.0,2024.0,2024.0,True
2503.23368,3.0,10.0,10.0,2.0,2023.0,2023.0,True
2503.23377,2.0,21.0,21.0,2.0,2024.0,2023.0,True
2503.23434,11.0,16.0,16.0,2.0,2023.0,2023.0,True
2503.23461,1.0,3.0,3.0,1.0,2024.0,2024.0,True
2503.23542,0.0,6.0,6.0,30.0,2025.0,1995.0,True
2503.23573,10.0,0.0,10.0,8.0,2017.0,2025.0,True
2503.23730,0.0,1.0,1.0,1.0,2025.0,2024.0,True
2503.23733,1.0,10.0,10.0,1.0,2024.0,2024.0,True
2503.23798,7.0,3.0,7.0,4.0,2021.0,2023.0,True
2503.23829,5.0,25.0,25.0,3.0,2023.0,2022.0,True
2503.23913,6.0,2.0,6.0,2.0,2023.0,2023.0,True
2503.24067,3.0,3.0,3.0,1.0,2024.0,2024.0,True
2503.24115,3.0,7.0,7.0,6.0,2019.0,2019.0,True
2503.24210,1.0,5.0,5.0,2.0,2024.0,2023.0,True
2503.24219,4.0,134.0,134.0,25.0,2021.0,2000.0,True
2503.24235,10.0,3.0,10.0,4.0,2021.0,2024.0,True
2503.24290,3.0,131.0,131.0,35.0,2023.0,1990.0,True
2503.24310,0.0,0.0,0.0,0.0,2025.0,2025.0,True
2503.24364,2.0,1.0,2.0,1.0,2024.0,2024.0,True
2503.24370,10.0,29.0,29.0,6.0,2019.0,2022.0,True
2503.24376,8.0,12.0,12.0,3.0,2023.0,2022.0,True
2503.24377,10.0,34.0,34.0,2.0,2023.0,2023.0,True
2503.24379,50.0,22.0,50.0,5.0,2020.0,2023.0,True
2503.24388,13.0,1.0,13.0,5.0,2020.0,2024.0,True
2503.24391,8.0,11.0,11.0,5.0,2020.0,2023.0,True
2504.00043,8.0,6.0,8.0,6.0,2019.0,2024.0,True
2504.00050,8.0,5.0,8.0,2.0,2024.0,2023.0,True
2504.00072,4.0,12.0,12.0,9.0,2020.0,2016.0,True
2504.00294,43.0,21.0,43.0,10.0,2018.0,2015.0,True
2504.00396,5.0,13.0,13.0,1.0,2024.0,2024.0,True
2504.00406,9.0,8.0,9.0,4.0,2021.0,2024.0,True
2504.00502,2.0,134.0,134.0,14.0,2022.0,2011.0,True
2504.00509,2.0,3.0,3.0,0.0,2025.0,2025.0,True
2504.00557,0.0,1.0,1.0,1.0,2025.0,2024.0,True
2504.00595,15.0,4.0,15.0,6.0,2019.0,2023.0,True
2504.00698,0.0,5.0,5.0,5.0,,2020.0,True
2504.00810,4.0,5.0,5.0,1.0,2024.0,2024.0,True
2504.00824,8.0,3.0,8.0,2.0,2023.0,2025.0,True
2504.00869,10.0,1.0,10.0,4.0,2021.0,2025.0,True
2504.00883,4.0,5.0,5.0,2.0,2023.0,2023.0,True
2504.00891,3.0,36.0,36.0,2.0,2024.0,2023.0,True
2504.00906,6.0,1.0,6.0,4.0,2021.0,2024.0,True
2504.00927,9.0,3.0,9.0,2.0,2023.0,2025.0,True
2504.00939,11.0,42.0,42.0,2.0,2023.0,2023.0,True
2504.00999,2.0,1.0,2.0,5.0,2024.0,2020.0,True
2504.01005,7.0,7.0,7.0,5.0,2020.0,2021.0,True
2504.01014,0.0,37.0,37.0,2.0,2025.0,2023.0,True
2504.01016,12.0,12.0,12.0,31.0,2021.0,1994.0,True
2504.01017,1.0,6.0,6.0,2.0,2024.0,2023.0,True
2504.01019,8.0,1.0,8.0,3.0,2022.0,2024.0,True
2504.01201,7.0,203.0,203.0,16.0,2023.0,2009.0,True
2504.01204,1.0,4.0,4.0,1.0,2025.0,2024.0,True
2504.01308,0.0,11.0,11.0,1.0,2026.0,2024.0,True
2504.01328,3.0,7.0,7.0,2.0,2024.0,2023.0,True
2504.01724,2.0,3.0,3.0,1.0,2024.0,2024.0,True
2504.01786,4.0,18.0,18.0,18.0,2023.0,2007.0,True
2504.01833,3.0,16.0,16.0,15.0,2021.0,2010.0,True
2504.01848,6.0,5.0,6.0,9.0,2022.0,2016.0,True
2504.01871,3.0,1.0,3.0,33.0,1992.0,2024.0,True
2504.01883,14.0,2.0,14.0,5.0,2020.0,2024.0,True
2504.01934,24.0,6.0,24.0,6.0,2019.0,2024.0,True
2504.01943,45.0,2.0,45.0,9.0,2016.0,2024.0,True
2504.01955,3.0,4.0,4.0,2.0,2024.0,2023.0,True
2504.01956,8.0,17.0,17.0,5.0,2020.0,2023.0,True
2504.01990,3.0,4.0,4.0,1.0,2024.0,2024.0,True
2504.02012,6.0,3.0,6.0,7.0,2018.0,2022.0,True
2504.02119,0.0,92.0,92.0,17.0,2025.0,2008.0,True
2504.02154,14.0,5.0,14.0,4.0,2021.0,2023.0,True
2504.02160,1.0,4.0,4.0,2.0,2024.0,2023.0,True
2504.02398,6.0,71.0,71.0,7.0,2022.0,2018.0,True
2504.02402,3.0,2.0,3.0,2.0,2023.0,2024.0,True
2504.02436,34.0,1.0,34.0,5.0,2020.0,2025.0,True
2504.02495,12.0,55.0,55.0,7.0,2022.0,2018.0,True
2504.02507,3.0,2.0,3.0,1.0,2024.0,2025.0,True
2504.02534,52.0,79.0,79.0,19.0,2009.0,2006.0,True
2504.02542,2.0,4.0,4.0,1.0,2025.0,2024.0,True
2504.02587,3.0,3.0,3.0,1.0,2024.0,2024.0,True
2504.02605,30.0,2.0,30.0,6.0,2019.0,2024.0,True
2504.02782,0.0,4.0,4.0,1.0,2025.0,2024.0,True
2504.02792,8.0,4.0,8.0,4.0,2021.0,2023.0,True
2504.02807,14.0,5.0,14.0,6.0,2019.0,2023.0,True
2504.02810,6.0,22.0,22.0,3.0,2024.0,2022.0,True
2504.02812,8.0,26.0,26.0,10.0,2022.0,2015.0,True
2504.02821,0.0,60.0,60.0,5.0,2025.0,2020.0,True
2504.02826,1.0,48.0,48.0,8.0,2025.0,2017.0,True
2504.02828,2.0,1.0,2.0,1.0,2025.0,2024.0,True
2504.02882,4.0,9.0,9.0,27.0,1998.0,2018.0,True
2504.02949,20.0,1.0,20.0,1.0,2024.0,2024.0,True
2504.03011,4.0,5.0,5.0,3.0,2022.0,2022.0,True
2504.03151,17.0,9.0,17.0,7.0,2018.0,2024.0,True
2504.03193,0.0,16.0,16.0,3.0,2025.0,2022.0,True
2504.03536,3.0,7.0,7.0,2.0,2024.0,2023.0,True
2504.03553,14.0,82.0,82.0,7.0,2022.0,2018.0,True
2504.03561,9.0,82.0,82.0,43.0,1982.0,2018.0,True
2504.03597,12.0,8.0,12.0,11.0,2022.0,2014.0,True
2504.03600,13.0,13.0,13.0,12.0,2013.0,2023.0,True
2504.03601,15.0,43.0,43.0,5.0,2020.0,2021.0,True
2504.03641,1.0,28.0,28.0,7.0,2025.0,2018.0,True
2504.03755,8.0,11.0,11.0,3.0,2022.0,2024.0,True
2504.03767,0.0,0.0,0.0,0.0,,2025.0,True
2504.03770,5.0,5.0,5.0,1.0,2024.0,2024.0,True
2504.03790,3.0,12.0,12.0,20.0,2022.0,2005.0,True
2504.03875,3.0,14.0,14.0,4.0,2023.0,2021.0,True
2504.03886,2.0,7.0,7.0,1.0,2024.0,2024.0,True
2504.03947,12.0,8.0,12.0,7.0,2018.0,2023.0,True
2504.03964,5.0,4.0,5.0,1.0,2024.0,2024.0,True
2504.04010,3.0,5.0,5.0,2.0,2024.0,2023.0,True
2504.04022,0.0,4.0,4.0,27.0,2025.0,1998.0,True
2504.04152,2.0,11.0,11.0,2.0,2024.0,2023.0,True
2504.04155,1.0,11.0,11.0,2.0,2024.0,2023.0,True
2504.04715,3.0,3.0,3.0,3.0,2024.0,2022.0,True
2504.04718,18.0,2.0,18.0,7.0,2018.0,2024.0,True
2504.04823,3.0,5.0,5.0,1.0,2024.0,2024.0,True
2504.04842,1.0,2.0,2.0,1.0,2024.0,2024.0,True
2504.04974,21.0,14.0,21.0,3.0,2022.0,2022.0,True
2504.05118,3.0,3.0,3.0,0.0,2025.0,2025.0,True
2504.05262,2.0,7.0,7.0,3.0,2022.0,2023.0,True
2504.05287,3.0,2.0,3.0,2.0,2023.0,2024.0,True
2504.05288,0.0,24.0,24.0,2.0,2025.0,2023.0,True
2504.05298,2.0,3.0,3.0,2.0,2023.0,2023.0,True
2504.05299,3.0,0.0,3.0,1.0,2024.0,2025.0,True
2504.05303,12.0,8.0,12.0,9.0,2016.0,2019.0,True
2504.05304,6.0,21.0,21.0,2.0,2023.0,2023.0,True
2504.05305,3.0,6.0,6.0,2.0,2023.0,2023.0,True
2504.05410,1.0,34.0,34.0,16.0,2024.0,2009.0,True
2504.05506,14.0,286.0,286.0,18.0,2020.0,2007.0,True
2504.05520,9.0,2.0,9.0,3.0,2022.0,2023.0,True
2504.05523,1.0,5.0,5.0,15.0,2024.0,2010.0,True
2504.05535,1.0,1.0,1.0,75.0,1950.0,1950.0,True
2504.05541,21.0,10.0,21.0,3.0,2022.0,2024.0,True
2504.05579,20.0,4.0,20.0,6.0,2019.0,2023.0,True
2504.05594,4.0,9.0,9.0,2.0,2023.0,2024.0,True
2504.05599,4.0,6.0,6.0,2.0,2024.0,2023.0,True
2504.05741,3.0,25.0,25.0,30.0,2004.0,1995.0,True
2504.05782,4.0,5.0,5.0,1.0,2024.0,2024.0,True
2504.05897,5.0,20.0,20.0,4.0,2021.0,2023.0,True
2504.05979,46.0,1.0,46.0,8.0,2017.0,2025.0,True
2504.06122,0.0,24.0,24.0,8.0,2025.0,2017.0,True
2504.06148,0.0,30.0,30.0,2.0,2025.0,2023.0,True
2504.06232,7.0,39.0,39.0,2.0,2023.0,2023.0,True
2504.06261,2.0,240.0,240.0,18.0,2023.0,2007.0,True
2504.06263,4.0,28.0,28.0,6.0,2023.0,2019.0,True
2504.06514,8.0,2.0,8.0,2.0,2023.0,2024.0,True
2504.06719,7.0,9.0,9.0,8.0,2017.0,2023.0,True
2504.06752,15.0,14.0,15.0,11.0,2018.0,2014.0,True
2504.06801,15.0,12.0,15.0,18.0,2018.0,2007.0,True
2504.06908,4.0,4.0,4.0,14.0,2022.0,2011.0,True
2504.06947,6.0,2.0,6.0,5.0,2020.0,2024.0,True
2504.06949,1.0,7.0,7.0,1.0,2025.0,2024.0,True
2504.06958,11.0,5.0,11.0,2.0,2023.0,2024.0,True
2504.07046,3.0,2.0,3.0,1.0,2024.0,2024.0,True
2504.07079,15.0,101.0,101.0,12.0,2021.0,2013.0,True
2504.07081,17.0,6.0,17.0,7.0,2018.0,2023.0,True
2504.07083,7.0,18.0,18.0,2.0,2023.0,2023.0,True
2504.07086,2.0,24.0,24.0,4.0,2024.0,2021.0,True
2504.07089,2.0,1.0,2.0,1.0,2025.0,2024.0,True
2504.07092,7.0,4.0,7.0,2.0,2023.0,2024.0,True
2504.07096,21.0,2.0,21.0,6.0,2019.0,2022.0,True
2504.07128,6.0,99.0,99.0,16.0,2021.0,2009.0,True
2504.07405,8.0,3.0,8.0,6.0,2019.0,2021.0,True
2504.07491,0.0,3.0,3.0,2.0,,2023.0,True
2504.07615,7.0,56.0,56.0,10.0,2022.0,2015.0,True
2504.07830,5.0,6.0,6.0,2.0,2023.0,2023.0,True
2504.07866,2.0,3.0,3.0,5.0,2024.0,2020.0,True
2504.07891,10.0,68.0,68.0,14.0,2022.0,2011.0,True
2504.07934,9.0,31.0,31.0,2.0,2023.0,2023.0,True
2504.07943,6.0,7.0,7.0,6.0,2019.0,2023.0,True
2504.07951,17.0,22.0,22.0,7.0,2022.0,2018.0,True
2504.07956,1.0,3.0,3.0,1.0,2025.0,2024.0,True
2504.07957,3.0,40.0,40.0,2.0,2025.0,2023.0,True
2504.07959,3.0,4.0,4.0,4.0,2021.0,2024.0,True
2504.07960,7.0,3.0,7.0,2.0,2023.0,2024.0,True
2504.07961,0.0,25.0,25.0,8.0,2026.0,2017.0,True
2504.07963,17.0,4.0,17.0,6.0,2019.0,2024.0,True
2504.07964,1.0,3.0,3.0,1.0,2025.0,2024.0,True
2504.08003,1.0,1.0,1.0,0.0,2025.0,2025.0,True
2504.08066,13.0,2.0,13.0,10.0,2015.0,2024.0,True
2504.08120,20.0,4.0,20.0,7.0,2018.0,2024.0,True
2504.08192,15.0,3.0,15.0,5.0,2020.0,2024.0,True
2504.08366,28.0,5.0,28.0,13.0,2018.0,2012.0,True
2504.08388,14.0,9.0,14.0,2.0,2023.0,2024.0,True
2504.08591,4.0,6.0,6.0,3.0,2023.0,2022.0,True
2504.08600,4.0,15.0,15.0,2.0,2023.0,2023.0,True
2504.08635,4.0,14.0,14.0,19.0,2023.0,2006.0,True
2504.08641,16.0,19.0,19.0,5.0,2020.0,2023.0,True
2504.08672,5.0,8.0,8.0,1.0,2024.0,2024.0,True
2504.08685,0.0,4.0,4.0,0.0,,2025.0,True
2504.08716,16.0,9.0,16.0,16.0,2018.0,2009.0,True
2504.08727,3.0,7.0,7.0,20.0,2019.0,2005.0,True
2504.08736,3.0,4.0,4.0,1.0,2024.0,2024.0,True
2504.08791,36.0,0.0,36.0,7.0,2018.0,2025.0,True
2504.08837,4.0,1.0,4.0,11.0,2014.0,2025.0,True
2504.08846,58.0,11.0,58.0,13.0,2012.0,2022.0,True
2504.08902,2.0,1.0,2.0,4.0,2021.0,2025.0,True
2504.08942,18.0,101.0,101.0,16.0,2019.0,2009.0,True
2504.09048,1.0,122.0,122.0,12.0,2024.0,2013.0,True
2504.09081,2.0,,2.0,6.0,2019.0,,True
2504.09130,2.0,3.0,3.0,2.0,2023.0,2025.0,True
2504.09228,15.0,18.0,18.0,36.0,1989.0,2023.0,True
2504.09346,1.0,11.0,11.0,32.0,2025.0,1993.0,True
2504.09454,2.0,2.0,2.0,8.0,2017.0,2024.0,True
2504.09513,4.0,2.0,4.0,1.0,2024.0,2025.0,True
2504.09518,0.0,3.0,3.0,1.0,2025.0,2024.0,True
2504.09522,4.0,7.0,7.0,8.0,2023.0,2017.0,True
2504.09566,4.0,27.0,27.0,4.0,2023.0,2021.0,True
2504.09621,3.0,1.0,3.0,1.0,2024.0,2025.0,True
2504.09641,3.0,2.0,3.0,1.0,2024.0,2024.0,True
2504.09643,7.0,41.0,41.0,63.0,1962.0,1962.0,True
2504.09689,9.0,6.0,9.0,1.0,2024.0,2024.0,True
2504.09702,2.0,6.0,6.0,5.0,2020.0,2023.0,True
2504.09710,0.0,5.0,5.0,2.0,2025.0,2023.0,True
2504.09763,5.0,34.0,34.0,2.0,2024.0,2023.0,True
2504.09858,2.0,24.0,24.0,9.0,2025.0,2016.0,True
2504.09925,2.0,2.0,2.0,1.0,2024.0,2024.0,True
2504.10049,4.0,1.0,4.0,3.0,2022.0,2024.0,True
2504.10068,4.0,4.0,4.0,1.0,2024.0,2024.0,True
2504.10127,12.0,4.0,12.0,8.0,2017.0,2024.0,True
2504.10157,6.0,18.0,18.0,2.0,2023.0,2023.0,True
2504.10188,5.0,8.0,8.0,2.0,2024.0,2023.0,True
2504.10277,10.0,0.0,10.0,6.0,2019.0,2025.0,True
2504.10326,7.0,2.0,7.0,12.0,2013.0,2023.0,True
2504.10337,2.0,3.0,3.0,1.0,2024.0,2024.0,True
2504.10342,9.0,5.0,9.0,1.0,2024.0,2024.0,True
2504.10368,20.0,23.0,23.0,4.0,2021.0,2023.0,True
2504.10415,14.0,16.0,16.0,13.0,2012.0,2023.0,True
2504.10419,2.0,3.0,3.0,1.0,2024.0,2024.0,True
2504.10430,20.0,4.0,20.0,5.0,2020.0,2021.0,True
2504.10443,3.0,10.0,10.0,2.0,2024.0,2023.0,True
2504.10449,5.0,10.0,10.0,3.0,2024.0,2022.0,True
2504.10462,0.0,10.0,10.0,2.0,2025.0,2023.0,True
2504.10465,6.0,13.0,13.0,2.0,2024.0,2023.0,True
2504.10471,6.0,58.0,58.0,5.0,2023.0,2020.0,True
2504.10479,6.0,35.0,35.0,2.0,2024.0,2023.0,True
2504.10481,4.0,33.0,33.0,2.0,2024.0,2023.0,True
2504.10483,3.0,1.0,3.0,2.0,2023.0,2024.0,True
2504.10514,5.0,3.0,5.0,2.0,2023.0,2024.0,True
2504.10559,2.0,29.0,29.0,7.0,2024.0,2018.0,True
2504.10642,5.0,12.0,12.0,1.0,2024.0,2024.0,True
2504.10766,24.0,5.0,24.0,3.0,2022.0,2024.0,True
2504.10823,0.0,0.0,0.0,0.0,2025.0,2025.0,True
2504.10903,1.0,5.0,5.0,1.0,2024.0,2024.0,True
2504.11001,5.0,6.0,6.0,2.0,2024.0,2023.0,True
2504.11042,10.0,116.0,116.0,23.0,2019.0,2002.0,True
2504.11080,3.0,116.0,116.0,19.0,2024.0,2006.0,True
2504.11092,3.0,1.0,3.0,2.0,2023.0,2024.0,True
2504.11326,6.0,1.0,6.0,5.0,2023.0,2020.0,True
2504.11343,30.0,44.0,44.0,8.0,2020.0,2017.0,True
2504.11346,1.0,3.0,3.0,1.0,2024.0,2024.0,True
2504.11393,18.0,11.0,18.0,4.0,2021.0,2021.0,True
2504.11409,12.0,85.0,85.0,10.0,2021.0,2015.0,True
2504.11427,7.0,1.0,7.0,6.0,2019.0,2024.0,True
2504.11442,1.0,2.0,2.0,25.0,2000.0,2024.0,True
2504.11447,3.0,13.0,13.0,2.0,2024.0,2023.0,True
2504.11455,18.0,100.0,100.0,11.0,2020.0,2014.0,True
2504.11456,3.0,2.0,3.0,1.0,2024.0,2025.0,True
2504.11457,17.0,7.0,17.0,6.0,2019.0,2023.0,True
2504.11468,9.0,19.0,19.0,2.0,2023.0,2023.0,True
2504.11536,26.0,5.0,26.0,6.0,2019.0,2024.0,True
2504.11544,1.0,6.0,6.0,2.0,2024.0,2023.0,True
2504.11651,2.0,13.0,13.0,2.0,2025.0,2023.0,True
2504.11703,7.0,3.0,7.0,13.0,2022.0,2012.0,True
2504.11833,10.0,6.0,10.0,2.0,2023.0,2024.0,True
2504.11919,0.0,1.0,1.0,3.0,2025.0,2022.0,True
2504.11952,10.0,1.0,10.0,1.0,2024.0,2025.0,True
2504.12080,27.0,32.0,32.0,3.0,2023.0,2022.0,True
2504.12083,19.0,21.0,21.0,6.0,2019.0,2019.0,True
2504.12157,3.0,50.0,50.0,15.0,2024.0,2010.0,True
2504.12186,9.0,234.0,234.0,48.0,2016.0,1977.0,True
2504.12240,9.0,5.0,9.0,4.0,2021.0,2024.0,True
2504.12264,0.0,5.0,5.0,3.0,,2022.0,True
2504.12285,68.0,32.0,68.0,76.0,1949.0,2017.0,True
2504.12322,3.0,8.0,8.0,1.0,2024.0,2024.0,True
2504.12364,6.0,4.0,6.0,3.0,2022.0,2024.0,True
2504.12369,3.0,16.0,16.0,2.0,2024.0,2023.0,True
2504.12395,1.0,5.0,5.0,2.0,2023.0,2024.0,True
2504.12563,3.0,2.0,3.0,1.0,2024.0,2024.0,True
2504.12626,3.0,249.0,249.0,30.0,2023.0,1995.0,True
2504.12782,1.0,9.0,9.0,4.0,2024.0,2021.0,True
2504.13055,0.0,7.0,7.0,1.0,2025.0,2024.0,True
2504.13072,4.0,20.0,20.0,2.0,2023.0,2023.0,True
2504.13079,10.0,35.0,35.0,5.0,2020.0,2023.0,True
2504.13099,35.0,22.0,35.0,9.0,2016.0,2024.0,True
2504.13122,6.0,1.0,6.0,1.0,2024.0,2025.0,True
2504.13128,25.0,23.0,25.0,9.0,2020.0,2016.0,True
2504.13143,6.0,20.0,20.0,2.0,2023.0,2023.0,True
2504.13145,9.0,9.0,9.0,8.0,2017.0,2023.0,True
2504.13146,18.0,214.0,214.0,22.0,2006.0,2003.0,True
2504.13157,7.0,79.0,79.0,12.0,2020.0,2013.0,True
2504.13161,4.0,86.0,86.0,10.0,2024.0,2015.0,True
2504.13162,3.0,9.0,9.0,2.0,2023.0,2023.0,True
2504.13169,5.0,8.0,8.0,2.0,2023.0,2024.0,True
2504.13171,3.0,4.0,4.0,3.0,2023.0,2022.0,True
2504.13173,21.0,380.0,380.0,25.0,2018.0,2000.0,True
2504.13180,0.0,42.0,42.0,7.0,2025.0,2018.0,True
2504.13181,10.0,42.0,42.0,7.0,2020.0,2018.0,True
2504.13203,3.0,24.0,24.0,8.0,2023.0,2017.0,True
2504.13263,3.0,2.0,3.0,2.0,2023.0,2024.0,True
2504.13359,6.0,7.0,7.0,8.0,2017.0,2020.0,True
2504.13367,1.0,4.0,4.0,1.0,2024.0,2024.0,True
2504.13519,31.0,18.0,31.0,14.0,2011.0,2013.0,True
2504.13626,12.0,6.0,12.0,1.0,2024.0,2024.0,True
2504.13677,0.0,0.0,0.0,0.0,,2025.0,True
2504.13805,3.0,14.0,14.0,3.0,2024.0,2022.0,True
2504.13816,7.0,4.0,7.0,2.0,2023.0,2024.0,True
2504.13820,12.0,7.0,12.0,2.0,2023.0,2024.0,True
2504.13828,8.0,7.0,8.0,1.0,2024.0,2024.0,True
2504.13835,2.0,10.0,10.0,2.0,2024.0,2023.0,True
2504.13837,12.0,3.0,12.0,2.0,2023.0,2025.0,True
2504.13941,8.0,39.0,39.0,5.0,2020.0,2021.0,True
2504.13958,16.0,9.0,16.0,3.0,2022.0,2024.0,True
2504.14032,0.0,6.0,6.0,2.0,2025.0,2023.0,True
2504.14239,4.0,3.0,4.0,1.0,2024.0,2024.0,True
2504.14396,5.0,28.0,28.0,3.0,2022.0,2023.0,True
2504.14509,1.0,2.0,2.0,3.0,2024.0,2022.0,True
2504.14538,1.0,9.0,9.0,1.0,2024.0,2024.0,True
2504.14603,23.0,22.0,23.0,2.0,2023.0,2024.0,True
2504.14655,2.0,2.0,2.0,8.0,2024.0,2017.0,True
2504.14717,4.0,65.0,65.0,9.0,2024.0,2016.0,True
2504.14735,12.0,55.0,55.0,7.0,2018.0,2021.0,True
2504.14738,2.0,15.0,15.0,3.0,2023.0,2022.0,True
2504.14870,58.0,10.0,58.0,5.0,2020.0,2024.0,True
2504.14899,5.0,18.0,18.0,4.0,2024.0,2021.0,True
2504.14945,30.0,12.0,30.0,6.0,2019.0,2023.0,True
2504.14977,10.0,3.0,10.0,1.0,2024.0,2024.0,True
2504.14992,4.0,2.0,4.0,1.0,2024.0,2025.0,True
2504.15047,3.0,13.0,13.0,1.0,2024.0,2024.0,True
2504.15120,0.0,0.0,0.0,0.0,2025.0,2025.0,True
2504.15133,9.0,92.0,92.0,9.0,2024.0,2016.0,True
2504.15217,9.0,5.0,9.0,4.0,2021.0,2023.0,True
2504.15254,5.0,159.0,159.0,18.0,2022.0,2007.0,True
2504.15257,0.0,4.0,4.0,0.0,2025.0,2025.0,True
2504.15266,37.0,12.0,37.0,10.0,2015.0,2023.0,True
2504.15270,3.0,66.0,66.0,7.0,2024.0,2018.0,True
2504.15271,4.0,9.0,9.0,18.0,2007.0,2023.0,True
2504.15279,2.0,7.0,7.0,1.0,2024.0,2024.0,True
2504.15280,1.0,9.0,9.0,3.0,2024.0,2022.0,True
2504.15281,0.0,0.0,0.0,0.0,2025.0,2025.0,True
2504.15376,25.0,0.0,25.0,19.0,2006.0,2025.0,True
2504.15415,2.0,0.0,2.0,1.0,2024.0,2025.0,True
2504.15431,3.0,3.0,3.0,1.0,2024.0,2024.0,True
2504.15466,15.0,4.0,15.0,3.0,2022.0,2024.0,True
2504.15485,0.0,36.0,36.0,2.0,,2023.0,True
2504.15521,4.0,18.0,18.0,1.0,2024.0,2024.0,True
2504.15524,3.0,1.0,3.0,1.0,2024.0,2024.0,True
2504.15585,2.0,1.0,2.0,1.0,2025.0,2024.0,True
2504.15681,0.0,2.0,2.0,4.0,2025.0,2021.0,True
2504.15707,3.0,1.0,3.0,3.0,2022.0,2025.0,True
2504.15716,4.0,3.0,4.0,6.0,2019.0,2024.0,True
2504.15777,14.0,80.0,80.0,13.0,2022.0,2012.0,True
2504.15780,29.0,6.0,29.0,19.0,2019.0,2006.0,True
2504.15785,2.0,15.0,15.0,2.0,2024.0,2023.0,True
2504.15843,0.0,3.0,3.0,1.0,2025.0,2024.0,True
2504.15921,4.0,10.0,10.0,9.0,2025.0,2016.0,True
2504.16030,8.0,12.0,12.0,2.0,2023.0,2023.0,True
2504.16046,4.0,13.0,13.0,1.0,2024.0,2024.0,True
2504.16064,6.0,4.0,6.0,3.0,2022.0,2024.0,True
2504.16072,8.0,8.0,8.0,2.0,2023.0,2024.0,True
2504.16074,1.0,4.0,4.0,10.0,2024.0,2015.0,True
2504.16078,11.0,185.0,185.0,19.0,2020.0,2006.0,True
2504.16080,19.0,12.0,19.0,2.0,2023.0,2024.0,True
2504.16082,18.0,8.0,18.0,6.0,2019.0,2023.0,True
2504.16083,1.0,37.0,37.0,3.0,2025.0,2022.0,True
2504.16084,2.0,37.0,37.0,2.0,2024.0,2023.0,True
2504.16145,2.0,10.0,10.0,15.0,2024.0,2010.0,True
2504.16272,6.0,4.0,6.0,2.0,2023.0,2024.0,True
2504.16427,14.0,5.0,14.0,6.0,2019.0,2024.0,True
2504.16511,0.0,3.0,3.0,1.0,2025.0,2024.0,True
2504.16656,10.0,7.0,10.0,31.0,1994.0,2023.0,True
2504.16801,3.0,1.0,3.0,2.0,2023.0,2025.0,True
2504.16828,20.0,7.0,20.0,6.0,2019.0,2023.0,True
2504.16891,4.0,17.0,17.0,8.0,2024.0,2017.0,True
2504.16915,25.0,3.0,25.0,5.0,2020.0,2022.0,True
2504.16921,6.0,48.0,48.0,21.0,2004.0,2012.0,True
2504.16929,3.0,7.0,7.0,3.0,2022.0,2023.0,True
2504.17025,3.0,55.0,55.0,20.0,2024.0,2005.0,True
2504.17040,19.0,2.0,19.0,4.0,2021.0,2024.0,True
2504.17069,15.0,5.0,15.0,7.0,2021.0,2018.0,True
2504.17192,5.0,14.0,14.0,11.0,2014.0,2023.0,True
2504.17207,2.0,1.0,2.0,1.0,2024.0,2024.0,True
2504.17258,13.0,2.0,13.0,8.0,2017.0,2023.0,True
2504.17343,6.0,20.0,20.0,8.0,2023.0,2017.0,True
2504.17414,2.0,5.0,5.0,1.0,2025.0,2024.0,True
2504.17432,8.0,8.0,8.0,2.0,2023.0,2024.0,True
2504.17502,17.0,99.0,99.0,21.0,2019.0,2004.0,True
2504.17601,1.0,1.0,1.0,25.0,2000.0,2000.0,True
2504.17670,10.0,7.0,10.0,3.0,2022.0,2024.0,True
2504.17761,0.0,11.0,11.0,1.0,2025.0,2024.0,True
2504.17768,5.0,78.0,78.0,9.0,2021.0,2016.0,True
2504.17788,9.0,3.0,9.0,5.0,2020.0,2024.0,True
2504.17789,7.0,1.0,7.0,2.0,2023.0,2023.0,True
2504.17816,1.0,14.0,14.0,3.0,2024.0,2022.0,True
2504.17821,6.0,9.0,9.0,2.0,2023.0,2024.0,True
2504.17838,6.0,9.0,9.0,4.0,2022.0,2021.0,True
2504.18087,1.0,14.0,14.0,2.0,2024.0,2023.0,True
2504.18225,13.0,24.0,24.0,12.0,2013.0,2021.0,True
2504.18373,5.0,1.0,5.0,9.0,2016.0,2024.0,True
2504.18415,12.0,13.0,13.0,3.0,2022.0,2023.0,True
2504.18425,0.0,4.0,4.0,5.0,,2020.0,True
2504.18589,0.0,9.0,9.0,1.0,2025.0,2024.0,True
2504.18715,20.0,131.0,131.0,19.0,2020.0,2006.0,True
2504.18738,36.0,23.0,36.0,9.0,2016.0,2024.0,True
2504.18904,22.0,8.0,22.0,10.0,2022.0,2015.0,True
2504.18919,7.0,10.0,10.0,3.0,2023.0,2022.0,True
2504.18942,12.0,88.0,88.0,17.0,2015.0,2008.0,True
2504.18983,4.0,5.0,5.0,2.0,2023.0,2024.0,True
2504.19043,20.0,6.0,20.0,12.0,2013.0,2019.0,True
2504.19056,4.0,19.0,19.0,10.0,2024.0,2015.0,True
2504.19062,6.0,13.0,13.0,2.0,2023.0,2023.0,True
2504.19093,4.0,10.0,10.0,1.0,2025.0,2024.0,True
2504.19144,2.0,1.0,2.0,0.0,2025.0,2025.0,True
2504.19162,1.0,2.0,2.0,1.0,2025.0,2024.0,True
2504.19314,30.0,30.0,30.0,5.0,2020.0,2021.0,True
2504.19394,4.0,4.0,4.0,1.0,2024.0,2024.0,True
2504.19395,2.0,14.0,14.0,2.0,2023.0,2024.0,True
2504.19413,27.0,9.0,27.0,9.0,2019.0,2016.0,True
2504.19720,3.0,3.0,3.0,6.0,2019.0,2023.0,True
2504.19724,1.0,1.0,1.0,1.0,2024.0,2024.0,True
2504.19838,4.0,2.0,4.0,1.0,2024.0,2025.0,True
2504.19854,6.0,241.0,241.0,15.0,2023.0,2010.0,True
2504.20073,7.0,21.0,21.0,9.0,2023.0,2016.0,True
2504.20114,2.0,2.0,2.0,1.0,2024.0,2025.0,True
2504.20157,28.0,90.0,90.0,17.0,2015.0,2008.0,True
2504.20406,16.0,1.0,16.0,8.0,2017.0,2025.0,True
2504.20438,4.0,8.0,8.0,1.0,2024.0,2024.0,True
2504.20571,10.0,4.0,10.0,3.0,2022.0,2024.0,True
2504.20595,8.0,26.0,26.0,6.0,2023.0,2019.0,True
2504.20605,2.0,1.0,2.0,17.0,2008.0,2025.0,True
2504.20630,7.0,1.0,7.0,2.0,2023.0,2024.0,True
2504.20690,5.0,13.0,13.0,2.0,2023.0,2023.0,True
2504.20708,25.0,3.0,25.0,5.0,2020.0,2024.0,True
2504.20734,3.0,15.0,15.0,5.0,2020.0,2023.0,True
2504.20752,10.0,156.0,156.0,46.0,1979.0,2006.0,True
2504.20769,4.0,194.0,194.0,20.0,2022.0,2005.0,True
2504.20859,1.0,473.0,473.0,24.0,2024.0,2001.0,True
2504.20879,7.0,15.0,15.0,2.0,2024.0,2023.0,True
2504.20966,2.0,111.0,111.0,12.0,2024.0,2013.0,True
2504.20995,7.0,4.0,7.0,2.0,2023.0,2024.0,True
2504.20996,1.0,1.0,1.0,1.0,2024.0,2025.0,True
2504.20998,5.0,1.0,5.0,2.0,2023.0,2025.0,True
2504.21039,6.0,3.0,6.0,4.0,2021.0,2024.0,True
2504.21117,3.0,3.0,3.0,2.0,2023.0,2023.0,True
2504.21233,0.0,5.0,5.0,4.0,2025.0,2021.0,True
2504.21318,12.0,4.0,12.0,5.0,2020.0,2023.0,True
2504.21336,8.0,7.0,8.0,2.0,2023.0,2023.0,True
2504.21467,3.0,3.0,3.0,3.0,2023.0,2022.0,True
2504.21475,11.0,190.0,190.0,17.0,2023.0,2008.0,True
2504.21635,1.0,1.0,1.0,0.0,2025.0,2025.0,True
2504.21650,2.0,11.0,11.0,5.0,2024.0,2020.0,True
2504.21659,3.0,3.0,3.0,2.0,2023.0,2024.0,True
2504.21776,9.0,71.0,71.0,16.0,2022.0,2009.0,True
2504.21798,2.0,3.0,3.0,1.0,2024.0,2024.0,True
2504.21850,5.0,27.0,27.0,6.0,2023.0,2019.0,True
2504.21853,3.0,2.0,3.0,1.0,2024.0,2025.0,True
2504.21855,2.0,14.0,14.0,19.0,2024.0,2006.0,True
2505.00023,1.0,45.0,45.0,5.0,2024.0,2020.0,True
2505.00174,3.0,1.0,3.0,1.0,2024.0,2025.0,True
2505.00212,18.0,11.0,18.0,6.0,2019.0,2023.0,True
2505.00234,7.0,88.0,88.0,22.0,2016.0,2003.0,True
2505.00358,1.0,9.0,9.0,4.0,2024.0,2021.0,True
2505.00497,1.0,13.0,13.0,9.0,2025.0,2016.0,True
2505.00534,1.0,33.0,33.0,17.0,2024.0,2008.0,True
2505.00551,1.0,192.0,192.0,18.0,2025.0,2007.0,True
2505.00562,4.0,9.0,9.0,2.0,2024.0,2023.0,True
2505.00612,2.0,2.0,2.0,2.0,2023.0,2025.0,True
2505.00662,18.0,7.0,18.0,4.0,2021.0,2023.0,True
2505.00703,11.0,13.0,13.0,1.0,2024.0,2024.0,True
2505.00949,19.0,1.0,19.0,7.0,2018.0,2025.0,True
2505.01043,15.0,123.0,123.0,13.0,2021.0,2012.0,True
2505.01079,2.0,2.0,2.0,1.0,2024.0,2024.0,True
2505.01441,4.0,40.0,40.0,13.0,2024.0,2012.0,True
2505.01449,2.0,0.0,2.0,1.0,2024.0,2025.0,True
2505.01456,11.0,17.0,17.0,4.0,2021.0,2023.0,True
2505.01490,12.0,2.0,12.0,2.0,2023.0,2024.0,True
2505.01548,6.0,197.0,197.0,35.0,2020.0,1990.0,True
2505.01583,6.0,12.0,12.0,2.0,2023.0,2023.0,True
2505.01658,18.0,1.0,18.0,11.0,2014.0,2025.0,True
2505.02005,1.0,2.0,2.0,1.0,2025.0,2024.0,True
2505.02094,1.0,3.0,3.0,1.0,2024.0,2024.0,True
2505.02130,4.0,13.0,13.0,1.0,2024.0,2024.0,True
2505.02156,10.0,1.0,10.0,2.0,2023.0,2024.0,True
2505.02214,10.0,8.0,10.0,2.0,2024.0,2023.0,True
2505.02222,1.0,6.0,6.0,5.0,2025.0,2020.0,True
2505.02311,6.0,0.0,6.0,2.0,2023.0,2025.0,True
2505.02363,4.0,15.0,15.0,2.0,2023.0,2024.0,True
2505.02370,2.0,30.0,30.0,7.0,2024.0,2018.0,True
2505.02387,46.0,11.0,46.0,8.0,2017.0,2024.0,True
2505.02391,10.0,8.0,10.0,2.0,2023.0,2023.0,True
2505.02393,15.0,7.0,15.0,2.0,2024.0,2023.0,True
2505.02410,1.0,1.0,1.0,1.0,2024.0,2024.0,True
2505.02471,1.0,4.0,4.0,28.0,1997.0,2023.0,True
2505.02550,1.0,1.0,1.0,1.0,2024.0,2024.0,True
2505.02567,0.0,19.0,19.0,1.0,2025.0,2024.0,True
2505.02625,17.0,18.0,18.0,4.0,2021.0,2023.0,True
2505.02686,1.0,1.0,1.0,0.0,2025.0,2025.0,True
2505.02707,7.0,0.0,7.0,14.0,2011.0,2025.0,True
2505.02735,4.0,0.0,4.0,1.0,2024.0,2025.0,True
2505.02819,0.0,1.0,1.0,1.0,2025.0,2024.0,True
2505.02820,2.0,0.0,2.0,0.0,2025.0,2025.0,True
2505.02823,2.0,3.0,3.0,1.0,2024.0,2024.0,True
2505.02835,11.0,18.0,18.0,2.0,2023.0,2023.0,True
2505.02836,0.0,8.0,8.0,1.0,2025.0,2024.0,True
2505.02847,2.0,3.0,3.0,0.0,2025.0,2025.0,True
2505.02872,3.0,30.0,30.0,17.0,2024.0,2008.0,True
2505.02922,1.0,4.0,4.0,4.0,2024.0,2021.0,True
2505.03005,3.0,2.0,3.0,1.0,2024.0,2024.0,True
2505.03052,1.0,4.0,4.0,1.0,2024.0,2024.0,True
2505.03105,3.0,3.0,3.0,4.0,2021.0,2021.0,True
2505.03164,2.0,12.0,12.0,9.0,2024.0,2016.0,True
2505.03318,9.0,41.0,41.0,2.0,2023.0,2023.0,True
2505.03332,10.0,10.0,10.0,21.0,2004.0,2004.0,True
2505.03335,20.0,5.0,20.0,11.0,2014.0,2024.0,True
2505.03368,33.0,77.0,77.0,41.0,2008.0,1984.0,True
2505.03418,2.0,85.0,85.0,7.0,2024.0,2018.0,True
2505.03422,7.0,22.0,22.0,9.0,2023.0,2016.0,True
2505.03538,2.0,2.0,2.0,5.0,2022.0,2020.0,True
2505.03570,0.0,0.0,0.0,0.0,,2026.0,True
2505.03730,1.0,2.0,2.0,1.0,2024.0,2024.0,True
2505.03733,7.0,10.0,10.0,2.0,2023.0,2023.0,True
2505.03735,2.0,33.0,33.0,4.0,2024.0,2021.0,True
2505.03739,6.0,5.0,6.0,1.0,2024.0,2024.0,True
2505.03821,3.0,2.0,3.0,1.0,2024.0,2024.0,True
2505.03912,5.0,4.0,5.0,2.0,2024.0,2023.0,True
2505.03981,3.0,9.0,9.0,2.0,2023.0,2024.0,True
2505.04066,21.0,132.0,132.0,19.0,2020.0,2006.0,True
2505.04110,76.0,20.0,76.0,7.0,2018.0,2022.0,True
2505.04364,3.0,2.0,3.0,1.0,2024.0,2024.0,True
2505.04388,131.0,3.0,131.0,15.0,2010.0,2022.0,True
2505.04410,4.0,1.0,4.0,1.0,2024.0,2024.0,True
2505.04512,0.0,6.0,6.0,1.0,2025.0,2024.0,True
2505.04528,0.0,7.0,7.0,2.0,2025.0,2023.0,True
2505.04588,3.0,11.0,11.0,2.0,2023.0,2024.0,True
2505.04601,22.0,21.0,22.0,5.0,2020.0,2023.0,True
2505.04606,5.0,43.0,43.0,3.0,2022.0,2023.0,True
2505.04620,3.0,17.0,17.0,17.0,2024.0,2008.0,True
2505.04622,1.0,10.0,10.0,2.0,2025.0,2023.0,True
2505.04769,38.0,26.0,38.0,9.0,2016.0,2024.0,True
2505.04793,9.0,0.0,9.0,2.0,2023.0,2025.0,True
2505.04842,3.0,11.0,11.0,4.0,2023.0,2021.0,True
2505.04918,1.0,2.0,2.0,1.0,2024.0,2024.0,True
2505.04921,24.0,10.0,24.0,4.0,2021.0,2024.0,True
2505.04955,11.0,22.0,22.0,26.0,2019.0,1999.0,True
2505.05026,3.0,16.0,16.0,2.0,2024.0,2023.0,True
2505.05064,4.0,44.0,44.0,9.0,2023.0,2016.0,True
2505.05071,4.0,12.0,12.0,3.0,2022.0,2023.0,True
2505.05288,8.0,4.0,8.0,5.0,2020.0,2024.0,True
2505.05315,34.0,21.0,34.0,7.0,2018.0,2023.0,True
2505.05327,3.0,22.0,22.0,26.0,2024.0,1999.0,True
2505.05408,22.0,112.0,112.0,12.0,2016.0,2013.0,True
2505.05464,9.0,7.0,9.0,4.0,2021.0,2023.0,True
2505.05467,5.0,2.0,5.0,1.0,2024.0,2024.0,True
2505.05469,4.0,5.0,5.0,4.0,2021.0,2024.0,True
2505.05470,8.0,4.0,8.0,24.0,2001.0,2024.0,True
2505.05474,1.0,4.0,4.0,1.0,2025.0,2024.0,True
2505.05587,52.0,7.0,52.0,6.0,2019.0,2023.0,True
2505.05621,3.0,12.0,12.0,2.0,2023.0,2023.0,True
2505.05678,2.0,43.0,43.0,10.0,2023.0,2015.0,True
2505.06027,4.0,50.0,50.0,36.0,1989.0,2005.0,True
2505.06046,2.0,1.0,2.0,1.0,2024.0,2025.0,True
2505.06111,12.0,6.0,12.0,2.0,2023.0,2023.0,True
2505.06176,7.0,9.0,9.0,5.0,2020.0,2020.0,True
2505.06324,23.0,70.0,70.0,10.0,2015.0,2016.0,True
2505.06356,5.0,,5.0,4.0,2021.0,,True
2505.06548,3.0,3.0,3.0,3.0,2022.0,2024.0,True
2505.06914,4.0,4.0,4.0,6.0,2019.0,2022.0,True
2505.07062,2.0,6.0,6.0,1.0,2024.0,2024.0,True
2505.07086,3.0,7.0,7.0,2.0,2024.0,2023.0,True
2505.07096,6.0,11.0,11.0,4.0,2021.0,2021.0,True
2505.07215,2.0,15.0,15.0,7.0,2020.0,2018.0,True
2505.07233,13.0,1.0,13.0,11.0,2022.0,2014.0,True
2505.07260,9.0,1.0,9.0,16.0,2022.0,2009.0,True
2505.07263,3.0,8.0,8.0,2.0,2023.0,2023.0,True
2505.07291,0.0,5.0,5.0,2.0,2025.0,2023.0,True
2505.07293,4.0,1.0,4.0,5.0,2020.0,2024.0,True
2505.07416,4.0,13.0,13.0,2.0,2023.0,2023.0,True
2505.07447,7.0,9.0,9.0,4.0,2021.0,2023.0,True
2505.07591,27.0,93.0,93.0,10.0,2022.0,2015.0,True
2505.07596,5.0,144.0,144.0,17.0,2023.0,2008.0,True
2505.07608,3.0,2.0,3.0,1.0,2024.0,2025.0,True
2505.07675,0.0,7.0,7.0,1.0,2025.0,2024.0,True
2505.07704,,,,,,,False
2505.07747,7.0,6.0,7.0,2.0,2023.0,2023.0,True
2505.07782,6.0,7.0,7.0,2.0,2024.0,2023.0,True
2505.07787,9.0,6.0,9.0,2.0,2023.0,2024.0,True
2505.07793,2.0,9.0,9.0,4.0,2022.0,2021.0,True
2505.07796,4.0,22.0,22.0,16.0,2023.0,2009.0,True
2505.07812,24.0,49.0,49.0,24.0,2001.0,2023.0,True
2505.07818,2.0,2.0,2.0,3.0,2022.0,2024.0,True
2505.07819,2.0,4.0,4.0,1.0,2024.0,2024.0,True
2505.07849,25.0,22.0,25.0,5.0,2020.0,2022.0,True
2505.07916,21.0,3.0,21.0,8.0,2023.0,2017.0,True
2505.08084,2.0,4.0,4.0,2.0,2024.0,2023.0,True
2505.08175,13.0,4.0,13.0,3.0,2022.0,2024.0,True
2505.08311,16.0,7.0,16.0,8.0,2017.0,2025.0,True
2505.08445,5.0,194.0,194.0,17.0,2018.0,2008.0,True
2505.08455,20.0,22.0,22.0,6.0,2019.0,2019.0,True
2505.08581,2.0,9.0,9.0,1.0,2024.0,2024.0,True
2505.08617,10.0,3.0,10.0,4.0,2022.0,2021.0,True
2505.08638,5.0,5.0,5.0,2.0,2023.0,2023.0,True
2505.08665,2.0,0.0,2.0,1.0,2024.0,2025.0,True
2505.08712,0.0,29.0,29.0,2.0,2025.0,2023.0,True
2505.08727,1.0,1.0,1.0,1.0,2024.0,2024.0,True
2505.08751,5.0,16.0,16.0,10.0,2015.0,2023.0,True
2505.08787,4.0,0.0,4.0,31.0,1994.0,2025.0,True
2505.08910,6.0,113.0,113.0,12.0,2013.0,2013.0,True
2505.09027,3.0,3.0,3.0,1.0,2024.0,2024.0,True
2505.09263,1.0,13.0,13.0,2.0,2024.0,2023.0,True
2505.09264,12.0,12.0,12.0,2.0,2023.0,2023.0,True
2505.09265,12.0,12.0,12.0,2.0,2023.0,2023.0,True
2505.09343,10.0,0.0,10.0,1.0,2024.0,,True
2505.09358,6.0,10.0,10.0,3.0,2022.0,2023.0,True
2505.09388,7.0,5.0,7.0,3.0,2022.0,2024.0,True
2505.09439,15.0,9.0,15.0,4.0,2021.0,2023.0,True
2505.09558,29.0,12.0,29.0,4.0,2023.0,2021.0,True
2505.09568,1.0,8.0,8.0,1.0,2025.0,2024.0,True
2505.09569,6.0,45.0,45.0,17.0,2022.0,2008.0,True
2505.09601,3.0,3.0,3.0,1.0,2024.0,2024.0,True
2505.09608,1.0,28.0,28.0,4.0,2023.0,2021.0,True
2505.09666,0.0,16.0,16.0,2.0,2025.0,2023.0,True
2505.09694,0.0,12.0,12.0,8.0,2025.0,2017.0,True
2505.09723,0.0,12.0,12.0,8.0,2025.0,2017.0,True
2505.09738,0.0,2.0,2.0,1.0,,2024.0,True
2505.09924,0.0,0.0,0.0,0.0,2025.0,2025.0,True
2505.09926,15.0,1.0,15.0,5.0,2023.0,2020.0,True
2505.09990,2.0,32.0,32.0,3.0,2023.0,2022.0,True
2505.10046,0.0,8.0,8.0,1.0,2026.0,2024.0,True
2505.10167,6.0,38.0,38.0,15.0,2023.0,2010.0,True
2505.10176,11.0,8.0,11.0,2.0,2023.0,2023.0,True
2505.10185,2.0,5.0,5.0,3.0,2024.0,2022.0,True
2505.10238,3.0,4.0,4.0,1.0,2024.0,2024.0,True
2505.10251,9.0,10.0,10.0,2.0,2024.0,2023.0,True
2505.10320,16.0,31.0,31.0,8.0,2022.0,2017.0,True
2505.10420,2.0,475.0,475.0,19.0,2023.0,2006.0,True
2505.10468,39.0,27.0,39.0,9.0,2016.0,2024.0,True
2505.10475,12.0,3.0,12.0,4.0,2021.0,2024.0,True
2505.10496,7.0,20.0,20.0,2.0,2023.0,2023.0,True
2505.10518,0.0,5.0,5.0,1.0,2025.0,2024.0,True
2505.10527,6.0,20.0,20.0,3.0,2022.0,2024.0,True
2505.10554,10.0,11.0,11.0,5.0,2023.0,2020.0,True
2505.10557,10.0,11.0,11.0,2.0,2023.0,2023.0,True
2505.10558,2.0,9.0,9.0,2.0,2023.0,2023.0,True
2505.10562,7.0,3.0,7.0,2.0,2023.0,2023.0,True
2505.10565,32.0,2.0,32.0,2.0,2023.0,2024.0,True
2505.10566,6.0,1.0,6.0,4.0,2021.0,2024.0,True
2505.10588,5.0,17.0,17.0,28.0,1997.0,2001.0,True
2505.10610,20.0,315.0,315.0,53.0,2020.0,1972.0,True
2505.10769,0.0,3.0,3.0,1.0,2025.0,2024.0,True
2505.10831,6.0,6.0,6.0,2.0,2023.0,2023.0,True
2505.10852,6.0,12.0,12.0,2.0,2024.0,2023.0,True
2505.10887,14.0,3.0,14.0,13.0,2012.0,2024.0,True
2505.10962,1.0,27.0,27.0,3.0,2025.0,2022.0,True
2505.11011,3.0,29.0,29.0,27.0,2020.0,1998.0,True
2505.11049,3.0,15.0,15.0,3.0,2025.0,2022.0,True
2505.11080,7.0,115.0,115.0,14.0,2022.0,2011.0,True
2505.11107,15.0,80.0,80.0,27.0,2021.0,1998.0,True
2505.11140,31.0,30.0,31.0,7.0,2019.0,2018.0,True
2505.11152,5.0,4.0,5.0,2.0,2023.0,2024.0,True
2505.11196,10.0,103.0,103.0,90.0,2023.0,1935.0,True
2505.11254,11.0,8.0,11.0,4.0,2021.0,2023.0,True
2505.11277,7.0,3.0,7.0,2.0,2023.0,2024.0,True
2505.11315,13.0,8.0,13.0,7.0,2018.0,2020.0,True
2505.11365,11.0,1.0,11.0,6.0,2019.0,2025.0,True
2505.11409,1.0,6.0,6.0,1.0,2025.0,2024.0,True
2505.11427,1.0,56.0,56.0,5.0,2025.0,2020.0,True
2505.11454,5.0,20.0,20.0,15.0,2024.0,2010.0,True
2505.11475,20.0,45.0,45.0,18.0,2019.0,2007.0,True
2505.11480,18.0,5.0,18.0,5.0,2020.0,2024.0,True
2505.11484,10.0,8.0,10.0,6.0,2019.0,2021.0,True
2505.11493,7.0,17.0,17.0,6.0,2019.0,2023.0,True
2505.11497,6.0,0.0,6.0,2.0,2023.0,2025.0,True
2505.11594,12.0,5.0,12.0,5.0,2021.0,2020.0,True
2505.11711,7.0,2.0,7.0,4.0,2021.0,2024.0,True
2505.11730,9.0,4.0,9.0,2.0,2023.0,2024.0,True
2505.11733,7.0,5.0,7.0,2.0,2023.0,2024.0,True
2505.11754,7.0,2.0,7.0,5.0,2020.0,2024.0,True
2505.11820,3.0,39.0,39.0,3.0,2024.0,2022.0,True
2505.11821,15.0,10.0,15.0,19.0,2006.0,2023.0,True
2505.11855,7.0,3.0,7.0,2.0,2024.0,2023.0,True
2505.11881,4.0,0.0,4.0,1.0,2024.0,2026.0,True
2505.11896,7.0,4.0,7.0,4.0,2021.0,2023.0,True
2505.11932,4.0,56.0,56.0,60.0,2024.0,1965.0,True
2505.11966,7.0,0.0,7.0,1.0,2024.0,2025.0,True
2505.11988,10.0,24.0,24.0,9.0,2020.0,2016.0,True
2505.12058,5.0,5.0,5.0,0.0,2025.0,2025.0,True
2505.12081,4.0,13.0,13.0,1.0,2024.0,2024.0,True
2505.12082,12.0,1.0,12.0,2.0,2023.0,2024.0,True
2505.12120,2.0,4.0,4.0,1.0,2024.0,2024.0,True
2505.12154,18.0,20.0,20.0,12.0,2021.0,2013.0,True
2505.12182,13.0,2.0,13.0,3.0,2022.0,2024.0,True
2505.12257,0.0,0.0,0.0,0.0,2025.0,2025.0,True
2505.12306,7.0,9.0,9.0,1.0,2024.0,2024.0,True
2505.12346,2.0,41.0,41.0,8.0,2024.0,2017.0,True
2505.12448,4.0,18.0,18.0,2.0,2023.0,2023.0,True
2505.12504,9.0,1.0,9.0,3.0,2022.0,2025.0,True
2505.12650,1.0,1.0,1.0,1.0,2024.0,2025.0,True
2505.12667,1.0,8.0,8.0,1.0,2024.0,2024.0,True
2505.12781,2.0,1.0,2.0,2.0,2023.0,2023.0,True
2505.12805,31.0,8.0,31.0,7.0,2018.0,2024.0,True
2505.12849,0.0,3.0,3.0,0.0,2025.0,2025.0,True
2505.12872,14.0,2.0,14.0,6.0,2019.0,2023.0,True
2505.12891,5.0,5.0,5.0,5.0,2020.0,2024.0,True
2505.12973,2.0,36.0,36.0,16.0,2024.0,2009.0,True
2505.12992,17.0,23.0,23.0,7.0,2018.0,2023.0,True
2505.12996,6.0,50.0,50.0,2.0,2024.0,2023.0,True
2505.13010,2.0,0.0,2.0,1.0,2024.0,2025.0,True
2505.13103,4.0,9.0,9.0,3.0,2022.0,2023.0,True
2505.13136,3.0,20.0,20.0,6.0,2021.0,2019.0,True
2505.13138,17.0,0.0,17.0,7.0,2018.0,,True
2505.13157,2.0,7.0,7.0,19.0,2023.0,2006.0,True
2505.13180,3.0,15.0,15.0,6.0,2024.0,2019.0,True
2505.13181,19.0,3.0,19.0,5.0,2020.0,2024.0,True
2505.13215,2.0,15.0,15.0,2.0,2024.0,2023.0,True
2505.13227,3.0,5.0,5.0,1.0,2024.0,2024.0,True
2505.13237,8.0,0.0,8.0,2.0,2023.0,2025.0,True
2505.13308,0.0,4.0,4.0,1.0,2025.0,2024.0,True
2505.13344,0.0,8.0,8.0,2.0,2025.0,2023.0,True
2505.13379,34.0,7.0,34.0,16.0,2009.0,2024.0,True
2505.13380,6.0,23.0,23.0,2.0,2023.0,2023.0,True
2505.13388,9.0,108.0,108.0,10.0,2024.0,2015.0,True
2505.13389,8.0,2.0,8.0,1.0,2024.0,2025.0,True
2505.13417,18.0,107.0,107.0,22.0,2021.0,2003.0,True
2505.13426,16.0,25.0,25.0,5.0,2020.0,2021.0,True
2505.13427,3.0,2.0,3.0,1.0,2024.0,2024.0,True
2505.13430,0.0,3.0,3.0,2.0,2025.0,2023.0,True
2505.13437,2.0,2.0,2.0,2.0,2025.0,2023.0,True
2505.13438,9.0,24.0,24.0,19.0,2006.0,2023.0,True
2505.13444,15.0,7.0,15.0,5.0,2020.0,2023.0,True
2505.13508,0.0,4.0,4.0,1.0,2025.0,2024.0,True
2505.13511,77.0,21.0,77.0,7.0,2018.0,2022.0,True
2505.13529,6.0,39.0,39.0,9.0,2023.0,2016.0,True
2505.13547,5.0,1.0,5.0,1.0,2024.0,2025.0,True
2505.13559,3.0,109.0,109.0,31.0,2023.0,1994.0,True
2505.13718,1.0,1.0,1.0,0.0,2025.0,2025.0,True
2505.13731,24.0,2.0,24.0,3.0,2022.0,2025.0,True
2505.13778,13.0,17.0,17.0,3.0,2024.0,2022.0,True
2505.13840,11.0,49.0,49.0,4.0,2023.0,2021.0,True
2505.13866,2.0,6.0,6.0,5.0,2024.0,2020.0,True
2505.13909,3.0,4.0,4.0,4.0,2024.0,2021.0,True
2505.13934,11.0,2.0,11.0,3.0,2022.0,2024.0,True
2505.13946,16.0,6.0,16.0,3.0,2022.0,2024.0,True
2505.13988,8.0,3.0,8.0,2.0,2024.0,2023.0,True
2505.14064,6.0,105.0,105.0,9.0,2016.0,2018.0,True
2505.14101,4.0,90.0,90.0,14.0,2022.0,2011.0,True
2505.14135,1.0,7.0,7.0,1.0,2025.0,2024.0,True
2505.14146,1.0,9.0,9.0,16.0,2025.0,2009.0,True
2505.14157,28.0,8.0,28.0,4.0,2021.0,2023.0,True
2505.14178,7.0,3.0,7.0,1.0,2024.0,2024.0,True
2505.14231,3.0,12.0,12.0,2.0,2023.0,2023.0,True
2505.14246,8.0,42.0,42.0,2.0,2024.0,2023.0,True
2505.14256,15.0,14.0,15.0,2.0,2023.0,2023.0,True
2505.14302,9.0,2.0,9.0,1.0,2024.0,2024.0,True
2505.14321,3.0,1.0,3.0,0.0,2025.0,2025.0,True
2505.14336,14.0,104.0,104.0,24.0,2019.0,2001.0,True
2505.14352,4.0,44.0,44.0,4.0,2023.0,2021.0,True
2505.14357,2.0,2.0,2.0,1.0,2025.0,2024.0,True
2505.14395,3.0,2.0,3.0,1.0,2024.0,2025.0,True
2505.14460,1.0,5.0,5.0,2.0,2025.0,2023.0,True
2505.14462,13.0,3.0,13.0,2.0,2023.0,2024.0,True
2505.14464,8.0,8.0,8.0,1.0,2024.0,2025.0,True
2505.14467,1.0,1.0,1.0,2.0,2023.0,2023.0,True
2505.14489,8.0,6.0,8.0,3.0,2022.0,2022.0,True
2505.14513,17.0,81.0,81.0,27.0,2007.0,1998.0,True
2505.14534,5.0,0.0,5.0,1.0,2024.0,,True
2505.14556,8.0,9.0,9.0,4.0,2021.0,2021.0,True
2505.14604,0.0,17.0,17.0,18.0,2025.0,2007.0,True
2505.14625,16.0,20.0,20.0,19.0,2023.0,2006.0,True
2505.14631,1.0,34.0,34.0,8.0,2024.0,2017.0,True
2505.14633,8.0,0.0,8.0,2.0,2023.0,2025.0,True
2505.14640,1.0,33.0,33.0,2.0,2025.0,2023.0,True
2505.14648,65.0,8.0,65.0,17.0,2018.0,2008.0,True
2505.14652,37.0,33.0,37.0,5.0,2020.0,2023.0,True
2505.14669,3.0,242.0,242.0,18.0,2024.0,2007.0,True
2505.14673,2.0,1.0,2.0,8.0,2017.0,2025.0,True
2505.14674,80.0,34.0,80.0,8.0,2019.0,2017.0,True
2505.14677,5.0,4.0,5.0,3.0,2022.0,2023.0,True
2505.14680,30.0,46.0,46.0,3.0,2022.0,2023.0,True
2505.14681,16.0,4.0,16.0,6.0,2019.0,2025.0,True
2505.14683,2.0,2.0,2.0,1.0,2024.0,2024.0,True
2505.14684,,,,,,,False
2505.14752,1.0,2.0,2.0,1.0,2024.0,2024.0,True
2505.14766,1.0,1.0,1.0,1.0,2024.0,2024.0,True
2505.14810,2.0,12.0,12.0,7.0,2018.0,2023.0,True
2505.14818,5.0,2.0,5.0,29.0,1996.0,2018.0,True
2505.14827,20.0,20.0,20.0,6.0,2019.0,2021.0,True
2505.14887,7.0,6.0,7.0,7.0,2018.0,2024.0,True
2505.14990,5.0,5.0,5.0,1.0,2024.0,2024.0,True
2505.15034,2.0,3.0,3.0,3.0,2022.0,2022.0,True
2505.15045,5.0,2.0,5.0,3.0,2023.0,2022.0,True
2505.15047,5.0,2.0,5.0,2.0,2023.0,2024.0,True
2505.15134,25.0,3.0,25.0,5.0,2020.0,2024.0,True
2505.15141,4.0,2.0,4.0,3.0,2022.0,2024.0,True
2505.15146,5.0,3.0,5.0,2.0,2023.0,2025.0,True
2505.15182,4.0,3.0,4.0,2.0,2023.0,2024.0,True
2505.15210,4.0,2.0,4.0,1.0,2024.0,2024.0,True
2505.15263,0.0,5.0,5.0,3.0,2026.0,2022.0,True
2505.15270,4.0,66.0,66.0,10.0,2023.0,2015.0,True
2505.15277,14.0,35.0,35.0,3.0,2022.0,2023.0,True
2505.15389,5.0,2.0,5.0,3.0,2024.0,2022.0,True
2505.15400,0.0,0.0,0.0,0.0,2025.0,2025.0,True
2505.15404,10.0,41.0,41.0,9.0,2024.0,2016.0,True
2505.15406,15.0,1.0,15.0,2.0,2023.0,2024.0,True
2505.15517,14.0,3.0,14.0,16.0,2009.0,2023.0,True
2505.15524,3.0,1.0,3.0,1.0,2024.0,2024.0,True
2505.15612,12.0,5.0,12.0,6.0,2019.0,2024.0,True
2505.15656,10.0,41.0,41.0,9.0,2024.0,2016.0,True
2505.15692,5.0,10.0,10.0,2.0,2023.0,2024.0,True
2505.15765,6.0,6.0,6.0,2.0,2023.0,2023.0,True
2505.15776,2.0,1.0,2.0,2.0,2023.0,2025.0,True
2505.15778,7.0,4.0,7.0,3.0,2022.0,2023.0,True
2505.15779,13.0,9.0,13.0,1.0,2024.0,2024.0,True
2505.15781,25.0,8.0,25.0,5.0,2020.0,2024.0,True
2505.15791,0.0,13.0,13.0,3.0,2025.0,2022.0,True
2505.15801,11.0,18.0,18.0,18.0,2022.0,2007.0,True
2505.15804,2.0,6.0,6.0,2.0,2024.0,2023.0,True
2505.15805,3.0,3.0,3.0,13.0,2012.0,2024.0,True
2505.15809,4.0,7.0,7.0,1.0,2024.0,2024.0,True
2505.15813,1.0,8.0,8.0,2.0,2024.0,2023.0,True
2505.15816,1.0,1.0,1.0,2.0,2025.0,2023.0,True
2505.15817,10.0,12.0,12.0,3.0,2022.0,2023.0,True
2505.15865,5.0,3.0,5.0,1.0,2024.0,2024.0,True
2505.15879,8.0,7.0,8.0,2.0,2023.0,2024.0,True
2505.15929,1.0,6.0,6.0,32.0,1993.0,2024.0,True
2505.15952,19.0,102.0,102.0,16.0,2021.0,2009.0,True
2505.15960,16.0,8.0,16.0,6.0,2019.0,2023.0,True
2505.15963,6.0,14.0,14.0,2.0,2023.0,2024.0,True
2505.15966,0.0,2.0,2.0,0.0,2025.0,2025.0,True
2505.16022,14.0,6.0,14.0,7.0,2018.0,2020.0,True
2505.16048,6.0,6.0,6.0,4.0,2021.0,2021.0,True
2505.16056,6.0,14.0,14.0,2.0,2023.0,2024.0,True
2505.16088,12.0,6.0,12.0,3.0,2022.0,2024.0,True
2505.16122,8.0,6.0,8.0,1.0,2024.0,2024.0,True
2505.16134,1.0,138.0,138.0,19.0,2023.0,2006.0,True
2505.16151,5.0,1.0,5.0,2.0,2023.0,2024.0,True
2505.16170,12.0,5.0,12.0,6.0,2021.0,2019.0,True
2505.16175,1.0,5.0,5.0,0.0,2025.0,2025.0,True
2505.16181,20.0,6.0,20.0,4.0,2021.0,2023.0,True
2505.16186,12.0,2.0,12.0,7.0,2018.0,2024.0,True
2505.16192,16.0,128.0,128.0,23.0,2020.0,2002.0,True
2505.16211,8.0,33.0,33.0,17.0,2008.0,2021.0,True
2505.16265,3.0,3.0,3.0,1.0,2024.0,2024.0,True
2505.16270,9.0,10.0,10.0,2.0,2023.0,2023.0,True
2505.16293,12.0,4.0,12.0,5.0,2020.0,2023.0,True
2505.16348,13.0,36.0,36.0,2.0,2023.0,2023.0,True
2505.16400,1.0,17.0,17.0,2.0,2024.0,2023.0,True
2505.16409,4.0,29.0,29.0,24.0,2023.0,2001.0,True
2505.16410,9.0,58.0,58.0,60.0,2023.0,1965.0,True
2505.16421,14.0,0.0,14.0,7.0,2018.0,2025.0,True
2505.16459,5.0,25.0,25.0,3.0,2022.0,2023.0,True
2505.16479,,2.0,2.0,0.0,,2025.0,True
2505.16483,23.0,5.0,23.0,5.0,2020.0,2024.0,True
2505.16612,5.0,25.0,25.0,20.0,2023.0,2005.0,True
2505.16707,13.0,5.0,13.0,1.0,2024.0,2024.0,True
2505.16770,0.0,0.0,0.0,0.0,2025.0,2025.0,True
2505.16839,8.0,5.0,8.0,2.0,2023.0,2023.0,True
2505.16854,2.0,13.0,13.0,2.0,2024.0,2023.0,True
2505.16864,17.0,3.0,17.0,4.0,2021.0,2024.0,True
2505.16886,5.0,0.0,5.0,4.0,2021.0,2025.0,True
2505.16901,1.0,5.0,5.0,2.0,2024.0,2023.0,True
2505.16916,2.0,21.0,21.0,1.0,2025.0,2024.0,True
2505.16925,3.0,24.0,24.0,14.0,2024.0,2011.0,True
2505.16933,6.0,5.0,6.0,2.0,2023.0,2024.0,True
2505.16938,60.0,5.0,60.0,6.0,2019.0,2024.0,True
2505.16944,7.0,108.0,108.0,22.0,2023.0,2003.0,True
2505.16967,29.0,10.0,29.0,5.0,2020.0,2023.0,True
2505.16968,13.0,1.0,13.0,3.0,2022.0,2024.0,True
2505.16972,4.0,1.0,4.0,3.0,2022.0,2024.0,True
2505.16990,20.0,4.0,20.0,5.0,2020.0,2024.0,True
2505.16994,1.0,10.0,10.0,10.0,2025.0,2015.0,True
2505.17012,8.0,34.0,34.0,4.0,2022.0,2021.0,True
2505.17015,12.0,4.0,12.0,4.0,2021.0,2024.0,True
2505.17016,3.0,2.0,3.0,2.0,2024.0,2023.0,True
2505.17018,3.0,5.0,5.0,4.0,2021.0,2021.0,True
2505.17019,6.0,1.0,6.0,1.0,2024.0,2025.0,True
2505.17022,4.0,2.0,4.0,2.0,2023.0,2024.0,True
2505.17063,15.0,2.0,15.0,3.0,2022.0,2024.0,True
2505.17091,10.0,157.0,157.0,16.0,2024.0,2009.0,True
2505.17225,5.0,8.0,8.0,7.0,2024.0,2018.0,True
2505.17295,6.0,4.0,6.0,1.0,2024.0,2024.0,True
2505.17330,8.0,0.0,8.0,1.0,2024.0,,True
2505.17332,11.0,10.0,11.0,2.0,2024.0,2023.0,True
2505.17373,13.0,7.0,13.0,3.0,2022.0,2023.0,True
2505.17399,2.0,4.0,4.0,4.0,2024.0,2021.0,True
2505.17412,1.0,10.0,10.0,2.0,2024.0,2023.0,True
2505.17417,6.0,31.0,31.0,3.0,2024.0,2022.0,True
2505.17508,4.0,9.0,9.0,2.0,2023.0,2023.0,True
2505.17540,10.0,48.0,48.0,15.0,2012.0,2010.0,True
2505.17552,5.0,6.0,6.0,2.0,2024.0,2023.0,True
2505.17558,11.0,0.0,11.0,5.0,2020.0,2025.0,True
2505.17561,2.0,3.0,3.0,2.0,2023.0,2024.0,True
2505.17612,19.0,9.0,19.0,7.0,2018.0,2024.0,True
2505.17613,4.0,0.0,4.0,1.0,2024.0,2025.0,True
2505.17618,3.0,9.0,9.0,1.0,2024.0,2024.0,True
2505.17652,1.0,51.0,51.0,16.0,2025.0,2009.0,True
2505.17663,3.0,1.0,3.0,2.0,2023.0,2023.0,True
2505.17667,2.0,19.0,19.0,2.0,2024.0,2023.0,True
2505.17813,11.0,3.0,11.0,4.0,2021.0,2024.0,True
2505.17818,8.0,6.0,8.0,3.0,2022.0,2023.0,True
2505.17826,14.0,30.0,30.0,16.0,2023.0,2009.0,True
2505.17870,2.0,1.0,2.0,0.0,2025.0,2025.0,True
2505.17873,3.0,21.0,21.0,1.0,2024.0,2024.0,True
2505.17894,2.0,2.0,2.0,0.0,2025.0,2025.0,True
2505.17941,4.0,9.0,9.0,2.0,2023.0,2024.0,True
2505.17952,2.0,108.0,108.0,7.0,2025.0,2018.0,True
2505.17955,16.0,9.0,16.0,6.0,2019.0,2021.0,True
2505.18078,8.0,10.0,10.0,2.0,2023.0,2023.0,True
2505.18079,4.0,27.0,27.0,13.0,2023.0,2012.0,True
2505.18087,6.0,0.0,6.0,14.0,2011.0,2025.0,True
2505.18092,9.0,19.0,19.0,3.0,2022.0,2023.0,True
2505.18125,1.0,4.0,4.0,3.0,2024.0,2022.0,True
2505.18128,14.0,117.0,117.0,14.0,2021.0,2011.0,True
2505.18129,5.0,1.0,5.0,1.0,2024.0,2024.0,True
2505.18134,6.0,22.0,22.0,9.0,2023.0,2016.0,True
2505.18227,1.0,205.0,205.0,55.0,2025.0,1970.0,True
2505.18366,1.0,7.0,7.0,1.0,2024.0,2024.0,True
2505.18383,16.0,67.0,67.0,14.0,2011.0,2017.0,True
2505.18384,6.0,0.0,6.0,1.0,2024.0,2025.0,True
2505.18445,24.0,17.0,24.0,3.0,2022.0,2024.0,True
2505.18454,44.0,2.0,44.0,5.0,2020.0,2024.0,True
2505.18536,5.0,16.0,16.0,2.0,2024.0,2023.0,True
2505.18545,1.0,7.0,7.0,2.0,2024.0,2023.0,True
2505.18600,4.0,7.0,7.0,1.0,2024.0,2024.0,True
2505.18601,19.0,4.0,19.0,4.0,2021.0,2024.0,True
2505.18675,2.0,0.0,2.0,1.0,2024.0,2025.0,True
2505.18700,2.0,1.0,2.0,0.0,2025.0,2025.0,True
2505.18759,4.0,3.0,4.0,2.0,2023.0,2024.0,True
2505.18773,15.0,17.0,17.0,8.0,2024.0,2017.0,True
2505.18822,15.0,0.0,15.0,4.0,2021.0,2025.0,True
2505.18842,25.0,17.0,25.0,5.0,2020.0,2023.0,True
2505.18875,13.0,15.0,15.0,25.0,2000.0,2024.0,True
2505.18882,1.0,9.0,9.0,2.0,2025.0,2023.0,True
2505.18926,3.0,3.0,3.0,1.0,2024.0,2024.0,True
2505.18943,4.0,3.0,4.0,1.0,2024.0,2025.0,True
2505.18962,3.0,3.0,3.0,5.0,2020.0,2024.0,True
2505.19000,25.0,3.0,25.0,4.0,2021.0,2024.0,True
2505.19051,6.0,384.0,384.0,25.0,2023.0,2000.0,True
2505.19056,1.0,117.0,117.0,40.0,2024.0,1985.0,True
2505.19075,5.0,12.0,12.0,2.0,2024.0,2023.0,True
2505.19084,6.0,35.0,35.0,12.0,2013.0,2018.0,True
2505.19099,5.0,11.0,11.0,3.0,2023.0,2022.0,True
2505.19103,0.0,3.0,3.0,3.0,2025.0,2022.0,True
2505.19147,7.0,18.0,18.0,3.0,2022.0,2024.0,True
2505.19187,4.0,2.0,4.0,2.0,2023.0,2023.0,True
2505.19209,14.0,33.0,33.0,6.0,2019.0,2019.0,True
2505.19223,3.0,12.0,12.0,2.0,2024.0,2023.0,True
2505.19250,6.0,2.0,6.0,3.0,2022.0,2025.0,True
2505.19253,1.0,1.0,1.0,1.0,2024.0,2024.0,True
2505.19297,2.0,6.0,6.0,5.0,2024.0,2020.0,True
2505.19386,9.0,2.0,9.0,7.0,2018.0,2024.0,True
2505.19427,1.0,3.0,3.0,1.0,2025.0,2024.0,True
2505.19439,2.0,21.0,21.0,8.0,2017.0,2023.0,True
2505.19443,40.0,28.0,40.0,9.0,2016.0,2024.0,True
2505.19457,0.0,1.0,1.0,0.0,2026.0,2025.0,True
2505.19590,50.0,10.0,50.0,6.0,2019.0,2024.0,True
2505.19602,0.0,35.0,35.0,2.0,2026.0,2023.0,True
2505.19621,23.0,63.0,63.0,23.0,2014.0,2002.0,True
2505.19630,4.0,4.0,4.0,18.0,2024.0,2007.0,True
2505.19640,3.0,7.0,7.0,1.0,2024.0,2024.0,True
2505.19641,7.0,4.0,7.0,2.0,2023.0,2023.0,True
2505.19650,4.0,1.0,4.0,1.0,2024.0,2025.0,True
2505.19731,25.0,25.0,25.0,12.0,2020.0,2013.0,True
2505.19752,5.0,37.0,37.0,7.0,2023.0,2018.0,True
2505.19788,6.0,2.0,6.0,1.0,2024.0,2025.0,True
2505.19815,3.0,3.0,3.0,4.0,2021.0,2024.0,True
2505.19897,24.0,10.0,24.0,3.0,2022.0,2024.0,True
2505.19914,9.0,6.0,9.0,4.0,2024.0,2021.0,True
2505.19949,6.0,2.0,6.0,2.0,2023.0,2025.0,True
2505.19955,3.0,19.0,19.0,6.0,2023.0,2019.0,True
2505.20046,1.0,41.0,41.0,11.0,2024.0,2014.0,True
2505.20047,6.0,8.0,8.0,3.0,2022.0,2025.0,True
2505.20088,17.0,20.0,20.0,4.0,2021.0,2023.0,True
2505.20139,1.0,6.0,6.0,0.0,2025.0,2025.0,True
2505.20152,2.0,109.0,109.0,22.0,2023.0,2003.0,True
2505.20256,1.0,36.0,36.0,3.0,2025.0,2022.0,True
2505.20258,2.0,17.0,17.0,4.0,2024.0,2021.0,True
2505.20259,5.0,7.0,7.0,2.0,2023.0,2025.0,True
2505.20275,3.0,8.0,8.0,7.0,2018.0,2024.0,True
2505.20278,4.0,7.0,7.0,3.0,2022.0,2022.0,True
2505.20279,2.0,8.0,8.0,2.0,2025.0,2023.0,True
2505.20282,8.0,1.0,8.0,2.0,2023.0,2025.0,True
2505.20285,10.0,17.0,17.0,3.0,2022.0,2024.0,True
2505.20286,11.0,5.0,11.0,1.0,2024.0,2024.0,True
2505.20287,1.0,81.0,81.0,9.0,2024.0,2016.0,True
2505.20289,4.0,1.0,4.0,1.0,2024.0,2025.0,True
2505.20292,7.0,8.0,8.0,1.0,2024.0,2024.0,True
2505.20298,11.0,18.0,18.0,11.0,2014.0,2022.0,True
2505.20322,17.0,93.0,93.0,9.0,2019.0,2016.0,True
2505.20325,3.0,5.0,5.0,14.0,2021.0,2011.0,True
2505.20355,7.0,7.0,7.0,2.0,2023.0,2023.0,True
2505.20411,1.0,5.0,5.0,16.0,2025.0,2009.0,True
2505.20426,23.0,14.0,23.0,3.0,2022.0,2023.0,True
2505.20444,5.0,2.0,5.0,2.0,2024.0,2023.0,True
2505.20561,17.0,3.0,17.0,6.0,2019.0,2024.0,True
2505.20589,13.0,47.0,47.0,10.0,2021.0,2015.0,True
2505.20650,10.0,23.0,23.0,11.0,2014.0,2022.0,True
2505.20698,2.0,8.0,8.0,10.0,2024.0,2015.0,True
2505.20755,3.0,5.0,5.0,1.0,2024.0,2024.0,True
2505.20779,1.0,2.0,2.0,1.0,2025.0,2024.0,True
2505.20793,11.0,6.0,11.0,7.0,2022.0,2018.0,True
2505.20873,6.0,22.0,22.0,2.0,2023.0,2023.0,True
2505.20914,3.0,65.0,65.0,10.0,2022.0,2015.0,True
2505.20977,3.0,29.0,29.0,2.0,2024.0,2023.0,True
2505.21060,6.0,10.0,10.0,2.0,2023.0,2023.0,True
2505.21070,1.0,12.0,12.0,3.0,2025.0,2022.0,True
2505.21097,2.0,2.0,2.0,0.0,2025.0,2025.0,True
2505.21114,5.0,5.0,5.0,1.0,2024.0,2024.0,True
2505.21115,15.0,4.0,15.0,5.0,2020.0,2025.0,True
2505.21136,14.0,7.0,14.0,5.0,2021.0,2020.0,True
2505.21178,9.0,10.0,10.0,1.0,2024.0,2024.0,True
2505.21179,3.0,3.0,3.0,2.0,2023.0,2024.0,True
2505.21189,4.0,69.0,69.0,48.0,1977.0,2011.0,True
2505.21190,2.0,1.0,2.0,2.0,2023.0,2025.0,True
2505.21191,4.0,5.0,5.0,0.0,2025.0,2025.0,True
2505.21297,3.0,9.0,9.0,2.0,2024.0,2023.0,True
2505.21327,25.0,7.0,25.0,4.0,2022.0,2021.0,True
2505.21333,5.0,2.0,5.0,1.0,2024.0,2025.0,True
2505.21334,0.0,4.0,4.0,1.0,2025.0,2024.0,True
2505.21374,1.0,39.0,39.0,2.0,2025.0,2023.0,True
2505.21411,74.0,18.0,74.0,8.0,2017.0,2023.0,True
2505.21437,12.0,34.0,34.0,5.0,2020.0,2021.0,True
2505.21457,16.0,37.0,37.0,7.0,2018.0,2022.0,True
2505.21471,13.0,7.0,13.0,3.0,2022.0,2023.0,True
2505.21473,25.0,1.0,25.0,3.0,2022.0,2024.0,True
2505.21491,5.0,5.0,5.0,4.0,2024.0,2021.0,True
2505.21493,7.0,3.0,7.0,2.0,2023.0,2025.0,True
2505.21494,34.0,17.0,34.0,2.0,2023.0,2023.0,True
2505.21496,5.0,3.0,5.0,0.0,2025.0,2025.0,True
2505.21497,2.0,8.0,8.0,1.0,2024.0,2024.0,True
2505.21500,0.0,19.0,19.0,18.0,2025.0,2007.0,True
2505.21505,6.0,30.0,30.0,16.0,2023.0,2009.0,True
2505.21523,2.0,3.0,3.0,1.0,2024.0,2024.0,True
2505.21541,13.0,1.0,13.0,6.0,2019.0,2025.0,True
2505.21582,0.0,6.0,6.0,11.0,2025.0,2014.0,True
2505.21600,14.0,25.0,25.0,5.0,2020.0,2024.0,True
2505.21649,9.0,76.0,76.0,10.0,2020.0,2015.0,True
2505.21724,1.0,6.0,6.0,2.0,2023.0,2023.0,True
2505.21749,4.0,2.0,4.0,1.0,2024.0,2024.0,True
2505.21784,25.0,29.0,29.0,13.0,2018.0,2012.0,True
2505.21864,9.0,1.0,9.0,6.0,2019.0,2024.0,True
2505.21876,5.0,20.0,20.0,2.0,2024.0,2023.0,True
2505.21887,14.0,14.0,14.0,6.0,2022.0,2019.0,True
2505.21925,10.0,4.0,10.0,3.0,2022.0,2023.0,True
2505.21960,9.0,9.0,9.0,2.0,2023.0,2023.0,True
2505.22019,5.0,5.0,5.0,1.0,2024.0,2024.0,True
2505.22126,1.0,11.0,11.0,1.0,2025.0,2024.0,True
2505.22129,2.0,3.0,3.0,2.0,2023.0,2024.0,True
2505.22172,1.0,48.0,48.0,3.0,2024.0,2022.0,True
2505.22202,10.0,8.0,10.0,3.0,2022.0,2022.0,True
2505.22203,6.0,6.0,6.0,2.0,2023.0,2024.0,True
2505.22232,6.0,92.0,92.0,13.0,2023.0,2012.0,True
2505.22255,0.0,12.0,12.0,5.0,2025.0,2020.0,True
2505.22312,4.0,9.0,9.0,2.0,2024.0,2023.0,True
2505.22334,5.0,1.0,5.0,2.0,2023.0,2024.0,True
2505.22338,5.0,25.0,25.0,1.0,2024.0,2024.0,True
2505.22421,7.0,6.0,7.0,8.0,2017.0,2024.0,True
2505.22453,5.0,0.0,5.0,2.0,2023.0,2025.0,True
2505.22457,39.0,10.0,39.0,6.0,2019.0,2025.0,True
2505.22523,10.0,15.0,15.0,4.0,2021.0,2023.0,True
2505.22525,12.0,6.0,12.0,2.0,2023.0,2024.0,True
2505.22613,0.0,21.0,21.0,8.0,2025.0,2017.0,True
2505.22617,49.0,68.0,68.0,7.0,2018.0,2019.0,True
2505.22618,8.0,9.0,9.0,1.0,2024.0,2024.0,True
2505.22642,27.0,15.0,27.0,6.0,2019.0,2021.0,True
2505.22648,0.0,18.0,18.0,1.0,2025.0,2024.0,True
2505.22651,2.0,23.0,23.0,6.0,2024.0,2019.0,True
2505.22653,23.0,6.0,23.0,3.0,2022.0,2023.0,True
2505.22664,8.0,7.0,8.0,8.0,2017.0,2024.0,True
2505.22704,5.0,4.0,5.0,1.0,2024.0,2024.0,True
2505.22759,34.0,27.0,34.0,5.0,2020.0,2023.0,True
2505.22765,1.0,4.0,4.0,3.0,2025.0,2022.0,True
2505.22810,0.0,4.0,4.0,25.0,2026.0,2000.0,True
2505.22854,2.0,111.0,111.0,14.0,2021.0,2011.0,True
2505.22888,10.0,16.0,16.0,8.0,2022.0,2017.0,True
2505.22914,4.0,18.0,18.0,6.0,2023.0,2019.0,True
2505.22918,5.0,2.0,5.0,2.0,2023.0,2024.0,True
2505.22944,1.0,61.0,61.0,6.0,2025.0,2019.0,True
2505.22954,7.0,7.0,7.0,6.0,2022.0,2019.0,True
2505.22960,7.0,12.0,12.0,2.0,2023.0,2023.0,True
2505.22961,1.0,5.0,5.0,1.0,2025.0,2024.0,True
2505.22988,11.0,2.0,11.0,35.0,1990.0,2023.0,True
2505.23009,4.0,3.0,4.0,5.0,2020.0,2021.0,True
2505.23059,15.0,8.0,15.0,6.0,2019.0,2023.0,True
2505.23061,8.0,5.0,8.0,2.0,2023.0,2023.0,True
2505.23115,3.0,4.0,4.0,6.0,2019.0,2023.0,True
2505.23253,3.0,7.0,7.0,2.0,2024.0,2023.0,True
2505.23359,10.0,2.0,10.0,2.0,2023.0,2024.0,True
2505.23380,7.0,6.0,7.0,2.0,2023.0,2024.0,True
2505.23387,2.0,1.0,2.0,0.0,2025.0,2025.0,True
2505.23416,3.0,2.0,3.0,15.0,2010.0,2024.0,True
2505.23419,1.0,0.0,1.0,0.0,2025.0,2025.0,True
2505.23473,0.0,41.0,41.0,9.0,2025.0,2016.0,True
2505.23504,4.0,68.0,68.0,8.0,2024.0,2017.0,True
2505.23559,5.0,5.0,5.0,1.0,2024.0,2024.0,True
2505.23564,1.0,9.0,9.0,6.0,2025.0,2019.0,True
2505.23585,26.0,36.0,36.0,18.0,2007.0,2017.0,True
2505.23590,5.0,20.0,20.0,12.0,2022.0,2013.0,True
2505.23604,8.0,3.0,8.0,5.0,2020.0,2024.0,True
2505.23606,8.0,10.0,10.0,11.0,2023.0,2014.0,True
2505.23621,0.0,62.0,62.0,5.0,2025.0,2020.0,True
2505.23625,20.0,9.0,20.0,4.0,2021.0,2023.0,True
2505.23646,24.0,5.0,24.0,4.0,2021.0,2024.0,True
2505.23656,3.0,2.0,3.0,2.0,2023.0,2024.0,True
2505.23660,0.0,0.0,0.0,,,,True
2505.23693,1.0,4.0,4.0,1.0,2025.0,2024.0,True
2505.23716,8.0,11.0,11.0,2.0,2023.0,2024.0,True
2505.23727,1.0,1.0,1.0,0.0,2025.0,2025.0,True
2505.23735,22.0,385.0,385.0,25.0,2018.0,2000.0,True
2505.23742,8.0,62.0,62.0,6.0,2023.0,2019.0,True
2505.23745,13.0,12.0,13.0,2.0,2023.0,2023.0,True
2505.23747,3.0,19.0,19.0,2.0,2023.0,2023.0,True
2505.23751,1.0,6.0,6.0,2.0,2024.0,2023.0,True
2505.23754,15.0,5.0,15.0,2.0,2023.0,2025.0,True
2505.23758,6.0,40.0,40.0,11.0,2023.0,2014.0,True
2505.23759,1.0,11.0,11.0,1.0,2025.0,2024.0,True
2505.23760,7.0,8.0,8.0,2.0,2023.0,2023.0,True
2505.23762,3.0,34.0,34.0,2.0,2024.0,2023.0,True
2505.23807,4.0,2.0,4.0,1.0,2024.0,2025.0,True
2505.23832,5.0,3.0,5.0,2.0,2023.0,2023.0,True
2505.23844,53.0,21.0,53.0,8.0,2017.0,2024.0,True
2505.23856,3.0,0.0,3.0,5.0,2020.0,2025.0,True
2505.23907,1.0,39.0,39.0,7.0,2024.0,2018.0,True
2505.23923,12.0,30.0,30.0,3.0,2024.0,2022.0,True
2505.23926,10.0,6.0,10.0,4.0,2021.0,2021.0,True
2505.23941,2.0,5.0,5.0,4.0,2024.0,2021.0,True
2505.23977,0.0,23.0,23.0,19.0,2025.0,2006.0,True
2505.24025,3.0,0.0,3.0,1.0,2024.0,2025.0,True
2505.24086,6.0,8.0,8.0,15.0,2024.0,2010.0,True
2505.24098,3.0,3.0,3.0,2.0,2023.0,2023.0,True
2505.24119,24.0,10.0,24.0,9.0,2016.0,2024.0,True
2505.24120,3.0,4.0,4.0,36.0,1989.0,2024.0,True
2505.24183,2.0,29.0,29.0,10.0,2024.0,2015.0,True
2505.24189,4.0,24.0,24.0,11.0,2024.0,2014.0,True
2505.24196,19.0,2.0,19.0,3.0,2022.0,2025.0,True
2505.24273,1.0,8.0,8.0,1.0,2024.0,2024.0,True
2505.24293,19.0,19.0,19.0,70.0,1955.0,1955.0,True
2505.24298,6.0,8.0,8.0,3.0,2023.0,2022.0,True
2505.24362,6.0,26.0,26.0,9.0,2023.0,2016.0,True
2505.24417,3.0,25.0,25.0,3.0,2024.0,2022.0,True
2505.24452,5.0,10.0,10.0,7.0,2024.0,2018.0,True
2505.24500,13.0,124.0,124.0,20.0,2023.0,2005.0,True
2505.24517,8.0,11.0,11.0,11.0,2014.0,2018.0,True
2505.24521,7.0,8.0,8.0,2.0,2023.0,2023.0,True
2505.24523,5.0,6.0,6.0,4.0,2021.0,2024.0,True
2505.24581,11.0,195.0,195.0,17.0,2024.0,2008.0,True
2505.24615,1.0,8.0,8.0,4.0,2024.0,2021.0,True
2505.24625,13.0,5.0,13.0,4.0,2021.0,2023.0,True
2505.24672,1.0,42.0,42.0,9.0,2025.0,2016.0,True
2505.24714,21.0,14.0,21.0,6.0,2019.0,2024.0,True
2505.24726,1.0,5.0,5.0,22.0,2003.0,2023.0,True
2505.24760,1.0,,1.0,3.0,2022.0,,True
2505.24782,0.0,12.0,12.0,2.0,2025.0,2023.0,True
2505.24785,9.0,3.0,9.0,3.0,2022.0,2024.0,True
2505.24842,14.0,9.0,14.0,7.0,2018.0,2022.0,True
2505.24846,2.0,14.0,14.0,12.0,2025.0,2013.0,True
2505.24850,4.0,0.0,4.0,7.0,2018.0,2025.0,True
2505.24858,1.0,2.0,2.0,1.0,2024.0,2024.0,True
2505.24862,1.0,3.0,3.0,1.0,2025.0,2024.0,True
2505.24863,2.0,0.0,2.0,1.0,2024.0,2025.0,True
2505.24864,0.0,1.0,1.0,0.0,2025.0,2025.0,True
2505.24867,14.0,6.0,14.0,12.0,2013.0,2016.0,True
2505.24869,1.0,62.0,62.0,11.0,2025.0,2014.0,True
2505.24871,6.0,63.0,63.0,14.0,2011.0,2018.0,True
2505.24875,5.0,1.0,5.0,1.0,2024.0,2024.0,True
2505.24878,5.0,3.0,5.0,1.0,2024.0,2024.0,True
2506.00070,4.0,28.0,28.0,6.0,2024.0,2019.0,True
2506.00073,2.0,1.0,2.0,1.0,2024.0,2024.0,True
2506.00123,7.0,70.0,70.0,9.0,2023.0,2016.0,True
2506.00189,8.0,35.0,35.0,6.0,2024.0,2019.0,True
2506.00227,3.0,6.0,6.0,1.0,2024.0,2024.0,True
2506.00258,,,,,,,False
2506.00338,53.0,9.0,53.0,5.0,2020.0,2023.0,True
2506.00391,4.0,3.0,4.0,2.0,2023.0,2024.0,True
2506.00411,2.0,1.0,2.0,2.0,2023.0,2025.0,True
2506.00413,4.0,4.0,4.0,2.0,2023.0,2023.0,True
2506.00469,6.0,15.0,15.0,2.0,2024.0,2023.0,True
2506.00482,11.0,10.0,11.0,1.0,2024.0,2024.0,True
2506.00512,1.0,5.0,5.0,1.0,2024.0,2024.0,True
2506.00523,6.0,1.0,6.0,1.0,2024.0,2024.0,True
2506.00539,8.0,19.0,19.0,4.0,2022.0,2021.0,True
2506.00577,14.0,2.0,14.0,2.0,2023.0,2024.0,True
2506.00643,18.0,2.0,18.0,4.0,2021.0,2024.0,True
2506.00649,4.0,28.0,28.0,21.0,2024.0,2004.0,True
2506.00723,8.0,23.0,23.0,14.0,2022.0,2011.0,True
2506.00789,6.0,2.0,6.0,13.0,2012.0,2023.0,True
2506.00830,36.0,3.0,36.0,5.0,2020.0,2025.0,True
2506.00910,1.0,11.0,11.0,1.0,2025.0,2024.0,True
2506.00979,2.0,0.0,2.0,3.0,2022.0,2025.0,True
2506.00981,12.0,14.0,14.0,11.0,2019.0,2014.0,True
2506.00996,1.0,33.0,33.0,2.0,2024.0,2023.0,True
2506.01004,4.0,3.0,4.0,9.0,2023.0,2016.0,True
2506.01011,17.0,2.0,17.0,4.0,2021.0,2024.0,True
2506.01049,3.0,0.0,3.0,1.0,2024.0,2025.0,True
2506.01062,9.0,1.0,9.0,5.0,2020.0,2025.0,True
2506.01074,17.0,53.0,53.0,39.0,2020.0,1986.0,True
2506.01084,6.0,1.0,6.0,5.0,2020.0,2025.0,True
2506.01111,15.0,33.0,33.0,2.0,2023.0,2023.0,True
2506.01144,3.0,12.0,12.0,5.0,2023.0,2020.0,True
2506.01241,7.0,2.0,7.0,2.0,2023.0,2024.0,True
2506.01265,18.0,6.0,18.0,3.0,2022.0,2023.0,True
2506.01274,2.0,26.0,26.0,6.0,2024.0,2019.0,True
2506.01320,2.0,7.0,7.0,2.0,2024.0,2023.0,True
2506.01344,16.0,8.0,16.0,3.0,2022.0,2023.0,True
2506.01413,6.0,5.0,6.0,2.0,2023.0,2024.0,True
2506.01484,13.0,7.0,13.0,3.0,2022.0,2024.0,True
2506.01565,4.0,3.0,4.0,1.0,2024.0,2025.0,True
2506.01667,2.0,3.0,3.0,8.0,2017.0,2024.0,True
2506.01674,6.0,13.0,13.0,1.0,2024.0,2024.0,True
2506.01713,3.0,4.0,4.0,3.0,2023.0,2022.0,True
2506.01716,14.0,4.0,14.0,3.0,2022.0,2025.0,True
2506.01789,1.0,3.0,3.0,1.0,2025.0,2024.0,True
2506.01844,18.0,14.0,18.0,9.0,2022.0,2016.0,True
2506.01853,5.0,11.0,11.0,2.0,2023.0,2023.0,True
2506.01863,6.0,246.0,246.0,18.0,2024.0,2007.0,True
2506.01872,0.0,4.0,4.0,2.0,2025.0,2023.0,True
2506.01881,3.0,0.0,3.0,1.0,2024.0,2025.0,True
2506.01920,15.0,197.0,197.0,17.0,2023.0,2008.0,True
2506.01928,8.0,47.0,47.0,16.0,2022.0,2009.0,True
2506.01939,13.0,24.0,24.0,2.0,2023.0,2024.0,True
2506.01943,4.0,17.0,17.0,2.0,2024.0,2023.0,True
2506.01952,12.0,502.0,502.0,30.0,2022.0,1995.0,True
2506.02096,1.0,8.0,8.0,1.0,2025.0,2024.0,True
2506.02138,0.0,9.0,9.0,2.0,,2023.0,True
2506.02153,16.0,4.0,16.0,5.0,2020.0,2024.0,True
2506.02281,7.0,4.0,7.0,1.0,2024.0,2024.0,True
2506.02294,4.0,4.0,4.0,3.0,2024.0,2022.0,True
2506.02295,1.0,197.0,197.0,17.0,2024.0,2008.0,True
2506.02327,18.0,2.0,18.0,2.0,2023.0,2025.0,True
2506.02338,16.0,11.0,16.0,20.0,2022.0,2005.0,True
2506.02387,11.0,5.0,11.0,3.0,2022.0,2025.0,True
2506.02397,1.0,7.0,7.0,1.0,2025.0,2024.0,True
2506.02444,5.0,2.0,5.0,4.0,2021.0,2023.0,True
2506.02454,2.0,6.0,6.0,2.0,2023.0,2023.0,True
2506.02497,4.0,4.0,4.0,2.0,2024.0,2023.0,True
2506.02510,5.0,2.0,5.0,6.0,2019.0,2024.0,True
2506.02515,13.0,217.0,217.0,22.0,2024.0,2003.0,True
2506.02528,0.0,6.0,6.0,1.0,2025.0,2024.0,True
2506.02587,4.0,7.0,7.0,2.0,2024.0,2023.0,True
2506.02592,4.0,6.0,6.0,2.0,2023.0,2023.0,True
2506.02620,4.0,7.0,7.0,1.0,2024.0,2024.0,True
2506.02678,3.0,27.0,27.0,16.0,2025.0,2009.0,True
2506.02680,0.0,1.0,1.0,15.0,2025.0,2010.0,True
2506.02751,0.0,0.0,0.0,0.0,2025.0,2025.0,True
2506.02863,4.0,246.0,246.0,19.0,2023.0,2006.0,True
2506.02865,0.0,1.0,1.0,1.0,2025.0,2024.0,True
2506.02921,4.0,3.0,4.0,1.0,2024.0,2024.0,True
2506.02945,5.0,173.0,173.0,22.0,2013.0,2003.0,True
2506.03065,6.0,1.0,6.0,3.0,2022.0,2025.0,True
2506.03077,2.0,2.0,2.0,3.0,2022.0,2022.0,True
2506.03079,4.0,3.0,4.0,2.0,2023.0,2024.0,True
2506.03096,3.0,6.0,6.0,2.0,2023.0,2023.0,True
2506.03099,2.0,1.0,2.0,1.0,2024.0,2024.0,True
2506.03106,2.0,3.0,3.0,1.0,2024.0,2024.0,True
2506.03107,0.0,0.0,0.0,0.0,2025.0,2025.0,True
2506.03119,1.0,58.0,58.0,7.0,2024.0,2018.0,True
2506.03123,8.0,18.0,18.0,4.0,2021.0,2023.0,True
2506.03126,2.0,13.0,13.0,3.0,2024.0,2022.0,True
2506.03131,6.0,17.0,17.0,3.0,2024.0,2022.0,True
2506.03135,1.0,3.0,3.0,2.0,2025.0,2023.0,True
2506.03136,1.0,8.0,8.0,1.0,2025.0,2024.0,True
2506.03139,4.0,20.0,20.0,18.0,2025.0,2007.0,True
2506.03143,26.0,12.0,26.0,9.0,2016.0,2022.0,True
2506.03144,7.0,52.0,52.0,6.0,2024.0,2019.0,True
2506.03147,2.0,11.0,11.0,1.0,2025.0,2024.0,True
2506.03150,4.0,8.0,8.0,2.0,2023.0,2023.0,True
2506.03231,9.0,4.0,9.0,6.0,2019.0,2023.0,True
2506.03238,22.0,35.0,35.0,6.0,2019.0,2021.0,True
2506.03295,9.0,7.0,9.0,2.0,2023.0,2025.0,True
2506.03355,7.0,419.0,419.0,24.0,2022.0,2001.0,True
2506.03448,6.0,109.0,109.0,17.0,2022.0,2008.0,True
2506.03517,6.0,60.0,60.0,8.0,2022.0,2017.0,True
2506.03525,3.0,23.0,23.0,2.0,2023.0,2023.0,True
2506.03538,1.0,3.0,3.0,2.0,2024.0,2023.0,True
2506.03566,4.0,7.0,7.0,2.0,2023.0,2024.0,True
2506.03569,0.0,1.0,1.0,1.0,2025.0,2024.0,True
2506.03610,2.0,3.0,3.0,6.0,2024.0,2019.0,True
2506.03614,12.0,7.0,12.0,2.0,2023.0,2024.0,True
2506.03621,15.0,10.0,15.0,4.0,2021.0,2023.0,True
2506.03643,4.0,4.0,4.0,1.0,2024.0,2024.0,True
2506.03690,2.0,6.0,6.0,1.0,2024.0,2024.0,True
2506.03817,19.0,8.0,19.0,14.0,2019.0,2011.0,True
2506.03822,6.0,279.0,279.0,51.0,2022.0,1974.0,True
2506.03828,3.0,11.0,11.0,34.0,2023.0,1991.0,True
2506.03837,4.0,21.0,21.0,6.0,2024.0,2019.0,True
2506.03857,6.0,11.0,11.0,2.0,2023.0,2023.0,True
2506.03930,12.0,8.0,12.0,2.0,2023.0,2025.0,True
2506.03939,18.0,1.0,18.0,2.0,2023.0,2025.0,True
2506.03951,4.0,1.0,4.0,1.0,2024.0,2025.0,True
2506.03956,4.0,1.0,4.0,1.0,2024.0,2025.0,True
2506.03968,6.0,5.0,6.0,2.0,2023.0,2024.0,True
2506.04020,3.0,43.0,43.0,9.0,2024.0,2016.0,True
2506.04034,8.0,2.0,8.0,2.0,2023.0,2023.0,True
2506.04089,2.0,8.0,8.0,2.0,2024.0,2023.0,True
2506.04108,12.0,8.0,12.0,5.0,2022.0,2020.0,True
2506.04120,7.0,45.0,45.0,14.0,2022.0,2011.0,True
2506.04133,6.0,2.0,6.0,1.0,2024.0,2025.0,True
2506.04141,1.0,0.0,1.0,1.0,2024.0,2025.0,True
2506.04142,1.0,0.0,1.0,1.0,2024.0,2025.0,True
2506.04158,1.0,7.0,7.0,2.0,2025.0,2023.0,True
2506.04178,13.0,7.0,13.0,3.0,2022.0,2022.0,True
2506.04180,6.0,6.0,6.0,1.0,2024.0,2024.0,True
2506.04207,0.0,6.0,6.0,0.0,2025.0,2025.0,True
2506.04209,9.0,4.0,9.0,16.0,2009.0,2024.0,True
2506.04214,2.0,13.0,13.0,4.0,2025.0,2021.0,True
2506.04225,8.0,14.0,14.0,2.0,2023.0,2024.0,True
2506.04228,4.0,17.0,17.0,3.0,2022.0,2024.0,True
2506.04245,10.0,22.0,22.0,166.0,2019.0,1859.0,True
2506.04255,2.0,0.0,2.0,11.0,2014.0,2025.0,True
2506.04308,5.0,5.0,5.0,2.0,2023.0,2025.0,True
2506.04405,17.0,10.0,17.0,2.0,2023.0,2023.0,True
2506.04462,12.0,42.0,42.0,14.0,2016.0,2011.0,True
2506.04559,11.0,5.0,11.0,4.0,2021.0,2023.0,True
2506.04598,9.0,62.0,62.0,55.0,2022.0,1970.0,True
2506.04614,4.0,2.0,4.0,3.0,2022.0,2025.0,True
2506.04633,3.0,26.0,26.0,2.0,2023.0,2023.0,True
2506.04651,0.0,7.0,7.0,2.0,,2023.0,True
2506.04688,1.0,5.0,5.0,25.0,2024.0,2000.0,True
2506.04734,11.0,7.0,11.0,16.0,2009.0,2022.0,True
2506.04755,1.0,7.0,7.0,2.0,2023.0,2023.0,True
2506.04807,5.0,22.0,22.0,5.0,2023.0,2020.0,True
2506.04956,1.0,6.0,6.0,16.0,2024.0,2009.0,True
2506.04996,3.0,1.0,3.0,1.0,2024.0,2025.0,True
2506.05010,16.0,4.0,16.0,4.0,2021.0,2024.0,True
2506.05046,6.0,3.0,6.0,2.0,2023.0,2023.0,True
2506.05062,2.0,127.0,127.0,59.0,2025.0,1966.0,True
2506.05167,3.0,9.0,9.0,2.0,2023.0,2023.0,True
2506.05176,20.0,19.0,20.0,4.0,2021.0,2024.0,True
2506.05209,12.0,0.0,12.0,6.0,2019.0,2025.0,True
2506.05229,1.0,72.0,72.0,14.0,2025.0,2011.0,True
2506.05240,5.0,5.0,5.0,2.0,2024.0,2023.0,True
2506.05278,9.0,4.0,9.0,4.0,2021.0,2024.0,True
2506.05282,0.0,9.0,9.0,1.0,2025.0,2024.0,True
2506.05284,21.0,15.0,21.0,6.0,2021.0,2019.0,True
2506.05287,8.0,50.0,50.0,19.0,2023.0,2006.0,True
2506.05301,5.0,6.0,6.0,2.0,2023.0,2023.0,True
2506.05309,1.0,29.0,29.0,5.0,2024.0,2020.0,True
2506.05313,16.0,68.0,68.0,4.0,2021.0,2021.0,True
2506.05327,1.0,38.0,38.0,3.0,2025.0,2022.0,True
2506.05328,1.0,4.0,4.0,1.0,2025.0,2024.0,True
2506.05331,1.0,15.0,15.0,1.0,2025.0,2024.0,True
2506.05332,4.0,42.0,42.0,33.0,2023.0,1992.0,True
2506.05333,6.0,3.0,6.0,5.0,2020.0,2024.0,True
2506.05334,5.0,11.0,11.0,2.0,2023.0,2023.0,True
2506.05336,1.0,7.0,7.0,2.0,2024.0,2023.0,True
2506.05344,5.0,3.0,5.0,2.0,2023.0,2024.0,True
2506.05345,1.0,79.0,79.0,9.0,2024.0,2016.0,True
2506.05348,1.0,32.0,32.0,4.0,2024.0,2021.0,True
2506.05349,15.0,9.0,15.0,4.0,2021.0,2023.0,True
2506.05412,1.0,10.0,10.0,1.0,2024.0,2024.0,True
2506.05426,2.0,3.0,3.0,1.0,2024.0,2025.0,True
2506.05433,1.0,10.0,10.0,1.0,2025.0,2024.0,True
2506.05446,0.0,0.0,0.0,0.0,2025.0,2025.0,True
2506.05523,4.0,12.0,12.0,3.0,2025.0,2022.0,True
2506.05551,1.0,5.0,5.0,25.0,2025.0,2000.0,True
2506.05573,2.0,68.0,68.0,9.0,2024.0,2016.0,True
2506.05579,4.0,1.0,4.0,1.0,2024.0,2024.0,True
2506.05598,1.0,4.0,4.0,2.0,2025.0,2023.0,True
2506.05629,1.0,9.0,9.0,7.0,2025.0,2018.0,True
2506.05673,4.0,0.0,4.0,6.0,2019.0,,True
2506.05700,10.0,2.0,10.0,16.0,2014.0,2009.0,True
2506.05817,1.0,0.0,1.0,2.0,2023.0,2025.0,True
2506.05904,1.0,8.0,8.0,2.0,2025.0,2023.0,True
2506.05928,2.0,52.0,52.0,19.0,2022.0,2006.0,True
2506.05982,0.0,4.0,4.0,0.0,2025.0,2025.0,True
2506.05984,7.0,2.0,7.0,3.0,2022.0,2024.0,True
2506.06006,12.0,80.0,80.0,9.0,2019.0,2016.0,True
2506.06020,1.0,1.0,1.0,2.0,2023.0,2025.0,True
2506.06091,22.0,1.0,22.0,4.0,2021.0,2024.0,True
2506.06199,2.0,8.0,8.0,2.0,2023.0,2023.0,True
2506.06205,1.0,11.0,11.0,1.0,2025.0,2024.0,True
2506.06253,7.0,3.0,7.0,8.0,2022.0,2017.0,True
2506.06266,21.0,3.0,21.0,8.0,2017.0,2024.0,True
2506.06276,3.0,58.0,58.0,10.0,2023.0,2015.0,True
2506.06279,1.0,38.0,38.0,2.0,2025.0,2023.0,True
2506.06366,10.0,2.0,10.0,5.0,2020.0,2023.0,True
2506.06395,1.0,72.0,72.0,14.0,2025.0,2011.0,True
2506.06444,23.0,3.0,23.0,3.0,2022.0,2025.0,True
2506.06454,7.0,5.0,7.0,7.0,2018.0,2024.0,True
2506.06485,8.0,87.0,87.0,16.0,2021.0,2009.0,True
2506.06561,8.0,3.0,8.0,3.0,2022.0,2025.0,True
2506.06607,4.0,2.0,4.0,54.0,1971.0,2024.0,True
2506.06658,3.0,2.0,3.0,1.0,2024.0,2024.0,True
2506.06694,39.0,11.0,39.0,7.0,2018.0,2024.0,True
2506.06751,12.0,7.0,12.0,76.0,1949.0,2021.0,True
2506.06905,6.0,360.0,360.0,35.0,2020.0,1990.0,True
2506.06941,15.0,75.0,75.0,17.0,2012.0,2008.0,True
2506.06950,19.0,14.0,19.0,19.0,2022.0,2006.0,True
2506.06952,15.0,28.0,28.0,3.0,2023.0,2022.0,True
2506.06962,8.0,28.0,28.0,3.0,2023.0,2022.0,True
2506.07044,0.0,5.0,5.0,1.0,,2024.0,True
2506.07045,3.0,17.0,17.0,2.0,2023.0,2024.0,True
2506.07047,0.0,7.0,7.0,1.0,2025.0,2024.0,True
2506.07160,3.0,1.0,3.0,2.0,2023.0,2025.0,True
2506.07177,4.0,7.0,7.0,7.0,2023.0,2018.0,True
2506.07240,4.0,10.0,10.0,5.0,2020.0,2023.0,True
2506.07298,8.0,24.0,24.0,6.0,2019.0,2019.0,True
2506.07309,0.0,8.0,8.0,1.0,2025.0,2024.0,True
2506.07434,11.0,6.0,11.0,4.0,2022.0,2021.0,True
2506.07463,2.0,2.0,2.0,1.0,2024.0,2024.0,True
2506.07464,19.0,10.0,19.0,5.0,2020.0,2023.0,True
2506.07491,0.0,1.0,1.0,1.0,2025.0,2024.0,True
2506.07527,3.0,24.0,24.0,1.0,2024.0,2024.0,True
2506.07530,1.0,20.0,20.0,12.0,2025.0,2013.0,True
2506.07553,2.0,14.0,14.0,1.0,2025.0,2024.0,True
2506.07564,2.0,17.0,17.0,1.0,2025.0,2024.0,True
2506.07645,4.0,2.0,4.0,4.0,2023.0,2021.0,True
2506.07712,0.0,6.0,6.0,2.0,2025.0,2023.0,True
2506.07795,5.0,6.0,6.0,1.0,2024.0,2024.0,True
2506.07803,2.0,4.0,4.0,59.0,1966.0,2023.0,True
2506.07833,2.0,7.0,7.0,2.0,2023.0,2024.0,True
2506.07848,2.0,9.0,9.0,2.0,2025.0,2023.0,True
2506.07900,25.0,11.0,25.0,13.0,2012.0,2023.0,True
2506.07927,3.0,2.0,3.0,8.0,2017.0,2024.0,True
2506.07932,16.0,59.0,59.0,12.0,2019.0,2013.0,True
2506.07961,4.0,5.0,5.0,22.0,2024.0,2003.0,True
2506.07971,3.0,13.0,13.0,3.0,2024.0,2022.0,True
2506.07976,5.0,3.0,5.0,4.0,2021.0,2024.0,True
2506.07977,2.0,20.0,20.0,6.0,2025.0,2019.0,True
2506.07982,4.0,3.0,4.0,2.0,2024.0,2023.0,True
2506.07986,9.0,2.0,9.0,4.0,2021.0,2024.0,True
2506.08001,7.0,1.0,7.0,5.0,2020.0,2024.0,True
2506.08002,0.0,6.0,6.0,9.0,2026.0,2016.0,True
2506.08004,8.0,41.0,41.0,11.0,2023.0,2014.0,True
2506.08006,2.0,5.0,5.0,2.0,2024.0,2023.0,True
2506.08007,9.0,9.0,9.0,5.0,2024.0,2020.0,True
2506.08008,,,,,,,False
2506.08009,6.0,18.0,18.0,4.0,2023.0,2021.0,True
2506.08010,1.0,28.0,28.0,7.0,2024.0,2018.0,True
2506.08011,6.0,4.0,6.0,1.0,2024.0,2024.0,True
2506.08012,2.0,3.0,3.0,2.0,2025.0,2023.0,True
2506.08060,3.0,3.0,3.0,2.0,2023.0,2023.0,True
2506.08234,3.0,11.0,11.0,5.0,2025.0,2020.0,True
2506.08279,0.0,1.0,1.0,6.0,,2019.0,True
2506.08300,1.0,0.0,1.0,1.0,2024.0,2025.0,True
2506.08343,4.0,0.0,4.0,1.0,2024.0,2025.0,True
2506.08373,4.0,2.0,4.0,2.0,2023.0,2024.0,True
2506.08477,3.0,37.0,37.0,6.0,2023.0,2019.0,True
2506.08500,24.0,11.0,24.0,5.0,2020.0,2021.0,True
2506.08570,6.0,5.0,6.0,9.0,2022.0,2016.0,True
2506.08592,7.0,12.0,12.0,2.0,2023.0,2024.0,True
2506.08672,1.0,39.0,39.0,7.0,2025.0,2018.0,True
2506.08862,7.0,10.0,10.0,3.0,2022.0,2023.0,True
2506.08887,14.0,9.0,14.0,3.0,2022.0,2024.0,True
2506.08889,7.0,7.0,7.0,2.0,2023.0,2024.0,True
2506.08900,14.0,18.0,18.0,5.0,2020.0,2022.0,True
2506.08915,2.0,9.0,9.0,5.0,2023.0,2020.0,True
2506.08989,1.0,16.0,16.0,3.0,2025.0,2022.0,True
2506.09003,7.0,15.0,15.0,1.0,2024.0,2024.0,True
2506.09007,7.0,8.0,8.0,2.0,2024.0,2023.0,True
2506.09033,6.0,11.0,11.0,5.0,2020.0,2023.0,True
2506.09038,2.0,1.0,2.0,2.0,2024.0,2023.0,True
2506.09040,2.0,2.0,2.0,1.0,2024.0,2025.0,True
2506.09049,3.0,4.0,4.0,1.0,2024.0,2025.0,True
2506.09050,1.0,1.0,1.0,3.0,2025.0,2022.0,True
2506.09113,3.0,0.0,3.0,1.0,2024.0,2025.0,True
2506.09229,1.0,35.0,35.0,12.0,2013.0,2023.0,True
2506.09250,0.0,0.0,0.0,,,,True
2506.09278,2.0,5.0,5.0,3.0,2022.0,2023.0,True
2506.09344,2.0,2.0,2.0,28.0,1997.0,2025.0,True
2506.09350,18.0,8.0,18.0,6.0,2019.0,2023.0,True
2506.09366,6.0,13.0,13.0,2.0,2023.0,2024.0,True
2506.09420,27.0,21.0,27.0,6.0,2019.0,2024.0,True
2506.09427,5.0,12.0,12.0,1.0,2025.0,2024.0,True
2506.09482,1.0,1.0,1.0,0.0,2025.0,2025.0,True
2506.09501,1.0,51.0,51.0,7.0,2025.0,2018.0,True
2506.09513,2.0,108.0,108.0,11.0,2025.0,2014.0,True
2506.09600,3.0,43.0,43.0,22.0,2024.0,2003.0,True
2506.09669,4.0,307.0,307.0,20.0,2023.0,2005.0,True
2506.09736,6.0,3.0,6.0,2.0,2023.0,2024.0,True
2506.09790,17.0,5.0,17.0,4.0,2021.0,2024.0,True
2506.09820,10.0,30.0,30.0,6.0,2019.0,2023.0,True
2506.09827,7.0,7.0,7.0,4.0,2021.0,2024.0,True
2506.09930,5.0,4.0,5.0,1.0,2024.0,2024.0,True
2506.09937,1.0,13.0,13.0,4.0,2025.0,2021.0,True
2506.09942,12.0,111.0,111.0,22.0,2021.0,2003.0,True
2506.09952,21.0,19.0,21.0,5.0,2020.0,2023.0,True
2506.09958,24.0,19.0,24.0,16.0,2020.0,2009.0,True
2506.09967,15.0,84.0,84.0,13.0,2022.0,2012.0,True
2506.09968,4.0,34.0,34.0,11.0,2014.0,2023.0,True
2506.09980,28.0,12.0,28.0,7.0,2018.0,2024.0,True
2506.09984,10.0,15.0,15.0,5.0,2020.0,2023.0,True
2506.09985,18.0,16.0,18.0,66.0,2017.0,1959.0,True
2506.09991,10.0,4.0,10.0,2.0,2023.0,2024.0,True
2506.09993,2.0,11.0,11.0,2.0,2024.0,2023.0,True
2506.09995,4.0,18.0,18.0,1.0,2025.0,2024.0,True
2506.10036,0.0,7.0,7.0,2.0,2025.0,2023.0,True
2506.10038,27.0,14.0,27.0,6.0,2019.0,2022.0,True
2506.10055,0.0,15.0,15.0,2.0,2025.0,2023.0,True
2506.10056,4.0,2.0,4.0,4.0,2021.0,2025.0,True
2506.10082,0.0,3.0,3.0,2.0,2025.0,2023.0,True
2506.10100,4.0,6.0,6.0,3.0,2022.0,2025.0,True
2506.10128,4.0,34.0,34.0,2.0,2024.0,2023.0,True
2506.10178,0.0,76.0,76.0,24.0,2025.0,2001.0,True
2506.10209,11.0,44.0,44.0,33.0,2019.0,1992.0,True
2506.10274,7.0,95.0,95.0,28.0,2023.0,1997.0,True
2506.10341,9.0,7.0,9.0,4.0,2021.0,2023.0,True
2506.10357,5.0,26.0,26.0,2.0,2024.0,2023.0,True
2506.10378,12.0,19.0,19.0,5.0,2020.0,2020.0,True
2506.10387,3.0,26.0,26.0,2.0,2024.0,2023.0,True
2506.10521,2.0,1.0,2.0,0.0,2025.0,2025.0,True
2506.10540,8.0,7.0,8.0,1.0,2024.0,2024.0,True
2506.10568,1.0,3.0,3.0,2.0,2025.0,2023.0,True
2506.10597,4.0,8.0,8.0,2.0,2023.0,2023.0,True
2506.10600,4.0,9.0,9.0,2.0,2024.0,2023.0,True
2506.10674,0.0,75.0,75.0,18.0,,2007.0,True
2506.10728,7.0,3.0,7.0,2.0,2023.0,2024.0,True
2506.10737,7.0,3.0,7.0,2.0,2023.0,2024.0,True
2506.10741,7.0,10.0,10.0,1.0,2024.0,2024.0,True
2506.10821,4.0,223.0,223.0,60.0,2024.0,1965.0,True
2506.10857,23.0,27.0,27.0,6.0,2021.0,2019.0,True
2506.10890,4.0,6.0,6.0,1.0,2024.0,2024.0,True
2506.10892,9.0,0.0,9.0,3.0,2022.0,,True
2506.10910,1.0,0.0,1.0,17.0,2008.0,2025.0,True
2506.10911,79.0,0.0,79.0,51.0,1974.0,2025.0,True
2506.10920,0.0,61.0,61.0,8.0,2026.0,2017.0,True
2506.10952,8.0,1.0,8.0,4.0,2021.0,2021.0,True
2506.10953,19.0,1.0,19.0,6.0,2019.0,2025.0,True
2506.10954,6.0,44.0,44.0,3.0,2022.0,2023.0,True
2506.10960,6.0,96.0,96.0,8.0,2023.0,2017.0,True
2506.10974,11.0,6.0,11.0,3.0,2022.0,2023.0,True
2506.10978,7.0,12.0,12.0,9.0,2016.0,2023.0,True
2506.11110,4.0,0.0,4.0,8.0,2017.0,,True
2506.11115,1.0,1.0,1.0,1.0,2024.0,2025.0,True
2506.11116,7.0,2.0,7.0,1.0,2024.0,2024.0,True
2506.11130,1.0,9.0,9.0,5.0,2024.0,2020.0,True
2506.11136,3.0,121.0,121.0,20.0,2023.0,2005.0,True
2506.11274,5.0,2.0,5.0,3.0,2022.0,2024.0,True
2506.11305,0.0,1.0,1.0,2.0,2026.0,2023.0,True
2506.11474,0.0,7.0,7.0,10.0,2025.0,2015.0,True
2506.11702,30.0,30.0,30.0,9.0,2016.0,2016.0,True
2506.11763,0.0,6.0,6.0,1.0,2025.0,2024.0,True
2506.11886,11.0,27.0,27.0,7.0,2023.0,2018.0,True
2506.11924,8.0,2.0,8.0,2.0,2023.0,2024.0,True
2506.11928,0.0,6.0,6.0,1.0,2025.0,2024.0,True
2506.11930,9.0,19.0,19.0,2.0,2023.0,2024.0,True
2506.11991,6.0,3.0,6.0,1.0,2024.0,2024.0,True
2506.11997,4.0,270.0,270.0,31.0,2024.0,1994.0,True
2506.12015,2.0,4.0,4.0,2.0,2023.0,2023.0,True
2506.12148,7.0,1.0,7.0,15.0,2010.0,2024.0,True
2506.12189,18.0,0.0,18.0,18.0,2007.0,2025.0,True
2506.12229,1.0,6.0,6.0,1.0,2025.0,2024.0,True
2506.12258,1.0,5.0,5.0,12.0,2013.0,2024.0,True
2506.12278,1.0,0.0,1.0,0.0,2025.0,2025.0,True
2506.12285,19.0,5.0,19.0,5.0,2020.0,2023.0,True
2506.12299,5.0,3.0,5.0,2.0,2023.0,2024.0,True
2506.12450,5.0,33.0,33.0,5.0,2023.0,2020.0,True
2506.12552,9.0,219.0,219.0,22.0,2023.0,2003.0,True
2506.12571,3.0,1.0,3.0,3.0,2022.0,2024.0,True
2506.12623,3.0,2.0,3.0,2.0,2023.0,2023.0,True
2506.12860,2.0,4.0,4.0,2.0,2024.0,2023.0,True
2506.12880,2.0,7.0,7.0,5.0,2024.0,2020.0,True
2506.12915,2.0,16.0,16.0,2.0,2024.0,2023.0,True
2506.12928,1.0,16.0,16.0,2.0,2025.0,2023.0,True
2506.12953,1.0,1.0,1.0,5.0,2020.0,2025.0,True
2506.13001,1.0,7.0,7.0,30.0,2025.0,1995.0,True
2506.13172,1.0,1.0,1.0,0.0,2025.0,2025.0,True
2506.13277,28.0,9.0,28.0,6.0,2019.0,2022.0,True
2506.13284,10.0,18.0,18.0,2.0,2023.0,2023.0,True
2506.13363,0.0,2.0,2.0,0.0,2026.0,2025.0,True
2506.13387,12.0,27.0,27.0,2.0,2024.0,2023.0,True
2506.13404,3.0,4.0,4.0,3.0,2025.0,2022.0,True
2506.13414,7.0,21.0,21.0,11.0,2024.0,2014.0,True
2506.13430,9.0,8.0,9.0,6.0,2019.0,2024.0,True
2506.13502,5.0,1.0,5.0,2.0,2023.0,2024.0,True
2506.13585,0.0,2.0,2.0,1.0,2026.0,2024.0,True
2506.13599,9.0,12.0,12.0,1.0,2024.0,2024.0,True
2506.13642,33.0,19.0,33.0,6.0,2019.0,2023.0,True
2506.13651,0.0,1.0,1.0,1.0,2025.0,2024.0,True
2506.13654,4.0,1.0,4.0,2.0,2024.0,2023.0,True
2506.13750,2.0,15.0,15.0,3.0,2024.0,2022.0,True
2506.13752,6.0,0.0,6.0,2.0,2023.0,2025.0,True
2506.13759,23.0,6.0,23.0,5.0,2020.0,2024.0,True
2506.13901,3.0,30.0,30.0,38.0,2024.0,1987.0,True
2506.13905,1.0,3.0,3.0,1.0,2025.0,2024.0,True
2506.13922,13.0,5.0,13.0,6.0,2019.0,2022.0,True
2506.13977,0.0,6.0,6.0,1.0,2025.0,2024.0,True
2506.14002,7.0,12.0,12.0,1.0,2024.0,2024.0,True
2506.14012,3.0,4.0,4.0,1.0,2024.0,2024.0,True
2506.14028,18.0,31.0,31.0,2.0,2023.0,2023.0,True
2506.14111,0.0,7.0,7.0,5.0,,2020.0,True
2506.14202,6.0,5.0,6.0,2.0,2023.0,2024.0,True
2506.14205,,12.0,12.0,1.0,,2024.0,True
2506.14234,8.0,26.0,26.0,9.0,2023.0,2016.0,True
2506.14245,10.0,1.0,10.0,3.0,2023.0,2022.0,True
2506.14315,4.0,6.0,6.0,5.0,2020.0,2023.0,True
2506.14429,12.0,29.0,29.0,7.0,2023.0,2018.0,True
2506.14435,2.0,22.0,22.0,12.0,2025.0,2013.0,True
2506.14603,10.0,50.0,50.0,14.0,2019.0,2011.0,True
2506.14606,16.0,2.0,16.0,3.0,2022.0,2024.0,True
2506.14629,2.0,179.0,179.0,17.0,2024.0,2008.0,True
2506.14702,9.0,14.0,14.0,4.0,2021.0,2023.0,True
2506.14731,0.0,3.0,3.0,1.0,,2024.0,True
2506.14755,1.0,1.0,1.0,0.0,2025.0,2025.0,True
2506.14758,15.0,37.0,37.0,8.0,2021.0,2017.0,True
2506.14761,7.0,73.0,73.0,14.0,2021.0,2011.0,True
2506.14770,6.0,9.0,9.0,1.0,2024.0,2024.0,True
2506.14824,13.0,97.0,97.0,13.0,2020.0,2012.0,True
2506.14837,5.0,4.0,5.0,11.0,2014.0,2024.0,True
2506.14842,0.0,0.0,0.0,,,,True
2506.14866,4.0,11.0,11.0,2.0,2023.0,2023.0,True
2506.14965,1.0,6.0,6.0,1.0,2025.0,2024.0,True
2506.15050,5.0,6.0,6.0,5.0,2025.0,2020.0,True
2506.15068,3.0,18.0,18.0,3.0,2023.0,2022.0,True
2506.15154,1.0,47.0,47.0,8.0,2024.0,2017.0,True
2506.15196,5.0,10.0,10.0,22.0,2003.0,2024.0,True
2506.15211,2.0,9.0,9.0,2.0,2024.0,2023.0,True
2506.15442,0.0,16.0,16.0,1.0,,2024.0,True
2506.15455,2.0,3.0,3.0,2.0,2024.0,2023.0,True
2506.15461,2.0,1.0,2.0,0.0,2025.0,2025.0,True
2506.15564,6.0,12.0,12.0,3.0,2023.0,2022.0,True
2506.15569,3.0,1.0,3.0,1.0,2024.0,2025.0,True
2506.15645,13.0,1.0,13.0,2.0,2023.0,2025.0,True
2506.15672,14.0,98.0,98.0,13.0,2020.0,2012.0,True
2506.15675,1.0,13.0,13.0,1.0,2025.0,2024.0,True
2506.15677,2.0,1.0,2.0,1.0,2024.0,2024.0,True
2506.15681,13.0,3.0,13.0,3.0,2022.0,2024.0,True
2506.15682,0.0,19.0,19.0,5.0,2026.0,2020.0,True
2506.15741,1.0,18.0,18.0,2.0,2025.0,2023.0,True
2506.15745,9.0,4.0,9.0,4.0,2021.0,2024.0,True
2506.15882,8.0,6.0,8.0,1.0,2024.0,2025.0,True
2506.15925,7.0,9.0,9.0,18.0,2023.0,2007.0,True
2506.16012,4.0,102.0,102.0,7.0,2024.0,2018.0,True
2506.16035,3.0,4.0,4.0,2.0,2024.0,2023.0,True
2506.16054,24.0,2.0,24.0,5.0,2020.0,2025.0,True
2506.16095,0.0,7.0,7.0,1.0,2025.0,2024.0,True
2506.16123,2.0,9.0,9.0,2.0,2024.0,2023.0,True
2506.16141,11.0,14.0,14.0,3.0,2023.0,2022.0,True
2506.16310,2.0,7.0,7.0,21.0,2023.0,2004.0,True
2506.16349,3.0,1.0,3.0,0.0,2025.0,2025.0,True
2506.16406,4.0,3.0,4.0,2.0,2024.0,2023.0,True
2506.16500,15.0,1.0,15.0,4.0,2021.0,2025.0,True
2506.16504,6.0,17.0,17.0,1.0,2024.0,2024.0,True
2506.16507,4.0,74.0,74.0,26.0,2022.0,1999.0,True
2506.16655,3.0,1.0,3.0,10.0,2015.0,2024.0,True
2506.16929,3.0,0.0,3.0,6.0,2019.0,,True
2506.16962,1.0,2.0,2.0,1.0,2024.0,2025.0,True
2506.17080,18.0,5.0,18.0,2.0,2024.0,2023.0,True
2506.17090,0.0,24.0,24.0,4.0,,2021.0,True
2506.17113,14.0,24.0,24.0,4.0,2021.0,2023.0,True
2506.17201,2.0,12.0,12.0,1.0,2024.0,2024.0,True
2506.17202,3.0,46.0,46.0,2.0,2023.0,2023.0,True
2506.17206,4.0,9.0,9.0,2.0,2023.0,2023.0,True
2506.17213,5.0,3.0,5.0,3.0,2023.0,2022.0,True
2506.17218,3.0,4.0,4.0,1.0,2024.0,2024.0,True
2506.17323,11.0,55.0,55.0,20.0,2023.0,2005.0,True
2506.17417,14.0,30.0,30.0,26.0,2020.0,1999.0,True
2506.17450,17.0,4.0,17.0,15.0,2017.0,2010.0,True
2506.17533,4.0,6.0,6.0,2.0,2023.0,2023.0,True
2506.17538,8.0,88.0,88.0,14.0,2023.0,2011.0,True
2506.17612,17.0,11.0,17.0,11.0,2023.0,2014.0,True
2506.17671,2.0,2.0,2.0,1.0,2024.0,2024.0,True
2506.17673,3.0,0.0,3.0,9.0,2016.0,2025.0,True
2506.17818,2.0,3.0,3.0,1.0,2024.0,2024.0,True
2506.17859,4.0,0.0,4.0,2.0,2023.0,2025.0,True
2506.17871,20.0,1.0,20.0,7.0,2018.0,2023.0,True
2506.17930,12.0,2.0,12.0,2.0,2023.0,2025.0,True
2506.17939,2.0,4.0,4.0,1.0,2024.0,2024.0,True
2506.18088,9.0,1.0,9.0,1.0,2024.0,2025.0,True
2506.18095,24.0,35.0,35.0,5.0,2020.0,2023.0,True
2506.18254,6.0,10.0,10.0,2.0,2023.0,2024.0,True
2506.18309,40.0,30.0,40.0,3.0,2022.0,2024.0,True
2506.18315,3.0,9.0,9.0,2.0,2023.0,2023.0,True
2506.18330,1.0,2.0,2.0,1.0,2025.0,2024.0,True
2506.18349,,,,,,,False
2506.18369,5.0,8.0,8.0,2.0,2023.0,2024.0,True
2506.18403,2.0,2.0,2.0,1.0,2024.0,2024.0,True
2506.18463,1.0,122.0,122.0,20.0,2024.0,2005.0,True
2506.18527,18.0,4.0,18.0,4.0,2021.0,2024.0,True
2506.18631,1.0,3.0,3.0,1.0,2024.0,2024.0,True
2506.18674,3.0,45.0,45.0,18.0,2024.0,2007.0,True
2506.18701,,,,,,,False
2506.18729,1.0,3.0,3.0,4.0,2024.0,2021.0,True
2506.18787,20.0,20.0,20.0,19.0,2006.0,2006.0,True
2506.18792,4.0,10.0,10.0,4.0,2022.0,2021.0,True
2506.18839,52.0,44.0,52.0,12.0,2013.0,2022.0,True
2506.18841,7.0,0.0,7.0,1.0,2024.0,2025.0,True
2506.18843,17.0,4.0,17.0,6.0,2019.0,2024.0,True
2506.18851,3.0,4.0,4.0,3.0,2024.0,2022.0,True
2506.18871,2.0,36.0,36.0,11.0,2024.0,2014.0,True
2506.18879,7.0,1.0,7.0,2.0,2023.0,2025.0,True
2506.18882,0.0,3.0,3.0,0.0,2025.0,2025.0,True
2506.18887,5.0,9.0,9.0,5.0,2023.0,2020.0,True
2506.18890,26.0,21.0,26.0,3.0,2022.0,2023.0,True
2506.18896,11.0,10.0,11.0,2.0,2023.0,2024.0,True
2506.18898,7.0,9.0,9.0,2.0,2024.0,2023.0,True
2506.18899,7.0,4.0,7.0,7.0,2018.0,2025.0,True
2506.18900,5.0,44.0,44.0,11.0,2022.0,2014.0,True
2506.18901,7.0,1.0,7.0,2.0,2023.0,2024.0,True
2506.18903,9.0,16.0,16.0,9.0,2022.0,2016.0,True
2506.18904,9.0,18.0,18.0,5.0,2020.0,2023.0,True
2506.18945,8.0,51.0,51.0,6.0,2023.0,2019.0,True
2506.18951,28.0,5.0,28.0,17.0,2008.0,2024.0,True
2506.19028,19.0,4.0,19.0,4.0,2021.0,2024.0,True
2506.19103,0.0,21.0,21.0,7.0,,2018.0,True
2506.19143,1.0,23.0,23.0,4.0,2025.0,2021.0,True
2506.19290,9.0,11.0,11.0,2.0,2024.0,2023.0,True
2506.19433,2.0,13.0,13.0,1.0,2024.0,2024.0,True
2506.19467,19.0,13.0,19.0,5.0,2020.0,2023.0,True
2506.19502,3.0,0.0,3.0,6.0,2019.0,,True
2506.19592,0.0,46.0,46.0,16.0,,2009.0,True
2506.19697,9.0,15.0,15.0,1.0,2024.0,2024.0,True
2506.19713,8.0,28.0,28.0,16.0,2023.0,2009.0,True
2506.19741,11.0,6.0,11.0,33.0,1992.0,2024.0,True
2506.19767,10.0,23.0,23.0,2.0,2024.0,2023.0,True
2506.19794,9.0,7.0,9.0,3.0,2022.0,2023.0,True
2506.19807,1.0,7.0,7.0,2.0,2025.0,2023.0,True
2506.19830,3.0,5.0,5.0,1.0,2024.0,2024.0,True
2506.19838,20.0,1.0,20.0,5.0,2020.0,2025.0,True
2506.19839,6.0,62.0,62.0,8.0,2021.0,2017.0,True
2506.19847,8.0,49.0,49.0,5.0,2020.0,2022.0,True
2506.19848,4.0,54.0,54.0,5.0,2024.0,2020.0,True
2506.19850,17.0,17.0,17.0,4.0,2021.0,2023.0,True
2506.19851,11.0,6.0,11.0,4.0,2021.0,2023.0,True
2506.19852,3.0,5.0,5.0,2.0,2023.0,2024.0,True
2506.20279,1.0,14.0,14.0,5.0,2024.0,2020.0,True
2506.20331,3.0,7.0,7.0,17.0,2023.0,2008.0,True
2506.20430,6.0,38.0,38.0,4.0,2021.0,2021.0,True
2506.20452,1.0,29.0,29.0,16.0,2025.0,2009.0,True
2506.20480,6.0,26.0,26.0,6.0,2019.0,2022.0,True
2506.20495,1.0,9.0,9.0,2.0,2024.0,2023.0,True
2506.20512,1.0,5.0,5.0,2.0,2024.0,2023.0,True
2506.20544,0.0,19.0,19.0,2.0,2025.0,2023.0,True
2506.20639,15.0,3.0,15.0,3.0,2022.0,2024.0,True
2506.20670,4.0,8.0,8.0,2.0,2024.0,2023.0,True
2506.20703,17.0,33.0,33.0,14.0,2011.0,2018.0,True
2506.20911,3.0,6.0,6.0,2.0,2023.0,2024.0,True
2506.20920,9.0,1.0,9.0,2.0,2023.0,2025.0,True
2506.20936,6.0,11.0,11.0,13.0,2023.0,2012.0,True
2506.21103,3.0,6.0,6.0,2.0,2024.0,2023.0,True
2506.21263,0.0,1.0,1.0,1.0,2025.0,2024.0,True
2506.21272,3.0,1.0,3.0,1.0,2024.0,2025.0,True
2506.21277,10.0,2.0,10.0,13.0,2021.0,2012.0,True
2506.21355,0.0,2.0,2.0,2.0,,2023.0,True
2506.21356,1.0,3.0,3.0,1.0,2025.0,2024.0,True
2506.21416,3.0,2.0,3.0,1.0,2024.0,2024.0,True
2506.21448,14.0,1.0,14.0,3.0,2022.0,2025.0,True
2506.21458,0.0,2.0,2.0,14.0,2025.0,2011.0,True
2506.21476,18.0,3.0,18.0,7.0,2018.0,2025.0,True
2506.21506,8.0,108.0,108.0,12.0,2024.0,2013.0,True
2506.21520,0.0,5.0,5.0,1.0,,2024.0,True
2506.21539,2.0,0.0,2.0,0.0,2025.0,2025.0,True
2506.21545,1.0,8.0,8.0,1.0,2025.0,2024.0,True
2506.21546,1.0,62.0,62.0,12.0,2024.0,2013.0,True
2506.21547,5.0,2.0,5.0,2.0,2023.0,2025.0,True
2506.21551,6.0,6.0,6.0,1.0,2024.0,2024.0,True
2506.21552,8.0,2.0,8.0,26.0,2023.0,1999.0,True
2506.21594,2.0,2.0,2.0,2.0,2024.0,2023.0,True
2506.21628,0.0,95.0,95.0,15.0,2026.0,2010.0,True
2506.21656,2.0,62.0,62.0,12.0,2023.0,2013.0,True
2506.21718,20.0,6.0,20.0,6.0,2019.0,2022.0,True
2506.21862,6.0,1.0,6.0,1.0,2024.0,2025.0,True
2506.21876,11.0,3.0,11.0,4.0,2021.0,2023.0,True
2506.21884,2.0,6.0,6.0,1.0,2024.0,2024.0,True
2506.22049,5.0,6.0,6.0,1.0,2024.0,2024.0,True
2506.22149,1.0,189.0,189.0,12.0,2025.0,2013.0,True
2506.22419,3.0,170.0,170.0,20.0,2024.0,2005.0,True
2506.22432,8.0,36.0,36.0,5.0,2023.0,2020.0,True
2506.22434,6.0,21.0,21.0,3.0,2022.0,2024.0,True
2506.22598,5.0,43.0,43.0,9.0,2017.0,2016.0,True
2506.22694,14.0,8.0,14.0,6.0,2019.0,2024.0,True
2506.22753,7.0,2.0,7.0,5.0,2020.0,2024.0,True
2506.22760,7.0,5.0,7.0,1.0,2024.0,2024.0,True
2506.22813,1.0,8.0,8.0,2.0,2024.0,2023.0,True
2506.22832,2.0,77.0,77.0,14.0,2025.0,2011.0,True
2506.22868,2.0,4.0,4.0,2.0,2024.0,2023.0,True
2506.22960,5.0,33.0,33.0,38.0,2023.0,1987.0,True
2506.22973,1.0,2.0,2.0,23.0,2024.0,2002.0,True
2506.22992,7.0,0.0,7.0,6.0,2019.0,2025.0,True
2506.23009,14.0,10.0,14.0,6.0,2022.0,2019.0,True
2506.23044,13.0,13.0,13.0,6.0,2019.0,2024.0,True
2506.23115,9.0,83.0,83.0,16.0,2024.0,2009.0,True
2506.23121,4.0,34.0,34.0,14.0,2024.0,2011.0,True
2506.23135,7.0,1.0,7.0,20.0,2005.0,2025.0,True
2506.23151,0.0,40.0,40.0,9.0,,2016.0,True
2506.23219,33.0,14.0,33.0,9.0,2016.0,2024.0,True
2506.23329,12.0,5.0,12.0,8.0,2017.0,2021.0,True
2506.23394,5.0,5.0,5.0,3.0,2022.0,2022.0,True
2506.23542,6.0,3.0,6.0,6.0,2024.0,2019.0,True
2506.23552,11.0,18.0,18.0,4.0,2022.0,2021.0,True
2506.23858,13.0,8.0,13.0,8.0,2022.0,2017.0,True
2506.23918,13.0,1.0,13.0,3.0,2022.0,2025.0,True
2506.24019,4.0,5.0,5.0,2.0,2023.0,2024.0,True
2506.24044,6.0,2.0,6.0,7.0,2018.0,2025.0,True
2506.24119,3.0,71.0,71.0,12.0,2024.0,2013.0,True
2506.24123,5.0,5.0,5.0,1.0,2024.0,2024.0,True
2507.00162,8.0,14.0,14.0,14.0,2023.0,2011.0,True
2507.00316,3.0,2.0,3.0,3.0,2022.0,2024.0,True
2507.00339,2.0,2.0,2.0,1.0,2024.0,2024.0,True
2507.00432,1.0,3.0,3.0,4.0,2025.0,2021.0,True
2507.00472,5.0,0.0,5.0,20.0,2005.0,2025.0,True
2507.00476,7.0,17.0,17.0,10.0,2023.0,2015.0,True
2507.00606,12.0,0.0,12.0,13.0,2012.0,2025.0,True
2507.00769,1.0,6.0,6.0,10.0,2015.0,2023.0,True
2507.00951,9.0,20.0,20.0,7.0,2025.0,2018.0,True
2507.00994,4.0,14.0,14.0,2.0,2024.0,2023.0,True
2507.01001,64.0,62.0,64.0,5.0,2020.0,2023.0,True
2507.01004,1.0,3.0,3.0,1.0,2024.0,2025.0,True
2507.01006,0.0,2.0,2.0,1.0,2026.0,2024.0,True
2507.01352,10.0,12.0,12.0,2.0,2023.0,2023.0,True
2507.01544,19.0,22.0,22.0,13.0,2022.0,2012.0,True
2507.01634,7.0,2.0,7.0,1.0,2024.0,2025.0,True
2507.01663,0.0,0.0,0.0,0.0,2025.0,2025.0,True
2507.01702,2.0,15.0,15.0,1.0,2024.0,2024.0,True
2507.01853,0.0,0.0,0.0,0.0,2025.0,2025.0,True
2507.01925,9.0,9.0,9.0,2.0,2023.0,2023.0,True
2507.01945,3.0,9.0,9.0,1.0,2025.0,2024.0,True
2507.01949,0.0,2.0,2.0,2.0,2025.0,2023.0,True
2507.01951,7.0,9.0,9.0,2.0,2023.0,2024.0,True
2507.01953,2.0,1.0,2.0,1.0,2024.0,2024.0,True
2507.01955,10.0,8.0,10.0,2.0,2023.0,2024.0,True
2507.01957,8.0,13.0,13.0,6.0,2024.0,2019.0,True
2507.02025,0.0,2.0,2.0,5.0,2025.0,2020.0,True
2507.02029,1.0,10.0,10.0,0.0,2025.0,2025.0,True
2507.02092,4.0,18.0,18.0,3.0,2022.0,2022.0,True
2507.02321,3.0,22.0,22.0,39.0,1986.0,2018.0,True
2507.02592,1.0,20.0,20.0,1.0,2025.0,2024.0,True
2507.02608,10.0,7.0,10.0,4.0,2021.0,2021.0,True
2507.02652,15.0,84.0,84.0,16.0,2023.0,2009.0,True
2507.02659,10.0,10.0,10.0,15.0,2018.0,2010.0,True
2507.02694,3.0,63.0,63.0,2.0,2024.0,2023.0,True
2507.02726,3.0,96.0,96.0,15.0,2023.0,2010.0,True
2507.02754,3.0,42.0,42.0,14.0,2024.0,2011.0,True
2507.02778,2.0,2.0,2.0,1.0,2024.0,2024.0,True
2507.02813,15.0,21.0,21.0,2.0,2023.0,2023.0,True
2507.02856,3.0,27.0,27.0,4.0,2021.0,2022.0,True
2507.02857,26.0,8.0,26.0,28.0,1997.0,2023.0,True
2507.03033,6.0,0.0,6.0,9.0,2016.0,,True
2507.03112,7.0,6.0,7.0,2.0,2023.0,2025.0,True
2507.03253,23.0,67.0,67.0,7.0,2024.0,2018.0,True
2507.03336,3.0,0.0,3.0,2.0,2023.0,2025.0,True
2507.03483,26.0,103.0,103.0,10.0,2023.0,2015.0,True
2507.03607,0.0,0.0,0.0,0.0,2026.0,2026.0,True
2507.03683,3.0,4.0,4.0,21.0,2023.0,2004.0,True
2507.03698,21.0,11.0,21.0,4.0,2021.0,2023.0,True
2507.03724,44.0,43.0,44.0,2.0,2023.0,2023.0,True
2507.03728,17.0,84.0,84.0,37.0,1988.0,2011.0,True
2507.03745,4.0,2.0,4.0,4.0,2022.0,2021.0,True
2507.04009,3.0,20.0,20.0,3.0,2025.0,2022.0,True
2507.04036,7.0,7.0,7.0,15.0,2010.0,2024.0,True
2507.04103,5.0,4.0,5.0,3.0,2022.0,2024.0,True
2507.04127,15.0,63.0,63.0,31.0,2020.0,1994.0,True
2507.04218,2.0,8.0,8.0,6.0,2019.0,2024.0,True
2507.04285,3.0,9.0,9.0,2.0,2024.0,2023.0,True
2507.04376,4.0,3.0,4.0,2.0,2023.0,2024.0,True
2507.04404,0.0,7.0,7.0,1.0,2025.0,2024.0,True
2507.04447,7.0,1.0,7.0,1.0,2024.0,2025.0,True
2507.04517,14.0,11.0,14.0,6.0,2019.0,2023.0,True
2507.04562,1.0,1.0,1.0,1.0,2024.0,2024.0,True
2507.04569,5.0,2.0,5.0,1.0,2024.0,2024.0,True
2507.04590,11.0,59.0,59.0,12.0,2022.0,2013.0,True
2507.04610,1.0,3.0,3.0,2.0,2025.0,2023.0,True
2507.04642,5.0,3.0,5.0,1.0,2024.0,2025.0,True
2507.04723,25.0,6.0,25.0,6.0,2019.0,2024.0,True
2507.04886,1.0,1.0,1.0,71.0,1954.0,1954.0,True
2507.04952,0.0,14.0,14.0,5.0,2025.0,2020.0,True
2507.04984,5.0,4.0,5.0,3.0,2022.0,2023.0,True
2507.05065,1.0,3.0,3.0,1.0,2024.0,2024.0,True
2507.05101,6.0,0.0,6.0,1.0,2024.0,2025.0,True
2507.05108,6.0,20.0,20.0,2.0,2023.0,2023.0,True
2507.05163,3.0,19.0,19.0,2.0,2024.0,2023.0,True
2507.05169,1.0,5.0,5.0,18.0,2007.0,2021.0,True
2507.05197,57.0,4.0,57.0,5.0,2020.0,2025.0,True
2507.05201,14.0,1.0,14.0,19.0,2006.0,2024.0,True
2507.05240,4.0,34.0,34.0,2.0,2023.0,2023.0,True
2507.05241,10.0,37.0,37.0,10.0,2023.0,2015.0,True
2507.05255,6.0,2.0,6.0,3.0,2023.0,2022.0,True
2507.05257,1.0,13.0,13.0,2.0,2025.0,2023.0,True
2507.05259,2.0,2.0,2.0,2.0,2024.0,2023.0,True
2507.05397,8.0,0.0,8.0,1.0,2024.0,2025.0,True
2507.05411,4.0,15.0,15.0,2.0,2024.0,2023.0,True
2507.05455,12.0,27.0,27.0,8.0,2018.0,2017.0,True
2507.05566,5.0,5.0,5.0,4.0,2021.0,2024.0,True
2507.05578,2.0,13.0,13.0,5.0,2020.0,2024.0,True
2507.05675,2.0,36.0,36.0,2.0,2024.0,2023.0,True
2507.05687,36.0,111.0,111.0,8.0,2017.0,2021.0,True
2507.05791,3.0,6.0,6.0,1.0,2024.0,2024.0,True
2507.05920,2.0,4.0,4.0,1.0,2024.0,2024.0,True
2507.05963,5.0,7.0,7.0,2.0,2023.0,2023.0,True
2507.05964,2.0,3.0,3.0,2.0,2024.0,2023.0,True
2507.05980,0.0,0.0,0.0,0.0,2025.0,2025.0,True
2507.06137,17.0,423.0,423.0,41.0,2018.0,1984.0,True
2507.06138,5.0,4.0,5.0,2.0,2023.0,2024.0,True
2507.06165,9.0,10.0,10.0,6.0,2019.0,2023.0,True
2507.06167,22.0,13.0,22.0,2.0,2023.0,2023.0,True
2507.06181,10.0,3.0,10.0,2.0,2023.0,2024.0,True
2507.06203,1.0,8.0,8.0,1.0,2024.0,2024.0,True
2507.06204,11.0,39.0,39.0,9.0,2022.0,2016.0,True
2507.06219,3.0,8.0,8.0,2.0,2025.0,2023.0,True
2507.06223,13.0,3.0,13.0,9.0,2016.0,2024.0,True
2507.06229,58.0,20.0,58.0,6.0,2019.0,2023.0,True
2507.06230,3.0,3.0,3.0,2.0,2024.0,2023.0,True
2507.06260,6.0,4.0,6.0,4.0,2021.0,2024.0,True
2507.06261,16.0,3.0,16.0,15.0,2010.0,2024.0,True
2507.06415,4.0,22.0,22.0,1.0,2024.0,2024.0,True
2507.06448,8.0,15.0,15.0,4.0,2021.0,2024.0,True
2507.06457,6.0,8.0,8.0,19.0,2006.0,2024.0,True
2507.06485,10.0,25.0,25.0,4.0,2021.0,2023.0,True
2507.06543,7.0,2.0,7.0,2.0,2023.0,2024.0,True
2507.06607,5.0,7.0,7.0,1.0,2025.0,2024.0,True
2507.06804,2.0,28.0,28.0,3.0,2025.0,2022.0,True
2507.06853,40.0,171.0,171.0,12.0,2017.0,2013.0,True
2507.06920,2.0,5.0,5.0,1.0,2025.0,2024.0,True
2507.06952,21.0,68.0,68.0,27.0,2015.0,1998.0,True
2507.07015,0.0,1.0,1.0,0.0,2025.0,2025.0,True
2507.07017,3.0,4.0,4.0,0.0,2025.0,2025.0,True
2507.07024,5.0,51.0,51.0,9.0,2023.0,2016.0,True
2507.07095,4.0,2.0,4.0,10.0,2015.0,2025.0,True
2507.07102,9.0,5.0,9.0,21.0,2019.0,2004.0,True
2507.07104,2.0,20.0,20.0,6.0,2025.0,2019.0,True
2507.07105,4.0,38.0,38.0,7.0,2025.0,2018.0,True
2507.07106,11.0,151.0,151.0,14.0,2020.0,2011.0,True
2507.07129,2.0,2.0,2.0,71.0,1954.0,1954.0,True
2507.07136,17.0,36.0,36.0,9.0,2024.0,2016.0,True
2507.07151,6.0,83.0,83.0,10.0,2021.0,2015.0,True
2507.07186,7.0,3.0,7.0,4.0,2021.0,2023.0,True
2507.07202,2.0,46.0,46.0,4.0,2021.0,2021.0,True
2507.07451,8.0,2.0,8.0,0.0,2025.0,2025.0,True
2507.07484,8.0,10.0,10.0,4.0,2021.0,2023.0,True
2507.07574,0.0,13.0,13.0,14.0,2026.0,2011.0,True
2507.07867,6.0,213.0,213.0,29.0,2020.0,1996.0,True
2507.07955,1.0,0.0,1.0,1.0,2024.0,2025.0,True
2507.07957,25.0,1.0,25.0,4.0,2021.0,2025.0,True
2507.07966,40.0,11.0,40.0,5.0,2020.0,2021.0,True
2507.07982,4.0,12.0,12.0,1.0,2024.0,2024.0,True
2507.07984,4.0,35.0,35.0,2.0,2023.0,2023.0,True
2507.07990,4.0,12.0,12.0,12.0,2022.0,2013.0,True
2507.07994,7.0,108.0,108.0,8.0,2017.0,2018.0,True
2507.07996,7.0,7.0,7.0,1.0,2024.0,2024.0,True
2507.07998,3.0,2.0,3.0,1.0,2025.0,2024.0,True
2507.07999,29.0,2.0,29.0,5.0,2020.0,2025.0,True
2507.08128,6.0,46.0,46.0,4.0,2023.0,2021.0,True
2507.08267,,,,,,,False
2507.08333,1.0,40.0,40.0,15.0,2010.0,2016.0,True
2507.08396,1.0,14.0,14.0,1.0,2024.0,2024.0,True
2507.08422,5.0,6.0,6.0,2.0,2023.0,2023.0,True
2507.08441,9.0,4.0,9.0,8.0,2017.0,2024.0,True
2507.08616,21.0,90.0,90.0,14.0,2022.0,2011.0,True
2507.08771,7.0,112.0,112.0,4.0,2024.0,2021.0,True
2507.08772,9.0,3.0,9.0,3.0,2022.0,2023.0,True
2507.08776,4.0,10.0,10.0,15.0,2023.0,2010.0,True
2507.08794,0.0,29.0,29.0,3.0,2025.0,2022.0,True
2507.08799,0.0,12.0,12.0,2.0,,2023.0,True
2507.08800,0.0,10.0,10.0,2.0,,2023.0,True
2507.08801,3.0,1.0,3.0,1.0,2025.0,2024.0,True
2507.08924,,4.0,4.0,1.0,,2024.0,True
2507.09025,9.0,14.0,14.0,6.0,2022.0,2019.0,True
2507.09074,78.0,22.0,78.0,7.0,2018.0,2022.0,True
2507.09075,8.0,8.0,8.0,1.0,2024.0,2024.0,True
2507.09082,4.0,16.0,16.0,4.0,2024.0,2021.0,True
2507.09104,7.0,9.0,9.0,2.0,2023.0,2023.0,True
2507.09404,19.0,47.0,47.0,10.0,2022.0,2015.0,True
2507.09411,2.0,9.0,9.0,2.0,2023.0,2023.0,True
2507.09477,24.0,24.0,24.0,2.0,2023.0,2024.0,True
2507.09751,2.0,6.0,6.0,2.0,2024.0,2023.0,True
2507.09862,4.0,5.0,5.0,5.0,2023.0,2020.0,True
2507.10015,1.0,47.0,47.0,7.0,2024.0,2018.0,True
2507.10065,6.0,6.0,6.0,1.0,2024.0,2024.0,True
2507.10510,11.0,15.0,15.0,5.0,2020.0,2023.0,True
2507.10524,20.0,13.0,20.0,5.0,2020.0,2023.0,True
2507.10532,1.0,0.0,1.0,1.0,2024.0,2025.0,True
2507.10541,5.0,14.0,14.0,1.0,2024.0,2024.0,True
2507.10548,2.0,12.0,12.0,1.0,2024.0,2024.0,True
2507.10571,24.0,19.0,24.0,4.0,2021.0,2023.0,True
2507.10605,2.0,6.0,6.0,1.0,2025.0,2024.0,True
2507.10787,66.0,65.0,66.0,5.0,2020.0,2023.0,True
2507.10935,0.0,3.0,3.0,0.0,,2025.0,True
2507.11061,4.0,5.0,5.0,2.0,2023.0,2023.0,True
2507.11097,15.0,3.0,15.0,2.0,2023.0,2024.0,True
2507.11137,0.0,2.0,2.0,1.0,2025.0,2024.0,True
2507.11336,4.0,0.0,4.0,3.0,2022.0,,True
2507.11407,0.0,4.0,4.0,1.0,,2024.0,True
2507.11412,35.0,54.0,54.0,6.0,2019.0,2023.0,True
2507.11465,2.0,24.0,24.0,14.0,2022.0,2011.0,True
2507.11527,,,,,,,False
2507.11539,1.0,38.0,38.0,2.0,2024.0,2023.0,True
2507.11589,7.0,2.0,7.0,4.0,2021.0,2025.0,True
2507.11764,0.0,0.0,0.0,0.0,2025.0,2026.0,True
2507.11949,2.0,36.0,36.0,4.0,2024.0,2021.0,True
2507.12142,0.0,12.0,12.0,5.0,2025.0,2020.0,True
2507.12367,12.0,1.0,12.0,3.0,2022.0,2024.0,True
2507.12415,2.0,5.0,5.0,0.0,2025.0,2025.0,True
2507.12455,1.0,2.0,2.0,0.0,2025.0,2025.0,True
2507.12462,4.0,34.0,34.0,4.0,2023.0,2021.0,True
2507.12463,8.0,0.0,8.0,1.0,2024.0,2025.0,True
2507.12465,4.0,6.0,6.0,2.0,2023.0,2023.0,True
2507.12508,6.0,3.0,6.0,3.0,2022.0,2024.0,True
2507.12549,5.0,9.0,9.0,4.0,2021.0,2023.0,True
2507.12566,10.0,41.0,41.0,2.0,2023.0,2023.0,True
2507.12674,6.0,3.0,6.0,2.0,2023.0,2025.0,True
2507.12720,0.0,0.0,0.0,0.0,,2025.0,True
2507.12806,22.0,53.0,53.0,4.0,2023.0,2021.0,True
2507.12841,5.0,4.0,5.0,1.0,2024.0,2024.0,True
2507.12956,4.0,3.0,4.0,13.0,2012.0,2024.0,True
2507.12990,2.0,19.0,19.0,48.0,1977.0,2019.0,True
2507.13158,19.0,884.0,884.0,27.0,2022.0,1998.0,True
2507.13255,0.0,8.0,8.0,2.0,,2023.0,True
2507.13264,2.0,1.0,2.0,9.0,2016.0,2025.0,True
2507.13300,67.0,66.0,67.0,5.0,2020.0,2023.0,True
2507.13302,2.0,52.0,52.0,18.0,2024.0,2007.0,True
2507.13332,0.0,0.0,0.0,0.0,2025.0,2025.0,True
2507.13334,23.0,18.0,23.0,5.0,2020.0,2024.0,True
2507.13344,1.0,35.0,35.0,4.0,2024.0,2021.0,True
2507.13347,7.0,6.0,7.0,1.0,2024.0,2024.0,True
2507.13348,11.0,16.0,16.0,2.0,2023.0,2024.0,True
2507.13391,4.0,4.0,4.0,2.0,2023.0,2023.0,True
2507.13428,3.0,8.0,8.0,2.0,2023.0,2024.0,True
2507.13541,13.0,12.0,13.0,4.0,2024.0,2021.0,True
2507.13546,0.0,14.0,14.0,2.0,2025.0,2023.0,True
2507.13563,3.0,9.0,9.0,3.0,2024.0,2022.0,True
2507.13984,6.0,10.0,10.0,2.0,2023.0,2023.0,True
2507.13985,6.0,9.0,9.0,2.0,2023.0,2023.0,True
2507.14102,17.0,4.0,17.0,8.0,2024.0,2017.0,True
2507.14111,20.0,1.0,20.0,7.0,2018.0,2024.0,True
2507.14119,7.0,4.0,7.0,2.0,2023.0,2023.0,True
2507.14129,17.0,5.0,17.0,4.0,2021.0,2024.0,True
2507.14137,18.0,5.0,18.0,8.0,2017.0,2023.0,True
2507.14241,13.0,26.0,26.0,2.0,2023.0,2023.0,True
2507.14295,1.0,2.0,2.0,1.0,2025.0,2024.0,True
2507.14417,31.0,9.0,31.0,8.0,2017.0,2024.0,True
2507.14683,20.0,193.0,193.0,18.0,2017.0,2007.0,True
2507.14793,0.0,0.0,0.0,0.0,2026.0,2026.0,True
2507.14843,0.0,2.0,2.0,0.0,2025.0,2025.0,True
2507.14958,3.0,8.0,8.0,2.0,2024.0,2023.0,True
2507.14988,5.0,173.0,173.0,22.0,2024.0,2003.0,True
2507.15024,7.0,30.0,30.0,2.0,2023.0,2024.0,True
2507.15028,31.0,5.0,31.0,6.0,2019.0,2024.0,True
2507.15061,2.0,23.0,23.0,1.0,2025.0,2024.0,True
2507.15245,6.0,9.0,9.0,1.0,2024.0,2024.0,True
2507.15375,10.0,36.0,36.0,3.0,2022.0,2023.0,True
2507.15454,11.0,13.0,13.0,2.0,2023.0,2024.0,True
2507.15493,2.0,4.0,4.0,1.0,2024.0,2024.0,True
2507.15550,4.0,7.0,7.0,3.0,2022.0,2024.0,True
2507.15595,37.0,28.0,37.0,10.0,2015.0,2022.0,True
2507.15597,8.0,104.0,104.0,7.0,2023.0,2018.0,True
2507.15629,1.0,9.0,9.0,1.0,2024.0,2024.0,True
2507.15640,1.0,0.0,1.0,0.0,2025.0,2025.0,True
2507.15728,,,,,,,False
2507.15758,5.0,21.0,21.0,18.0,2024.0,2007.0,True
2507.15778,2.0,4.0,4.0,0.0,2025.0,2025.0,True
2507.15807,10.0,53.0,53.0,7.0,2022.0,2018.0,True
2507.15815,2.0,5.0,5.0,6.0,2024.0,2019.0,True
2507.15844,0.0,21.0,21.0,18.0,2025.0,2007.0,True
2507.15846,4.0,21.0,21.0,18.0,2024.0,2007.0,True
2507.15852,4.0,48.0,48.0,2.0,2025.0,2023.0,True
2507.15856,11.0,8.0,11.0,2.0,2023.0,2023.0,True
2507.15974,12.0,31.0,31.0,6.0,2019.0,2022.0,True
2507.16038,6.0,17.0,17.0,4.0,2022.0,2021.0,True
2507.16075,,,,,,,False
2507.16116,7.0,7.0,7.0,6.0,2019.0,2024.0,True
2507.16290,5.0,0.0,5.0,6.0,2019.0,2025.0,True
2507.16331,1.0,1.0,1.0,3.0,2022.0,2023.0,True
2507.16534,0.0,1.0,1.0,0.0,2026.0,2025.0,True
2507.16535,2.0,8.0,8.0,2.0,2024.0,2023.0,True
2507.16632,3.0,20.0,20.0,3.0,2024.0,2022.0,True
2507.16713,4.0,0.0,4.0,2.0,2023.0,2025.0,True
2507.16725,4.0,1.0,4.0,2.0,2024.0,2023.0,True
2507.16746,2.0,94.0,94.0,6.0,2025.0,2019.0,True
2507.16782,,,,,,,False
2507.16784,,,,,,,False
2507.16795,0.0,51.0,51.0,4.0,2025.0,2021.0,True
2507.16802,1.0,2.0,2.0,0.0,2025.0,2025.0,True
2507.16806,13.0,4.0,13.0,13.0,2012.0,2023.0,True
2507.16812,10.0,6.0,10.0,2.0,2023.0,2023.0,True
2507.16813,,,,,,,False
2507.16814,0.0,1.0,1.0,0.0,2025.0,2025.0,True
2507.16815,5.0,24.0,24.0,7.0,2023.0,2018.0,True
2507.16863,1.0,0.0,1.0,0.0,2025.0,2026.0,True
2507.16880,3.0,39.0,39.0,6.0,2024.0,2019.0,True
2507.17189,,,,,,,False
2507.17202,14.0,9.0,14.0,11.0,2014.0,2024.0,True
2507.17402,2.0,8.0,8.0,1.0,2024.0,2024.0,True
2507.17512,7.0,15.0,15.0,1.0,2025.0,2024.0,True
2507.17520,8.0,39.0,39.0,2.0,2024.0,2023.0,True
2507.17596,16.0,222.0,222.0,27.0,2022.0,1998.0,True
2507.17744,2.0,1.0,2.0,1.0,2025.0,2024.0,True
2507.17745,2.0,6.0,6.0,2.0,2025.0,2023.0,True
2507.17957,1.0,10.0,10.0,2.0,2024.0,2023.0,True
2507.18013,8.0,6.0,8.0,1.0,2024.0,2024.0,True
2507.18071,31.0,31.0,31.0,6.0,2019.0,2024.0,True
2507.18103,2.0,7.0,7.0,4.0,2022.0,2021.0,True
2507.18192,4.0,26.0,26.0,1.0,2024.0,2024.0,True
2507.18392,21.0,64.0,64.0,23.0,2021.0,2002.0,True
2507.18405,2.0,7.0,7.0,1.0,2025.0,2024.0,True
2507.18464,0.0,0.0,0.0,0.0,,2025.0,True
2507.18537,5.0,3.0,5.0,2.0,2023.0,2023.0,True
2507.18546,12.0,1.0,12.0,7.0,2022.0,2018.0,True
2507.18553,8.0,248.0,248.0,18.0,2019.0,2007.0,True
2507.18565,3.0,1.0,3.0,2.0,2023.0,2024.0,True
2507.18634,21.0,8.0,21.0,6.0,2019.0,2025.0,True
2507.18742,31.0,31.0,31.0,9.0,2016.0,2016.0,True
2507.19058,2.0,23.0,23.0,2.0,2023.0,2023.0,True
2507.19399,4.0,4.0,4.0,11.0,2014.0,2014.0,True
2507.19427,0.0,7.0,7.0,2.0,,2023.0,True
2507.19457,2.0,34.0,34.0,7.0,2025.0,2018.0,True
2507.19478,5.0,48.0,48.0,2.0,2024.0,2023.0,True
2507.19634,36.0,5.0,36.0,5.0,2020.0,2024.0,True
2507.19766,2.0,13.0,13.0,1.0,2024.0,2024.0,True
2507.19804,1.0,9.0,9.0,1.0,2024.0,2024.0,True
2507.19849,12.0,225.0,225.0,60.0,2023.0,1965.0,True
2507.20025,4.0,9.0,9.0,2.0,2023.0,2024.0,True
2507.20152,5.0,26.0,26.0,15.0,2023.0,2010.0,True
2507.20187,3.0,1.0,3.0,0.0,2025.0,2025.0,True
2507.20198,1.0,5.0,5.0,1.0,2025.0,2024.0,True
2507.20240,5.0,19.0,19.0,2.0,2023.0,2023.0,True
2507.20254,2.0,11.0,11.0,3.0,2025.0,2022.0,True
2507.20519,6.0,9.0,9.0,5.0,2023.0,2020.0,True
2507.20527,0.0,47.0,47.0,33.0,2025.0,1992.0,True
2507.20673,9.0,2.0,9.0,2.0,2023.0,2025.0,True
2507.20880,2.0,249.0,249.0,15.0,2024.0,2010.0,True
2507.20900,4.0,4.0,4.0,4.0,2021.0,2023.0,True
2507.20939,49.0,1.0,49.0,7.0,2018.0,2022.0,True
2507.20976,3.0,2.0,3.0,3.0,2022.0,2024.0,True
2507.20984,5.0,8.0,8.0,7.0,2023.0,2018.0,True
2507.21033,1.0,27.0,27.0,2.0,2025.0,2023.0,True
2507.21035,15.0,14.0,15.0,6.0,2019.0,2023.0,True
2507.21045,3.0,2.0,3.0,1.0,2024.0,2024.0,True
2507.21046,2.0,8.0,8.0,10.0,2015.0,2024.0,True
2507.21049,17.0,1.0,17.0,4.0,2021.0,2025.0,True
2507.21183,11.0,38.0,38.0,6.0,2019.0,2023.0,True
2507.21364,8.0,1.0,8.0,2.0,2023.0,2024.0,True
2507.21493,13.0,11.0,13.0,4.0,2021.0,2021.0,True
2507.21503,3.0,13.0,13.0,2.0,2023.0,2024.0,True
2507.21509,1.0,1.0,1.0,0.0,2025.0,2025.0,True
2507.21584,7.0,6.0,7.0,1.0,2024.0,2024.0,True
2507.21802,1.0,2.0,2.0,7.0,2024.0,2018.0,True
2507.21809,0.0,1.0,1.0,0.0,2025.0,2025.0,True
2507.21848,5.0,6.0,6.0,1.0,2024.0,2024.0,True
2507.21974,3.0,31.0,31.0,7.0,2022.0,2018.0,True
2507.21990,17.0,26.0,26.0,5.0,2020.0,2023.0,True
2507.22025,0.0,4.0,4.0,2.0,2025.0,2023.0,True
2507.22034,8.0,28.0,28.0,2.0,2024.0,2023.0,True
2507.22058,10.0,0.0,10.0,5.0,2020.0,2025.0,True
2507.22061,0.0,2.0,2.0,1.0,2025.0,2024.0,True
2507.22062,42.0,13.0,42.0,6.0,2019.0,2021.0,True
2507.22448,19.0,1.0,19.0,7.0,2018.0,2024.0,True
2507.22565,12.0,5.0,12.0,7.0,2018.0,2024.0,True
2507.22607,1.0,7.0,7.0,1.0,2025.0,2024.0,True
2507.22720,2.0,49.0,49.0,2.0,2025.0,2023.0,True
2507.22827,6.0,9.0,9.0,1.0,2024.0,2024.0,True
2507.22853,6.0,1.0,6.0,1.0,2024.0,2025.0,True
2507.22879,3.0,1.0,3.0,1.0,2024.0,2024.0,True
2507.22886,1.0,0.0,1.0,0.0,2025.0,2025.0,True
2507.22968,2.0,6.0,6.0,1.0,2024.0,2024.0,True
2507.23257,1.0,74.0,74.0,10.0,2025.0,2015.0,True
2507.23268,6.0,6.0,6.0,1.0,2024.0,2024.0,True
2507.23277,3.0,16.0,16.0,2.0,2024.0,2023.0,True
2507.23284,8.0,4.0,8.0,4.0,2021.0,2023.0,True
2507.23313,2.0,4.0,4.0,2.0,2024.0,2023.0,True
2507.23348,1.0,0.0,1.0,0.0,2025.0,2025.0,True
2507.23361,0.0,0.0,0.0,0.0,2026.0,2025.0,True
2507.23374,18.0,5.0,18.0,7.0,2018.0,2023.0,True
2507.23404,38.0,30.0,38.0,10.0,2015.0,2022.0,True
2507.23436,5.0,7.0,7.0,16.0,2023.0,2009.0,True
2507.23478,3.0,4.0,4.0,1.0,2025.0,2024.0,True
2507.23632,1.0,4.0,4.0,1.0,2024.0,2024.0,True
2507.23682,5.0,7.0,7.0,2.0,2023.0,2023.0,True
2507.23698,23.0,26.0,26.0,5.0,2020.0,2022.0,True
2507.23701,5.0,29.0,29.0,4.0,2024.0,2021.0,True
2507.23726,1.0,5.0,5.0,2.0,2025.0,2023.0,True
2507.23779,7.0,0.0,7.0,2.0,2023.0,2025.0,True
2507.23785,4.0,19.0,19.0,2.0,2024.0,2023.0,True
2508.00024,1.0,1.0,1.0,0.0,2025.0,2025.0,True
2508.00109,31.0,3.0,31.0,7.0,2018.0,2023.0,True
2508.00222,44.0,5.0,44.0,5.0,2020.0,2024.0,True
2508.00265,4.0,1.0,4.0,1.0,2024.0,2025.0,True
2508.00367,3.0,6.0,6.0,2.0,2024.0,2023.0,True
2508.00414,45.0,9.0,45.0,4.0,2021.0,2024.0,True
2508.00428,4.0,1.0,4.0,1.0,2024.0,2025.0,True
2508.00454,3.0,29.0,29.0,3.0,2024.0,2022.0,True
2508.00477,2.0,0.0,2.0,0.0,2025.0,2025.0,True
2508.00599,6.0,7.0,7.0,2.0,2023.0,2023.0,True
2508.00632,3.0,3.0,3.0,1.0,2024.0,2024.0,True
2508.00782,5.0,3.0,5.0,2.0,2023.0,2024.0,True
2508.00819,7.0,56.0,56.0,5.0,2023.0,2020.0,True
2508.00823,7.0,23.0,23.0,2.0,2023.0,2023.0,True
2508.00890,16.0,13.0,16.0,5.0,2020.0,2023.0,True
2508.00910,39.0,24.0,39.0,6.0,2020.0,2019.0,True
2508.01059,3.0,6.0,6.0,3.0,2022.0,2024.0,True
2508.01109,2.0,8.0,8.0,3.0,2022.0,2023.0,True
2508.01119,2.0,44.0,44.0,11.0,2022.0,2014.0,True
2508.01126,3.0,22.0,22.0,7.0,2024.0,2018.0,True
2508.01151,1.0,5.0,5.0,1.0,2024.0,2024.0,True
2508.01191,12.0,8.0,12.0,5.0,2020.0,2023.0,True
2508.01197,2.0,20.0,20.0,2.0,2024.0,2023.0,True
2508.01226,9.0,12.0,12.0,2.0,2023.0,2023.0,True
2508.01242,19.0,1.0,19.0,7.0,2018.0,2025.0,True
2508.01287,3.0,1.0,3.0,7.0,2018.0,2025.0,True
2508.01311,6.0,6.0,6.0,2.0,2023.0,2024.0,True
2508.01408,4.0,2.0,4.0,2.0,2024.0,2023.0,True
2508.01415,2.0,6.0,6.0,1.0,2025.0,2024.0,True
2508.01522,7.0,1.0,7.0,25.0,2000.0,2025.0,True
2508.01548,7.0,4.0,7.0,2.0,2023.0,2024.0,True
2508.01630,10.0,10.0,10.0,12.0,2013.0,2013.0,True
2508.01650,8.0,17.0,17.0,4.0,2021.0,2023.0,True
2508.01691,72.0,31.0,72.0,7.0,2018.0,2019.0,True
2508.01773,10.0,10.0,10.0,4.0,2021.0,2024.0,True
2508.01778,3.0,5.0,5.0,1.0,2024.0,2024.0,True
2508.01780,7.0,2.0,7.0,11.0,2022.0,2014.0,True
2508.01858,0.0,3.0,3.0,2.0,2025.0,2023.0,True
2508.01928,1.0,5.0,5.0,12.0,2016.0,2013.0,True
2508.01959,9.0,3.0,9.0,4.0,2021.0,2025.0,True
2508.02038,0.0,27.0,27.0,1.0,2025.0,2024.0,True
2508.02063,35.0,50.0,50.0,38.0,1987.0,2023.0,True
2508.02079,35.0,50.0,50.0,38.0,1987.0,2023.0,True
2508.02091,21.0,56.0,56.0,7.0,2018.0,2019.0,True
2508.02095,5.0,96.0,96.0,12.0,2023.0,2013.0,True
2508.02120,33.0,1.0,33.0,4.0,2021.0,2025.0,True
2508.02124,5.0,2.0,5.0,1.0,2024.0,2025.0,True
2508.02137,6.0,4.0,6.0,6.0,2019.0,2024.0,True
2508.02150,2.0,4.0,4.0,1.0,2025.0,2024.0,True
2508.02193,23.0,1.0,23.0,7.0,2018.0,2025.0,True
2508.02215,4.0,7.0,7.0,2.0,2024.0,2023.0,True
2508.02243,39.0,56.0,56.0,10.0,2015.0,2019.0,True
2508.02268,16.0,208.0,208.0,17.0,2023.0,2008.0,True
2508.02271,11.0,4.0,11.0,4.0,2021.0,2024.0,True
2508.02276,14.0,22.0,22.0,31.0,2023.0,1994.0,True
2508.02317,2.0,5.0,5.0,1.0,2025.0,2024.0,True
2508.02324,0.0,1.0,1.0,0.0,2025.0,2025.0,True
2508.02455,2.0,40.0,40.0,11.0,2025.0,2014.0,True
2508.02558,4.0,31.0,31.0,7.0,2024.0,2018.0,True
2508.02605,0.0,5.0,5.0,1.0,2025.0,2024.0,True
2508.02629,1.0,3.0,3.0,0.0,2025.0,2025.0,True
2508.02630,8.0,2.0,8.0,8.0,2017.0,2024.0,True
2508.02694,1.0,23.0,23.0,2.0,2025.0,2023.0,True
2508.02807,2.0,7.0,7.0,11.0,2014.0,2024.0,True
2508.02831,0.0,114.0,114.0,14.0,2025.0,2011.0,True
2508.02951,7.0,29.0,29.0,4.0,2021.0,2023.0,True
2508.03012,8.0,5.0,8.0,7.0,2023.0,2018.0,True
2508.03050,2.0,14.0,14.0,4.0,2024.0,2021.0,True
2508.03159,3.0,6.0,6.0,4.0,2023.0,2021.0,True
2508.03164,1.0,7.0,7.0,6.0,2024.0,2019.0,True
2508.03178,1.0,5.0,5.0,2.0,2024.0,2023.0,True
2508.03320,6.0,14.0,14.0,14.0,2011.0,2023.0,True
2508.03346,14.0,2.0,14.0,3.0,2022.0,2025.0,True
2508.03365,6.0,3.0,6.0,24.0,2023.0,2001.0,True
2508.03404,1.0,0.0,1.0,0.0,2025.0,2025.0,True
2508.03448,20.0,49.0,49.0,20.0,2005.0,2017.0,True
2508.03501,3.0,6.0,6.0,16.0,2022.0,2009.0,True
2508.03542,6.0,81.0,81.0,14.0,2023.0,2011.0,True
2508.03560,6.0,35.0,35.0,8.0,2024.0,2017.0,True
2508.03613,3.0,1.0,3.0,0.0,2025.0,2025.0,True
2508.03616,0.0,28.0,28.0,20.0,2026.0,2005.0,True
2508.03644,1.0,1.0,1.0,0.0,2025.0,2025.0,True
2508.03680,43.0,5.0,43.0,7.0,2018.0,2024.0,True
2508.03686,14.0,6.0,14.0,4.0,2021.0,2024.0,True
2508.03694,10.0,19.0,19.0,2.0,2023.0,2023.0,True
2508.03789,6.0,7.0,7.0,3.0,2022.0,2023.0,True
2508.03793,5.0,1.0,5.0,1.0,2024.0,2025.0,True
2508.03905,6.0,9.0,9.0,2.0,2023.0,2024.0,True
2508.03923,9.0,56.0,56.0,4.0,2024.0,2021.0,True
2508.03936,32.0,11.0,32.0,5.0,2020.0,2024.0,True
2508.03970,1.0,1.0,1.0,0.0,2025.0,2025.0,True
2508.03983,53.0,2.0,53.0,10.0,2015.0,2019.0,True
2508.03990,28.0,9.0,28.0,5.0,2020.0,2023.0,True
2508.04010,8.0,2.0,8.0,1.0,2024.0,2025.0,True
2508.04017,1.0,5.0,5.0,7.0,2025.0,2018.0,True
2508.04026,3.0,5.0,5.0,1.0,2024.0,2025.0,True
2508.04038,7.0,163.0,163.0,18.0,2020.0,2007.0,True
2508.04107,6.0,5.0,6.0,2.0,2024.0,2023.0,True
2508.04190,11.0,3.0,11.0,15.0,2010.0,2019.0,True
2508.04195,2.0,12.0,12.0,1.0,2025.0,2024.0,True
2508.04280,1.0,20.0,20.0,6.0,2025.0,2019.0,True
2508.04295,2.0,7.0,7.0,1.0,2024.0,2024.0,True
2508.04324,1.0,6.0,6.0,2.0,2025.0,2023.0,True
2508.04326,16.0,0.0,16.0,3.0,2022.0,2025.0,True
2508.04423,6.0,0.0,6.0,6.0,2019.0,2025.0,True
2508.04440,1.0,3.0,3.0,1.0,2025.0,2024.0,True
2508.04482,7.0,1.0,7.0,3.0,2024.0,2022.0,True
2508.04586,13.0,13.0,13.0,11.0,2024.0,2014.0,True
2508.04632,2.0,0.0,2.0,0.0,2025.0,2025.0,True
2508.04664,5.0,3.0,5.0,1.0,2024.0,2024.0,True
2508.04676,2.0,15.0,15.0,4.0,2021.0,2023.0,True
2508.04699,2.0,4.0,4.0,4.0,2021.0,2023.0,True
2508.04700,13.0,50.0,50.0,2.0,2023.0,2023.0,True
2508.04825,12.0,17.0,17.0,26.0,2001.0,1999.0,True
2508.04939,2.0,4.0,4.0,2.0,2023.0,2023.0,True
2508.04946,1.0,25.0,25.0,12.0,2024.0,2013.0,True
2508.04979,21.0,17.0,21.0,2.0,2023.0,2024.0,True
2508.05004,14.0,10.0,14.0,4.0,2021.0,2024.0,True
2508.05128,5.0,4.0,5.0,2.0,2023.0,2024.0,True
2508.05257,2.0,0.0,2.0,5.0,2020.0,2025.0,True
2508.05305,2.0,15.0,15.0,49.0,1976.0,2021.0,True
2508.05399,7.0,0.0,7.0,1.0,2024.0,2025.0,True
2508.05405,15.0,5.0,15.0,4.0,2021.0,2023.0,True
2508.05496,1.0,3.0,3.0,0.0,2025.0,2025.0,True
2508.05502,2.0,11.0,11.0,3.0,2024.0,2022.0,True
2508.05545,2.0,13.0,13.0,2.0,2024.0,2023.0,True
2508.05547,14.0,13.0,14.0,2.0,2023.0,2023.0,True
2508.05609,1.0,17.0,17.0,5.0,2025.0,2020.0,True
2508.05613,0.0,7.0,7.0,0.0,2025.0,2025.0,True
2508.05614,1.0,24.0,24.0,18.0,2025.0,2007.0,True
2508.05615,13.0,11.0,13.0,5.0,2020.0,2024.0,True
2508.05618,1.0,56.0,56.0,7.0,2025.0,2018.0,True
2508.05629,19.0,1.0,19.0,1.0,2024.0,2025.0,True
2508.05630,5.0,5.0,5.0,6.0,2024.0,2019.0,True
2508.05635,25.0,17.0,25.0,8.0,2019.0,2017.0,True
2508.05731,7.0,5.0,7.0,1.0,2024.0,2024.0,True
2508.05748,2.0,25.0,25.0,2.0,2023.0,2024.0,True
2508.05769,0.0,8.0,8.0,10.0,,2015.0,True
2508.05813,0.0,8.0,8.0,10.0,,2015.0,True
2508.05909,6.0,26.0,26.0,2.0,2024.0,2023.0,True
2508.05954,8.0,2.0,8.0,2.0,2023.0,2024.0,True
2508.05988,0.0,9.0,9.0,2.0,2026.0,2023.0,True
2508.06009,0.0,5.0,5.0,7.0,2025.0,2018.0,True
2508.06026,2.0,135.0,135.0,23.0,2024.0,2002.0,True
2508.06059,8.0,6.0,8.0,3.0,2022.0,2023.0,True
2508.06426,2.0,48.0,48.0,13.0,2012.0,2023.0,True
2508.06429,4.0,239.0,239.0,19.0,2021.0,2006.0,True
2508.06433,11.0,4.0,11.0,43.0,1982.0,2024.0,True
2508.06471,0.0,1.0,1.0,0.0,2026.0,2025.0,True
2508.06485,3.0,2.0,3.0,2.0,2023.0,2024.0,True
2508.06494,7.0,84.0,84.0,54.0,1971.0,2013.0,True
2508.06600,4.0,12.0,12.0,2.0,2024.0,2023.0,True
2508.06601,5.0,1.0,5.0,2.0,2023.0,2025.0,True
2508.06811,14.0,8.0,14.0,13.0,2012.0,2023.0,True
2508.06813,,,,,,,False
2508.06905,10.0,8.0,10.0,7.0,2024.0,2018.0,True
2508.06937,1.0,6.0,6.0,14.0,2024.0,2011.0,True
2508.06944,3.0,17.0,17.0,1.0,2024.0,2024.0,True
2508.06964,2.0,25.0,25.0,2.0,2023.0,2023.0,True
2508.07050,6.0,89.0,89.0,16.0,2023.0,2009.0,True
2508.07101,,,,,,,False
2508.07237,2.0,2.0,2.0,0.0,2025.0,2025.0,True
2508.07321,1.0,15.0,15.0,10.0,2015.0,2023.0,True
2508.07407,23.0,5.0,23.0,6.0,2019.0,2023.0,True
2508.07409,12.0,6.0,12.0,3.0,2022.0,2024.0,True
2508.07485,1.0,0.0,1.0,2.0,2023.0,2026.0,True
2508.07493,16.0,1.0,16.0,3.0,2022.0,2025.0,True
2508.07629,16.0,8.0,16.0,2.0,2023.0,2025.0,True
2508.07662,4.0,0.0,4.0,4.0,2021.0,,True
2508.07750,5.0,14.0,14.0,2.0,2023.0,2023.0,True
2508.07785,11.0,2.0,11.0,2.0,2023.0,2025.0,True
2508.07877,16.0,10.0,16.0,3.0,2022.0,2023.0,True
2508.07901,5.0,2.0,5.0,6.0,2023.0,2019.0,True
2508.07917,2.0,39.0,39.0,9.0,2016.0,2022.0,True
2508.07976,28.0,11.0,28.0,8.0,2017.0,2022.0,True
2508.07981,0.0,0.0,0.0,0.0,2025.0,2025.0,True
2508.07999,6.0,0.0,6.0,11.0,2014.0,2025.0,True
2508.08086,2.0,15.0,15.0,2.0,2023.0,2023.0,True
2508.08088,5.0,61.0,61.0,60.0,2022.0,1965.0,True
2508.08113,5.0,9.0,9.0,2.0,2023.0,2023.0,True
2508.08134,0.0,7.0,7.0,1.0,2026.0,2024.0,True
2508.08180,25.0,7.0,25.0,23.0,2002.0,2004.0,True
2508.08189,27.0,15.0,27.0,6.0,2019.0,2021.0,True
2508.08221,1.0,8.0,8.0,1.0,2025.0,2024.0,True
2508.08240,1.0,43.0,43.0,3.0,2024.0,2022.0,True
2508.08244,4.0,1.0,4.0,15.0,2024.0,2010.0,True
2508.08248,6.0,106.0,106.0,11.0,2023.0,2014.0,True
2508.08292,2.0,223.0,223.0,17.0,2024.0,2008.0,True
2508.08401,8.0,2.0,8.0,2.0,2023.0,2024.0,True
2508.08665,0.0,2.0,2.0,2.0,2026.0,2023.0,True
2508.08680,10.0,64.0,64.0,11.0,2023.0,2014.0,True
2508.08777,43.0,496.0,496.0,35.0,1990.0,1993.0,True
2508.08791,32.0,4.0,32.0,3.0,2022.0,2025.0,True
2508.08855,0.0,14.0,14.0,6.0,2025.0,2019.0,True
2508.08896,4.0,3.0,4.0,4.0,2021.0,2024.0,True
2508.08938,8.0,11.0,11.0,3.0,2024.0,2022.0,True
2508.08940,27.0,5.0,27.0,5.0,2020.0,2024.0,True
2508.08974,6.0,133.0,133.0,19.0,2024.0,2006.0,True
2508.09050,0.0,2.0,2.0,3.0,,2022.0,True
2508.09062,9.0,2.0,9.0,4.0,2021.0,2024.0,True
2508.09101,8.0,16.0,16.0,10.0,2015.0,2020.0,True
2508.09123,5.0,3.0,5.0,4.0,2021.0,2024.0,True
2508.09125,0.0,7.0,7.0,2.0,2025.0,2023.0,True
2508.09131,3.0,136.0,136.0,35.0,2022.0,1990.0,True
2508.09138,3.0,44.0,44.0,3.0,2024.0,2022.0,True
2508.09192,4.0,14.0,14.0,2.0,2025.0,2023.0,True
2508.09456,13.0,2.0,13.0,3.0,2023.0,2022.0,True
2508.09603,14.0,2.0,14.0,6.0,2019.0,2024.0,True
2508.09667,5.0,70.0,70.0,8.0,2023.0,2017.0,True
2508.09726,1.0,6.0,6.0,33.0,2025.0,1992.0,True
2508.09736,5.0,0.0,5.0,1.0,2024.0,2025.0,True
2508.09752,2.0,8.0,8.0,2.0,2025.0,2023.0,True
2508.09776,6.0,165.0,165.0,19.0,2021.0,2006.0,True
2508.09789,6.0,497.0,497.0,32.0,2015.0,1993.0,True
2508.09834,5.0,4.0,5.0,0.0,2025.0,2025.0,True
2508.09848,4.0,14.0,14.0,1.0,2025.0,2024.0,True
2508.09889,2.0,18.0,18.0,21.0,2023.0,2004.0,True
2508.09945,2.0,1.0,2.0,1.0,2024.0,2024.0,True
2508.09968,6.0,70.0,70.0,5.0,2022.0,2020.0,True
2508.09983,0.0,3.0,3.0,6.0,2026.0,2019.0,True
2508.09987,15.0,2.0,15.0,1.0,2024.0,2025.0,True
2508.09998,32.0,51.0,51.0,13.0,2017.0,2012.0,True
2508.10104,6.0,64.0,64.0,10.0,2023.0,2015.0,True
2508.10137,16.0,16.0,16.0,6.0,2020.0,2019.0,True
2508.10390,3.0,9.0,9.0,3.0,2022.0,2023.0,True
2508.10395,4.0,7.0,7.0,2.0,2024.0,2023.0,True
2508.10419,2.0,10.0,10.0,2.0,2024.0,2023.0,True
2508.10433,8.0,4.0,8.0,2.0,2023.0,2023.0,True
2508.10461,4.0,213.0,213.0,19.0,2023.0,2006.0,True
2508.10478,8.0,23.0,23.0,18.0,2010.0,2007.0,True
2508.10482,8.0,167.0,167.0,19.0,2021.0,2006.0,True
2508.10576,11.0,141.0,141.0,15.0,2023.0,2010.0,True
2508.10637,0.0,46.0,46.0,12.0,2025.0,2013.0,True
2508.10711,0.0,5.0,5.0,0.0,,2025.0,True
2508.10751,19.0,6.0,19.0,2.0,2023.0,2024.0,True
2508.10830,10.0,13.0,13.0,12.0,2024.0,2013.0,True
2508.10833,22.0,1.0,22.0,8.0,2017.0,2023.0,True
2508.10860,6.0,16.0,16.0,2.0,2023.0,2023.0,True
2508.10868,2.0,2.0,2.0,1.0,2024.0,2025.0,True
2508.10874,9.0,3.0,9.0,1.0,2024.0,2024.0,True
2508.10875,7.0,1.0,7.0,2.0,2023.0,2025.0,True
2508.10881,4.0,4.0,4.0,2.0,2023.0,2023.0,True
2508.10893,20.0,17.0,20.0,5.0,2020.0,2023.0,True
2508.10894,0.0,9.0,9.0,2.0,,2023.0,True
2508.10898,10.0,28.0,28.0,6.0,2019.0,2019.0,True
2508.10975,23.0,10.0,23.0,6.0,2019.0,2020.0,True
2508.11032,4.0,2.0,4.0,2.0,2023.0,2023.0,True
2508.11116,5.0,142.0,142.0,14.0,2024.0,2011.0,True
2508.11203,1.0,9.0,9.0,1.0,2024.0,2024.0,True
2508.11252,11.0,5.0,11.0,4.0,2021.0,2021.0,True
2508.11255,4.0,4.0,4.0,1.0,2024.0,2024.0,True
2508.11379,2.0,144.0,144.0,41.0,1984.0,2006.0,True
2508.11383,4.0,7.0,7.0,3.0,2023.0,2022.0,True
2508.11386,2.0,2.0,2.0,1.0,2024.0,2024.0,True
2508.11408,1.0,33.0,33.0,16.0,2024.0,2009.0,True
2508.11548,6.0,8.0,8.0,2.0,2024.0,2023.0,True
2508.11598,38.0,21.0,38.0,7.0,2018.0,2021.0,True
2508.11616,9.0,45.0,45.0,11.0,2020.0,2014.0,True
2508.11630,3.0,9.0,9.0,1.0,2025.0,2024.0,True
2508.11737,8.0,28.0,28.0,1.0,2024.0,2024.0,True
2508.11987,11.0,41.0,41.0,2.0,2024.0,2023.0,True
2508.12040,4.0,36.0,36.0,2.0,2024.0,2023.0,True
2508.12466,4.0,99.0,99.0,10.0,2024.0,2015.0,True
2508.12535,4.0,16.0,16.0,9.0,2016.0,2023.0,True
2508.12594,1.0,8.0,8.0,1.0,2024.0,2024.0,True
2508.12669,0.0,25.0,25.0,7.0,,2018.0,True
2508.12730,1.0,8.0,8.0,3.0,2024.0,2022.0,True
2508.12782,5.0,0.0,5.0,1.0,2024.0,,True
2508.12790,6.0,2.0,6.0,1.0,2024.0,2025.0,True
2508.12800,4.0,0.0,4.0,10.0,2015.0,2025.0,True
2508.12811,0.0,63.0,63.0,7.0,2025.0,2018.0,True
2508.12845,1.0,34.0,34.0,6.0,2024.0,2019.0,True
2508.12880,4.0,1.0,4.0,4.0,2021.0,2025.0,True
2508.12903,5.0,37.0,37.0,2.0,2024.0,2023.0,True
2508.12945,2.0,15.0,15.0,2.0,2024.0,2023.0,True
2508.13009,8.0,16.0,16.0,2.0,2023.0,2023.0,True
2508.13013,2.0,10.0,10.0,1.0,2024.0,2024.0,True
2508.13104,15.0,10.0,15.0,6.0,2019.0,2023.0,True
2508.13139,1.0,2.0,2.0,1.0,2024.0,2024.0,True
2508.13142,53.0,3.0,53.0,14.0,2011.0,2023.0,True
2508.13154,31.0,10.0,31.0,5.0,2020.0,2024.0,True
2508.13167,2.0,25.0,25.0,2.0,2025.0,2023.0,True
2508.13186,14.0,0.0,14.0,1.0,2024.0,2025.0,True
2508.13320,8.0,7.0,8.0,2.0,2023.0,2024.0,True
2508.13421,0.0,13.0,13.0,6.0,,2019.0,True
2508.13491,8.0,46.0,46.0,17.0,2008.0,2019.0,True
2508.13562,4.0,10.0,10.0,1.0,2024.0,2024.0,True
2508.13618,18.0,37.0,37.0,2.0,2023.0,2023.0,True
2508.13632,2.0,6.0,6.0,2.0,2025.0,2023.0,True
2508.13650,1.0,9.0,9.0,1.0,2024.0,2024.0,True
2508.13680,4.0,7.0,7.0,7.0,2018.0,2021.0,True
2508.13745,0.0,4.0,4.0,2.0,2026.0,2023.0,True
2508.13797,6.0,15.0,15.0,12.0,2022.0,2013.0,True
2508.13804,99.0,10.0,99.0,12.0,2013.0,2015.0,True
2508.13948,3.0,6.0,6.0,1.0,2024.0,2024.0,True
2508.13968,2.0,42.0,42.0,2.0,2025.0,2023.0,True
2508.13992,33.0,319.0,319.0,55.0,2020.0,1970.0,True
2508.13998,26.0,39.0,39.0,6.0,2020.0,2019.0,True
2508.14029,2.0,17.0,17.0,3.0,2025.0,2022.0,True
2508.14037,5.0,0.0,5.0,1.0,2024.0,2025.0,True
2508.14041,5.0,4.0,5.0,2.0,2024.0,2023.0,True
2508.14111,8.0,4.0,8.0,1.0,2025.0,2024.0,True
2508.14160,20.0,14.0,20.0,4.0,2021.0,2024.0,True
2508.14187,3.0,3.0,3.0,2.0,2023.0,2023.0,True
2508.14197,1.0,3.0,3.0,2.0,2024.0,2023.0,True
2508.14444,0.0,6.0,6.0,1.0,2026.0,2024.0,True
2508.14460,11.0,1.0,11.0,3.0,2022.0,2025.0,True
2508.14568,4.0,13.0,13.0,16.0,2019.0,2009.0,True
2508.14704,15.0,14.0,15.0,5.0,2023.0,2020.0,True
2508.14811,6.0,45.0,45.0,3.0,2023.0,2022.0,True
2508.14879,2.0,12.0,12.0,1.0,2024.0,2025.0,True
2508.14880,2.0,16.0,16.0,5.0,2020.0,2023.0,True
2508.14892,0.0,14.0,14.0,1.0,2025.0,2024.0,True
2508.14896,3.0,4.0,4.0,1.0,2024.0,2024.0,True
2508.15126,4.0,1.0,4.0,1.0,2024.0,2025.0,True
2508.15144,24.0,0.0,24.0,4.0,2021.0,2025.0,True
2508.15202,0.0,3.0,3.0,0.0,2025.0,2025.0,True
2508.15213,1.0,1.0,1.0,0.0,2025.0,2025.0,True
2508.15228,5.0,7.0,7.0,2.0,2023.0,2023.0,True
2508.15260,4.0,4.0,4.0,1.0,2024.0,2024.0,True
2508.15361,29.0,18.0,29.0,2.0,2023.0,2023.0,True
2508.15418,7.0,1.0,7.0,1.0,2024.0,2025.0,True
2508.15641,3.0,8.0,8.0,2.0,2025.0,2023.0,True
2508.15746,4.0,39.0,39.0,4.0,2023.0,2021.0,True
2508.15752,158.0,1.0,158.0,28.0,1997.0,2025.0,True
2508.15754,0.0,7.0,7.0,1.0,2025.0,2024.0,True
2508.15760,1.0,8.0,8.0,2.0,2025.0,2023.0,True
2508.15761,2.0,26.0,26.0,2.0,2023.0,2023.0,True
2508.15763,4.0,1.0,4.0,7.0,2018.0,2025.0,True
2508.15767,15.0,22.0,22.0,8.0,2017.0,2018.0,True
2508.15769,1.0,39.0,39.0,4.0,2025.0,2021.0,True
2508.15772,17.0,85.0,85.0,9.0,2023.0,2016.0,True
2508.15774,3.0,2.0,3.0,15.0,2023.0,2010.0,True
2508.15804,0.0,3.0,3.0,2.0,2025.0,2023.0,True
2508.15868,4.0,1.0,4.0,0.0,2025.0,2025.0,True
2508.15881,6.0,4.0,6.0,3.0,2022.0,2023.0,True
2508.15882,9.0,25.0,25.0,7.0,2022.0,2018.0,True
2508.16067,12.0,12.0,12.0,7.0,2018.0,2021.0,True
2508.16072,6.0,16.0,16.0,1.0,2025.0,2024.0,True
2508.16153,4.0,1.0,4.0,0.0,2025.0,2025.0,True
2508.16279,20.0,34.0,34.0,16.0,2022.0,2009.0,True
2508.16292,2.0,13.0,13.0,1.0,2024.0,2024.0,True
2508.16359,4.0,57.0,57.0,13.0,2023.0,2012.0,True
2508.16402,16.0,0.0,16.0,5.0,2020.0,2025.0,True
2508.16577,0.0,46.0,46.0,8.0,,2017.0,True
2508.16697,7.0,2.0,7.0,2.0,2023.0,2024.0,True
2508.16745,5.0,82.0,82.0,53.0,1972.0,1985.0,True
2508.16790,19.0,13.0,19.0,8.0,2017.0,2024.0,True
2508.16838,12.0,4.0,12.0,10.0,2015.0,2022.0,True
2508.16949,1.0,4.0,4.0,3.0,2024.0,2022.0,True
2508.17008,3.0,2.0,3.0,6.0,2019.0,2023.0,True
2508.17061,2.0,3.0,3.0,12.0,2024.0,2013.0,True
2508.17188,1.0,5.0,5.0,1.0,2024.0,2024.0,True
2508.17198,17.0,18.0,18.0,7.0,2022.0,2018.0,True
2508.17234,1.0,12.0,12.0,3.0,2023.0,2022.0,True
2508.17290,9.0,95.0,95.0,19.0,2023.0,2006.0,True
2508.17298,8.0,27.0,27.0,4.0,2022.0,2021.0,True
2508.17326,13.0,47.0,47.0,7.0,2021.0,2018.0,True
2508.17378,16.0,16.0,16.0,1.0,2024.0,2024.0,True
2508.17380,2.0,12.0,12.0,3.0,2025.0,2022.0,True
2508.17437,3.0,4.0,4.0,2.0,2024.0,2023.0,True
2508.17445,42.0,8.0,42.0,4.0,2021.0,2024.0,True
2508.17450,4.0,2.0,4.0,3.0,2022.0,2025.0,True
2508.17472,4.0,3.0,4.0,2.0,2023.0,2024.0,True
2508.17502,7.0,6.0,7.0,17.0,2020.0,2008.0,True
2508.17580,5.0,2.0,5.0,1.0,2024.0,2025.0,True
2508.17621,1.0,25.0,25.0,8.0,2025.0,2017.0,True
2508.17661,0.0,9.0,9.0,33.0,2025.0,1992.0,True
2508.17677,4.0,7.0,7.0,11.0,2024.0,2014.0,True
2508.17811,5.0,3.0,5.0,1.0,2024.0,2024.0,True
2508.17821,1.0,5.0,5.0,1.0,2024.0,2024.0,True
2508.17924,2.0,3.0,3.0,1.0,2024.0,2024.0,True
2508.17973,10.0,27.0,27.0,11.0,2021.0,2014.0,True
2508.18032,5.0,3.0,5.0,3.0,2024.0,2022.0,True
2508.18076,5.0,13.0,13.0,3.0,2022.0,2024.0,True
2508.18106,5.0,1.0,5.0,5.0,2020.0,2024.0,True
2508.18124,10.0,6.0,10.0,1.0,2024.0,2024.0,True
2508.18159,6.0,52.0,52.0,9.0,2022.0,2016.0,True
2508.18179,3.0,7.0,7.0,8.0,2023.0,2017.0,True
2508.18190,3.0,3.0,3.0,21.0,2004.0,2025.0,True
2508.18192,4.0,4.0,4.0,1.0,2024.0,2024.0,True
2508.18255,1.0,5.0,5.0,6.0,2024.0,2019.0,True
2508.18264,2.0,9.0,9.0,2.0,2025.0,2023.0,True
2508.18265,26.0,11.0,26.0,3.0,2022.0,2023.0,True
2508.18271,0.0,1.0,1.0,0.0,2025.0,2025.0,True
2508.18370,40.0,25.0,40.0,6.0,2020.0,2019.0,True
2508.18579,4.0,112.0,112.0,17.0,2024.0,2008.0,True
2508.18621,5.0,2.0,5.0,5.0,2020.0,2024.0,True
2508.18633,1.0,24.0,24.0,1.0,2025.0,2024.0,True
2508.18672,12.0,12.0,12.0,1.0,2024.0,2024.0,True
2508.18733,1.0,13.0,13.0,20.0,2025.0,2005.0,True
2508.18756,5.0,0.0,5.0,1.0,2024.0,2025.0,True
2508.18773,2.0,4.0,4.0,0.0,2025.0,2025.0,True
2508.18921,3.0,3.0,3.0,2.0,2023.0,2023.0,True
2508.18966,4.0,5.0,5.0,2.0,2024.0,2023.0,True
2508.19026,6.0,24.0,24.0,6.0,2021.0,2019.0,True
2508.19060,2.0,117.0,117.0,97.0,2024.0,1928.0,True
2508.19188,13.0,18.0,18.0,19.0,2006.0,2023.0,True
2508.19201,0.0,7.0,7.0,11.0,2025.0,2014.0,True
2508.19202,4.0,68.0,68.0,5.0,2020.0,2023.0,True
2508.19205,19.0,21.0,21.0,4.0,2021.0,2022.0,True
2508.19209,11.0,1.0,11.0,1.0,2024.0,2025.0,True
2508.19228,3.0,127.0,127.0,12.0,2024.0,2013.0,True
2508.19229,32.0,6.0,32.0,5.0,2020.0,2025.0,True
2508.19242,13.0,7.0,13.0,18.0,2007.0,2024.0,True
2508.19247,2.0,8.0,8.0,2.0,2024.0,2023.0,True
2508.19320,3.0,14.0,14.0,2.0,2023.0,2023.0,True
2508.19493,2.0,0.0,2.0,1.0,2024.0,2025.0,True
2508.19500,81.0,81.0,81.0,7.0,2018.0,2018.0,True
2508.19527,24.0,7.0,24.0,8.0,2017.0,2024.0,True
2508.19559,1.0,5.0,5.0,6.0,2025.0,2019.0,True
2508.19562,,7.0,7.0,1.0,,2024.0,True
2508.19600,22.0,1.0,22.0,7.0,2018.0,2025.0,True
2508.19652,1.0,11.0,11.0,1.0,2025.0,2024.0,True
2508.19813,5.0,3.0,5.0,2.0,2024.0,2023.0,True
2508.19827,0.0,114.0,114.0,13.0,2025.0,2012.0,True
2508.19982,6.0,56.0,56.0,6.0,2024.0,2019.0,True
2508.20033,6.0,79.0,79.0,26.0,2024.0,1999.0,True
2508.20072,12.0,9.0,12.0,2.0,2023.0,2023.0,True
2508.20085,19.0,5.0,19.0,3.0,2022.0,2024.0,True
2508.20088,8.0,44.0,44.0,2.0,2023.0,2023.0,True
2508.20096,15.0,52.0,52.0,2.0,2023.0,2023.0,True
2508.20374,3.0,9.0,9.0,2.0,2024.0,2023.0,True
2508.20404,3.0,0.0,3.0,2.0,2023.0,2025.0,True
2508.20453,1.0,0.0,1.0,1.0,2024.0,,True
2508.20470,7.0,22.0,22.0,7.0,2022.0,2018.0,True
2508.20478,,1.0,1.0,1.0,,2024.0,True
2508.20586,6.0,6.0,6.0,1.0,2024.0,2024.0,True
2508.20722,9.0,10.0,10.0,2.0,2023.0,2023.0,True
2508.20751,2.0,53.0,53.0,2.0,2025.0,2023.0,True
2508.20755,2.0,12.0,12.0,4.0,2024.0,2021.0,True
2508.20766,2.0,6.0,6.0,1.0,2024.0,2024.0,True
2508.20931,3.0,11.0,11.0,20.0,2024.0,2005.0,True
2508.21038,36.0,6.0,36.0,6.0,2019.0,2021.0,True
2508.21046,2.0,31.0,31.0,2.0,2025.0,2023.0,True
2508.21052,3.0,4.0,4.0,4.0,2021.0,2023.0,True
2508.21058,16.0,17.0,17.0,6.0,2022.0,2019.0,True
2508.21060,5.0,13.0,13.0,3.0,2022.0,2023.0,True
2508.21061,8.0,13.0,13.0,5.0,2020.0,2023.0,True
2508.21066,9.0,1.0,9.0,2.0,2023.0,2025.0,True
2508.21070,10.0,5.0,10.0,3.0,2022.0,2024.0,True
2508.21104,4.0,5.0,5.0,1.0,2024.0,2024.0,True
2508.21112,15.0,7.0,15.0,6.0,2023.0,2019.0,True
2508.21113,5.0,0.0,5.0,2.0,2023.0,2025.0,True
2508.21148,2.0,6.0,6.0,1.0,2024.0,2025.0,True
2508.21172,1.0,142.0,142.0,16.0,2025.0,2009.0,True
2508.21188,2.0,7.0,7.0,1.0,2024.0,2024.0,True
2508.21290,1.0,10.0,10.0,2.0,2024.0,2023.0,True
2508.21334,7.0,11.0,11.0,5.0,2020.0,2023.0,True
2508.21365,2.0,1.0,2.0,1.0,2024.0,2024.0,True
2508.21376,6.0,6.0,6.0,1.0,2024.0,2024.0,True
2508.21456,7.0,1.0,7.0,1.0,2024.0,2024.0,True
2508.21496,3.0,1.0,3.0,1.0,2024.0,2025.0,True
2508.21767,5.0,5.0,5.0,0.0,2025.0,2025.0,True
2509.00244,17.0,6.0,17.0,5.0,2020.0,2024.0,True
2509.00328,0.0,11.0,11.0,26.0,,1999.0,True
2509.00375,1.0,4.0,4.0,0.0,2025.0,2025.0,True
2509.00404,0.0,1.0,1.0,1.0,2025.0,2024.0,True
2509.00425,10.0,3.0,10.0,24.0,2001.0,2024.0,True
2509.00428,24.0,12.0,24.0,4.0,2021.0,2023.0,True
2509.00531,1.0,15.0,15.0,3.0,2025.0,2022.0,True
2509.00578,6.0,256.0,256.0,27.0,2023.0,1998.0,True
2509.00581,1.0,1.0,1.0,0.0,2025.0,2025.0,True
2509.00605,2.0,2.0,2.0,11.0,2014.0,2014.0,True
2509.00676,1.0,14.0,14.0,3.0,2024.0,2022.0,True
2509.00930,4.0,2.0,4.0,4.0,2024.0,2021.0,True
2509.01052,9.0,11.0,11.0,15.0,2020.0,2010.0,True
2509.01055,14.0,3.0,14.0,3.0,2022.0,2025.0,True
2509.01106,0.0,1.0,1.0,0.0,2026.0,2025.0,True
2509.01215,7.0,3.0,7.0,3.0,2022.0,2024.0,True
2509.01250,4.0,2.0,4.0,2.0,2023.0,2024.0,True
2509.01360,25.0,35.0,35.0,9.0,2023.0,2016.0,True
2509.01363,0.0,7.0,7.0,1.0,2025.0,2024.0,True
2509.01396,0.0,1.0,1.0,0.0,2025.0,2025.0,True
2509.01440,7.0,32.0,32.0,5.0,2023.0,2020.0,True
2509.01535,3.0,5.0,5.0,1.0,2024.0,2024.0,True
2509.01563,4.0,4.0,4.0,2.0,2023.0,2023.0,True
2509.01584,4.0,5.0,5.0,2.0,2023.0,2024.0,True
2509.01610,5.0,34.0,34.0,9.0,2024.0,2016.0,True
2509.01624,9.0,9.0,9.0,51.0,1974.0,2023.0,True
2509.01644,3.0,29.0,29.0,2.0,2024.0,2023.0,True
2509.01656,5.0,9.0,9.0,7.0,2023.0,2018.0,True
2509.01790,4.0,5.0,5.0,2.0,2023.0,2023.0,True
2509.01964,0.0,14.0,14.0,2.0,2025.0,2023.0,True
2509.01977,5.0,1.0,5.0,0.0,2025.0,2025.0,True
2509.01984,4.0,15.0,15.0,3.0,2024.0,2022.0,True
2509.02040,5.0,5.0,5.0,1.0,2024.0,2024.0,True
2509.02046,10.0,1.0,10.0,4.0,2021.0,2024.0,True
2509.02108,0.0,7.0,7.0,2.0,,2023.0,True
2509.02133,1.0,37.0,37.0,38.0,1999.0,1987.0,True
2509.02208,0.0,1.0,1.0,2.0,2025.0,2023.0,True
2509.02333,3.0,0.0,3.0,13.0,2012.0,2025.0,True
2509.02379,19.0,19.0,19.0,1.0,2024.0,2024.0,True
2509.02437,2.0,1.0,2.0,0.0,2025.0,2025.0,True
2509.02460,16.0,3.0,16.0,3.0,2022.0,2024.0,True
2509.02479,4.0,2.0,4.0,1.0,2024.0,2025.0,True
2509.02522,15.0,3.0,15.0,3.0,2022.0,2025.0,True
2509.02523,1.0,0.0,1.0,1.0,2024.0,2026.0,True
2509.02530,3.0,3.0,3.0,2.0,2023.0,2024.0,True
2509.02534,6.0,12.0,12.0,2.0,2023.0,2023.0,True
2509.02544,2.0,7.0,7.0,1.0,2024.0,2024.0,True
2509.02547,4.0,9.0,9.0,2.0,2023.0,2025.0,True
2509.02563,3.0,6.0,6.0,2.0,2023.0,2024.0,True
2509.02722,5.0,12.0,12.0,2.0,2023.0,2023.0,True
2509.03059,4.0,5.0,5.0,1.0,2024.0,2024.0,True
2509.03403,19.0,6.0,19.0,3.0,2022.0,2024.0,True
2509.03405,5.0,66.0,66.0,8.0,2024.0,2017.0,True
2509.03516,7.0,3.0,7.0,2.0,2023.0,2024.0,True
2509.03646,6.0,4.0,6.0,11.0,2014.0,2025.0,True
2509.03680,3.0,22.0,22.0,6.0,2025.0,2019.0,True
2509.03740,7.0,14.0,14.0,1.0,2024.0,2024.0,True
2509.03800,20.0,6.0,20.0,1.0,2024.0,2025.0,True
2509.03867,5.0,7.0,7.0,2.0,2023.0,2024.0,True
2509.03888,6.0,2.0,6.0,2.0,2024.0,2023.0,True
2509.04011,48.0,10.0,48.0,19.0,2006.0,2023.0,True
2509.04013,9.0,90.0,90.0,41.0,2011.0,1984.0,True
2509.04185,35.0,122.0,122.0,21.0,2018.0,2004.0,True
2509.04292,3.0,43.0,43.0,9.0,2016.0,2023.0,True
2509.04338,4.0,72.0,72.0,19.0,2023.0,2006.0,True
2509.04394,7.0,28.0,28.0,4.0,2024.0,2021.0,True
2509.04406,8.0,21.0,21.0,3.0,2022.0,2022.0,True
2509.04419,14.0,11.0,14.0,2.0,2023.0,2024.0,True
2509.04434,2.0,13.0,13.0,5.0,2024.0,2020.0,True
2509.04441,1.0,0.0,1.0,1.0,2024.0,2026.0,True
2509.04442,8.0,9.0,9.0,4.0,2021.0,2023.0,True
2509.04500,2.0,6.0,6.0,1.0,2025.0,2024.0,True
2509.04504,13.0,12.0,13.0,4.0,2021.0,2024.0,True
2509.04575,3.0,173.0,173.0,20.0,2024.0,2005.0,True
2509.04582,4.0,1.0,4.0,2.0,2023.0,2025.0,True
2509.04664,139.0,5.0,139.0,28.0,1997.0,2021.0,True
2509.04744,2.0,29.0,29.0,1.0,2024.0,2024.0,True
2509.04996,11.0,52.0,52.0,11.0,2022.0,2014.0,True
2509.05208,1.0,1.0,1.0,2.0,2023.0,2025.0,True
2509.05209,1.0,0.0,1.0,0.0,2025.0,2025.0,True
2509.05263,4.0,2.0,4.0,5.0,2020.0,2022.0,True
2509.05296,3.0,10.0,10.0,1.0,2025.0,2024.0,True
2509.05668,1.0,4.0,4.0,15.0,2024.0,2010.0,True
2509.05739,2.0,15.0,15.0,2.0,2024.0,2023.0,True
2509.06079,3.0,1.0,3.0,0.0,2025.0,2025.0,True
2509.06155,3.0,2.0,3.0,0.0,2025.0,2025.0,True
2509.06160,8.0,9.0,9.0,11.0,2014.0,2025.0,True
2509.06216,5.0,9.0,9.0,23.0,2024.0,2002.0,True
2509.06266,3.0,10.0,10.0,2.0,2024.0,2023.0,True
2509.06283,35.0,31.0,35.0,6.0,2019.0,2022.0,True
2509.06285,18.0,197.0,197.0,21.0,2021.0,2004.0,True
2509.06461,10.0,71.0,71.0,7.0,2023.0,2018.0,True
2509.06467,4.0,2.0,4.0,2.0,2025.0,2023.0,True
2509.06477,7.0,2.0,7.0,1.0,2024.0,2024.0,True
2509.06482,5.0,320.0,320.0,14.0,2022.0,2011.0,True
2509.06493,2.0,4.0,4.0,2.0,2023.0,2024.0,True
2509.06501,10.0,8.0,10.0,2.0,2023.0,2024.0,True
2509.06631,0.0,0.0,0.0,0.0,2025.0,2025.0,True
2509.06652,1.0,4.0,4.0,1.0,2025.0,2024.0,True
2509.06733,0.0,6.0,6.0,1.0,2026.0,2024.0,True
2509.06771,2.0,2.0,2.0,1.0,2024.0,2025.0,True
2509.06784,5.0,20.0,20.0,2.0,2023.0,2024.0,True
2509.06786,9.0,12.0,12.0,1.0,2024.0,2024.0,True
2509.06806,6.0,32.0,32.0,3.0,2022.0,2023.0,True
2509.06809,0.0,0.0,0.0,0.0,2025.0,2025.0,True
2509.06818,3.0,6.0,6.0,2.0,2025.0,2023.0,True
2509.06830,20.0,3.0,20.0,7.0,2018.0,2024.0,True
2509.06861,4.0,8.0,8.0,2.0,2023.0,2023.0,True
2509.06870,1.0,15.0,15.0,1.0,2024.0,2024.0,True
2509.06888,14.0,58.0,58.0,6.0,2019.0,2023.0,True
2509.06917,1.0,12.0,12.0,5.0,2025.0,2020.0,True
2509.06923,13.0,1.0,13.0,3.0,2022.0,2025.0,True
2509.06938,2.0,309.0,309.0,15.0,2025.0,2010.0,True
2509.06942,2.0,4.0,4.0,2.0,2023.0,2024.0,True
2509.06945,2.0,3.0,3.0,5.0,2025.0,2020.0,True
2509.06949,2.0,12.0,12.0,1.0,2025.0,2024.0,True
2509.06951,10.0,3.0,10.0,3.0,2022.0,2024.0,True
2509.07054,78.0,78.0,78.0,13.0,2012.0,2012.0,True
2509.07225,4.0,2.0,4.0,7.0,2024.0,2018.0,True
2509.07253,9.0,10.0,10.0,61.0,1964.0,2023.0,True
2509.07295,4.0,8.0,8.0,2.0,2024.0,2023.0,True
2509.07301,4.0,8.0,8.0,1.0,2025.0,2024.0,True
2509.07403,4.0,5.0,5.0,1.0,2024.0,2024.0,True
2509.07414,17.0,0.0,17.0,8.0,2017.0,2025.0,True
2509.07430,3.0,2.0,3.0,1.0,2024.0,2025.0,True
2509.07558,10.0,9.0,10.0,2.0,2023.0,2023.0,True
2509.07966,4.0,0.0,4.0,4.0,2021.0,,True
2509.07968,3.0,11.0,11.0,10.0,2025.0,2015.0,True
2509.07969,1.0,3.0,3.0,13.0,2012.0,2022.0,True
2509.07979,5.0,14.0,14.0,2.0,2024.0,2023.0,True
2509.07980,12.0,12.0,12.0,3.0,2022.0,2024.0,True
2509.07996,11.0,13.0,13.0,1.0,2024.0,2024.0,True
2509.08031,12.0,9.0,12.0,5.0,2020.0,2023.0,True
2509.08088,4.0,0.0,4.0,2.0,2023.0,2025.0,True
2509.08270,9.0,2.0,9.0,10.0,2017.0,2015.0,True
2509.08358,16.0,7.0,16.0,5.0,2020.0,2023.0,True
2509.08494,1.0,36.0,36.0,27.0,2024.0,1998.0,True
2509.08519,20.0,2.0,20.0,5.0,2020.0,2024.0,True
2509.08643,2.0,21.0,21.0,1.0,2025.0,2024.0,True
2509.08721,1.0,23.0,23.0,81.0,2018.0,1944.0,True
2509.08755,33.0,108.0,108.0,11.0,2023.0,2014.0,True
2509.08825,6.0,32.0,32.0,9.0,2023.0,2016.0,True
2509.08826,1.0,7.0,7.0,1.0,2024.0,2024.0,True
2509.08827,35.0,13.0,35.0,4.0,2021.0,2024.0,True
2509.09114,0.0,8.0,8.0,2.0,2025.0,2023.0,True
2509.09118,1.0,0.0,1.0,0.0,2025.0,2025.0,True
2509.09174,3.0,6.0,6.0,1.0,2024.0,2024.0,True
2509.09254,4.0,4.0,4.0,1.0,2024.0,2024.0,True
2509.09265,12.0,1.0,12.0,3.0,2022.0,2025.0,True
2509.09286,0.0,0.0,0.0,0.0,2025.0,2026.0,True
2509.09307,2.0,7.0,7.0,1.0,2024.0,2024.0,True
2509.09313,7.0,5.0,7.0,3.0,2022.0,2024.0,True
2509.09332,19.0,10.0,19.0,4.0,2021.0,2024.0,True
2509.09372,12.0,23.0,23.0,5.0,2020.0,2023.0,True
2509.09524,1.0,0.0,1.0,0.0,2025.0,,True
2509.09594,10.0,1.0,10.0,2.0,2023.0,2024.0,True
2509.09595,1.0,0.0,1.0,1.0,2024.0,2025.0,True
2509.09614,2.0,29.0,29.0,2.0,2025.0,2023.0,True
2509.09658,2.0,7.0,7.0,2.0,2023.0,2023.0,True
2509.09666,6.0,1.0,6.0,1.0,2025.0,2024.0,True
2509.09672,7.0,4.0,7.0,6.0,2019.0,2023.0,True
2509.09674,5.0,77.0,77.0,20.0,2005.0,2019.0,True
2509.09675,7.0,30.0,30.0,3.0,2024.0,2022.0,True
2509.09676,2.0,0.0,2.0,1.0,2024.0,2025.0,True
2509.09677,5.0,29.0,29.0,3.0,2024.0,2022.0,True
2509.09680,20.0,7.0,20.0,6.0,2019.0,2023.0,True
2509.09713,7.0,17.0,17.0,2.0,2024.0,2023.0,True
2509.09716,7.0,0.0,7.0,2.0,2023.0,2025.0,True
2509.09734,4.0,8.0,8.0,1.0,2024.0,2024.0,True
2509.09737,15.0,23.0,23.0,5.0,2020.0,2021.0,True
2509.09873,0.0,6.0,6.0,1.0,2026.0,2024.0,True
2509.09926,0.0,5.0,5.0,2.0,2025.0,2023.0,True
2509.09990,1.0,1.0,1.0,0.0,2025.0,2025.0,True
2509.09995,0.0,6.0,6.0,1.0,2025.0,2024.0,True
2509.10058,1.0,187.0,187.0,14.0,2024.0,2011.0,True
2509.10147,0.0,0.0,0.0,,,,True
2509.10396,13.0,7.0,13.0,6.0,2019.0,2024.0,True
2509.10397,7.0,5.0,7.0,1.0,2024.0,2024.0,True
2509.10402,0.0,6.0,6.0,14.0,2026.0,2011.0,True
2509.10441,3.0,9.0,9.0,1.0,2024.0,2024.0,True
2509.10452,9.0,3.0,9.0,36.0,1989.0,2024.0,True
2509.10687,7.0,72.0,72.0,4.0,2023.0,2021.0,True
2509.10696,8.0,13.0,13.0,2.0,2024.0,2023.0,True
2509.10706,14.0,9.0,14.0,7.0,2018.0,2020.0,True
2509.10708,0.0,132.0,132.0,21.0,2025.0,2004.0,True
2509.10813,0.0,13.0,13.0,0.0,2025.0,2025.0,True
2509.10844,11.0,25.0,25.0,10.0,2023.0,2015.0,True
2509.10884,0.0,6.0,6.0,1.0,2026.0,2024.0,True
2509.11114,1.0,3.0,3.0,18.0,2024.0,2007.0,True
2509.11177,1.0,18.0,18.0,1.0,2025.0,2024.0,True
2509.11362,11.0,4.0,11.0,29.0,1996.0,2024.0,True
2509.11425,3.0,23.0,23.0,10.0,2015.0,2020.0,True
2509.11444,4.0,12.0,12.0,0.0,2025.0,2025.0,True
2509.11452,7.0,0.0,7.0,3.0,2022.0,2025.0,True
2509.11481,6.0,149.0,149.0,49.0,2020.0,1976.0,True
2509.11492,8.0,42.0,42.0,14.0,2022.0,2011.0,True
2509.11526,1.0,10.0,10.0,5.0,2025.0,2020.0,True
2509.11543,3.0,25.0,25.0,18.0,2025.0,2007.0,True
2509.11648,3.0,3.0,3.0,1.0,2024.0,2024.0,True
2509.11866,7.0,351.0,351.0,55.0,2024.0,1970.0,True
2509.11963,6.0,28.0,28.0,4.0,2023.0,2021.0,True
2509.11986,0.0,3.0,3.0,5.0,2025.0,2020.0,True
2509.12132,7.0,4.0,7.0,2.0,2023.0,2024.0,True
2509.12201,4.0,11.0,11.0,1.0,2025.0,2024.0,True
2509.12203,6.0,137.0,137.0,35.0,2022.0,1990.0,True
2509.12341,3.0,3.0,3.0,2.0,2023.0,2023.0,True
2509.12474,9.0,3.0,9.0,2.0,2023.0,2024.0,True
2509.12521,2.0,33.0,33.0,5.0,2024.0,2020.0,True
2509.12541,1.0,0.0,1.0,1.0,2024.0,,True
2509.12603,17.0,31.0,31.0,5.0,2020.0,2022.0,True
2509.12815,5.0,22.0,22.0,1.0,2024.0,2024.0,True
2509.12989,15.0,7.0,15.0,7.0,2018.0,2024.0,True
2509.13160,0.0,0.0,0.0,0.0,2025.0,2025.0,True
2509.13177,3.0,208.0,208.0,23.0,2024.0,2002.0,True
2509.13232,8.0,10.0,10.0,11.0,2014.0,2020.0,True
2509.13305,4.0,27.0,27.0,1.0,2025.0,2024.0,True
2509.13309,7.0,27.0,27.0,3.0,2022.0,2024.0,True
2509.13310,9.0,27.0,27.0,5.0,2020.0,2024.0,True
2509.13311,12.0,27.0,27.0,43.0,1982.0,2024.0,True
2509.13312,5.0,27.0,27.0,1.0,2024.0,2024.0,True
2509.13313,1.0,27.0,27.0,1.0,2025.0,2024.0,True
2509.13317,2.0,12.0,12.0,1.0,2024.0,2024.0,True
2509.13353,9.0,9.0,9.0,2.0,2023.0,2023.0,True
2509.13399,6.0,19.0,19.0,2.0,2024.0,2023.0,True
2509.13450,2.0,4.0,4.0,1.0,2025.0,2024.0,True
2509.13523,2.0,60.0,60.0,28.0,2024.0,1997.0,True
2509.13642,14.0,10.0,14.0,1.0,2024.0,2024.0,True
2509.13683,3.0,6.0,6.0,2.0,2025.0,2023.0,True
2509.13755,6.0,1.0,6.0,1.0,2024.0,2025.0,True
2509.13761,4.0,8.0,8.0,1.0,2024.0,2024.0,True
2509.13835,5.0,22.0,22.0,2.0,2024.0,2023.0,True
2509.13989,28.0,25.0,28.0,3.0,2022.0,2024.0,True
2509.14008,30.0,8.0,30.0,5.0,2020.0,2024.0,True
2509.14026,1.0,138.0,138.0,30.0,2025.0,1995.0,True
2509.14033,5.0,2.0,5.0,1.0,2024.0,2025.0,True
2509.14055,0.0,3.0,3.0,1.0,2025.0,2024.0,True
2509.14142,3.0,2.0,3.0,1.0,2025.0,2024.0,True
2509.14180,0.0,0.0,0.0,0.0,2026.0,2026.0,True
2509.14232,1.0,12.0,12.0,2.0,2025.0,2023.0,True
2509.14233,1.0,29.0,29.0,8.0,2025.0,2017.0,True
2509.14284,12.0,44.0,44.0,4.0,2021.0,2023.0,True
2509.14476,12.0,28.0,28.0,4.0,2021.0,2023.0,True
2509.14627,17.0,5.0,17.0,10.0,2015.0,2023.0,True
2509.14635,14.0,2.0,14.0,9.0,2016.0,2025.0,True
2509.14638,7.0,6.0,7.0,6.0,2019.0,2025.0,True
2509.14662,33.0,16.0,33.0,3.0,2022.0,2023.0,True
2509.14745,1.0,8.0,8.0,1.0,2024.0,2024.0,True
2509.14760,1.0,8.0,8.0,0.0,2025.0,2025.0,True
2509.14856,4.0,1.0,4.0,2.0,2023.0,2025.0,True
2509.14977,4.0,6.0,6.0,2.0,2023.0,2024.0,True
2509.14981,4.0,2.0,4.0,2.0,2023.0,2024.0,True
2509.15020,,,,,,,False
2509.15061,5.0,109.0,109.0,11.0,2024.0,2014.0,True
2509.15123,6.0,13.0,13.0,13.0,2023.0,2012.0,True
2509.15130,2.0,5.0,5.0,2.0,2025.0,2023.0,True
2509.15178,2.0,40.0,40.0,5.0,2023.0,2020.0,True
2509.15185,10.0,4.0,10.0,2.0,2023.0,2023.0,True
2509.15194,17.0,32.0,32.0,3.0,2022.0,2022.0,True
2509.15207,19.0,5.0,19.0,3.0,2022.0,2024.0,True
2509.15212,25.0,1.0,25.0,4.0,2021.0,2025.0,True
2509.15221,26.0,3.0,26.0,7.0,2018.0,2023.0,True
2509.15233,3.0,15.0,15.0,2.0,2025.0,2023.0,True
2509.15248,3.0,18.0,18.0,2.0,2024.0,2023.0,True
2509.15496,4.0,12.0,12.0,7.0,2018.0,2023.0,True
2509.15566,0.0,3.0,3.0,0.0,2025.0,2025.0,True
2509.15591,4.0,7.0,7.0,16.0,2024.0,2009.0,True
2509.15709,12.0,1.0,12.0,1.0,2024.0,2024.0,True
2509.15937,5.0,5.0,5.0,2.0,2023.0,2024.0,True
2509.16080,22.0,177.0,177.0,22.0,2018.0,2003.0,True
2509.16117,16.0,4.0,16.0,3.0,2022.0,2023.0,True
2509.16127,13.0,20.0,20.0,2.0,2023.0,2023.0,True
2509.16195,16.0,100.0,100.0,28.0,2009.0,1997.0,True
2509.16197,6.0,0.0,6.0,1.0,2024.0,2025.0,True
2509.16198,0.0,4.0,4.0,3.0,2026.0,2022.0,True
2509.16415,4.0,7.0,7.0,2.0,2023.0,2024.0,True
2509.16506,25.0,25.0,25.0,8.0,2017.0,2017.0,True
2509.16548,8.0,13.0,13.0,4.0,2023.0,2021.0,True
2509.16591,3.0,5.0,5.0,1.0,2024.0,2024.0,True
2509.16596,34.0,23.0,34.0,3.0,2022.0,2023.0,True
2509.16622,5.0,2.0,5.0,15.0,2010.0,2024.0,True
2509.16633,6.0,1.0,6.0,3.0,2022.0,2024.0,True
2509.16941,1.0,1.0,1.0,0.0,2025.0,2025.0,True
2509.16944,7.0,15.0,15.0,3.0,2022.0,2024.0,True
2509.16990,2.0,11.0,11.0,3.0,2025.0,2022.0,True
2509.17083,4.0,8.0,8.0,5.0,2020.0,2023.0,True
2509.17158,0.0,0.0,0.0,0.0,2026.0,2026.0,True
2509.17177,6.0,12.0,12.0,2.0,2023.0,2024.0,True
2509.17191,3.0,0.0,3.0,1.0,2024.0,2025.0,True
2509.17277,0.0,0.0,0.0,0.0,2025.0,2025.0,True
2509.17321,2.0,12.0,12.0,2.0,2024.0,2023.0,True
2509.17336,2.0,1.0,2.0,1.0,2024.0,2025.0,True
2509.17349,0.0,10.0,10.0,11.0,2025.0,2014.0,True
2509.17396,10.0,3.0,10.0,4.0,2021.0,2024.0,True
2509.17399,2.0,97.0,97.0,15.0,2024.0,2010.0,True
2509.17428,3.0,8.0,8.0,5.0,2023.0,2020.0,True
2509.17437,1.0,8.0,8.0,1.0,2025.0,2024.0,True
2509.17567,5.0,0.0,5.0,1.0,2024.0,2025.0,True
2509.17627,2.0,8.0,8.0,1.0,2024.0,2024.0,True
2509.17641,10.0,9.0,10.0,28.0,2023.0,1997.0,True
2509.17671,1.0,0.0,1.0,0.0,2025.0,2025.0,True
2509.17765,4.0,34.0,34.0,1.0,2025.0,2024.0,True
2509.17786,8.0,149.0,149.0,28.0,2022.0,1997.0,True
2509.17818,13.0,5.0,13.0,2.0,2023.0,2024.0,True
2509.17938,7.0,2.0,7.0,16.0,2021.0,2009.0,True
2509.17985,12.0,4.0,12.0,5.0,2020.0,2024.0,True
2509.17998,4.0,454.0,454.0,51.0,2021.0,1974.0,True
2509.18010,37.0,127.0,127.0,25.0,2020.0,2000.0,True
2509.18030,6.0,45.0,45.0,8.0,2017.0,2017.0,True
2509.18053,1.0,3.0,3.0,19.0,2025.0,2006.0,True
2509.18056,11.0,29.0,29.0,10.0,2023.0,2015.0,True
2509.18058,11.0,30.0,30.0,5.0,2020.0,2022.0,True
2509.18083,3.0,1.0,3.0,3.0,2022.0,2025.0,True
2509.18084,1.0,4.0,4.0,2.0,2025.0,2023.0,True
2509.18090,12.0,6.0,12.0,1.0,2024.0,2024.0,True
2509.18091,1.0,30.0,30.0,2.0,2025.0,2023.0,True
2509.18094,11.0,7.0,11.0,5.0,2020.0,2024.0,True
2509.18095,5.0,1.0,5.0,2.0,2023.0,2025.0,True
2509.18154,2.0,6.0,6.0,20.0,2025.0,2005.0,True
2509.18174,3.0,3.0,3.0,0.0,2025.0,2025.0,True
2509.18282,20.0,0.0,20.0,6.0,2019.0,2025.0,True
2509.18293,5.0,1.0,5.0,2.0,2023.0,2024.0,True
2509.18400,13.0,19.0,19.0,18.0,2018.0,2007.0,True
2509.18420,0.0,0.0,0.0,,,,True
2509.18480,6.0,12.0,12.0,2.0,2023.0,2023.0,True
2509.18644,1.0,0.0,1.0,1.0,2024.0,2025.0,True
2509.18824,4.0,48.0,48.0,8.0,2024.0,2017.0,True
2509.18849,40.0,5.0,40.0,3.0,2022.0,2024.0,True
2509.18905,4.0,16.0,16.0,1.0,2024.0,2024.0,True
2509.19002,8.0,6.0,8.0,2.0,2023.0,2024.0,True
2509.19087,3.0,115.0,115.0,21.0,2025.0,2004.0,True
2509.19170,1.0,2.0,2.0,1.0,2024.0,2025.0,True
2509.19185,4.0,21.0,21.0,5.0,2020.0,2024.0,True
2509.19228,21.0,3.0,21.0,5.0,2020.0,2024.0,True
2509.19244,12.0,38.0,38.0,10.0,2023.0,2015.0,True
2509.19249,2.0,1.0,2.0,2.0,2025.0,2023.0,True
2509.19274,1.0,0.0,1.0,0.0,2025.0,,True
2509.19282,3.0,14.0,14.0,2.0,2023.0,2023.0,True
2509.19284,16.0,9.0,16.0,12.0,2013.0,2021.0,True
2509.19296,10.0,9.0,10.0,4.0,2021.0,2023.0,True
2509.19297,8.0,110.0,110.0,17.0,2024.0,2008.0,True
2509.19300,1.0,3.0,3.0,1.0,2025.0,2024.0,True
2509.19301,8.0,19.0,19.0,12.0,2024.0,2013.0,True
2509.19580,2.0,23.0,23.0,15.0,2019.0,2010.0,True
2509.19676,12.0,161.0,161.0,16.0,2024.0,2009.0,True
2509.19736,1.0,30.0,30.0,2.0,2025.0,2023.0,True
2509.19760,3.0,0.0,3.0,0.0,2025.0,2025.0,True
2509.19768,25.0,12.0,25.0,9.0,2019.0,2016.0,True
2509.19803,15.0,6.0,15.0,1.0,2024.0,2024.0,True
2509.19894,9.0,16.0,16.0,2.0,2023.0,2023.0,True
2509.20109,3.0,26.0,26.0,1.0,2025.0,2024.0,True
2509.20136,1.0,18.0,18.0,1.0,2025.0,2024.0,True
2509.20186,33.0,39.0,39.0,11.0,2014.0,2017.0,True
2509.20293,20.0,4.0,20.0,3.0,2022.0,2022.0,True
2509.20317,5.0,62.0,62.0,5.0,2024.0,2020.0,True
2509.20328,2.0,10.0,10.0,4.0,2025.0,2021.0,True
2509.20354,1.0,6.0,6.0,2.0,2025.0,2023.0,True
2509.20358,22.0,6.0,22.0,5.0,2020.0,2023.0,True
2509.20360,1.0,14.0,14.0,2.0,2024.0,2023.0,True
2509.20394,2.0,3.0,3.0,8.0,2024.0,2017.0,True
2509.20414,2.0,23.0,23.0,2.0,2024.0,2023.0,True
2509.20427,4.0,1.0,4.0,2.0,2023.0,2025.0,True
2509.20706,1.0,26.0,26.0,1.0,2025.0,2024.0,True
2509.20712,17.0,9.0,17.0,2.0,2023.0,2025.0,True
2509.20787,6.0,4.0,6.0,13.0,2023.0,2012.0,True
2509.20868,2.0,19.0,19.0,4.0,2023.0,2021.0,True
2509.20878,18.0,2.0,18.0,30.0,1995.0,2025.0,True
2509.20906,4.0,14.0,14.0,2.0,2024.0,2023.0,True
2509.21042,9.0,6.0,9.0,3.0,2022.0,2023.0,True
2509.21070,23.0,18.0,23.0,3.0,2022.0,2024.0,True
2509.21072,2.0,21.0,21.0,21.0,2025.0,2004.0,True
2509.21106,2.0,5.0,5.0,2.0,2024.0,2023.0,True
2509.21113,5.0,11.0,11.0,1.0,2024.0,2025.0,True
2509.21114,16.0,2.0,16.0,4.0,2021.0,2024.0,True
2509.21117,5.0,140.0,140.0,23.0,2024.0,2002.0,True
2509.21138,2.0,7.0,7.0,2.0,2024.0,2023.0,True
2509.21150,1.0,5.0,5.0,1.0,2025.0,2024.0,True
2509.21164,9.0,51.0,51.0,9.0,2023.0,2016.0,True
2509.21240,6.0,7.0,7.0,1.0,2024.0,2024.0,True
2509.21245,4.0,14.0,14.0,1.0,2024.0,2024.0,True
2509.21268,21.0,2.0,21.0,4.0,2021.0,2024.0,True
2509.21278,10.0,10.0,10.0,4.0,2021.0,2021.0,True
2509.21294,13.0,33.0,33.0,11.0,2020.0,2014.0,True
2509.21302,8.0,41.0,41.0,8.0,2024.0,2017.0,True
2509.21317,20.0,3.0,20.0,7.0,2018.0,2022.0,True
2509.21318,14.0,75.0,75.0,5.0,2020.0,2021.0,True
2509.21319,4.0,48.0,48.0,18.0,2025.0,2007.0,True
2509.21320,2.0,10.0,10.0,2.0,2023.0,2025.0,True
2509.21361,0.0,0.0,0.0,,,,True
2509.21388,53.0,5.0,53.0,23.0,2002.0,2023.0,True
2509.21499,0.0,6.0,6.0,2.0,2025.0,2023.0,True
2509.21500,10.0,33.0,33.0,6.0,2023.0,2019.0,True
2509.21559,8.0,9.0,9.0,6.0,2019.0,2021.0,True
2509.21574,9.0,13.0,13.0,2.0,2023.0,2023.0,True
2509.21679,6.0,9.0,9.0,26.0,1999.0,2018.0,True
2509.21710,4.0,19.0,19.0,2.0,2024.0,2023.0,True
2509.21760,5.0,6.0,6.0,2.0,2023.0,2023.0,True
2509.21766,5.0,3.0,5.0,2.0,2023.0,2023.0,True
2509.21789,3.0,1.0,3.0,0.0,2025.0,2025.0,True
2509.21799,1.0,6.0,6.0,2.0,2024.0,2023.0,True
2509.21842,9.0,3.0,9.0,2.0,2023.0,2024.0,True
2509.21875,8.0,0.0,8.0,4.0,2021.0,2025.0,True
2509.21880,2.0,10.0,10.0,7.0,2024.0,2018.0,True
2509.21989,31.0,50.0,50.0,11.0,2014.0,2022.0,True
2509.21991,1.0,7.0,7.0,2.0,2025.0,2023.0,True
2509.22033,0.0,88.0,88.0,14.0,2025.0,2011.0,True
2509.22067,0.0,9.0,9.0,3.0,2025.0,2022.0,True
2509.22072,6.0,122.0,122.0,18.0,2024.0,2007.0,True
2509.22075,2.0,45.0,45.0,19.0,2025.0,2006.0,True
2509.22186,5.0,54.0,54.0,4.0,2024.0,2021.0,True
2509.22193,5.0,15.0,15.0,2.0,2023.0,2023.0,True
2509.22220,1.0,2.0,2.0,1.0,2024.0,2025.0,True
2509.22281,5.0,15.0,15.0,1.0,2024.0,2025.0,True
2509.22300,10.0,30.0,30.0,16.0,2023.0,2009.0,True
2509.22414,4.0,11.0,11.0,1.0,2025.0,2024.0,True
2509.22496,10.0,20.0,20.0,3.0,2024.0,2022.0,True
2509.22572,8.0,10.0,10.0,6.0,2019.0,2024.0,True
2509.22576,2.0,20.0,20.0,1.0,2024.0,2024.0,True
2509.22582,0.0,23.0,23.0,2.0,,2023.0,True
2509.22601,8.0,6.0,8.0,2.0,2023.0,2024.0,True
2509.22611,15.0,40.0,40.0,7.0,2021.0,2018.0,True
2509.22613,9.0,10.0,10.0,1.0,2024.0,2024.0,True
2509.22622,2.0,44.0,44.0,5.0,2022.0,2020.0,True
2509.22624,11.0,55.0,55.0,2.0,2024.0,2023.0,True
2509.22630,1.0,114.0,114.0,4.0,2025.0,2021.0,True
2509.22636,0.0,13.0,13.0,3.0,2026.0,2022.0,True
2509.22637,9.0,13.0,13.0,2.0,2023.0,2025.0,True
2509.22638,1.0,13.0,13.0,0.0,2025.0,2025.0,True
2509.22642,26.0,1.0,26.0,4.0,2021.0,2025.0,True
2509.22644,12.0,15.0,15.0,2.0,2023.0,2023.0,True
2509.22646,18.0,295.0,295.0,34.0,2019.0,1991.0,True
2509.22647,5.0,63.0,63.0,5.0,2024.0,2020.0,True
2509.22650,22.0,610.0,610.0,46.0,1979.0,1993.0,True
2509.22651,14.0,15.0,15.0,2.0,2023.0,2023.0,True
2509.22653,3.0,3.0,3.0,10.0,2015.0,2024.0,True
2509.22799,4.0,9.0,9.0,1.0,2024.0,2025.0,True
2509.22820,3.0,4.0,4.0,3.0,2022.0,2023.0,True
2509.22824,2.0,9.0,9.0,16.0,2009.0,2025.0,True
2509.22887,8.0,21.0,21.0,14.0,2022.0,2011.0,True
2509.22921,5.0,99.0,99.0,15.0,2023.0,2010.0,True
2509.22944,23.0,1.0,23.0,12.0,2013.0,2025.0,True
2509.23050,6.0,7.0,7.0,1.0,2024.0,2025.0,True
2509.23094,7.0,3.0,7.0,1.0,2025.0,2024.0,True
2509.23102,3.0,5.0,5.0,0.0,2025.0,2025.0,True
2509.23166,3.0,1.0,3.0,1.0,2024.0,2025.0,True
2509.23196,9.0,2.0,9.0,2.0,2023.0,2025.0,True
2509.23202,18.0,249.0,249.0,18.0,2018.0,2007.0,True
2509.23219,11.0,34.0,34.0,5.0,2020.0,2024.0,True
2509.23250,1.0,252.0,252.0,15.0,2025.0,2010.0,True
2509.23285,4.0,95.0,95.0,16.0,2024.0,2009.0,True
2509.23291,54.0,60.0,60.0,30.0,2019.0,1995.0,True
2509.23379,4.0,2.0,4.0,1.0,2024.0,2024.0,True
2509.23426,12.0,218.0,218.0,55.0,2023.0,1970.0,True
2509.23500,0.0,249.0,249.0,18.0,,2007.0,True
2509.23564,10.0,9.0,10.0,4.0,2021.0,2025.0,True
2509.23610,11.0,14.0,14.0,12.0,2014.0,2013.0,True
2509.23661,20.0,12.0,20.0,5.0,2020.0,2024.0,True
2509.23768,2.0,0.0,2.0,0.0,2025.0,2026.0,True
2509.23773,2.0,2.0,2.0,7.0,2018.0,2025.0,True
2509.23808,2.0,7.0,7.0,1.0,2025.0,2024.0,True
2509.23866,10.0,2.0,10.0,4.0,2021.0,2025.0,True
2509.23873,14.0,1.0,14.0,8.0,2024.0,2017.0,True
2509.23909,4.0,0.0,4.0,5.0,2020.0,2026.0,True
2509.23924,9.0,1.0,9.0,7.0,2022.0,2018.0,True
2509.23951,1.0,2.0,2.0,0.0,2025.0,2025.0,True
2509.24002,2.0,9.0,9.0,1.0,2025.0,2024.0,True
2509.24006,17.0,66.0,66.0,12.0,2021.0,2013.0,True
2509.24007,6.0,50.0,50.0,2.0,2024.0,2023.0,True
2509.24014,2.0,13.0,13.0,1.0,2025.0,2024.0,True
2509.24088,2.0,13.0,13.0,7.0,2025.0,2018.0,True
2509.24107,2.0,4.0,4.0,2.0,2025.0,2023.0,True
2509.24203,4.0,50.0,50.0,3.0,2024.0,2022.0,True
2509.24207,7.0,29.0,29.0,8.0,2023.0,2017.0,True
2509.24304,2.0,9.0,9.0,0.0,2025.0,2025.0,True
2509.24317,26.0,33.0,33.0,10.0,2020.0,2015.0,True
2509.24335,33.0,5.0,33.0,3.0,2023.0,2022.0,True
2509.24372,1.0,12.0,12.0,11.0,2025.0,2014.0,True
2509.24375,4.0,0.0,4.0,1.0,2024.0,2025.0,True
2509.24473,8.0,3.0,8.0,3.0,2022.0,2024.0,True
2509.24494,9.0,11.0,11.0,5.0,2022.0,2020.0,True
2509.24510,14.0,1.0,14.0,4.0,2021.0,2025.0,True
2509.24613,2.0,24.0,24.0,6.0,2024.0,2019.0,True
2509.24663,35.0,22.0,35.0,4.0,2021.0,2023.0,True
2509.24695,3.0,13.0,13.0,1.0,2025.0,2024.0,True
2509.24726,15.0,5.0,15.0,1.0,2024.0,2024.0,True
2509.24732,1.0,1.0,1.0,3.0,2022.0,2022.0,True
2509.24797,0.0,1.0,1.0,1.0,2026.0,2024.0,True
2509.24817,14.0,25.0,25.0,7.0,2021.0,2018.0,True
2509.24897,1.0,6.0,6.0,1.0,2025.0,2024.0,True
2509.24900,16.0,4.0,16.0,2.0,2023.0,2024.0,True
2509.24975,7.0,2.0,7.0,4.0,2021.0,2025.0,True
2509.24981,4.0,10.0,10.0,1.0,2024.0,2024.0,True
2509.25045,5.0,13.0,13.0,3.0,2023.0,2022.0,True
2509.25077,1.0,7.0,7.0,1.0,2025.0,2024.0,True
2509.25082,4.0,2.0,4.0,23.0,2002.0,2017.0,True
2509.25084,21.0,94.0,94.0,7.0,2022.0,2018.0,True
2509.25085,0.0,2.0,2.0,10.0,2025.0,2015.0,True
2509.25106,3.0,32.0,32.0,2.0,2025.0,2023.0,True
2509.25122,11.0,14.0,14.0,2.0,2023.0,2023.0,True
2509.25123,4.0,5.0,5.0,1.0,2024.0,2024.0,True
2509.25131,7.0,17.0,17.0,3.0,2022.0,2024.0,True
2509.25134,3.0,2.0,3.0,1.0,2024.0,2024.0,True
2509.25137,1.0,35.0,35.0,26.0,2024.0,1999.0,True
2509.25149,21.0,2.0,21.0,22.0,2003.0,2025.0,True
2509.25154,7.0,12.0,12.0,2.0,2024.0,2023.0,True
2509.25160,3.0,26.0,26.0,18.0,2024.0,2007.0,True
2509.25161,9.0,8.0,9.0,2.0,2023.0,2023.0,True
2509.25162,4.0,27.0,27.0,2.0,2024.0,2023.0,True
2509.25175,4.0,16.0,16.0,1.0,2025.0,2024.0,True
2509.25176,10.0,20.0,20.0,17.0,2023.0,2008.0,True
2509.25180,2.0,35.0,35.0,6.0,2024.0,2019.0,True
2509.25182,10.0,35.0,35.0,6.0,2023.0,2019.0,True
2509.25189,1.0,1.0,1.0,0.0,2025.0,2025.0,True
2509.25190,4.0,10.0,10.0,2.0,2025.0,2023.0,True
2509.25191,10.0,4.0,10.0,5.0,2020.0,2024.0,True
2509.25248,0.0,1.0,1.0,0.0,2026.0,2025.0,True
2509.25301,4.0,32.0,32.0,2.0,2025.0,2023.0,True
2509.25339,3.0,1.0,3.0,29.0,1996.0,2022.0,True
2509.25370,6.0,8.0,8.0,23.0,2024.0,2002.0,True
2509.25397,39.0,2.0,39.0,11.0,2014.0,2024.0,True
2509.25411,1.0,2.0,2.0,1.0,2024.0,2024.0,True
2509.25413,1.0,17.0,17.0,2.0,2025.0,2023.0,True
2509.25454,4.0,5.0,5.0,2.0,2025.0,2023.0,True
2509.25455,3.0,12.0,12.0,7.0,2024.0,2018.0,True
2509.25531,10.0,67.0,67.0,55.0,2015.0,1970.0,True
2509.25541,9.0,9.0,9.0,2.0,2024.0,2023.0,True
2509.25631,3.0,63.0,63.0,28.0,2025.0,1997.0,True
2509.25666,15.0,0.0,15.0,7.0,2018.0,2025.0,True
2509.25729,4.0,31.0,31.0,15.0,2024.0,2010.0,True
2509.25758,4.0,16.0,16.0,1.0,2024.0,2024.0,True
2509.25760,18.0,13.0,18.0,7.0,2018.0,2024.0,True
2509.25771,2.0,3.0,3.0,1.0,2024.0,2024.0,True
2509.25810,18.0,52.0,52.0,6.0,2019.0,2020.0,True
2509.25848,5.0,5.0,5.0,2.0,2023.0,2023.0,True
2509.25849,9.0,26.0,26.0,10.0,2024.0,2015.0,True
2509.25911,3.0,5.0,5.0,4.0,2024.0,2021.0,True
2509.25916,5.0,11.0,11.0,3.0,2023.0,2022.0,True
2509.25944,4.0,7.0,7.0,2.0,2023.0,2025.0,True
2509.26030,21.0,5.0,21.0,9.0,2016.0,2023.0,True
2509.26226,13.0,8.0,13.0,1.0,2024.0,2024.0,True
2509.26231,22.0,5.0,22.0,6.0,2019.0,2023.0,True
2509.26313,3.0,8.0,8.0,3.0,2025.0,2022.0,True
2509.26328,11.0,16.0,16.0,1.0,2024.0,2024.0,True
2509.26346,9.0,11.0,11.0,2.0,2023.0,2025.0,True
2509.26354,1.0,1.0,1.0,0.0,2025.0,2025.0,True
2509.26376,3.0,1.0,3.0,2.0,2025.0,2023.0,True
2509.26388,16.0,4.0,16.0,34.0,2022.0,1991.0,True
2509.26391,2.0,1.0,2.0,1.0,2025.0,2024.0,True
2509.26476,21.0,28.0,28.0,6.0,2019.0,2023.0,True
2509.26488,6.0,14.0,14.0,2.0,2023.0,2024.0,True
2509.26490,19.0,3.0,19.0,9.0,2016.0,2025.0,True
2509.26495,7.0,253.0,253.0,15.0,2023.0,2010.0,True
2509.26507,133.0,10.0,133.0,40.0,2004.0,1985.0,True
2509.26514,3.0,26.0,26.0,36.0,2025.0,1989.0,True
2509.26536,6.0,95.0,95.0,7.0,2023.0,2018.0,True
2509.26539,2.0,6.0,6.0,2.0,2024.0,2023.0,True
2509.26542,15.0,6.0,15.0,2.0,2023.0,2024.0,True
2509.26603,4.0,3.0,4.0,0.0,2025.0,2025.0,True
2509.26618,9.0,24.0,24.0,2.0,2023.0,2024.0,True
2509.26625,3.0,12.0,12.0,1.0,2024.0,2024.0,True
2509.26628,14.0,38.0,38.0,8.0,2022.0,2017.0,True
2509.26633,0.0,2.0,2.0,0.0,2026.0,2025.0,True
2509.26645,9.0,14.0,14.0,5.0,2020.0,2023.0,True
2510.00137,3.0,10.0,10.0,21.0,2004.0,2023.0,True
2510.00177,14.0,5.0,14.0,1.0,2024.0,2025.0,True
2510.00184,1.0,13.0,13.0,6.0,2025.0,2019.0,True
2510.00225,5.0,10.0,10.0,2.0,2024.0,2023.0,True
2510.00231,0.0,5.0,5.0,2.0,2025.0,2023.0,True
2510.00232,11.0,23.0,23.0,7.0,2022.0,2018.0,True
2510.00263,7.0,4.0,7.0,2.0,2023.0,2023.0,True
2510.00406,3.0,9.0,9.0,2.0,2023.0,2024.0,True
2510.00428,2.0,10.0,10.0,2.0,2025.0,2023.0,True
2510.00438,7.0,29.0,29.0,2.0,2023.0,2023.0,True
2510.00446,10.0,5.0,10.0,1.0,2024.0,2025.0,True
2510.00492,17.0,11.0,17.0,29.0,1996.0,2024.0,True
2510.00499,1.0,10.0,10.0,3.0,2022.0,2024.0,True
2510.00507,11.0,5.0,11.0,1.0,2024.0,2025.0,True
2510.00510,0.0,6.0,6.0,1.0,2025.0,2024.0,True
2510.00515,21.0,7.0,21.0,2.0,2023.0,2025.0,True
2510.00523,0.0,93.0,93.0,12.0,2025.0,2013.0,True
2510.00526,5.0,5.0,5.0,0.0,2025.0,2025.0,True
2510.00536,9.0,1.0,9.0,1.0,2024.0,2025.0,True
2510.00537,18.0,17.0,18.0,6.0,2019.0,2020.0,True
2510.00553,5.0,2.0,5.0,1.0,2024.0,2025.0,True
2510.00615,20.0,20.0,20.0,7.0,2018.0,2023.0,True
2510.00658,21.0,5.0,21.0,7.0,2018.0,2024.0,True
2510.00732,9.0,6.0,9.0,2.0,2023.0,2025.0,True
2510.00777,4.0,0.0,4.0,2.0,2023.0,2025.0,True
2510.00931,1.0,13.0,13.0,1.0,2025.0,2024.0,True
2510.00938,12.0,15.0,15.0,4.0,2021.0,2021.0,True
2510.00967,2.0,3.0,3.0,0.0,2025.0,2025.0,True
2510.00977,4.0,3.0,4.0,1.0,2025.0,2024.0,True
2510.01037,8.0,8.0,8.0,2.0,2024.0,2023.0,True
2510.01051,7.0,2.0,7.0,2.0,2023.0,2024.0,True
2510.01061,15.0,77.0,77.0,7.0,2018.0,2021.0,True
2510.01068,40.0,1.0,40.0,6.0,2019.0,2025.0,True
2510.01070,5.0,0.0,5.0,2.0,2023.0,2025.0,True
2510.01119,3.0,4.0,4.0,2.0,2023.0,2024.0,True
2510.01123,23.0,19.0,23.0,6.0,2019.0,2024.0,True
2510.01132,4.0,8.0,8.0,4.0,2023.0,2021.0,True
2510.01141,5.0,0.0,5.0,1.0,2024.0,,True
2510.01143,9.0,54.0,54.0,11.0,2022.0,2014.0,True
2510.01149,4.0,13.0,13.0,2.0,2024.0,2023.0,True
2510.01152,6.0,2.0,6.0,3.0,2022.0,2024.0,True
2510.01161,1.0,0.0,1.0,0.0,2025.0,,True
2510.01171,,1.0,1.0,0.0,,2025.0,True
2510.01174,6.0,14.0,14.0,2.0,2023.0,2023.0,True
2510.01179,21.0,111.0,111.0,13.0,2023.0,2012.0,True
2510.01180,2.0,3.0,3.0,0.0,2025.0,2025.0,True
2510.01241,2.0,2.0,2.0,1.0,2024.0,2024.0,True
2510.01260,4.0,2.0,4.0,1.0,2024.0,2024.0,True
2510.01265,41.0,4.0,41.0,13.0,2012.0,2023.0,True
2510.01284,3.0,2.0,3.0,1.0,2024.0,2024.0,True
2510.01304,6.0,7.0,7.0,1.0,2024.0,2024.0,True
2510.01329,42.0,1.0,42.0,8.0,2017.0,2025.0,True
2510.01346,6.0,4.0,6.0,39.0,2007.0,1986.0,True
2510.01353,6.0,,6.0,2.0,2023.0,,True
2510.01354,5.0,199.0,199.0,16.0,2024.0,2009.0,True
2510.01427,7.0,17.0,17.0,7.0,2018.0,2023.0,True
2510.01444,9.0,33.0,33.0,3.0,2023.0,2022.0,True
2510.01459,6.0,177.0,177.0,21.0,2024.0,2004.0,True
2510.01538,6.0,7.0,7.0,1.0,2024.0,2024.0,True
2510.01581,5.0,47.0,47.0,2.0,2024.0,2023.0,True
2510.01586,18.0,2.0,18.0,11.0,2014.0,2025.0,True
2510.01591,8.0,34.0,34.0,3.0,2025.0,2022.0,True
2510.01623,3.0,1.0,3.0,4.0,2021.0,2024.0,True
2510.01645,31.0,0.0,31.0,2.0,2023.0,2025.0,True
2510.01670,12.0,98.0,98.0,17.0,2023.0,2008.0,True
2510.01691,8.0,1.0,8.0,1.0,2024.0,2024.0,True
2510.01698,23.0,14.0,23.0,5.0,2020.0,2023.0,True
2510.01796,7.0,84.0,84.0,27.0,2023.0,1998.0,True
2510.01817,0.0,0.0,0.0,0.0,2025.0,2025.0,True
2510.01879,11.0,1.0,11.0,2.0,2023.0,2024.0,True
2510.01954,16.0,9.0,16.0,10.0,2022.0,2015.0,True
2510.01982,1.0,1.0,1.0,0.0,2025.0,2025.0,True
2510.02110,3.0,2.0,3.0,1.0,2024.0,2025.0,True
2510.02173,3.0,42.0,42.0,16.0,2023.0,2009.0,True
2510.02190,10.0,31.0,31.0,3.0,2025.0,2023.0,True
2510.02209,2.0,23.0,23.0,15.0,2010.0,2024.0,True
2510.02240,4.0,1.0,4.0,1.0,2024.0,2025.0,True
2510.02245,29.0,3.0,29.0,4.0,2021.0,2025.0,True
2510.02250,11.0,4.0,11.0,5.0,2020.0,2024.0,True
2510.02253,2.0,11.0,11.0,4.0,2024.0,2021.0,True
2510.02259,5.0,13.0,13.0,8.0,2025.0,2017.0,True
2510.02263,4.0,5.0,5.0,1.0,2024.0,2024.0,True
2510.02272,13.0,45.0,45.0,16.0,2011.0,2009.0,True
2510.02283,7.0,9.0,9.0,3.0,2022.0,2024.0,True
2510.02286,9.0,0.0,9.0,4.0,2021.0,2026.0,True
2510.02294,19.0,7.0,19.0,2.0,2023.0,2023.0,True
2510.02295,8.0,15.0,15.0,3.0,2022.0,2023.0,True
2510.02297,1.0,2.0,2.0,1.0,2025.0,2024.0,True
2510.02300,4.0,10.0,10.0,2.0,2024.0,2023.0,True
2510.02306,4.0,15.0,15.0,9.0,2024.0,2016.0,True
2510.02314,1.0,2.0,2.0,2.0,2025.0,2023.0,True
2510.02315,3.0,9.0,9.0,2.0,2024.0,2023.0,True
2510.02341,4.0,12.0,12.0,2.0,2024.0,2023.0,True
2510.02350,0.0,0.0,0.0,0.0,2025.0,2025.0,True
2510.02375,21.0,115.0,115.0,22.0,2022.0,2003.0,True
2510.02387,0.0,155.0,155.0,15.0,,2010.0,True
2510.02410,5.0,21.0,21.0,6.0,2023.0,2019.0,True
2510.02571,5.0,16.0,16.0,2.0,2024.0,2023.0,True
2510.02590,3.0,43.0,43.0,13.0,2012.0,2015.0,True
2510.02657,1.0,4.0,4.0,2.0,2025.0,2023.0,True
2510.02665,10.0,5.0,10.0,2.0,2023.0,2024.0,True
2510.02730,7.0,254.0,254.0,22.0,2023.0,2003.0,True
2510.02880,7.0,8.0,8.0,3.0,2024.0,2022.0,True
2510.02898,5.0,233.0,233.0,21.0,2023.0,2004.0,True
2510.02919,4.0,2.0,4.0,2.0,2023.0,2025.0,True
2510.02994,12.0,2.0,12.0,2.0,2023.0,2024.0,True
2510.03117,3.0,1.0,3.0,1.0,2024.0,2025.0,True
2510.03120,2.0,6.0,6.0,1.0,2024.0,2025.0,True
2510.03160,1.0,4.0,4.0,1.0,2024.0,2025.0,True
2510.03194,9.0,19.0,19.0,4.0,2023.0,2021.0,True
2510.03204,6.0,14.0,14.0,2.0,2024.0,2023.0,True
2510.03215,15.0,1.0,15.0,5.0,2020.0,2024.0,True
2510.03222,2.0,3.0,3.0,0.0,2025.0,2025.0,True
2510.03230,15.0,70.0,70.0,24.0,2020.0,2001.0,True
2510.03232,15.0,1.0,15.0,8.0,2017.0,2025.0,True
2510.03259,6.0,10.0,10.0,7.0,2020.0,2018.0,True
2510.03264,11.0,51.0,51.0,5.0,2020.0,2021.0,True
2510.03270,9.0,19.0,19.0,2.0,2024.0,2023.0,True
2510.03279,2.0,0.0,2.0,0.0,2025.0,2026.0,True
2510.03434,2.0,0.0,2.0,4.0,2021.0,2026.0,True
2510.03506,0.0,1.0,1.0,1.0,2025.0,2024.0,True
2510.03528,3.0,6.0,6.0,3.0,2022.0,2022.0,True
2510.03561,1.0,1.0,1.0,0.0,2025.0,2025.0,True
2510.03574,2.0,29.0,29.0,15.0,2025.0,2010.0,True
2510.03632,6.0,22.0,22.0,2.0,2024.0,2023.0,True
2510.03663,7.0,23.0,23.0,2.0,2024.0,2023.0,True
2510.03755,5.0,11.0,11.0,1.0,2024.0,2024.0,True
2510.03857,13.0,18.0,18.0,20.0,2005.0,2023.0,True
2510.03871,4.0,22.0,22.0,4.0,2024.0,2021.0,True
2510.03978,2.0,54.0,54.0,2.0,2025.0,2023.0,True
2510.04016,0.0,5.0,5.0,3.0,,2022.0,True
2510.04072,270.0,2.0,270.0,20.0,2010.0,2005.0,True
2510.04081,11.0,19.0,19.0,1.0,2024.0,2024.0,True
2510.04087,0.0,1.0,1.0,31.0,2025.0,1994.0,True
2510.04136,15.0,16.0,16.0,9.0,2019.0,2016.0,True
2510.04162,26.0,62.0,62.0,14.0,2018.0,2011.0,True
2510.04201,0.0,7.0,7.0,4.0,,2021.0,True
2510.04204,9.0,8.0,9.0,1.0,2024.0,2024.0,True
2510.04212,,,,,,,False
2510.04226,17.0,1.0,17.0,5.0,2020.0,2025.0,True
2510.04230,11.0,2.0,11.0,7.0,2024.0,2018.0,True
2510.04290,2.0,35.0,35.0,19.0,2025.0,2006.0,True
2510.04399,3.0,5.0,5.0,4.0,2025.0,2021.0,True
2510.04434,4.0,4.0,4.0,6.0,2019.0,2022.0,True
2510.04506,14.0,14.0,14.0,16.0,2022.0,2009.0,True
2510.04514,30.0,3.0,30.0,7.0,2018.0,2024.0,True
2510.04533,1.0,7.0,7.0,2.0,2025.0,2023.0,True
2510.04617,5.0,4.0,5.0,2.0,2023.0,2024.0,True
2510.04618,19.0,260.0,260.0,38.0,2020.0,1987.0,True
2510.04673,13.0,19.0,19.0,6.0,2019.0,2024.0,True
2510.04678,2.0,194.0,194.0,18.0,2025.0,2007.0,True
2510.04694,7.0,2.0,7.0,4.0,2021.0,2025.0,True
2510.04759,4.0,9.0,9.0,6.0,2019.0,2023.0,True
2510.04767,9.0,3.0,9.0,1.0,2024.0,2024.0,True
2510.04786,15.0,1.0,15.0,4.0,2021.0,2025.0,True
2510.04800,4.0,15.0,15.0,26.0,1999.0,2020.0,True
2510.04849,6.0,2.0,6.0,5.0,2020.0,2024.0,True
2510.04860,7.0,5.0,7.0,2.0,2024.0,2023.0,True
2510.04871,,,,,,,False
2510.04910,5.0,4.0,5.0,1.0,2024.0,2024.0,True
2510.04979,1.0,52.0,52.0,17.0,2020.0,2008.0,True
2510.04995,1.0,52.0,52.0,17.0,2020.0,2008.0,True
2510.04996,33.0,10.0,33.0,5.0,2020.0,2023.0,True
2510.04999,0.0,0.0,0.0,0.0,2025.0,2025.0,True
2510.05025,27.0,17.0,27.0,4.0,2021.0,2025.0,True
2510.05034,5.0,14.0,14.0,1.0,2024.0,2024.0,True
2510.05040,28.0,153.0,153.0,15.0,2010.0,2016.0,True
2510.05057,13.0,52.0,52.0,3.0,2024.0,2022.0,True
2510.05069,10.0,15.0,15.0,4.0,2021.0,2023.0,True
2510.05081,0.0,30.0,30.0,1.0,,2024.0,True
2510.05091,4.0,6.0,6.0,3.0,2022.0,2024.0,True
2510.05093,1.0,5.0,5.0,4.0,2021.0,2021.0,True
2510.05094,2.0,4.0,4.0,15.0,2025.0,2010.0,True
2510.05096,3.0,15.0,15.0,2.0,2024.0,2023.0,True
2510.05122,8.0,1.0,8.0,6.0,2019.0,2025.0,True
2510.05137,7.0,33.0,33.0,3.0,2022.0,2024.0,True
2510.05152,8.0,3.0,8.0,5.0,2020.0,2024.0,True
2510.05156,13.0,11.0,13.0,9.0,2016.0,2021.0,True
2510.05213,10.0,89.0,89.0,33.0,2024.0,1992.0,True
2510.05251,21.0,8.0,21.0,7.0,2018.0,2025.0,True
2510.05318,11.0,6.0,11.0,4.0,2021.0,2024.0,True
2510.05342,1.0,1.0,1.0,0.0,2025.0,2025.0,True
2510.05367,8.0,6.0,8.0,1.0,2024.0,2024.0,True
2510.05396,6.0,8.0,8.0,4.0,2023.0,2021.0,True
2510.05432,3.0,0.0,3.0,1.0,2024.0,2025.0,True
2510.05485,2.0,2.0,2.0,0.0,2025.0,2025.0,True
2510.05491,11.0,4.0,11.0,9.0,2016.0,2023.0,True
2510.05528,6.0,4.0,6.0,6.0,2023.0,2019.0,True
2510.05560,5.0,3.0,5.0,2.0,2023.0,2024.0,True
2510.05571,3.0,1.0,3.0,1.0,2024.0,2025.0,True
2510.05592,0.0,39.0,39.0,8.0,2025.0,2017.0,True
2510.05608,25.0,7.0,25.0,5.0,2020.0,2024.0,True
2510.05644,8.0,0.0,8.0,1.0,2024.0,2026.0,True
2510.05681,1.0,5.0,5.0,24.0,2024.0,2001.0,True
2510.05684,3.0,1.0,3.0,11.0,2014.0,2024.0,True
2510.05862,26.0,14.0,26.0,6.0,2019.0,2021.0,True
2510.05891,1.0,40.0,40.0,2.0,2025.0,2023.0,True
2510.05934,35.0,215.0,215.0,17.0,2017.0,2008.0,True
2510.06030,2.0,5.0,5.0,43.0,2025.0,1982.0,True
2510.06036,1.0,1.0,1.0,0.0,2025.0,2025.0,True
2510.06052,1.0,8.0,8.0,1.0,2025.0,2024.0,True
2510.06056,23.0,3.0,23.0,4.0,2021.0,2024.0,True
2510.06062,5.0,39.0,39.0,8.0,2025.0,2017.0,True
2510.06071,2.0,2.0,2.0,3.0,2022.0,2024.0,True
2510.06101,4.0,65.0,65.0,14.0,2023.0,2011.0,True
2510.06107,14.0,1.0,14.0,3.0,2022.0,2025.0,True
2510.06131,2.0,4.0,4.0,4.0,2024.0,2021.0,True
2510.06139,1.0,18.0,18.0,2.0,2025.0,2023.0,True
2510.06182,3.0,7.0,7.0,1.0,2025.0,2024.0,True
2510.06199,2.0,11.0,11.0,4.0,2024.0,2021.0,True
2510.06208,3.0,56.0,56.0,12.0,2021.0,2013.0,True
2510.06209,1.0,5.0,5.0,1.0,2025.0,2024.0,True
2510.06213,2.0,31.0,31.0,3.0,2023.0,2022.0,True
2510.06217,12.0,13.0,13.0,2.0,2023.0,2024.0,True
2510.06218,4.0,165.0,165.0,33.0,2023.0,1992.0,True
2510.06219,7.0,138.0,138.0,16.0,2021.0,2009.0,True
2510.06261,29.0,8.0,29.0,5.0,2020.0,2024.0,True
2510.06274,1.0,102.0,102.0,19.0,2025.0,2006.0,True
2510.06308,7.0,111.0,111.0,7.0,2024.0,2018.0,True
2510.06426,10.0,9.0,10.0,2.0,2023.0,2023.0,True
2510.06471,6.0,17.0,17.0,2.0,2024.0,2023.0,True
2510.06475,10.0,158.0,158.0,52.0,2023.0,1973.0,True
2510.06499,21.0,20.0,21.0,6.0,2019.0,2023.0,True
2510.06528,1.0,30.0,30.0,5.0,2025.0,2020.0,True
2510.06557,10.0,0.0,10.0,6.0,2019.0,2025.0,True
2510.06590,8.0,1.0,8.0,10.0,2023.0,2015.0,True
2510.06596,1.0,9.0,9.0,1.0,2025.0,2024.0,True
2510.06607,10.0,16.0,16.0,2.0,2023.0,2023.0,True
2510.06673,15.0,15.0,15.0,4.0,2022.0,2021.0,True
2510.06679,10.0,20.0,20.0,5.0,2020.0,2024.0,True
2510.06694,2.0,2.0,2.0,2.0,2023.0,2023.0,True
2510.06710,3.0,3.0,3.0,1.0,2024.0,2025.0,True
2510.06727,0.0,7.0,7.0,0.0,2025.0,2025.0,True
2510.06751,0.0,9.0,9.0,1.0,2026.0,2024.0,True
2510.06783,2.0,23.0,23.0,4.0,2024.0,2021.0,True
2510.06855,3.0,2.0,3.0,15.0,2018.0,2010.0,True
2510.06888,8.0,3.0,8.0,4.0,2023.0,2021.0,True
2510.06915,27.0,15.0,27.0,6.0,2019.0,2021.0,True
2510.06917,11.0,3.0,11.0,3.0,2022.0,2024.0,True
2510.06953,3.0,0.0,3.0,1.0,2024.0,2025.0,True
2510.07019,4.0,5.0,5.0,0.0,2025.0,2025.0,True
2510.07037,3.0,1.0,3.0,1.0,2024.0,2025.0,True
2510.07041,25.0,9.0,25.0,6.0,2021.0,2019.0,True
2510.07048,3.0,7.0,7.0,3.0,2022.0,2025.0,True
2510.07143,8.0,10.0,10.0,1.0,2025.0,2024.0,True
2510.07151,4.0,15.0,15.0,48.0,1977.0,2023.0,True
2510.07172,24.0,8.0,24.0,2.0,2023.0,2023.0,True
2510.07238,0.0,12.0,12.0,3.0,2025.0,2022.0,True
2510.07242,2.0,11.0,11.0,1.0,2025.0,2024.0,True
2510.07307,8.0,2.0,8.0,5.0,2024.0,2020.0,True
2510.07310,6.0,13.0,13.0,2.0,2024.0,2023.0,True
2510.07313,1.0,13.0,13.0,2.0,2025.0,2023.0,True
2510.07314,10.0,4.0,10.0,7.0,2018.0,2024.0,True
2510.07315,8.0,7.0,8.0,2.0,2024.0,2023.0,True
2510.07318,12.0,,12.0,3.0,2022.0,,True
2510.07319,16.0,4.0,16.0,8.0,2017.0,2024.0,True
2510.07414,16.0,6.0,16.0,6.0,2019.0,2023.0,True
2510.07429,1.0,104.0,104.0,17.0,2025.0,2008.0,True
2510.07499,40.0,6.0,40.0,11.0,2014.0,2024.0,True
2510.07546,10.0,5.0,10.0,6.0,2022.0,2019.0,True
2510.07550,17.0,47.0,47.0,9.0,2019.0,2016.0,True
2510.07581,6.0,0.0,6.0,1.0,2024.0,2025.0,True
2510.07624,9.0,8.0,9.0,12.0,2023.0,2013.0,True
2510.07656,9.0,9.0,9.0,2.0,2023.0,2023.0,True
2510.07723,2.0,2.0,2.0,2.0,2023.0,2025.0,True
2510.07731,1.0,5.0,5.0,1.0,2025.0,2024.0,True
2510.07743,19.0,3.0,19.0,5.0,2020.0,2025.0,True
2510.07745,2.0,15.0,15.0,1.0,2025.0,2024.0,True
2510.07790,2.0,13.0,13.0,9.0,2024.0,2016.0,True
2510.07793,9.0,4.0,9.0,1.0,2024.0,2024.0,True
2510.07841,13.0,82.0,82.0,35.0,2022.0,1990.0,True
2510.07861,4.0,0.0,4.0,2.0,2023.0,2025.0,True
2510.07896,7.0,29.0,29.0,1.0,2024.0,2024.0,True
2510.07944,5.0,3.0,5.0,1.0,2024.0,2024.0,True
2510.07958,14.0,0.0,14.0,23.0,2002.0,2025.0,True
2510.07959,8.0,5.0,8.0,2.0,2023.0,2024.0,True
2510.07962,4.0,3.0,4.0,2.0,2024.0,2023.0,True
2510.08002,4.0,1.0,4.0,0.0,2025.0,2025.0,True
2510.08008,6.0,11.0,11.0,4.0,2021.0,2024.0,True
2510.08026,6.0,2.0,6.0,0.0,2025.0,2025.0,True
2510.08047,32.0,6.0,32.0,3.0,2022.0,2023.0,True
2510.08143,2.0,10.0,10.0,1.0,2025.0,2024.0,True
2510.08189,1.0,15.0,15.0,1.0,2024.0,2024.0,True
2510.08191,1.0,8.0,8.0,1.0,2025.0,2024.0,True
2510.08203,1.0,11.0,11.0,16.0,2020.0,2009.0,True
2510.08211,7.0,2.0,7.0,7.0,2024.0,2018.0,True
2510.08240,17.0,6.0,17.0,4.0,2021.0,2024.0,True
2510.08271,3.0,78.0,78.0,4.0,2024.0,2021.0,True
2510.08276,8.0,37.0,37.0,2.0,2023.0,2024.0,True
2510.08308,3.0,196.0,196.0,18.0,2024.0,2007.0,True
2510.08377,14.0,18.0,18.0,2.0,2023.0,2023.0,True
2510.08425,13.0,7.0,13.0,33.0,1992.0,2024.0,True
2510.08431,20.0,12.0,20.0,3.0,2022.0,2024.0,True
2510.08457,2.0,2.0,2.0,0.0,2025.0,2025.0,True
2510.08483,24.0,24.0,24.0,4.0,2021.0,2024.0,True
2510.08485,1.0,4.0,4.0,1.0,2025.0,2024.0,True
2510.08492,,,,,,,False
2510.08525,3.0,8.0,8.0,1.0,2024.0,2024.0,True
2510.08529,6.0,14.0,14.0,1.0,2024.0,2025.0,True
2510.08532,17.0,5.0,17.0,7.0,2018.0,2024.0,True
2510.08540,1.0,5.0,5.0,0.0,2025.0,2025.0,True
2510.08547,26.0,7.0,26.0,6.0,2019.0,2021.0,True
2510.08549,1.0,7.0,7.0,4.0,2025.0,2021.0,True
2510.08551,6.0,16.0,16.0,1.0,2024.0,2025.0,True
2510.08555,2.0,4.0,4.0,1.0,2024.0,2024.0,True
2510.08556,10.0,3.0,10.0,4.0,2021.0,2024.0,True
2510.08558,1.0,14.0,14.0,7.0,2024.0,2018.0,True
2510.08559,4.0,2.0,4.0,3.0,2022.0,2024.0,True
2510.08564,5.0,12.0,12.0,2.0,2023.0,2023.0,True
2510.08565,16.0,47.0,47.0,4.0,2021.0,2023.0,True
2510.08649,5.0,1.0,5.0,3.0,2022.0,2024.0,True
2510.08666,0.0,5.0,5.0,2.0,2025.0,2023.0,True
2510.08673,4.0,64.0,64.0,7.0,2024.0,2018.0,True
2510.08696,17.0,21.0,21.0,12.0,2013.0,2023.0,True
2510.08697,44.0,25.0,44.0,8.0,2020.0,2017.0,True
2510.08744,4.0,4.0,4.0,1.0,2024.0,2024.0,True
2510.08759,4.0,8.0,8.0,2.0,2024.0,2023.0,True
2510.08783,3.0,179.0,179.0,22.0,2024.0,2003.0,True
2510.08867,8.0,1.0,8.0,2.0,2023.0,2025.0,True
2510.08872,2.0,15.0,15.0,2.0,2024.0,2023.0,True
2510.08886,13.0,30.0,30.0,11.0,2014.0,2022.0,True
2510.08994,7.0,11.0,11.0,2.0,2023.0,2023.0,True
2510.09008,9.0,6.0,9.0,7.0,2018.0,2023.0,True
2510.09023,64.0,89.0,89.0,10.0,2016.0,2015.0,True
2510.09033,3.0,2.0,3.0,11.0,2014.0,2025.0,True
2510.09062,9.0,81.0,81.0,14.0,2020.0,2011.0,True
2510.09116,0.0,33.0,33.0,2.0,2025.0,2023.0,True
2510.09189,13.0,8.0,13.0,2.0,2023.0,2024.0,True
2510.09201,1.0,19.0,19.0,2.0,2025.0,2023.0,True
2510.09212,2.0,22.0,22.0,2.0,2025.0,2023.0,True
2510.09259,6.0,9.0,9.0,1.0,2024.0,2024.0,True
2510.09263,60.0,363.0,363.0,22.0,2007.0,2003.0,True
2510.09285,5.0,4.0,5.0,1.0,2024.0,2025.0,True
2510.09320,10.0,2.0,10.0,1.0,2024.0,2025.0,True
2510.09426,6.0,4.0,6.0,1.0,2024.0,2024.0,True
2510.09462,7.0,33.0,33.0,3.0,2022.0,2022.0,True
2510.09474,9.0,2.0,9.0,4.0,2021.0,2022.0,True
2510.09507,2.0,1.0,2.0,1.0,2024.0,2025.0,True
2510.09510,7.0,4.0,7.0,3.0,2023.0,2022.0,True
2510.09517,26.0,2.0,26.0,7.0,2018.0,2025.0,True
2510.09535,5.0,6.0,6.0,1.0,2024.0,2024.0,True
2510.09541,134.0,8.0,134.0,6.0,2019.0,2024.0,True
2510.09558,44.0,34.0,44.0,6.0,2021.0,2019.0,True
2510.09561,2.0,1.0,2.0,2.0,2023.0,2025.0,True
2510.09577,9.0,15.0,15.0,9.0,2023.0,2016.0,True
2510.09592,2.0,2.0,2.0,0.0,2025.0,2025.0,True
2510.09606,5.0,10.0,10.0,4.0,2023.0,2021.0,True
2510.09608,4.0,9.0,9.0,2.0,2024.0,2023.0,True
2510.09776,0.0,0.0,0.0,0.0,2025.0,2025.0,True
2510.09781,17.0,30.0,30.0,1.0,2024.0,2024.0,True
2510.09782,0.0,0.0,0.0,0.0,2025.0,2025.0,True
2510.09905,2.0,5.0,5.0,1.0,2025.0,2024.0,True
2510.09913,1.0,13.0,13.0,1.0,2025.0,2024.0,True
2510.10023,4.0,7.0,7.0,8.0,2023.0,2017.0,True
2510.10047,2.0,52.0,52.0,17.0,2024.0,2008.0,True
2510.10062,0.0,13.0,13.0,4.0,2026.0,2021.0,True
2510.10197,2.0,1.0,2.0,5.0,2020.0,2025.0,True
2510.10201,7.0,0.0,7.0,2.0,2023.0,2025.0,True
2510.10274,16.0,41.0,41.0,4.0,2022.0,2021.0,True
2510.10390,18.0,5.0,18.0,5.0,2020.0,2024.0,True
2510.10395,8.0,8.0,8.0,22.0,2025.0,2003.0,True
2510.10472,3.0,1.0,3.0,1.0,2024.0,2024.0,True
2510.10494,19.0,48.0,48.0,9.0,2016.0,2018.0,True
2510.10518,2.0,10.0,10.0,1.0,2024.0,2025.0,True
2510.10581,1.0,1.0,1.0,0.0,2025.0,2025.0,True
2510.10611,1.0,1.0,1.0,0.0,2025.0,2025.0,True
2510.10637,7.0,4.0,7.0,7.0,2018.0,2024.0,True
2510.10666,0.0,12.0,12.0,0.0,2025.0,2025.0,True
2510.10670,5.0,6.0,6.0,2.0,2025.0,2023.0,True
2510.10681,6.0,7.0,7.0,2.0,2023.0,2023.0,True
2510.10689,0.0,10.0,10.0,0.0,2025.0,2025.0,True
2510.10715,1.0,36.0,36.0,5.0,2024.0,2020.0,True
2510.10868,11.0,12.0,12.0,3.0,2022.0,2023.0,True
2510.10921,6.0,17.0,17.0,3.0,2022.0,2023.0,True
2510.10930,8.0,9.0,9.0,25.0,2024.0,2000.0,True
2510.10977,11.0,8.0,11.0,7.0,2018.0,2024.0,True
2510.11000,0.0,2.0,2.0,1.0,2026.0,2024.0,True
2510.11026,3.0,1.0,3.0,1.0,2025.0,2024.0,True
2510.11027,4.0,6.0,6.0,1.0,2024.0,2024.0,True
2510.11052,3.0,27.0,27.0,2.0,2024.0,2023.0,True
2510.11057,4.0,14.0,14.0,8.0,2017.0,2023.0,True
2510.11062,6.0,16.0,16.0,2.0,2024.0,2023.0,True
2510.11170,6.0,2.0,6.0,2.0,2023.0,2024.0,True
2510.11288,2.0,5.0,5.0,40.0,1985.0,2023.0,True
2510.11328,,6.0,6.0,1.0,,2024.0,True
2510.11330,4.0,2.0,4.0,2.0,2023.0,2024.0,True
2510.11341,5.0,5.0,5.0,0.0,2025.0,2025.0,True
2510.11370,5.0,12.0,12.0,1.0,2024.0,2024.0,True
2510.11391,2.0,10.0,10.0,6.0,2019.0,2020.0,True
2510.11438,5.0,4.0,5.0,2.0,2023.0,2025.0,True
2510.11496,4.0,1.0,4.0,7.0,2018.0,2023.0,True
2510.11498,5.0,4.0,5.0,1.0,2024.0,2025.0,True
2510.11512,2.0,22.0,22.0,2.0,2023.0,2023.0,True
2510.11545,2.0,10.0,10.0,5.0,2023.0,2020.0,True
2510.11570,13.0,54.0,54.0,7.0,2022.0,2018.0,True
2510.11602,3.0,115.0,115.0,13.0,2022.0,2012.0,True
2510.11606,7.0,27.0,27.0,4.0,2021.0,2023.0,True
2510.11647,3.0,4.0,4.0,7.0,2018.0,2025.0,True
2510.11650,8.0,139.0,139.0,16.0,2023.0,2009.0,True
2510.11652,1.0,34.0,34.0,2.0,2025.0,2023.0,True
2510.11653,3.0,94.0,94.0,14.0,2023.0,2011.0,True
2510.11661,9.0,6.0,9.0,1.0,2024.0,2024.0,True
2510.11683,5.0,114.0,114.0,22.0,2023.0,2003.0,True
2510.11690,2.0,8.0,8.0,2.0,2024.0,2023.0,True
2510.11693,3.0,10.0,10.0,1.0,2025.0,2024.0,True
2510.11696,8.0,47.0,47.0,5.0,2024.0,2020.0,True
2510.11701,11.0,13.0,13.0,1.0,2024.0,2024.0,True
2510.11712,4.0,7.0,7.0,5.0,2020.0,2025.0,True
2510.11713,9.0,1.0,9.0,2.0,2023.0,2025.0,True
2510.11715,14.0,3.0,14.0,8.0,2017.0,2024.0,True
2510.11718,7.0,5.0,7.0,2.0,2023.0,2024.0,True
2510.11769,10.0,4.0,10.0,2.0,2023.0,2024.0,True
2510.11851,13.0,54.0,54.0,7.0,2022.0,2018.0,True
2510.11892,27.0,0.0,27.0,62.0,1963.0,2025.0,True
2510.11919,11.0,24.0,24.0,19.0,2023.0,2006.0,True
2510.11958,2.0,5.0,5.0,4.0,2021.0,2023.0,True
2510.11967,26.0,8.0,26.0,5.0,2020.0,2025.0,True
2510.12088,7.0,49.0,49.0,2.0,2024.0,2023.0,True
2510.12117,5.0,16.0,16.0,7.0,2024.0,2018.0,True
2510.12225,39.0,47.0,47.0,8.0,2019.0,2017.0,True
2510.12269,0.0,0.0,0.0,0.0,2025.0,2025.0,True
2510.12276,5.0,9.0,9.0,3.0,2024.0,2022.0,True
2510.12323,1.0,6.0,6.0,1.0,2025.0,2024.0,True
2510.12399,11.0,16.0,16.0,2.0,2023.0,2023.0,True
2510.12402,10.0,1.0,10.0,2.0,2023.0,2024.0,True
2510.12403,1.0,2.0,2.0,0.0,2025.0,2025.0,True
2510.12487,4.0,8.0,8.0,58.0,2016.0,1967.0,True
2510.12497,5.0,78.0,78.0,6.0,2023.0,2019.0,True
2510.12560,1.0,1.0,1.0,1.0,2024.0,2025.0,True
2510.12586,5.0,2.0,5.0,3.0,2022.0,2025.0,True
2510.12635,6.0,1.0,6.0,2.0,2023.0,2025.0,True
2510.12693,1.0,5.0,5.0,1.0,2025.0,2024.0,True
2510.12709,9.0,4.0,9.0,2.0,2023.0,2025.0,True
2510.12747,12.0,10.0,12.0,4.0,2021.0,2023.0,True
2510.12764,7.0,52.0,52.0,8.0,2023.0,2017.0,True
2510.12766,5.0,5.0,5.0,1.0,2024.0,2024.0,True
2510.12773,18.0,2.0,18.0,3.0,2022.0,2025.0,True
2510.12777,11.0,27.0,27.0,4.0,2021.0,2023.0,True
2510.12784,0.0,6.0,6.0,1.0,2025.0,2024.0,True
2510.12789,2.0,1.0,2.0,3.0,2022.0,2025.0,True
2510.12793,2.0,54.0,54.0,2.0,2025.0,2023.0,True
2510.12798,10.0,3.0,10.0,2.0,2023.0,2023.0,True
2510.12801,11.0,20.0,20.0,3.0,2022.0,2023.0,True
2510.12831,17.0,9.0,17.0,11.0,2022.0,2014.0,True
2510.12838,3.0,34.0,34.0,2.0,2025.0,2023.0,True
2510.12866,7.0,44.0,44.0,8.0,2023.0,2017.0,True
2510.12872,8.0,7.0,8.0,1.0,2024.0,2024.0,True
2510.13054,24.0,2.0,24.0,10.0,2015.0,2024.0,True
2510.13161,7.0,7.0,7.0,54.0,2021.0,1971.0,True
2510.13217,7.0,7.0,7.0,2.0,2023.0,2023.0,True
2510.13251,2.0,5.0,5.0,2.0,2024.0,2023.0,True
2510.13255,0.0,0.0,0.0,0.0,2026.0,2026.0,True
2510.13282,21.0,6.0,21.0,4.0,2021.0,2024.0,True
2510.13344,13.0,11.0,13.0,2.0,2023.0,2024.0,True
2510.13454,25.0,5.0,25.0,4.0,2021.0,2024.0,True
2510.13515,10.0,4.0,10.0,2.0,2023.0,2025.0,True
2510.13554,1.0,2.0,2.0,0.0,2025.0,2025.0,True
2510.13586,2.0,25.0,25.0,11.0,2024.0,2014.0,True
2510.13602,9.0,23.0,23.0,2.0,2023.0,2023.0,True
2510.13621,1.0,24.0,24.0,3.0,2025.0,2022.0,True
2510.13626,0.0,8.0,8.0,0.0,2025.0,2025.0,True
2510.13678,18.0,55.0,55.0,9.0,2019.0,2016.0,True
2510.13697,0.0,5.0,5.0,9.0,,2016.0,True
2510.13714,3.0,48.0,48.0,15.0,2016.0,2010.0,True
2510.13744,14.0,35.0,35.0,5.0,2020.0,2022.0,True
2510.13747,9.0,2.0,9.0,22.0,2003.0,2025.0,True
2510.13759,3.0,7.0,7.0,2.0,2023.0,2024.0,True
2510.13778,4.0,0.0,4.0,0.0,2025.0,2025.0,True
2510.13786,5.0,7.0,7.0,7.0,2018.0,2024.0,True
2510.13795,2.0,7.0,7.0,1.0,2025.0,2024.0,True
2510.13800,5.0,2.0,5.0,2.0,2023.0,2024.0,True
2510.13802,19.0,6.0,19.0,4.0,2021.0,2023.0,True
2510.13804,7.0,6.0,7.0,1.0,2024.0,2024.0,True
2510.13809,5.0,28.0,28.0,3.0,2022.0,2024.0,True
2510.13913,14.0,35.0,35.0,5.0,2020.0,2022.0,True
2510.13928,16.0,4.0,16.0,2.0,2023.0,2024.0,True
2510.13940,,,,,,,False
2510.13982,7.0,7.0,7.0,4.0,2021.0,2023.0,True
2510.13996,4.0,55.0,55.0,10.0,2020.0,2015.0,True
2510.13998,13.0,12.0,13.0,5.0,2024.0,2020.0,True
2510.14077,0.0,11.0,11.0,0.0,2026.0,2025.0,True
2510.14095,9.0,13.0,13.0,2.0,2023.0,2024.0,True
2510.14211,3.0,9.0,9.0,5.0,2025.0,2020.0,True
2510.14240,4.0,37.0,37.0,3.0,2024.0,2022.0,True
2510.14252,9.0,47.0,47.0,2.0,2023.0,2023.0,True
2510.14264,17.0,5.0,17.0,6.0,2019.0,2024.0,True
2510.14265,2.0,2.0,2.0,0.0,2025.0,2025.0,True
2510.14276,0.0,1.0,1.0,0.0,,2025.0,True
2510.14300,4.0,6.0,6.0,6.0,2019.0,2024.0,True
2510.14351,1.0,26.0,26.0,11.0,2025.0,2014.0,True
2510.14359,25.0,24.0,25.0,2.0,2023.0,2024.0,True
2510.14438,1.0,40.0,40.0,2.0,2025.0,2023.0,True
2510.14463,0.0,0.0,0.0,0.0,2026.0,2026.0,True
2510.14528,5.0,23.0,23.0,13.0,2024.0,2012.0,True
2510.14545,16.0,98.0,98.0,16.0,2023.0,2009.0,True
2510.14605,3.0,13.0,13.0,3.0,2022.0,2024.0,True
2510.14616,0.0,34.0,34.0,2.0,2025.0,2023.0,True
2510.14630,4.0,28.0,28.0,2.0,2024.0,2023.0,True
2510.14763,3.0,0.0,3.0,0.0,2025.0,2026.0,True
2510.14807,3.0,4.0,4.0,1.0,2024.0,2024.0,True
2510.14847,14.0,12.0,14.0,2.0,2023.0,2023.0,True
2510.14853,10.0,34.0,34.0,6.0,2019.0,2022.0,True
2510.14880,4.0,3.0,4.0,2.0,2023.0,2024.0,True
2510.14901,8.0,13.0,13.0,2.0,2024.0,2023.0,True
2510.14902,24.0,26.0,26.0,3.0,2022.0,2023.0,True
2510.14913,5.0,4.0,5.0,2.0,2023.0,2023.0,True
2510.14919,5.0,4.0,5.0,2.0,2023.0,2023.0,True
2510.14942,15.0,26.0,26.0,5.0,2020.0,2021.0,True
2510.14943,6.0,7.0,7.0,5.0,2020.0,2023.0,True
2510.14949,4.0,7.0,7.0,2.0,2023.0,2023.0,True
2510.14955,2.0,5.0,5.0,15.0,2025.0,2010.0,True
2510.14958,12.0,17.0,17.0,2.0,2023.0,2023.0,True
2510.14961,34.0,10.0,34.0,6.0,2022.0,2019.0,True
2510.14967,5.0,11.0,11.0,3.0,2025.0,2022.0,True
2510.14969,0.0,9.0,9.0,2.0,2025.0,2023.0,True
2510.14972,2.0,8.0,8.0,2.0,2023.0,2024.0,True
2510.14973,0.0,6.0,6.0,2.0,,2023.0,True
2510.14974,9.0,28.0,28.0,2.0,2023.0,2023.0,True
2510.14975,4.0,39.0,39.0,6.0,2025.0,2019.0,True
2510.14976,8.0,7.0,8.0,5.0,2020.0,2025.0,True
2510.14978,22.0,8.0,22.0,7.0,2018.0,2023.0,True
2510.14979,1.0,6.0,6.0,2.0,2025.0,2023.0,True
2510.14980,2.0,3.0,3.0,1.0,2024.0,2024.0,True
2510.15015,5.0,24.0,24.0,3.0,2022.0,2023.0,True
2510.15019,7.0,13.0,13.0,2.0,2023.0,2023.0,True
2510.15021,11.0,15.0,15.0,2.0,2023.0,2024.0,True
2510.15050,0.0,23.0,23.0,2.0,2025.0,2023.0,True
2510.15110,1.0,94.0,94.0,10.0,2024.0,2015.0,True
2510.15136,3.0,3.0,3.0,12.0,2013.0,2013.0,True
2510.15162,17.0,0.0,17.0,6.0,2019.0,,True
2510.15232,2.0,11.0,11.0,2.0,2025.0,2023.0,True
2510.15262,7.0,0.0,7.0,4.0,2021.0,2025.0,True
2510.15264,2.0,8.0,8.0,4.0,2024.0,2021.0,True
2510.15280,9.0,11.0,11.0,1.0,2024.0,2024.0,True
2510.15301,2.0,42.0,42.0,2.0,2024.0,2023.0,True
2510.15346,2.0,12.0,12.0,7.0,2024.0,2018.0,True
2510.15444,18.0,6.0,18.0,2.0,2023.0,2024.0,True
2510.15510,15.0,8.0,15.0,7.0,2018.0,2023.0,True
2510.15511,0.0,63.0,63.0,5.0,2026.0,2020.0,True
2510.15527,0.0,0.0,0.0,,,,True
2510.15564,2.0,7.0,7.0,2.0,2023.0,2024.0,True
2510.15600,4.0,0.0,4.0,1.0,2024.0,2025.0,True
2510.15624,4.0,9.0,9.0,18.0,2014.0,2007.0,True
2510.15710,,0.0,0.0,0.0,,2025.0,True
2510.15731,0.0,21.0,21.0,2.0,,2023.0,True
2510.15742,12.0,6.0,12.0,4.0,2021.0,2024.0,True
2510.15768,17.0,140.0,140.0,28.0,2019.0,1997.0,True
2510.15804,16.0,45.0,45.0,33.0,2021.0,1992.0,True
2510.15821,9.0,22.0,22.0,9.0,2024.0,2016.0,True
2510.15831,21.0,124.0,124.0,14.0,2022.0,2011.0,True
2510.15842,1.0,30.0,30.0,2.0,2025.0,2023.0,True
2510.15857,4.0,13.0,13.0,1.0,2025.0,2024.0,True
2510.15859,15.0,9.0,15.0,7.0,2018.0,2025.0,True
2510.15862,5.0,9.0,9.0,3.0,2022.0,2023.0,True
2510.15868,3.0,4.0,4.0,1.0,2024.0,2024.0,True
2510.15869,4.0,4.0,4.0,1.0,2024.0,2024.0,True
2510.15870,4.0,95.0,95.0,10.0,2025.0,2015.0,True
2510.16136,10.0,12.0,12.0,16.0,2009.0,2024.0,True
2510.16156,17.0,8.0,17.0,2.0,2023.0,2024.0,True
2510.16258,0.0,2.0,2.0,0.0,,2025.0,True
2510.16259,1.0,6.0,6.0,1.0,2025.0,2024.0,True
2510.16276,7.0,11.0,11.0,4.0,2022.0,2021.0,True
2510.16320,5.0,14.0,14.0,1.0,2024.0,2024.0,True
2510.16333,3.0,57.0,57.0,12.0,2024.0,2013.0,True
2510.16380,10.0,10.0,10.0,3.0,2023.0,2022.0,True
2510.16435,5.0,41.0,41.0,10.0,2024.0,2015.0,True
2510.16449,4.0,4.0,4.0,1.0,2024.0,2024.0,True
2510.16499,3.0,8.0,8.0,1.0,2024.0,2024.0,True
2510.16505,0.0,13.0,13.0,5.0,,2020.0,True
2510.16641,30.0,9.0,30.0,6.0,2019.0,2023.0,True
2510.16720,18.0,12.0,18.0,2.0,2023.0,2023.0,True
2510.16727,2.0,0.0,2.0,0.0,2025.0,2026.0,True
2510.16751,1.0,30.0,30.0,15.0,2023.0,2010.0,True
2510.16844,19.0,99.0,99.0,16.0,2023.0,2009.0,True
2510.16872,1.0,8.0,8.0,2.0,2025.0,2023.0,True
2510.16880,13.0,20.0,20.0,2.0,2024.0,2023.0,True
2510.16888,6.0,5.0,6.0,1.0,2024.0,2024.0,True
2510.16893,2.0,4.0,4.0,0.0,2025.0,2025.0,True
2510.16917,13.0,4.0,13.0,2.0,2023.0,2025.0,True
2510.17045,4.0,4.0,4.0,2.0,2023.0,2024.0,True
2510.17234,4.0,12.0,12.0,3.0,2022.0,2023.0,True
2510.17269,2.0,6.0,6.0,1.0,2024.0,2024.0,True
2510.17354,4.0,100.0,100.0,16.0,2024.0,2009.0,True
2510.17388,1.0,13.0,13.0,30.0,2022.0,1995.0,True
2510.17431,8.0,5.0,8.0,10.0,2015.0,2024.0,True
2510.17439,7.0,1.0,7.0,2.0,2023.0,2025.0,True
2510.17498,4.0,2.0,4.0,3.0,2023.0,2022.0,True
2510.17509,10.0,77.0,77.0,7.0,2023.0,2018.0,True
2510.17519,6.0,1.0,6.0,5.0,2020.0,2025.0,True
2510.17681,10.0,115.0,115.0,7.0,2022.0,2018.0,True
2510.17699,0.0,26.0,26.0,7.0,2026.0,2018.0,True
2510.17715,5.0,6.0,6.0,1.0,2024.0,2024.0,True
2510.17722,2.0,13.0,13.0,0.0,2025.0,2025.0,True
2510.17790,7.0,7.0,7.0,2.0,2023.0,2023.0,True
2510.17793,23.0,38.0,38.0,5.0,2020.0,2022.0,True
2510.17795,9.0,96.0,96.0,7.0,2024.0,2018.0,True
2510.17797,20.0,22.0,22.0,5.0,2020.0,2023.0,True
2510.17800,8.0,45.0,45.0,9.0,2023.0,2016.0,True
2510.17803,7.0,5.0,7.0,3.0,2022.0,2025.0,True
2510.17853,2.0,35.0,35.0,8.0,2024.0,2017.0,True
2510.17862,2.0,5.0,5.0,1.0,2024.0,2024.0,True
2510.17896,4.0,2.0,4.0,16.0,2009.0,2025.0,True
2510.17928,5.0,3.0,5.0,1.0,2024.0,2025.0,True
2510.17932,4.0,10.0,10.0,2.0,2024.0,2023.0,True
2510.17950,0.0,2.0,2.0,1.0,2025.0,2024.0,True
2510.17960,18.0,8.0,18.0,4.0,2023.0,2021.0,True
2510.18019,5.0,0.0,5.0,10.0,2015.0,2026.0,True
2510.18034,4.0,8.0,8.0,12.0,2013.0,2025.0,True
2510.18081,12.0,28.0,28.0,9.0,2024.0,2016.0,True
2510.18087,6.0,2.0,6.0,13.0,2023.0,2012.0,True
2510.18091,7.0,5.0,7.0,7.0,2023.0,2018.0,True
2510.18121,19.0,1.0,19.0,4.0,2021.0,2024.0,True
2510.18135,4.0,35.0,35.0,7.0,2023.0,2018.0,True
2510.18212,31.0,20.0,31.0,4.0,2021.0,2023.0,True
2510.18234,11.0,2.0,11.0,7.0,2018.0,2024.0,True
2510.18245,8.0,7.0,8.0,3.0,2022.0,2024.0,True
2510.18250,5.0,3.0,5.0,1.0,2024.0,2025.0,True
2510.18279,7.0,4.0,7.0,2.0,2023.0,2024.0,True
2510.18313,13.0,1.0,13.0,2.0,2023.0,2025.0,True
2510.18413,1.0,3.0,3.0,0.0,2025.0,2025.0,True
2510.18428,0.0,6.0,6.0,1.0,2026.0,2024.0,True
2510.18455,12.0,4.0,12.0,5.0,2020.0,2023.0,True
2510.18489,4.0,12.0,12.0,2.0,2023.0,2023.0,True
2510.18554,8.0,21.0,21.0,1.0,2024.0,2024.0,True
2510.18632,9.0,13.0,13.0,2.0,2024.0,2023.0,True
2510.18672,4.0,38.0,38.0,7.0,2024.0,2018.0,True
2510.18692,3.0,10.0,10.0,1.0,2024.0,2024.0,True
2510.18701,5.0,1.0,5.0,1.0,2024.0,2025.0,True
2510.18726,3.0,14.0,14.0,1.0,2024.0,2025.0,True
2510.18775,20.0,12.0,20.0,2.0,2023.0,2023.0,True
2510.18795,7.0,1.0,7.0,4.0,2023.0,2021.0,True
2510.18821,1.0,1.0,1.0,0.0,2025.0,2025.0,True
2510.18840,5.0,15.0,15.0,16.0,2022.0,2009.0,True
2510.18849,3.0,38.0,38.0,2.0,2025.0,2023.0,True
2510.18855,1.0,6.0,6.0,1.0,2025.0,2024.0,True
2510.18866,4.0,13.0,13.0,2.0,2024.0,2023.0,True
2510.18873,14.0,5.0,14.0,2.0,2023.0,2024.0,True
2510.18876,33.0,3.0,33.0,5.0,2020.0,2025.0,True
2510.18909,5.0,12.0,12.0,2.0,2023.0,2024.0,True
2510.18917,0.0,0.0,0.0,0.0,2026.0,2026.0,True
2510.18927,35.0,118.0,118.0,10.0,2023.0,2015.0,True
2510.18940,9.0,6.0,9.0,2.0,2023.0,2024.0,True
2510.18941,1.0,4.0,4.0,0.0,2025.0,2025.0,True
2510.19028,15.0,3.0,15.0,1.0,2024.0,2025.0,True
2510.19127,4.0,20.0,20.0,9.0,2016.0,2022.0,True
2510.19195,2.0,2.0,2.0,1.0,2024.0,2025.0,True
2510.19278,2.0,11.0,11.0,5.0,2020.0,2021.0,True
2510.19286,14.0,22.0,22.0,23.0,2018.0,2002.0,True
2510.19304,0.0,10.0,10.0,13.0,2026.0,2012.0,True
2510.19307,14.0,6.0,14.0,3.0,2022.0,2024.0,True
2510.19316,5.0,9.0,9.0,1.0,2024.0,2024.0,True
2510.19336,2.0,13.0,13.0,10.0,2025.0,2015.0,True
2510.19338,2.0,8.0,8.0,4.0,2025.0,2021.0,True
2510.19363,4.0,11.0,11.0,2.0,2025.0,2023.0,True
2510.19365,2.0,13.0,13.0,17.0,2022.0,2008.0,True
2510.19386,5.0,2.0,5.0,1.0,2024.0,2025.0,True
2510.19423,1.0,33.0,33.0,38.0,2025.0,1987.0,True
2510.19430,1.0,3.0,3.0,1.0,2025.0,2024.0,True
2510.19457,5.0,5.0,5.0,1.0,2024.0,2024.0,True
2510.19488,3.0,1.0,3.0,1.0,2024.0,2025.0,True
2510.19492,7.0,10.0,10.0,4.0,2021.0,2023.0,True
2510.19592,3.0,3.0,3.0,2.0,2023.0,2024.0,True
2510.19600,9.0,1.0,9.0,1.0,2024.0,2025.0,True
2510.19631,12.0,32.0,32.0,2.0,2023.0,2024.0,True
2510.19753,4.0,64.0,64.0,22.0,2024.0,2003.0,True
2510.19779,1.0,6.0,6.0,3.0,2025.0,2022.0,True
2510.19808,8.0,21.0,21.0,6.0,2019.0,2023.0,True
2510.19817,6.0,14.0,14.0,5.0,2020.0,2024.0,True
2510.19871,6.0,1.0,6.0,2.0,2024.0,2023.0,True
2510.19944,16.0,12.0,16.0,6.0,2023.0,2019.0,True
2510.19949,1.0,0.0,1.0,0.0,2025.0,,True
2510.19995,5.0,11.0,11.0,2.0,2023.0,2023.0,True
2510.20150,14.0,27.0,27.0,8.0,2023.0,2017.0,True
2510.20155,3.0,4.0,4.0,2.0,2023.0,2024.0,True
2510.20168,1.0,33.0,33.0,1.0,2025.0,2024.0,True
2510.20187,19.0,35.0,35.0,3.0,2023.0,2022.0,True
2510.20206,5.0,3.0,5.0,0.0,2025.0,2025.0,True
2510.20270,3.0,12.0,12.0,8.0,2023.0,2017.0,True
2510.20286,4.0,0.0,4.0,1.0,2024.0,2025.0,True
2510.20362,7.0,35.0,35.0,19.0,2016.0,2006.0,True
2510.20470,11.0,3.0,11.0,2.0,2023.0,2024.0,True
2510.20479,1.0,0.0,1.0,0.0,2025.0,2026.0,True
2510.20512,4.0,8.0,8.0,17.0,2024.0,2008.0,True
2510.20535,0.0,2.0,2.0,0.0,2026.0,2025.0,True
2510.20579,6.0,2.0,6.0,1.0,2024.0,2025.0,True
2510.20661,3.0,7.0,7.0,1.0,2024.0,2024.0,True
2510.20668,1.0,38.0,38.0,3.0,2025.0,2022.0,True
2510.20708,0.0,4.0,4.0,28.0,2026.0,1997.0,True
2510.20733,83.0,1.0,83.0,27.0,1998.0,2025.0,True
2510.20766,2.0,41.0,41.0,24.0,2024.0,2001.0,True
2510.20771,12.0,36.0,36.0,7.0,2023.0,2018.0,True
2510.20780,31.0,7.0,31.0,4.0,2021.0,2024.0,True
2510.20803,4.0,1.0,4.0,5.0,2020.0,2025.0,True
2510.20820,11.0,6.0,11.0,1.0,2024.0,2024.0,True
2510.20822,3.0,2.0,3.0,1.0,2024.0,2024.0,True
2510.20888,18.0,17.0,18.0,2.0,2023.0,2023.0,True
2510.20976,1.0,7.0,7.0,3.0,2022.0,2025.0,True
2510.21003,13.0,12.0,13.0,3.0,2022.0,2023.0,True
2510.21057,7.0,99.0,99.0,11.0,2022.0,2014.0,True
2510.21111,4.0,3.0,4.0,2.0,2023.0,2024.0,True
2510.21223,6.0,3.0,6.0,1.0,2024.0,2025.0,True
2510.21270,9.0,11.0,11.0,3.0,2022.0,2024.0,True
2510.21323,1.0,8.0,8.0,1.0,2024.0,2024.0,True
2510.21440,19.0,1.0,19.0,4.0,2021.0,2025.0,True
2510.21447,1.0,77.0,77.0,8.0,2024.0,2017.0,True
2510.21553,2.0,3.0,3.0,2.0,2023.0,2025.0,True
2510.21581,5.0,15.0,15.0,22.0,2024.0,2003.0,True
2510.21583,4.0,20.0,20.0,2.0,2024.0,2023.0,True
2510.21618,16.0,101.0,101.0,16.0,2022.0,2009.0,True
2510.21652,44.0,10.0,44.0,15.0,2010.0,2024.0,True
2510.21682,4.0,24.0,24.0,3.0,2024.0,2022.0,True
2510.21697,9.0,32.0,32.0,13.0,2012.0,2024.0,True
2510.21800,6.0,1.0,6.0,1.0,2024.0,2025.0,True
2510.21817,2.0,6.0,6.0,1.0,2025.0,2024.0,True
2510.21890,46.0,431.0,431.0,16.0,2010.0,2009.0,True
2510.21970,4.0,19.0,19.0,6.0,2023.0,2019.0,True
2510.21978,20.0,12.0,20.0,7.0,2021.0,2018.0,True
2510.21986,6.0,13.0,13.0,2.0,2023.0,2024.0,True
2510.22010,1.0,145.0,145.0,18.0,2025.0,2007.0,True
2510.22037,35.0,39.0,39.0,12.0,2021.0,2013.0,True
2510.22099,4.0,4.0,4.0,1.0,2024.0,2024.0,True
2510.22115,3.0,9.0,9.0,2.0,2025.0,2023.0,True
2510.22200,3.0,7.0,7.0,1.0,2025.0,2024.0,True
2510.22201,8.0,47.0,47.0,3.0,2022.0,2023.0,True
2510.22236,1.0,4.0,4.0,2.0,2024.0,2023.0,True
2510.22264,3.0,3.0,3.0,2.0,2023.0,2024.0,True
2510.22282,7.0,21.0,21.0,7.0,2024.0,2018.0,True
2510.22304,2.0,12.0,12.0,1.0,2025.0,2024.0,True
2510.22317,17.0,46.0,46.0,28.0,1997.0,2009.0,True
2510.22319,2.0,5.0,5.0,1.0,2025.0,2024.0,True
2510.22373,3.0,10.0,10.0,1.0,2025.0,2024.0,True
2510.22521,1.0,30.0,30.0,2.0,2025.0,2023.0,True
2510.22543,9.0,17.0,17.0,2.0,2023.0,2023.0,True
2510.22590,4.0,1.0,4.0,5.0,2020.0,2024.0,True
2510.22603,0.0,17.0,17.0,9.0,,2016.0,True
2510.22706,2.0,1.0,2.0,0.0,2025.0,2025.0,True
2510.22728,14.0,2.0,14.0,3.0,2022.0,2024.0,True
2510.22733,7.0,9.0,9.0,2.0,2023.0,2023.0,True
2510.22768,13.0,2.0,13.0,2.0,2023.0,2025.0,True
2510.22795,1.0,210.0,210.0,22.0,2025.0,2003.0,True
2510.22849,13.0,12.0,13.0,13.0,2012.0,2023.0,True
2510.22876,7.0,4.0,7.0,2.0,2023.0,2023.0,True
2510.22907,32.0,0.0,32.0,9.0,2016.0,,True
2510.22946,5.0,32.0,32.0,2.0,2023.0,2023.0,True
2510.22975,17.0,29.0,29.0,19.0,2019.0,2006.0,True
2510.23052,8.0,11.0,11.0,3.0,2022.0,2025.0,True
2510.23095,3.0,20.0,20.0,13.0,2024.0,2012.0,True
2510.23272,3.0,41.0,41.0,8.0,2024.0,2017.0,True
2510.23393,0.0,31.0,31.0,53.0,,1972.0,True
2510.23451,32.0,3.0,32.0,4.0,2021.0,2025.0,True
2510.23473,4.0,7.0,7.0,1.0,2024.0,2024.0,True
2510.23479,13.0,2.0,13.0,3.0,2022.0,2025.0,True
2510.23538,26.0,7.0,26.0,3.0,2022.0,2023.0,True
2510.23544,4.0,76.0,76.0,2.0,2025.0,2023.0,True
2510.23564,6.0,8.0,8.0,1.0,2024.0,2024.0,True
2510.23571,5.0,75.0,75.0,9.0,2021.0,2016.0,True
2510.23581,16.0,4.0,16.0,10.0,2022.0,2015.0,True
2510.23587,7.0,11.0,11.0,1.0,2024.0,2024.0,True
2510.23588,4.0,1.0,4.0,1.0,2024.0,2025.0,True
2510.23594,9.0,22.0,22.0,6.0,2019.0,2023.0,True
2510.23595,7.0,17.0,17.0,2.0,2023.0,2023.0,True
2510.23603,11.0,8.0,11.0,2.0,2023.0,2024.0,True
2510.23605,5.0,15.0,15.0,3.0,2023.0,2022.0,True
2510.23607,4.0,26.0,26.0,2.0,2023.0,2023.0,True
2510.23642,13.0,13.0,13.0,2.0,2023.0,2025.0,True
2510.23667,16.0,13.0,16.0,7.0,2018.0,2023.0,True
2510.23691,24.0,9.0,24.0,4.0,2021.0,2024.0,True
2510.23763,13.0,9.0,13.0,3.0,2022.0,2025.0,True
2510.23828,1.0,2.0,2.0,1.0,2025.0,2024.0,True
2510.23925,7.0,11.0,11.0,4.0,2024.0,2021.0,True
2510.24035,19.0,24.0,24.0,18.0,2007.0,2012.0,True
2510.24078,4.0,31.0,31.0,6.0,2023.0,2019.0,True
2510.24081,2.0,6.0,6.0,2.0,2024.0,2023.0,True
2510.24211,13.0,7.0,13.0,4.0,2021.0,2023.0,True
2510.24320,36.0,119.0,119.0,10.0,2023.0,2015.0,True
2510.24411,27.0,13.0,27.0,3.0,2022.0,2023.0,True
2510.24448,1.0,15.0,15.0,15.0,2025.0,2010.0,True
2510.24505,12.0,48.0,48.0,3.0,2022.0,2023.0,True
2510.24514,11.0,43.0,43.0,8.0,2024.0,2017.0,True
2510.24563,6.0,43.0,43.0,2.0,2024.0,2023.0,True
2510.24591,5.0,1.0,5.0,1.0,2024.0,2025.0,True
2510.24592,12.0,17.0,17.0,4.0,2021.0,2023.0,True
2510.24645,2.0,4.0,4.0,2.0,2025.0,2023.0,True
2510.24654,6.0,46.0,46.0,4.0,2024.0,2021.0,True
2510.24657,6.0,6.0,6.0,6.0,2023.0,2019.0,True
2510.24668,1.0,13.0,13.0,1.0,2025.0,2024.0,True
2510.24684,7.0,37.0,37.0,26.0,2024.0,1999.0,True
2510.24693,4.0,60.0,60.0,2.0,2024.0,2023.0,True
2510.24694,7.0,49.0,49.0,2.0,2023.0,2023.0,True
2510.24695,3.0,49.0,49.0,2.0,2025.0,2023.0,True
2510.24697,5.0,49.0,49.0,2.0,2025.0,2023.0,True
2510.24698,7.0,49.0,49.0,2.0,2023.0,2023.0,True
2510.24699,4.0,49.0,49.0,2.0,2023.0,2023.0,True
2510.24701,1.0,49.0,49.0,2.0,2024.0,2023.0,True
2510.24702,13.0,18.0,18.0,1.0,2024.0,2024.0,True
2510.24711,16.0,6.0,16.0,2.0,2023.0,2023.0,True
2510.24717,6.0,6.0,6.0,2.0,2023.0,2023.0,True
2510.24718,5.0,6.0,6.0,37.0,1988.0,2022.0,True
2510.24788,7.0,2.0,7.0,2.0,2023.0,2025.0,True
2510.24794,1.0,18.0,18.0,2.0,2025.0,2023.0,True
2510.24795,12.0,2.0,12.0,11.0,2019.0,2014.0,True
2510.24801,1.0,1.0,1.0,1.0,2024.0,2024.0,True
2510.24803,49.0,26.0,49.0,22.0,2003.0,2019.0,True
2510.24821,3.0,4.0,4.0,28.0,1997.0,2020.0,True
2510.24824,6.0,4.0,6.0,1.0,2024.0,2024.0,True
2510.24932,1.0,8.0,8.0,1.0,2025.0,2024.0,True
2510.24940,12.0,5.0,12.0,1.0,2024.0,2024.0,True
2510.24992,4.0,7.0,7.0,2.0,2024.0,2023.0,True
2510.25039,8.0,32.0,32.0,13.0,2012.0,2015.0,True
2510.25065,2.0,3.0,3.0,2.0,2024.0,2023.0,True
2510.25080,20.0,20.0,20.0,26.0,1999.0,1999.0,True
2510.25092,1.0,11.0,11.0,1.0,2025.0,2024.0,True
2510.25132,2.0,2.0,2.0,1.0,2024.0,2025.0,True
2510.25364,3.0,13.0,13.0,8.0,2024.0,2017.0,True
2510.25409,0.0,5.0,5.0,1.0,2025.0,2024.0,True
2510.25590,7.0,2.0,7.0,3.0,2022.0,2025.0,True
2510.25602,12.0,3.0,12.0,1.0,2024.0,2024.0,True
2510.25616,4.0,17.0,17.0,2.0,2024.0,2023.0,True
2510.25628,25.0,47.0,47.0,6.0,2019.0,2021.0,True
2510.25682,3.0,3.0,3.0,2.0,2023.0,2025.0,True
2510.25726,6.0,10.0,10.0,1.0,2024.0,2024.0,True
2510.25741,3.0,11.0,11.0,1.0,2024.0,2024.0,True
2510.25758,3.0,1.0,3.0,2.0,2024.0,2023.0,True
2510.25760,21.0,12.0,21.0,7.0,2018.0,2024.0,True
2510.25771,9.0,11.0,11.0,16.0,2022.0,2009.0,True
2510.25772,3.0,6.0,6.0,1.0,2024.0,2024.0,True
2510.25779,10.0,66.0,66.0,20.0,2023.0,2005.0,True
2510.25867,15.0,7.0,15.0,4.0,2021.0,2025.0,True
2510.25889,9.0,4.0,9.0,1.0,2024.0,2025.0,True
2510.25897,10.0,4.0,10.0,21.0,2022.0,2004.0,True
2510.25976,6.0,6.0,6.0,6.0,2019.0,2024.0,True
2510.25992,10.0,2.0,10.0,2.0,2023.0,2025.0,True
2510.26007,9.0,15.0,15.0,5.0,2020.0,2023.0,True
2510.26020,11.0,4.0,11.0,2.0,2023.0,2024.0,True
2510.26140,9.0,8.0,9.0,2.0,2023.0,2023.0,True
2510.26160,6.0,17.0,17.0,1.0,2024.0,2024.0,True
2510.26213,5.0,56.0,56.0,4.0,2024.0,2021.0,True
2510.26236,2.0,48.0,48.0,2.0,2024.0,2023.0,True
2510.26298,4.0,4.0,4.0,0.0,2025.0,2025.0,True
2510.26345,3.0,38.0,38.0,8.0,2021.0,2017.0,True
2510.26474,5.0,122.0,122.0,10.0,2023.0,2015.0,True
2510.26491,5.0,44.0,44.0,18.0,2023.0,2007.0,True
2510.26583,9.0,6.0,9.0,2.0,2023.0,2023.0,True
2510.26658,40.0,44.0,44.0,8.0,2018.0,2017.0,True
2510.26692,12.0,2.0,12.0,6.0,2019.0,2024.0,True
2510.26697,6.0,2.0,6.0,2.0,2023.0,2024.0,True
2510.26707,3.0,1.0,3.0,0.0,2025.0,2025.0,True
2510.26768,13.0,4.0,13.0,5.0,2020.0,2022.0,True
2510.26781,1.0,7.0,7.0,4.0,2021.0,2024.0,True
2510.26787,42.0,32.0,42.0,9.0,2016.0,2021.0,True
2510.26788,11.0,31.0,31.0,19.0,2006.0,2023.0,True
2510.26794,1.0,1.0,1.0,0.0,2025.0,2025.0,True
2510.26800,6.0,6.0,6.0,2.0,2023.0,2025.0,True
2510.26802,26.0,53.0,53.0,20.0,2021.0,2005.0,True
2510.26865,1.0,5.0,5.0,1.0,2025.0,2024.0,True
2510.26887,212.0,7.0,212.0,14.0,2011.0,2017.0,True
2510.26909,0.0,18.0,18.0,2.0,,2023.0,True
2510.27044,12.0,16.0,16.0,3.0,2022.0,2023.0,True
2510.27224,0.0,1.0,1.0,0.0,2025.0,2025.0,True
2510.27258,1.0,2.0,2.0,1.0,2024.0,2024.0,True
2510.27266,1.0,6.0,6.0,0.0,2025.0,2025.0,True
2510.27363,2.0,102.0,102.0,16.0,2024.0,2009.0,True
2510.27492,9.0,6.0,9.0,4.0,2024.0,2021.0,True
2510.27545,5.0,11.0,11.0,2.0,2024.0,2023.0,True
2510.27571,9.0,10.0,10.0,9.0,2022.0,2016.0,True
2510.27606,2.0,61.0,61.0,2.0,2025.0,2023.0,True
2510.27607,1.0,14.0,14.0,4.0,2025.0,2021.0,True
2510.27623,11.0,10.0,11.0,3.0,2022.0,2023.0,True
2510.27656,4.0,12.0,12.0,8.0,2019.0,2017.0,True
2510.27684,6.0,4.0,6.0,3.0,2022.0,2023.0,True
2510.27688,26.0,59.0,59.0,24.0,2001.0,2023.0,True
2511.00062,0.0,10.0,10.0,2.0,,2023.0,True
2511.00086,20.0,22.0,22.0,5.0,2020.0,2023.0,True
2511.00279,2.0,2.0,2.0,0.0,2025.0,2025.0,True
2511.00405,11.0,8.0,11.0,2.0,2023.0,2024.0,True
2511.00602,2.0,41.0,41.0,6.0,2019.0,2023.0,True
2511.00710,1.0,1.0,1.0,0.0,2025.0,2025.0,True
2511.00810,6.0,10.0,10.0,6.0,2021.0,2019.0,True
2511.00839,3.0,5.0,5.0,1.0,2024.0,2024.0,True
2511.00956,5.0,19.0,19.0,2.0,2025.0,2023.0,True
2511.01047,1.0,23.0,23.0,2.0,2024.0,2023.0,True
2511.01144,15.0,0.0,15.0,3.0,2022.0,2026.0,True
2511.01163,21.0,15.0,21.0,5.0,2020.0,2022.0,True
2511.01202,1.0,1.0,1.0,12.0,2013.0,2013.0,True
2511.01266,5.0,9.0,9.0,3.0,2022.0,2023.0,True
2511.01294,22.0,16.0,22.0,5.0,2020.0,2024.0,True
2511.01295,4.0,2.0,4.0,1.0,2024.0,2025.0,True
2511.01340,1.0,0.0,1.0,0.0,2025.0,2025.0,True
2511.01450,5.0,2.0,5.0,7.0,2018.0,2025.0,True
2511.01502,2.0,1.0,2.0,1.0,2024.0,2025.0,True
2511.01617,3.0,12.0,12.0,11.0,2025.0,2014.0,True
2511.01618,4.0,39.0,39.0,9.0,2024.0,2016.0,True
2511.01678,0.0,6.0,6.0,1.0,,2024.0,True
2511.01706,3.0,8.0,8.0,4.0,2021.0,2022.0,True
2511.01718,8.0,10.0,10.0,3.0,2025.0,2022.0,True
2511.01775,4.0,2.0,4.0,2.0,2023.0,2023.0,True
2511.01833,5.0,8.0,8.0,2.0,2024.0,2023.0,True
2511.01846,4.0,4.0,4.0,1.0,2024.0,2024.0,True
2511.01857,15.0,12.0,15.0,7.0,2018.0,2023.0,True
2511.01914,2.0,1.0,2.0,0.0,2025.0,2025.0,True
2511.01918,0.0,0.0,0.0,0.0,2026.0,,True
2511.01937,8.0,6.0,8.0,2.0,2023.0,2024.0,True
2511.02219,2.0,6.0,6.0,3.0,2025.0,2022.0,True
2511.02243,4.0,55.0,55.0,6.0,2024.0,2019.0,True
2511.02280,5.0,5.0,5.0,5.0,2020.0,2025.0,True
2511.02309,1.0,1.0,1.0,0.0,2025.0,2025.0,True
2511.02347,0.0,17.0,17.0,2.0,,2023.0,True
2511.02358,4.0,1.0,4.0,12.0,2013.0,2024.0,True
2511.02366,2.0,6.0,6.0,0.0,2025.0,2025.0,True
2511.02374,1.0,6.0,6.0,0.0,2025.0,2025.0,True
2511.02415,1.0,1.0,1.0,1.0,2024.0,2025.0,True
2511.02490,11.0,6.0,11.0,3.0,2024.0,2022.0,True
2511.02650,3.0,2.0,3.0,1.0,2024.0,2024.0,True
2511.02687,3.0,6.0,6.0,9.0,2024.0,2016.0,True
2511.02712,9.0,2.0,9.0,3.0,2022.0,2025.0,True
2511.02734,2.0,3.0,3.0,0.0,2025.0,2025.0,True
2511.02767,0.0,183.0,183.0,18.0,2026.0,2007.0,True
2511.02778,0.0,12.0,12.0,2.0,2025.0,2023.0,True
2511.02779,19.0,1.0,19.0,2.0,2023.0,2024.0,True
2511.02802,1.0,5.0,5.0,1.0,2025.0,2024.0,True
2511.02818,0.0,5.0,5.0,1.0,2025.0,2024.0,True
2511.02832,9.0,8.0,9.0,14.0,2024.0,2011.0,True
2511.03001,2.0,44.0,44.0,2.0,2025.0,2023.0,True
2511.03108,9.0,34.0,34.0,39.0,1986.0,2019.0,True
2511.03146,3.0,47.0,47.0,2.0,2025.0,2023.0,True
2511.03276,8.0,13.0,13.0,1.0,2025.0,2024.0,True
2511.03295,25.0,130.0,130.0,25.0,2010.0,2000.0,True
2511.03317,5.0,35.0,35.0,1.0,2024.0,2024.0,True
2511.03334,2.0,6.0,6.0,1.0,2025.0,2024.0,True
2511.03506,8.0,49.0,49.0,2.0,2024.0,2023.0,True
2511.03601,6.0,4.0,6.0,1.0,2024.0,2025.0,True
2511.03628,14.0,12.0,14.0,2.0,2023.0,2024.0,True
2511.03718,4.0,3.0,4.0,1.0,2024.0,2024.0,True
2511.03773,2.0,3.0,3.0,3.0,2022.0,2024.0,True
2511.03774,2.0,16.0,16.0,2.0,2024.0,2023.0,True
2511.03929,0.0,0.0,0.0,,,,True
2511.03996,7.0,8.0,8.0,2.0,2023.0,2023.0,True
2511.04217,5.0,34.0,34.0,31.0,2023.0,1994.0,True
2511.04285,0.0,2.0,2.0,0.0,,2025.0,True
2511.04307,5.0,32.0,32.0,2.0,2023.0,2024.0,True
2511.04460,10.0,7.0,10.0,2.0,2023.0,2023.0,True
2511.04570,9.0,5.0,9.0,1.0,2024.0,2025.0,True
2511.04583,14.0,21.0,21.0,3.0,2022.0,2022.0,True
2511.04655,7.0,11.0,11.0,83.0,1942.0,2024.0,True
2511.04662,11.0,262.0,262.0,20.0,2025.0,2005.0,True
2511.04668,7.0,11.0,11.0,83.0,1942.0,2024.0,True
2511.04670,19.0,11.0,19.0,12.0,2013.0,2024.0,True
2511.04707,15.0,4.0,15.0,14.0,2011.0,2024.0,True
2511.04824,2.0,10.0,10.0,1.0,2025.0,2024.0,True
2511.04898,0.0,4.0,4.0,0.0,2026.0,2025.0,True
2511.04962,6.0,29.0,29.0,36.0,2023.0,1989.0,True
2511.05017,9.0,9.0,9.0,5.0,2020.0,2024.0,True
2511.05271,1.0,5.0,5.0,2.0,2025.0,2023.0,True
2511.05369,4.0,5.0,5.0,3.0,2022.0,2024.0,True
2511.05489,5.0,4.0,5.0,1.0,2024.0,2024.0,True
2511.05491,0.0,11.0,11.0,2.0,2025.0,2023.0,True
2511.05650,3.0,1.0,3.0,0.0,2025.0,2025.0,True
2511.05664,3.0,1.0,3.0,1.0,2024.0,2025.0,True
2511.05705,6.0,11.0,11.0,3.0,2022.0,2025.0,True
2511.05933,5.0,35.0,35.0,2.0,2024.0,2023.0,True
2511.05936,256.0,8.0,256.0,20.0,2010.0,2005.0,True
2511.06073,7.0,1.0,7.0,3.0,2022.0,2025.0,True
2511.06090,5.0,14.0,14.0,4.0,2024.0,2021.0,True
2511.06101,7.0,7.0,7.0,1.0,2024.0,2024.0,True
2511.06174,11.0,4.0,11.0,1.0,2024.0,2025.0,True
2511.06194,1.0,97.0,97.0,13.0,2024.0,2012.0,True
2511.06209,23.0,187.0,187.0,15.0,2020.0,2010.0,True
2511.06221,1.0,7.0,7.0,2.0,2025.0,2023.0,True
2511.06251,0.0,19.0,19.0,4.0,2025.0,2021.0,True
2511.06281,4.0,5.0,5.0,0.0,2025.0,2025.0,True
2511.06307,1.0,4.0,4.0,0.0,2025.0,2025.0,True
2511.06309,3.0,11.0,11.0,1.0,2025.0,2024.0,True
2511.06411,3.0,3.0,3.0,14.0,2025.0,2011.0,True
2511.06428,9.0,3.0,9.0,5.0,2020.0,2023.0,True
2511.06449,1.0,3.0,3.0,1.0,2025.0,2024.0,True
2511.06805,2.0,5.0,5.0,1.0,2024.0,2024.0,True
2511.06876,1.0,16.0,16.0,8.0,2017.0,2019.0,True
2511.07003,16.0,58.0,58.0,5.0,2020.0,2020.0,True
2511.07025,5.0,17.0,17.0,7.0,2019.0,2018.0,True
2511.07061,7.0,5.0,7.0,1.0,2024.0,2024.0,True
2511.07070,3.0,7.0,7.0,1.0,2025.0,2024.0,True
2511.07080,4.0,4.0,4.0,0.0,2025.0,2025.0,True
2511.07137,16.0,61.0,61.0,14.0,2021.0,2011.0,True
2511.07250,6.0,17.0,17.0,0.0,2025.0,2025.0,True
2511.07253,17.0,18.0,18.0,9.0,2019.0,2016.0,True
2511.07299,1.0,4.0,4.0,1.0,2025.0,2024.0,True
2511.07317,9.0,60.0,60.0,4.0,2022.0,2021.0,True
2511.07327,15.0,42.0,42.0,4.0,2021.0,2024.0,True
2511.07332,11.0,28.0,28.0,8.0,2020.0,2017.0,True
2511.07384,5.0,96.0,96.0,6.0,2024.0,2019.0,True
2511.07403,3.0,1.0,3.0,1.0,2024.0,2024.0,True
2511.07409,9.0,72.0,72.0,25.0,2023.0,2000.0,True
2511.07413,0.0,3.0,3.0,0.0,2025.0,2025.0,True
2511.07416,16.0,14.0,16.0,2.0,2023.0,2023.0,True
2511.07419,2.0,8.0,8.0,1.0,2025.0,2024.0,True
2511.07448,10.0,226.0,226.0,18.0,2007.0,2009.0,True
2511.07464,4.0,1.0,4.0,1.0,2024.0,2025.0,True
2511.07499,3.0,3.0,3.0,2.0,2023.0,2023.0,True
2511.07577,9.0,1.0,9.0,3.0,2022.0,2025.0,True
2511.07587,3.0,15.0,15.0,20.0,2024.0,2005.0,True
2511.07685,5.0,2.0,5.0,2.0,2023.0,2025.0,True
2511.07790,3.0,2.0,3.0,1.0,2024.0,2024.0,True
2511.07865,4.0,19.0,19.0,9.0,2024.0,2016.0,True
2511.07885,6.0,5.0,6.0,2.0,2023.0,2024.0,True
2511.08029,7.0,5.0,7.0,2.0,2024.0,2023.0,True
2511.08043,10.0,17.0,17.0,2.0,2023.0,2023.0,True
2511.08195,,,,,,,False
2511.08217,5.0,4.0,5.0,1.0,2024.0,2024.0,True
2511.08319,41.0,3.0,41.0,18.0,2014.0,2007.0,True
2511.08521,0.0,10.0,10.0,1.0,2025.0,2024.0,True
2511.08522,5.0,78.0,78.0,2.0,2024.0,2023.0,True
2511.08567,49.0,1.0,49.0,8.0,2017.0,2025.0,True
2511.08577,16.0,3.0,16.0,5.0,2020.0,2025.0,True
2511.08585,7.0,6.0,7.0,15.0,2023.0,2010.0,True
2511.08633,3.0,87.0,87.0,13.0,2019.0,2012.0,True
2511.08892,2.0,10.0,10.0,1.0,2025.0,2024.0,True
2511.08923,9.0,98.0,98.0,10.0,2023.0,2015.0,True
2511.09030,34.0,13.0,34.0,11.0,2014.0,2014.0,True
2511.09057,0.0,13.0,13.0,2.0,2026.0,2023.0,True
2511.09067,1.0,19.0,19.0,1.0,2024.0,2024.0,True
2511.09146,19.0,7.0,19.0,1.0,2024.0,2024.0,True
2511.09148,9.0,8.0,9.0,2.0,2023.0,2025.0,True
2511.09515,3.0,1.0,3.0,1.0,2024.0,2024.0,True
2511.09554,1.0,29.0,29.0,6.0,2025.0,2019.0,True
2511.09611,6.0,9.0,9.0,2.0,2023.0,2025.0,True
2511.09715,7.0,208.0,208.0,20.0,2024.0,2005.0,True
2511.09780,4.0,3.0,4.0,0.0,2025.0,2025.0,True
2511.09809,6.0,21.0,21.0,3.0,2022.0,2024.0,True
2511.09915,4.0,4.0,4.0,6.0,2019.0,2025.0,True
2511.10017,2.0,1.0,2.0,1.0,2024.0,2025.0,True
2511.10047,4.0,6.0,6.0,2.0,2024.0,2023.0,True
2511.10258,15.0,184.0,184.0,35.0,2007.0,1990.0,True
2511.10289,3.0,56.0,56.0,4.0,2025.0,2021.0,True
2511.10492,1.0,11.0,11.0,4.0,2021.0,2022.0,True
2511.10507,8.0,72.0,72.0,15.0,2023.0,2010.0,True
2511.10547,4.0,4.0,4.0,2.0,2024.0,2023.0,True
2511.10555,3.0,1.0,3.0,0.0,2025.0,2025.0,True
2511.10628,14.0,60.0,60.0,33.0,2024.0,1992.0,True
2511.10629,3.0,23.0,23.0,40.0,1993.0,1985.0,True
2511.10643,3.0,45.0,45.0,8.0,2025.0,2017.0,True
2511.10647,1.0,7.0,7.0,2.0,2025.0,2023.0,True
2511.10899,10.0,22.0,22.0,6.0,2019.0,2023.0,True
2511.10984,1.0,1.0,1.0,0.0,2025.0,2025.0,True
2511.11002,0.0,10.0,10.0,1.0,2026.0,2024.0,True
2511.11005,18.0,46.0,46.0,3.0,2024.0,2022.0,True
2511.11007,7.0,7.0,7.0,0.0,2025.0,2025.0,True
2511.11062,0.0,8.0,8.0,17.0,,2008.0,True
2511.11113,12.0,0.0,12.0,2.0,2023.0,2026.0,True
2511.11134,39.0,5.0,39.0,5.0,2020.0,2025.0,True
2511.11168,5.0,1.0,5.0,1.0,2024.0,2024.0,True
2511.11238,50.0,1.0,50.0,70.0,1955.0,2025.0,True
2511.11257,1.0,1.0,1.0,0.0,2025.0,2025.0,True
2511.11270,2.0,175.0,175.0,21.0,2024.0,2004.0,True
2511.11287,0.0,12.0,12.0,28.0,,1997.0,True
2511.11332,33.0,66.0,66.0,5.0,2023.0,2020.0,True
2511.11373,6.0,21.0,21.0,10.0,2016.0,2015.0,True
2511.11407,1.0,6.0,6.0,1.0,2025.0,2024.0,True
2511.11434,8.0,4.0,8.0,19.0,2024.0,2006.0,True
2511.11473,4.0,135.0,135.0,19.0,2023.0,2006.0,True
2511.11510,5.0,300.0,300.0,26.0,2024.0,1999.0,True
2511.11519,14.0,60.0,60.0,20.0,2012.0,2005.0,True
2511.11653,7.0,22.0,22.0,5.0,2020.0,2023.0,True
2511.11721,14.0,183.0,183.0,35.0,2007.0,1990.0,True
2511.11793,4.0,0.0,4.0,12.0,2013.0,2025.0,True
2511.11831,1.0,2.0,2.0,2.0,2025.0,2023.0,True
2511.12133,3.0,4.0,4.0,17.0,2024.0,2008.0,True
2511.12207,6.0,6.0,6.0,14.0,2024.0,2011.0,True
2511.12472,10.0,6.0,10.0,3.0,2022.0,2024.0,True
2511.12609,30.0,12.0,30.0,4.0,2021.0,2024.0,True
2511.12710,15.0,6.0,15.0,3.0,2022.0,2024.0,True
2511.12797,1.0,36.0,36.0,1.0,2025.0,2024.0,True
2511.12810,0.0,4.0,4.0,1.0,,2024.0,True
2511.12884,1.0,20.0,20.0,2.0,2025.0,2023.0,True
2511.12982,6.0,33.0,33.0,1.0,2025.0,2024.0,True
2511.12997,8.0,2.0,8.0,2.0,2023.0,2025.0,True
2511.13001,10.0,1.0,10.0,19.0,2006.0,2025.0,True
2511.13026,1.0,6.0,6.0,3.0,2025.0,2022.0,True
2511.13081,14.0,100.0,100.0,17.0,2023.0,2008.0,True
2511.13189,2.0,72.0,72.0,18.0,2024.0,2007.0,True
2511.13254,3.0,174.0,174.0,20.0,2025.0,2005.0,True
2511.13276,0.0,30.0,30.0,8.0,2025.0,2017.0,True
2511.13288,3.0,23.0,23.0,2.0,2025.0,2023.0,True
2511.13344,1.0,3.0,3.0,48.0,1977.0,2024.0,True
2511.13524,2.0,3.0,3.0,0.0,2025.0,2025.0,True
2511.13593,3.0,39.0,39.0,2.0,2025.0,2023.0,True
2511.13612,5.0,64.0,64.0,7.0,2023.0,2018.0,True
2511.13646,31.0,1.0,31.0,30.0,1995.0,2025.0,True
2511.13647,4.0,5.0,5.0,1.0,2025.0,2024.0,True
2511.13648,6.0,8.0,8.0,2.0,2023.0,2023.0,True
2511.13655,4.0,5.0,5.0,2.0,2023.0,2023.0,True
2511.13703,17.0,225.0,225.0,16.0,2019.0,2009.0,True
2511.13704,4.0,2.0,4.0,2.0,2025.0,2023.0,True
2511.13714,14.0,11.0,14.0,11.0,2014.0,2023.0,True
2511.13719,55.0,1.0,55.0,14.0,2011.0,2025.0,True
2511.13720,,,,,,,False
2511.13853,1.0,1.0,1.0,0.0,2025.0,2025.0,True
2511.13944,0.0,3.0,3.0,1.0,,2024.0,True
2511.13954,1.0,1.0,1.0,0.0,2025.0,2025.0,True
2511.13998,7.0,37.0,37.0,2.0,2025.0,2023.0,True
2511.14086,2.0,7.0,7.0,8.0,2025.0,2017.0,True
2511.14159,2.0,1.0,2.0,2.0,2023.0,2023.0,True
2511.14210,2.0,31.0,31.0,17.0,2024.0,2008.0,True
2511.14295,2.0,10.0,10.0,1.0,2025.0,2024.0,True
2511.14349,27.0,2.0,27.0,9.0,2016.0,2022.0,True
2511.14366,13.0,1.0,13.0,2.0,2023.0,2024.0,True
2511.14385,4.0,24.0,24.0,2.0,2024.0,2023.0,True
2511.14460,64.0,38.0,64.0,6.0,2019.0,2020.0,True
2511.14582,10.0,10.0,10.0,1.0,2024.0,2024.0,True
2511.14659,9.0,257.0,257.0,15.0,2023.0,2010.0,True
2511.14806,8.0,15.0,15.0,3.0,2024.0,2022.0,True
2511.14865,2.0,0.0,2.0,4.0,2021.0,2026.0,True
2511.14899,2.0,89.0,89.0,13.0,2022.0,2012.0,True
2511.14993,1.0,15.0,15.0,2.0,2024.0,2023.0,True
2511.15038,52.0,9.0,52.0,8.0,2017.0,2024.0,True
2511.15065,4.0,2.0,4.0,1.0,2025.0,2024.0,True
2511.15186,2.0,3.0,3.0,0.0,2025.0,2025.0,True
2511.15210,2.0,13.0,13.0,2.0,2024.0,2023.0,True
2511.15248,1.0,6.0,6.0,0.0,2025.0,2025.0,True
2511.15299,4.0,0.0,4.0,2.0,2023.0,2025.0,True
2511.15462,20.0,25.0,25.0,13.0,2020.0,2012.0,True
2511.15552,4.0,6.0,6.0,40.0,1985.0,2025.0,True
2511.15567,1.0,2.0,2.0,1.0,2025.0,2024.0,True
2511.15586,3.0,3.0,3.0,22.0,2003.0,2024.0,True
2511.15593,2.0,175.0,175.0,20.0,2025.0,2005.0,True
2511.15605,1.0,10.0,10.0,0.0,2025.0,2025.0,True
2511.15661,1.0,0.0,1.0,2.0,2023.0,2026.0,True
2511.15700,8.0,402.0,402.0,39.0,2023.0,1986.0,True
2511.15703,4.0,62.0,62.0,2.0,2024.0,2023.0,True
2511.15705,7.0,2.0,7.0,2.0,2023.0,2025.0,True
2511.15706,20.0,12.0,20.0,12.0,2021.0,2013.0,True
2511.15848,7.0,5.0,7.0,0.0,2025.0,2025.0,True
2511.15906,14.0,11.0,14.0,9.0,2016.0,2022.0,True
2511.15943,18.0,19.0,19.0,17.0,2022.0,2008.0,True
2511.15948,10.0,0.0,10.0,9.0,2016.0,,True
2511.16043,32.0,5.0,32.0,3.0,2022.0,2025.0,True
2511.16110,7.0,8.0,8.0,4.0,2021.0,2023.0,True
2511.16166,5.0,9.0,9.0,3.0,2022.0,2024.0,True
2511.16175,3.0,2.0,3.0,2.0,2023.0,2025.0,True
2511.16249,3.0,4.0,4.0,2.0,2023.0,2025.0,True
2511.16301,1.0,3.0,3.0,2.0,2024.0,2023.0,True
2511.16315,5.0,5.0,5.0,0.0,2025.0,2025.0,True
2511.16317,11.0,25.0,25.0,1.0,2024.0,2024.0,True
2511.16334,1.0,198.0,198.0,18.0,2025.0,2007.0,True
2511.16397,6.0,58.0,58.0,4.0,2022.0,2021.0,True
2511.16518,6.0,6.0,6.0,0.0,2025.0,2025.0,True
2511.16528,5.0,0.0,5.0,3.0,2022.0,2026.0,True
2511.16595,10.0,4.0,10.0,4.0,2021.0,2024.0,True
2511.16618,5.0,14.0,14.0,1.0,2024.0,2024.0,True
2511.16624,1.0,6.0,6.0,9.0,2017.0,2016.0,True
2511.16659,2.0,31.0,31.0,8.0,2024.0,2017.0,True
2511.16660,9.0,7.0,9.0,2.0,2023.0,2025.0,True
2511.16664,14.0,99.0,99.0,10.0,2021.0,2015.0,True
2511.16668,10.0,9.0,10.0,6.0,2023.0,2019.0,True
2511.16669,2.0,6.0,6.0,1.0,2025.0,2024.0,True
2511.16671,27.0,55.0,55.0,20.0,2021.0,2005.0,True
2511.16719,14.0,44.0,44.0,9.0,2016.0,2018.0,True
2511.16825,15.0,10.0,15.0,5.0,2023.0,2020.0,True
2511.16854,5.0,145.0,145.0,19.0,2022.0,2006.0,True
2511.16931,1.0,1.0,1.0,0.0,2025.0,2025.0,True
2511.17006,8.0,3.0,8.0,3.0,2022.0,2025.0,True
2511.17074,8.0,12.0,12.0,4.0,2021.0,2023.0,True
2511.17127,7.0,71.0,71.0,7.0,2024.0,2018.0,True
2511.17199,5.0,10.0,10.0,2.0,2025.0,2023.0,True
2511.17220,1.0,2.0,2.0,0.0,2025.0,2025.0,True
2511.17282,1.0,4.0,4.0,20.0,2025.0,2005.0,True
2511.17344,0.0,232.0,232.0,27.0,,1998.0,True
2511.17405,3.0,0.0,3.0,0.0,2025.0,2026.0,True
2511.17450,7.0,27.0,27.0,4.0,2021.0,2023.0,True
2511.17487,2.0,61.0,61.0,2.0,2024.0,2023.0,True
2511.17490,1.0,15.0,15.0,1.0,2025.0,2024.0,True
2511.17502,3.0,1.0,3.0,0.0,2025.0,2025.0,True
2511.17592,27.0,99.0,99.0,14.0,2016.0,2011.0,True
2511.17729,5.0,22.0,22.0,1.0,2024.0,2024.0,True
2511.17792,5.0,5.0,5.0,1.0,2024.0,2024.0,True
2511.17803,2.0,13.0,13.0,8.0,2025.0,2017.0,True
2511.17889,5.0,10.0,10.0,1.0,2025.0,2024.0,True
2511.17918,4.0,25.0,25.0,4.0,2023.0,2021.0,True
2511.17943,9.0,3.0,9.0,1.0,2024.0,2024.0,True
2511.17986,2.0,6.0,6.0,31.0,2024.0,1994.0,True
2511.18005,2.0,6.0,6.0,1.0,2024.0,2024.0,True
2511.18024,0.0,101.0,101.0,17.0,,2008.0,True
2511.18047,73.0,101.0,101.0,17.0,2011.0,2008.0,True
2511.18050,6.0,2.0,6.0,1.0,2024.0,2025.0,True
2511.18373,6.0,59.0,59.0,30.0,2020.0,1995.0,True
2511.18394,0.0,2.0,2.0,0.0,,2025.0,True
2511.18423,16.0,7.0,16.0,5.0,2020.0,2025.0,True
2511.18452,6.0,26.0,26.0,5.0,2023.0,2020.0,True
2511.18538,0.0,11.0,11.0,1.0,2025.0,2024.0,True
2511.18659,7.0,5.0,7.0,3.0,2024.0,2022.0,True
2511.18685,4.0,4.0,4.0,37.0,1988.0,2024.0,True
2511.18734,2.0,4.0,4.0,0.0,2025.0,2025.0,True
2511.18822,4.0,12.0,12.0,18.0,2024.0,2007.0,True
2511.18870,1.0,1.0,1.0,1.0,2024.0,2024.0,True
2511.18886,14.0,2.0,14.0,2.0,2023.0,2025.0,True
2511.18890,6.0,100.0,100.0,10.0,2025.0,2015.0,True
2511.18922,2.0,2.0,2.0,1.0,2025.0,2024.0,True
2511.18945,8.0,2.0,8.0,1.0,2024.0,2025.0,True
2511.19046,1.0,101.0,101.0,6.0,2024.0,2019.0,True
2511.19111,13.0,21.0,21.0,1.0,2024.0,2024.0,True
2511.19166,2.0,1.0,2.0,1.0,2024.0,2025.0,True
2511.19304,16.0,15.0,16.0,1.0,2024.0,2024.0,True
2511.19314,6.0,52.0,52.0,2.0,2024.0,2023.0,True
2511.19319,7.0,4.0,7.0,4.0,2021.0,2023.0,True
2511.19320,3.0,6.0,6.0,2.0,2023.0,2024.0,True
2511.19365,5.0,4.0,5.0,10.0,2021.0,2015.0,True
2511.19399,4.0,13.0,13.0,2.0,2023.0,2023.0,True
2511.19401,44.0,16.0,44.0,16.0,2009.0,2024.0,True
2511.19413,1.0,1.0,1.0,1.0,2024.0,2025.0,True
2511.19418,7.0,12.0,12.0,2.0,2023.0,2023.0,True
2511.19428,8.0,394.0,394.0,56.0,2019.0,1969.0,True
2511.19430,56.0,26.0,56.0,6.0,2019.0,2021.0,True
2511.19433,7.0,2.0,7.0,3.0,2022.0,2024.0,True
2511.19496,6.0,8.0,8.0,1.0,2024.0,2024.0,True
2511.19504,2.0,2.0,2.0,1.0,2025.0,2024.0,True
2511.19575,1.0,1.0,1.0,0.0,2025.0,2025.0,True
2511.19661,1.0,15.0,15.0,7.0,2025.0,2018.0,True
2511.19663,16.0,28.0,28.0,11.0,2018.0,2014.0,True
2511.19757,10.0,12.0,12.0,14.0,2020.0,2011.0,True
2511.19773,3.0,12.0,12.0,1.0,2024.0,2024.0,True
2511.19797,8.0,7.0,8.0,4.0,2023.0,2021.0,True
2511.19827,15.0,14.0,15.0,4.0,2021.0,2023.0,True
2511.19861,0.0,4.0,4.0,1.0,,2024.0,True
2511.19900,5.0,6.0,6.0,1.0,2024.0,2025.0,True
2511.19990,1.0,7.0,7.0,1.0,2024.0,2025.0,True
2511.20102,2.0,6.0,6.0,2.0,2025.0,2023.0,True
2511.20123,12.0,9.0,12.0,16.0,2009.0,2023.0,True
2511.20211,2.0,2.0,2.0,1.0,2024.0,2024.0,True
2511.20233,5.0,6.0,6.0,2.0,2023.0,2024.0,True
2511.20250,16.0,19.0,19.0,11.0,2014.0,2021.0,True
2511.20256,8.0,10.0,10.0,2.0,2023.0,2024.0,True
2511.20344,9.0,18.0,18.0,1.0,2024.0,2024.0,True
2511.20347,5.0,7.0,7.0,1.0,2025.0,2024.0,True
2511.20410,1.0,15.0,15.0,7.0,2025.0,2018.0,True
2511.20415,8.0,1.0,8.0,1.0,2024.0,2025.0,True
2511.20426,15.0,81.0,81.0,5.0,2020.0,2021.0,True
2511.20462,4.0,61.0,61.0,10.0,2023.0,2015.0,True
2511.20478,1.0,1.0,1.0,23.0,2025.0,2002.0,True
2511.20494,8.0,6.0,8.0,2.0,2023.0,2024.0,True
2511.20515,10.0,11.0,11.0,5.0,2020.0,2020.0,True
2511.20549,10.0,5.0,10.0,2.0,2023.0,2024.0,True
2511.20561,7.0,6.0,7.0,1.0,2025.0,2024.0,True
2511.20562,56.0,8.0,56.0,14.0,2011.0,2025.0,True
2511.20573,19.0,29.0,29.0,4.0,2022.0,2021.0,True
2511.20614,4.0,23.0,23.0,4.0,2021.0,2024.0,True
2511.20626,2.0,22.0,22.0,2.0,2025.0,2023.0,True
2511.20633,4.0,3.0,4.0,2.0,2023.0,2025.0,True
2511.20635,5.0,8.0,8.0,3.0,2022.0,2023.0,True
2511.20639,14.0,9.0,14.0,2.0,2023.0,2025.0,True
2511.20643,7.0,35.0,35.0,5.0,2020.0,2021.0,True
2511.20645,5.0,9.0,9.0,3.0,2023.0,2022.0,True
2511.20647,3.0,48.0,48.0,11.0,2024.0,2014.0,True
2511.20649,9.0,48.0,48.0,11.0,2023.0,2014.0,True
2511.20714,2.0,115.0,115.0,17.0,2025.0,2008.0,True
2511.20785,1.0,199.0,199.0,18.0,2025.0,2007.0,True
2511.20809,7.0,1.0,7.0,2.0,2023.0,2024.0,True
2511.20814,16.0,20.0,20.0,3.0,2022.0,2023.0,True
2511.20937,12.0,1.0,12.0,7.0,2018.0,2024.0,True
2511.21025,10.0,8.0,10.0,8.0,2017.0,2024.0,True
2511.21087,7.0,13.0,13.0,5.0,2023.0,2020.0,True
2511.21208,2.0,6.0,6.0,7.0,2024.0,2018.0,True
2511.21338,3.0,5.0,5.0,10.0,2025.0,2015.0,True
2511.21395,3.0,37.0,37.0,3.0,2022.0,2023.0,True
2511.21541,0.0,3.0,3.0,0.0,2025.0,2025.0,True
2511.21579,4.0,13.0,13.0,2.0,2025.0,2023.0,True
2511.21631,22.0,1.0,22.0,13.0,2012.0,2025.0,True
2511.21662,1.0,7.0,7.0,0.0,2025.0,2025.0,True
2511.21678,3.0,12.0,12.0,1.0,2025.0,2024.0,True
2511.21688,1.0,17.0,17.0,3.0,2022.0,2025.0,True
2511.21689,13.0,101.0,101.0,10.0,2021.0,2015.0,True
2511.21691,1.0,8.0,8.0,1.0,2025.0,2024.0,True
2511.21692,5.0,4.0,5.0,3.0,2022.0,2022.0,True
2511.21750,4.0,17.0,17.0,4.0,2024.0,2021.0,True
2511.22055,6.0,5.0,6.0,1.0,2024.0,2024.0,True
2511.22134,3.0,8.0,8.0,2.0,2023.0,2024.0,True
2511.22146,5.0,4.0,5.0,1.0,2024.0,2024.0,True
2511.22173,32.0,10.0,32.0,6.0,2019.0,2023.0,True
2511.22176,26.0,101.0,101.0,13.0,2021.0,2012.0,True
2511.22184,6.0,5.0,6.0,2.0,2023.0,2024.0,True
2511.22265,1.0,2.0,2.0,3.0,2025.0,2022.0,True
2511.22281,2.0,6.0,6.0,1.0,2024.0,2024.0,True
2511.22345,2.0,8.0,8.0,2.0,2023.0,2024.0,True
2511.22396,5.0,2.0,5.0,2.0,2023.0,2025.0,True
2511.22448,6.0,0.0,6.0,9.0,2016.0,2025.0,True
2511.22475,24.0,6.0,24.0,6.0,2019.0,2024.0,True
2511.22533,5.0,6.0,6.0,2.0,2023.0,2023.0,True
2511.22570,8.0,11.0,11.0,2.0,2024.0,2023.0,True
2511.22586,12.0,3.0,12.0,3.0,2022.0,2025.0,True
2511.22609,0.0,18.0,18.0,2.0,2025.0,2023.0,True
2511.22625,24.0,10.0,24.0,5.0,2020.0,2025.0,True
2511.22659,10.0,12.0,12.0,2.0,2023.0,2023.0,True
2511.22663,0.0,0.0,0.0,0.0,2025.0,2025.0,True
2511.22677,11.0,3.0,11.0,1.0,2024.0,2025.0,True
2511.22688,11.0,22.0,22.0,6.0,2019.0,2023.0,True
2511.22699,0.0,12.0,12.0,4.0,,2021.0,True
2511.22787,16.0,4.0,16.0,1.0,2024.0,2025.0,True
2511.22805,9.0,5.0,9.0,6.0,2019.0,2024.0,True
2511.22815,8.0,24.0,24.0,6.0,2023.0,2019.0,True
2511.22826,7.0,44.0,44.0,11.0,2020.0,2014.0,True
2511.22891,8.0,9.0,9.0,17.0,2008.0,2013.0,True
2511.22973,1.0,117.0,117.0,17.0,2025.0,2008.0,True
2511.22982,17.0,18.0,18.0,6.0,2019.0,2024.0,True
2511.22989,6.0,23.0,23.0,6.0,2019.0,2020.0,True
2511.23127,1.0,4.0,4.0,2.0,2025.0,2023.0,True
2511.23199,15.0,8.0,15.0,2.0,2023.0,2023.0,True
2511.23319,10.0,2.0,10.0,8.0,2020.0,2017.0,True
2511.23342,3.0,17.0,17.0,3.0,2024.0,2022.0,True
2511.23369,2.0,0.0,2.0,0.0,2025.0,2025.0,True
2511.23386,10.0,6.0,10.0,4.0,2023.0,2021.0,True
2511.23404,62.0,4.0,62.0,12.0,2013.0,2022.0,True
2511.23469,17.0,2.0,17.0,5.0,2020.0,2024.0,True
2511.23475,1.0,1.0,1.0,2.0,2023.0,2025.0,True
2512.00077,3.0,3.0,3.0,4.0,2021.0,2021.0,True
2512.00097,13.0,22.0,22.0,6.0,2019.0,2021.0,True
2512.00234,12.0,28.0,28.0,7.0,2021.0,2018.0,True
2512.00333,5.0,9.0,9.0,12.0,2022.0,2013.0,True
2512.00369,7.0,33.0,33.0,1.0,2024.0,2024.0,True
2512.00387,23.0,39.0,39.0,2.0,2023.0,2023.0,True
2512.00425,6.0,0.0,6.0,2.0,2023.0,2026.0,True
2512.00466,6.0,3.0,6.0,2.0,2023.0,2023.0,True
2512.00473,26.0,4.0,26.0,1.0,2024.0,2025.0,True
2512.00590,1.0,85.0,85.0,40.0,2024.0,1985.0,True
2512.00639,3.0,3.0,3.0,0.0,2025.0,2025.0,True
2512.00722,18.0,3.0,18.0,2.0,2023.0,2025.0,True
2512.00762,7.0,4.0,7.0,15.0,2010.0,2023.0,True
2512.00891,5.0,5.0,5.0,1.0,2025.0,2024.0,True
2512.00903,15.0,6.0,15.0,2.0,2023.0,2023.0,True
2512.00956,9.0,254.0,254.0,18.0,2019.0,2007.0,True
2512.01030,8.0,9.0,9.0,2.0,2023.0,2024.0,True
2512.01031,9.0,0.0,9.0,2.0,2023.0,2025.0,True
2512.01078,0.0,3.0,3.0,0.0,2025.0,2025.0,True
2512.01103,6.0,7.0,7.0,5.0,2020.0,2024.0,True
2512.01191,12.0,227.0,227.0,16.0,2023.0,2009.0,True
2512.01248,6.0,15.0,15.0,3.0,2024.0,2022.0,True
2512.01342,7.0,33.0,33.0,6.0,2024.0,2019.0,True
2512.01374,1.0,44.0,44.0,1.0,2025.0,2024.0,True
2512.01420,8.0,13.0,13.0,1.0,2024.0,2024.0,True
2512.01443,1.0,131.0,131.0,26.0,2025.0,1999.0,True
2512.01453,0.0,2.0,2.0,12.0,2026.0,2013.0,True
2512.01481,2.0,9.0,9.0,1.0,2024.0,2024.0,True
2512.01540,5.0,13.0,13.0,5.0,2020.0,2023.0,True
2512.01686,8.0,3.0,8.0,4.0,2021.0,2025.0,True
2512.01707,6.0,1.0,6.0,2.0,2023.0,2025.0,True
2512.01715,7.0,111.0,111.0,7.0,2023.0,2018.0,True
2512.01763,1.0,3.0,3.0,11.0,2024.0,2014.0,True
2512.01801,19.0,4.0,19.0,6.0,2019.0,2023.0,True
2512.01803,3.0,45.0,45.0,11.0,2025.0,2014.0,True
2512.01816,5.0,0.0,5.0,1.0,2024.0,2025.0,True
2512.01822,15.0,14.0,15.0,3.0,2022.0,2023.0,True
2512.01827,1.0,15.0,15.0,2.0,2025.0,2023.0,True
2512.01830,6.0,3.0,6.0,2.0,2023.0,2024.0,True
2512.01925,11.0,9.0,11.0,4.0,2021.0,2024.0,True
2512.01945,18.0,19.0,19.0,3.0,2022.0,2022.0,True
2512.01948,2.0,41.0,41.0,2.0,2025.0,2023.0,True
2512.01949,1.0,18.0,18.0,6.0,2025.0,2019.0,True
2512.01988,1.0,13.0,13.0,1.0,2025.0,2024.0,True
2512.01989,2.0,3.0,3.0,1.0,2025.0,2024.0,True
2512.02008,4.0,29.0,29.0,6.0,2024.0,2019.0,True
2512.02014,5.0,4.0,5.0,2.0,2025.0,2023.0,True
2512.02015,2.0,2.0,2.0,2.0,2023.0,2025.0,True
2512.02017,3.0,5.0,5.0,2.0,2023.0,2023.0,True
2512.02038,5.0,2.0,5.0,31.0,1994.0,2024.0,True
2512.02231,2.0,5.0,5.0,2.0,2025.0,2023.0,True
2512.02351,26.0,5.0,26.0,4.0,2021.0,2024.0,True
2512.02395,3.0,18.0,18.0,2.0,2024.0,2023.0,True
2512.02423,4.0,22.0,22.0,1.0,2025.0,2024.0,True
2512.02425,4.0,8.0,8.0,7.0,2020.0,2018.0,True
2512.02457,14.0,10.0,14.0,8.0,2022.0,2017.0,True
2512.02472,25.0,15.0,25.0,2.0,2023.0,2024.0,True
2512.02492,1.0,16.0,16.0,1.0,2025.0,2024.0,True
2512.02551,1.0,3.0,3.0,11.0,2014.0,2024.0,True
2512.02556,4.0,2.0,4.0,30.0,2024.0,1995.0,True
2512.02580,1.0,1.0,1.0,4.0,2021.0,2025.0,True
2512.02581,2.0,2.0,2.0,0.0,2025.0,2025.0,True
2512.02589,9.0,15.0,15.0,11.0,2023.0,2014.0,True
2512.02622,13.0,0.0,13.0,24.0,2001.0,2026.0,True
2512.02631,10.0,1.0,10.0,5.0,2020.0,2025.0,True
2512.02790,1.0,14.0,14.0,2.0,2025.0,2023.0,True
2512.02807,12.0,26.0,26.0,10.0,2023.0,2015.0,True
2512.02817,13.0,29.0,29.0,7.0,2021.0,2018.0,True
2512.02834,1.0,12.0,12.0,1.0,2025.0,2024.0,True
2512.02835,2.0,14.0,14.0,7.0,2024.0,2018.0,True
2512.02892,6.0,7.0,7.0,1.0,2024.0,2024.0,True
2512.02899,2.0,13.0,13.0,2.0,2025.0,2023.0,True
2512.02901,4.0,1.0,4.0,2.0,2023.0,2025.0,True
2512.02924,10.0,5.0,10.0,1.0,2024.0,2025.0,True
2512.02942,9.0,0.0,9.0,2.0,2023.0,2025.0,True
2512.03000,2.0,2.0,2.0,1.0,2025.0,2024.0,True
2512.03013,4.0,33.0,33.0,2.0,2023.0,2024.0,True
2512.03036,9.0,71.0,71.0,5.0,2023.0,2020.0,True
2512.03040,7.0,23.0,23.0,2.0,2024.0,2023.0,True
2512.03041,15.0,7.0,15.0,3.0,2022.0,2024.0,True
2512.03043,8.0,13.0,13.0,4.0,2024.0,2021.0,True
2512.03046,7.0,7.0,7.0,2.0,2023.0,2024.0,True
2512.03052,12.0,1.0,12.0,1.0,2024.0,2025.0,True
2512.03073,36.0,34.0,36.0,8.0,2021.0,2017.0,True
2512.03125,3.0,353.0,353.0,32.0,2024.0,1993.0,True
2512.03244,6.0,9.0,9.0,7.0,2023.0,2018.0,True
2512.03383,10.0,11.0,11.0,4.0,2021.0,2023.0,True
2512.03405,1.0,18.0,18.0,0.0,2025.0,2025.0,True
2512.03442,15.0,6.0,15.0,2.0,2023.0,2024.0,True
2512.03514,1.0,1.0,1.0,0.0,2025.0,2025.0,True
2512.03534,8.0,31.0,31.0,22.0,2022.0,2003.0,True
2512.03540,7.0,12.0,12.0,2.0,2024.0,2023.0,True
2512.03621,5.0,2.0,5.0,2.0,2023.0,2025.0,True
2512.03667,1.0,3.0,3.0,13.0,2025.0,2012.0,True
2512.03683,2.0,26.0,26.0,6.0,2024.0,2019.0,True
2512.03704,4.0,4.0,4.0,1.0,2024.0,2024.0,True
2512.03746,16.0,12.0,16.0,1.0,2024.0,2024.0,True
2512.03771,10.0,31.0,31.0,7.0,2024.0,2018.0,True
2512.03794,25.0,2.0,25.0,9.0,2016.0,2025.0,True
2512.03915,6.0,37.0,37.0,25.0,2020.0,2000.0,True
2512.03979,5.0,7.0,7.0,2.0,2024.0,2023.0,True
2512.04000,5.0,32.0,32.0,13.0,2023.0,2012.0,True
2512.04025,1.0,118.0,118.0,17.0,2025.0,2008.0,True
2512.04032,5.0,11.0,11.0,2.0,2024.0,2023.0,True
2512.04040,8.0,3.0,8.0,2.0,2023.0,2024.0,True
2512.04069,10.0,10.0,10.0,1.0,2024.0,2024.0,True
2512.04072,12.0,15.0,15.0,3.0,2022.0,2023.0,True
2512.04082,2.0,1.0,2.0,0.0,2025.0,2025.0,True
2512.04124,13.0,6.0,13.0,7.0,2018.0,2024.0,True
2512.04142,3.0,30.0,30.0,20.0,2023.0,2005.0,True
2512.04220,14.0,3.0,14.0,2.0,2023.0,2024.0,True
2512.04324,22.0,157.0,157.0,17.0,2022.0,2008.0,True
2512.04356,5.0,5.0,5.0,2.0,2023.0,2023.0,True
2512.04390,5.0,9.0,9.0,8.0,2020.0,2017.0,True
2512.04434,6.0,370.0,370.0,21.0,2024.0,2004.0,True
2512.04504,13.0,10.0,13.0,16.0,2009.0,2023.0,True
2512.04515,3.0,11.0,11.0,1.0,2025.0,2024.0,True
2512.04519,14.0,20.0,20.0,2.0,2023.0,2023.0,True
2512.04537,11.0,26.0,26.0,1.0,2024.0,2024.0,True
2512.04563,2.0,18.0,18.0,4.0,2025.0,2021.0,True
2512.04677,12.0,2.0,12.0,1.0,2024.0,2025.0,True
2512.04678,6.0,0.0,6.0,1.0,2024.0,2026.0,True
2512.04694,11.0,15.0,15.0,19.0,2016.0,2006.0,True
2512.04746,3.0,0.0,3.0,2.0,2023.0,,True
2512.04753,3.0,3.0,3.0,2.0,2023.0,2025.0,True
2512.04763,2.0,21.0,21.0,9.0,2024.0,2016.0,True
2512.04784,5.0,4.0,5.0,1.0,2024.0,2024.0,True
2512.04797,0.0,49.0,49.0,31.0,,1994.0,True
2512.04810,8.0,9.0,9.0,2.0,2023.0,2023.0,True
2512.04829,40.0,101.0,101.0,15.0,2013.0,2010.0,True
2512.04844,21.0,116.0,116.0,13.0,2017.0,2012.0,True
2512.04926,2.0,0.0,2.0,0.0,2025.0,2026.0,True
2512.04981,,,,,,,False
2512.04987,0.0,3.0,3.0,0.0,,2025.0,True
2512.05000,1.0,2.0,2.0,13.0,2025.0,2012.0,True
2512.05016,2.0,8.0,8.0,6.0,2021.0,2019.0,True
2512.05033,3.0,11.0,11.0,2.0,2024.0,2023.0,True
2512.05044,2.0,9.0,9.0,4.0,2025.0,2021.0,True
2512.05049,5.0,142.0,142.0,30.0,2023.0,1995.0,True
2512.05060,7.0,17.0,17.0,7.0,2024.0,2018.0,True
2512.05076,1.0,19.0,19.0,6.0,2025.0,2019.0,True
2512.05081,3.0,16.0,16.0,2.0,2023.0,2023.0,True
2512.05100,4.0,17.0,17.0,3.0,2024.0,2022.0,True
2512.05103,2.0,67.0,67.0,10.0,2025.0,2015.0,True
2512.05106,7.0,41.0,41.0,15.0,2022.0,2010.0,True
2512.05110,5.0,5.0,5.0,2.0,2023.0,2024.0,True
2512.05111,8.0,65.0,65.0,2.0,2025.0,2023.0,True
2512.05112,17.0,2.0,17.0,1.0,2024.0,2025.0,True
2512.05113,0.0,0.0,0.0,0.0,2025.0,2025.0,True
2512.05115,15.0,6.0,15.0,2.0,2023.0,2023.0,True
2512.05145,12.0,61.0,61.0,17.0,2020.0,2008.0,True
2512.05150,5.0,14.0,14.0,2.0,2024.0,2023.0,True
2512.05272,1.0,176.0,176.0,33.0,2025.0,1992.0,True
2512.05277,2.0,11.0,11.0,22.0,2003.0,2023.0,True
2512.05325,3.0,55.0,55.0,9.0,2024.0,2016.0,True
2512.05339,26.0,1.0,26.0,12.0,2013.0,2025.0,True
2512.05343,4.0,11.0,11.0,2.0,2023.0,2024.0,True
2512.05356,38.0,2.0,38.0,26.0,1999.0,2024.0,True
2512.05402,0.0,16.0,16.0,6.0,,2019.0,True
2512.05409,1.0,2.0,2.0,2.0,2025.0,2023.0,True
2512.05439,9.0,6.0,9.0,2.0,2023.0,2024.0,True
2512.05446,3.0,3.0,3.0,2.0,2024.0,2023.0,True
2512.05564,14.0,8.0,14.0,2.0,2023.0,2023.0,True
2512.05591,18.0,24.0,24.0,2.0,2023.0,2023.0,True
2512.05774,11.0,163.0,163.0,19.0,2021.0,2006.0,True
2512.05905,4.0,2.0,4.0,2.0,2023.0,2025.0,True
2512.05927,7.0,19.0,19.0,2.0,2024.0,2023.0,True
2512.05965,6.0,6.0,6.0,2.0,2025.0,2023.0,True
2512.06032,50.0,39.0,50.0,9.0,2016.0,2024.0,True
2512.06065,11.0,44.0,44.0,30.0,2022.0,1995.0,True
2512.06373,3.0,3.0,3.0,1.0,2025.0,2024.0,True
2512.06421,9.0,9.0,9.0,2.0,2023.0,2023.0,True
2512.06424,2.0,2.0,2.0,2.0,2025.0,2023.0,True
2512.06531,12.0,3.0,12.0,8.0,2017.0,2024.0,True
2512.06533,1.0,1.0,1.0,0.0,2025.0,2025.0,True
2512.06558,32.0,21.0,32.0,11.0,2014.0,2022.0,True
2512.06589,42.0,20.0,42.0,2.0,2023.0,2023.0,True
2512.06609,42.0,1.0,42.0,10.0,2015.0,2025.0,True
2512.06628,12.0,5.0,12.0,2.0,2023.0,2025.0,True
2512.06749,26.0,34.0,34.0,2.0,2023.0,2024.0,True
2512.06776,17.0,6.0,17.0,2.0,2023.0,2023.0,True
2512.06791,5.0,5.0,5.0,2.0,2023.0,2023.0,True
2512.06818,13.0,16.0,16.0,2.0,2023.0,2023.0,True
2512.06835,9.0,1.0,9.0,1.0,2024.0,2025.0,True
2512.06864,1.0,31.0,31.0,15.0,2025.0,2010.0,True
2512.06905,7.0,10.0,10.0,2.0,2023.0,2023.0,True
2512.06951,4.0,0.0,4.0,43.0,1982.0,,True
2512.06963,1.0,24.0,24.0,2.0,2025.0,2023.0,True
2512.07107,3.0,3.0,3.0,0.0,2025.0,2025.0,True
2512.07168,5.0,31.0,31.0,7.0,2023.0,2018.0,True
2512.07186,5.0,12.0,12.0,12.0,2024.0,2013.0,True
2512.07197,2.0,1.0,2.0,9.0,2016.0,2023.0,True
2512.07222,3.0,16.0,16.0,5.0,2023.0,2020.0,True
2512.07328,1.0,210.0,210.0,21.0,2022.0,2004.0,True
2512.07461,7.0,6.0,7.0,1.0,2024.0,2024.0,True
2512.07469,5.0,2.0,5.0,4.0,2021.0,2025.0,True
2512.07525,15.0,32.0,32.0,7.0,2023.0,2018.0,True
2512.07584,3.0,0.0,3.0,1.0,2024.0,2026.0,True
2512.07778,0.0,4.0,4.0,2.0,2026.0,2023.0,True
2512.07783,18.0,8.0,18.0,22.0,2003.0,2024.0,True
2512.07802,2.0,6.0,6.0,2.0,2025.0,2023.0,True
2512.07805,5.0,12.0,12.0,2.0,2023.0,2023.0,True
2512.07806,6.0,7.0,7.0,1.0,2024.0,2024.0,True
2512.07829,3.0,5.0,5.0,2.0,2023.0,2023.0,True
2512.07831,2.0,7.0,7.0,2.0,2024.0,2023.0,True
2512.07833,7.0,5.0,7.0,2.0,2023.0,2025.0,True
2512.07834,2.0,1.0,2.0,0.0,2025.0,2025.0,True
2512.07843,12.0,2.0,12.0,2.0,2023.0,2023.0,True
2512.07921,2.0,7.0,7.0,1.0,2024.0,2024.0,True
2512.07951,1.0,57.0,57.0,3.0,2024.0,2022.0,True
2512.08006,3.0,51.0,51.0,16.0,2024.0,2009.0,True
2512.08153,13.0,17.0,17.0,6.0,2020.0,2019.0,True
2512.08186,5.0,9.0,9.0,2.0,2023.0,2023.0,True
2512.08269,7.0,50.0,50.0,6.0,2019.0,2023.0,True
2512.08294,4.0,10.0,10.0,1.0,2025.0,2024.0,True
2512.08296,18.0,6.0,18.0,17.0,2008.0,2023.0,True
2512.08309,1.0,1.0,1.0,0.0,2025.0,2025.0,True
2512.08358,3.0,3.0,3.0,0.0,2025.0,2025.0,True
2512.08400,0.0,20.0,20.0,12.0,,2013.0,True
2512.08405,7.0,15.0,15.0,5.0,2020.0,2024.0,True
2512.08406,5.0,3.0,5.0,1.0,2025.0,2024.0,True
2512.08478,4.0,24.0,24.0,2.0,2025.0,2023.0,True
2512.08511,6.0,17.0,17.0,4.0,2021.0,2022.0,True
2512.08560,8.0,7.0,8.0,1.0,2024.0,2024.0,True
2512.08564,5.0,6.0,6.0,6.0,2024.0,2019.0,True
2512.08730,16.0,21.0,21.0,2.0,2023.0,2024.0,True
2512.08765,9.0,4.0,9.0,2.0,2024.0,2023.0,True
2512.08829,1.0,19.0,19.0,7.0,2025.0,2018.0,True
2512.08868,2.0,29.0,29.0,1.0,2025.0,2024.0,True
2512.08870,0.0,4.0,4.0,5.0,2025.0,2020.0,True
2512.08923,1.0,7.0,7.0,1.0,2024.0,2024.0,True
2512.08924,4.0,2.0,4.0,2.0,2024.0,2023.0,True
2512.09069,13.0,4.0,13.0,13.0,2012.0,2020.0,True
2512.09106,12.0,31.0,31.0,26.0,2020.0,1999.0,True
2512.09112,2.0,3.0,3.0,1.0,2024.0,2024.0,True
2512.09164,12.0,131.0,131.0,6.0,2023.0,2019.0,True
2512.09247,6.0,27.0,27.0,7.0,2018.0,2024.0,True
2512.09270,7.0,3.0,7.0,2.0,2024.0,2023.0,True
2512.09299,1.0,3.0,3.0,0.0,2025.0,2025.0,True
2512.09363,1.0,62.0,62.0,7.0,2025.0,2018.0,True
2512.09406,16.0,27.0,27.0,1.0,2024.0,2024.0,True
2512.09616,6.0,7.0,7.0,2.0,2023.0,2024.0,True
2512.09636,8.0,51.0,51.0,6.0,2024.0,2019.0,True
2512.09663,4.0,5.0,5.0,6.0,2024.0,2019.0,True
2512.09756,2.0,35.0,35.0,3.0,2025.0,2022.0,True
2512.09824,8.0,2.0,8.0,3.0,2022.0,2025.0,True
2512.09851,9.0,15.0,15.0,4.0,2023.0,2021.0,True
2512.09864,4.0,3.0,4.0,1.0,2024.0,2024.0,True
2512.09924,4.0,68.0,68.0,7.0,2024.0,2018.0,True
2512.09928,3.0,28.0,28.0,2.0,2024.0,2023.0,True
2512.10071,4.0,11.0,11.0,1.0,2024.0,2024.0,True
2512.10092,3.0,57.0,57.0,4.0,2024.0,2021.0,True
2512.10284,25.0,16.0,25.0,3.0,2022.0,2024.0,True
2512.10342,4.0,93.0,93.0,17.0,2023.0,2008.0,True
2512.10359,1.0,2.0,2.0,0.0,2025.0,2025.0,True
2512.10398,1.0,1.0,1.0,2.0,2025.0,2023.0,True
2512.10411,2.0,5.0,5.0,4.0,2024.0,2021.0,True
2512.10430,3.0,0.0,3.0,43.0,1982.0,2026.0,True
2512.10534,2.0,3.0,3.0,0.0,2025.0,2025.0,True
2512.10605,0.0,5.0,5.0,4.0,2025.0,2021.0,True
2512.10655,8.0,8.0,8.0,2.0,2023.0,2024.0,True
2512.10675,3.0,21.0,21.0,8.0,2024.0,2017.0,True
2512.10685,0.0,235.0,235.0,48.0,,1977.0,True
2512.10715,3.0,3.0,3.0,1.0,2025.0,2024.0,True
2512.10739,8.0,3.0,8.0,1.0,2024.0,2025.0,True
2512.10756,5.0,3.0,5.0,1.0,2024.0,2025.0,True
2512.10791,2.0,13.0,13.0,17.0,2008.0,2015.0,True
2512.10794,19.0,3.0,19.0,5.0,2020.0,2024.0,True
2512.10858,5.0,17.0,17.0,25.0,2022.0,2000.0,True
2512.10863,7.0,45.0,45.0,6.0,2023.0,2019.0,True
2512.10867,3.0,9.0,9.0,2.0,2024.0,2023.0,True
2512.10881,3.0,1.0,3.0,5.0,2023.0,2020.0,True
2512.10894,4.0,2.0,4.0,2.0,2023.0,2025.0,True
2512.10927,13.0,15.0,15.0,3.0,2022.0,2023.0,True
2512.10938,11.0,7.0,11.0,5.0,2020.0,2022.0,True
2512.10945,8.0,3.0,8.0,1.0,2024.0,2025.0,True
2512.10949,16.0,6.0,16.0,3.0,2022.0,2024.0,True
2512.10952,7.0,70.0,70.0,12.0,2024.0,2013.0,True
2512.10953,4.0,5.0,5.0,1.0,2024.0,2025.0,True
2512.10955,2.0,39.0,39.0,1.0,2025.0,2024.0,True
2512.10959,3.0,12.0,12.0,2.0,2024.0,2023.0,True
2512.11130,4.0,4.0,4.0,11.0,2024.0,2014.0,True
2512.11150,1.0,5.0,5.0,49.0,1976.0,2017.0,True
2512.11251,2.0,4.0,4.0,4.0,2021.0,2023.0,True
2512.11253,11.0,74.0,74.0,8.0,2023.0,2017.0,True
2512.11362,3.0,2.0,3.0,6.0,2024.0,2019.0,True
2512.11393,8.0,186.0,186.0,18.0,2020.0,2007.0,True
2512.11437,17.0,0.0,17.0,2.0,2023.0,2026.0,True
2512.11438,3.0,2.0,3.0,1.0,2024.0,2024.0,True
2512.11464,11.0,1.0,11.0,2.0,2023.0,2025.0,True
2512.11470,8.0,5.0,8.0,2.0,2023.0,2025.0,True
2512.11558,10.0,1.0,10.0,1.0,2024.0,2024.0,True
2512.11749,3.0,45.0,45.0,2.0,2024.0,2023.0,True
2512.11792,6.0,5.0,6.0,2.0,2023.0,2023.0,True
2512.11798,9.0,34.0,34.0,8.0,2021.0,2017.0,True
2512.11799,11.0,4.0,11.0,10.0,2023.0,2015.0,True
2512.11883,7.0,1.0,7.0,1.0,2024.0,2025.0,True
2512.11891,8.0,8.0,8.0,22.0,2003.0,2025.0,True
2512.11934,1.0,14.0,14.0,13.0,2025.0,2012.0,True
2512.11995,12.0,20.0,20.0,2.0,2023.0,2023.0,True
2512.12072,3.0,9.0,9.0,5.0,2024.0,2020.0,True
2512.12196,5.0,1.0,5.0,1.0,2025.0,2024.0,True
2512.12576,8.0,7.0,8.0,1.0,2024.0,2024.0,True
2512.12602,8.0,258.0,258.0,15.0,2023.0,2010.0,True
2512.12620,0.0,5.0,5.0,16.0,2026.0,2009.0,True
2512.12623,4.0,11.0,11.0,1.0,2024.0,2024.0,True
2512.12675,3.0,4.0,4.0,1.0,2025.0,2024.0,True
2512.12692,4.0,33.0,33.0,9.0,2024.0,2016.0,True
2512.12730,5.0,4.0,5.0,4.0,2021.0,2025.0,True
2512.12751,7.0,12.0,12.0,2.0,2024.0,2023.0,True
2512.12768,9.0,71.0,71.0,12.0,2021.0,2013.0,True
2512.12777,4.0,6.0,6.0,2.0,2023.0,2024.0,True
2512.12799,5.0,12.0,12.0,2.0,2024.0,2023.0,True
2512.12880,10.0,3.0,10.0,3.0,2022.0,2023.0,True
2512.12941,1.0,15.0,15.0,9.0,2024.0,2016.0,True
2512.12967,17.0,2.0,17.0,3.0,2022.0,2022.0,True
2512.12980,7.0,12.0,12.0,2.0,2024.0,2023.0,True
2512.13006,30.0,2.0,30.0,6.0,2019.0,2025.0,True
2512.13043,4.0,8.0,8.0,2.0,2024.0,2023.0,True
2512.13077,12.0,10.0,12.0,14.0,2017.0,2011.0,True
2512.13080,13.0,114.0,114.0,7.0,2023.0,2018.0,True
2512.13106,3.0,44.0,44.0,3.0,2024.0,2022.0,True
2512.13168,8.0,7.0,8.0,3.0,2022.0,2023.0,True
2512.13190,16.0,27.0,27.0,12.0,2022.0,2013.0,True
2512.13250,6.0,9.0,9.0,4.0,2021.0,2023.0,True
2512.13281,3.0,2.0,3.0,2.0,2023.0,2025.0,True
2512.13303,9.0,6.0,9.0,2.0,2023.0,2024.0,True
2512.13313,4.0,9.0,9.0,2.0,2023.0,2023.0,True
2512.13330,0.0,8.0,8.0,1.0,,2024.0,True
2512.13399,6.0,4.0,6.0,1.0,2024.0,2024.0,True
2512.13421,13.0,2.0,13.0,2.0,2023.0,2025.0,True
2512.13427,4.0,147.0,147.0,18.0,2023.0,2007.0,True
2512.13472,1.0,1.0,1.0,1.0,2024.0,2025.0,True
2512.13507,1.0,2.0,2.0,1.0,2024.0,2025.0,True
2512.13525,10.0,17.0,17.0,10.0,2015.0,2018.0,True
2512.13564,1.0,6.0,6.0,1.0,2024.0,2025.0,True
2512.13586,8.0,7.0,8.0,1.0,2024.0,2025.0,True
2512.13592,2.0,4.0,4.0,2.0,2024.0,2023.0,True
2512.13604,11.0,2.0,11.0,2.0,2023.0,2025.0,True
2512.13607,5.0,21.0,21.0,4.0,2021.0,2023.0,True
2512.13655,3.0,3.0,3.0,0.0,2025.0,2025.0,True
2512.13660,14.0,24.0,24.0,2.0,2023.0,2025.0,True
2512.13672,5.0,3.0,5.0,2.0,2023.0,2024.0,True
2512.13674,3.0,2.0,3.0,0.0,2025.0,2025.0,True
2512.13678,4.0,4.0,4.0,5.0,2020.0,2022.0,True
2512.13683,1.0,21.0,21.0,2.0,2025.0,2023.0,True
2512.13687,9.0,4.0,9.0,1.0,2024.0,2024.0,True
2512.13689,7.0,11.0,11.0,7.0,2021.0,2018.0,True
2512.13690,2.0,7.0,7.0,2.0,2024.0,2023.0,True
2512.13874,16.0,9.0,16.0,5.0,2020.0,2023.0,True
2512.13884,13.0,16.0,16.0,3.0,2022.0,2024.0,True
2512.13961,43.0,192.0,192.0,20.0,2005.0,2007.0,True
2512.14008,15.0,43.0,43.0,10.0,2023.0,2015.0,True
2512.14014,15.0,12.0,15.0,2.0,2023.0,2023.0,True
2512.14051,4.0,25.0,25.0,1.0,2025.0,2024.0,True
2512.14052,3.0,1.0,3.0,3.0,2024.0,2022.0,True
2512.14067,8.0,103.0,103.0,10.0,2025.0,2015.0,True
2512.14080,10.0,5.0,10.0,5.0,2020.0,2024.0,True
2512.14202,5.0,5.0,5.0,2.0,2023.0,2023.0,True
2512.14273,22.0,11.0,22.0,4.0,2021.0,2024.0,True
2512.14284,5.0,72.0,72.0,5.0,2023.0,2020.0,True
2512.14336,16.0,51.0,51.0,11.0,2014.0,2023.0,True
2512.14391,29.0,3.0,29.0,6.0,2019.0,2025.0,True
2512.14440,11.0,21.0,21.0,2.0,2023.0,2023.0,True
2512.14442,6.0,5.0,6.0,2.0,2024.0,2023.0,True
2512.14503,6.0,2.0,6.0,1.0,2024.0,2025.0,True
2512.14531,4.0,19.0,19.0,4.0,2023.0,2021.0,True
2512.14550,8.0,9.0,9.0,16.0,2020.0,2009.0,True
2512.14614,9.0,5.0,9.0,3.0,2023.0,2022.0,True
2512.14620,15.0,22.0,22.0,3.0,2022.0,2022.0,True
2512.14666,15.0,13.0,15.0,2.0,2023.0,2023.0,True
2512.14681,11.0,1.0,11.0,2.0,2023.0,2025.0,True
2512.14691,25.0,9.0,25.0,6.0,2019.0,2024.0,True
2512.14693,12.0,3.0,12.0,2.0,2023.0,2025.0,True
2512.14696,6.0,5.0,6.0,2.0,2023.0,2025.0,True
2512.14697,23.0,6.0,23.0,8.0,2017.0,2022.0,True
2512.14698,2.0,10.0,10.0,1.0,2024.0,2024.0,True
2512.14699,7.0,32.0,32.0,3.0,2022.0,2024.0,True
2512.14719,2.0,2.0,2.0,0.0,2025.0,2025.0,True
2512.14805,1.0,4.0,4.0,1.0,2025.0,2024.0,True
2512.14870,2.0,62.0,62.0,8.0,2024.0,2017.0,True
2512.14884,6.0,7.0,7.0,15.0,2023.0,2010.0,True
2512.14944,7.0,71.0,71.0,31.0,2019.0,1994.0,True
2512.15031,12.0,94.0,94.0,22.0,2018.0,2003.0,True
2512.15110,35.0,53.0,53.0,2.0,2023.0,2023.0,True
2512.15176,0.0,8.0,8.0,1.0,2026.0,2024.0,True
2512.15182,5.0,25.0,25.0,7.0,2024.0,2018.0,True
2512.15340,11.0,109.0,109.0,10.0,2024.0,2015.0,True
2512.15374,16.0,14.0,16.0,4.0,2021.0,2024.0,True
2512.15431,5.0,23.0,23.0,1.0,2025.0,2024.0,True
2512.15489,11.0,24.0,24.0,8.0,2023.0,2017.0,True
2512.15528,10.0,108.0,108.0,18.0,2022.0,2007.0,True
2512.15560,5.0,51.0,51.0,4.0,2025.0,2021.0,True
2512.15586,10.0,9.0,10.0,4.0,2021.0,2021.0,True
2512.15603,2.0,1.0,2.0,1.0,2024.0,2025.0,True
2512.15635,2.0,3.0,3.0,4.0,2024.0,2021.0,True
2512.15649,9.0,4.0,9.0,1.0,2024.0,2025.0,True
2512.15687,10.0,17.0,17.0,1.0,2025.0,2024.0,True
2512.15693,2.0,46.0,46.0,2.0,2024.0,2023.0,True
2512.15699,15.0,6.0,15.0,2.0,2023.0,2023.0,True
2512.15702,13.0,5.0,13.0,6.0,2019.0,2024.0,True
2512.15713,1.0,17.0,17.0,7.0,2024.0,2018.0,True
2512.15715,7.0,6.0,7.0,4.0,2023.0,2021.0,True
2512.15716,7.0,3.0,7.0,10.0,2015.0,2024.0,True
2512.15745,2.0,8.0,8.0,2.0,2024.0,2023.0,True
2512.15907,16.0,2.0,16.0,6.0,2022.0,2019.0,True
2512.16041,1.0,32.0,32.0,2.0,2025.0,2023.0,True
2512.16093,20.0,25.0,25.0,4.0,2021.0,2024.0,True
2512.16106,2.0,5.0,5.0,26.0,2024.0,1999.0,True
2512.16144,1.0,7.0,7.0,2.0,2025.0,2023.0,True
2512.16229,2.0,18.0,18.0,2.0,2025.0,2023.0,True
2512.16301,7.0,5.0,7.0,4.0,2022.0,2021.0,True
2512.16378,41.0,8.0,41.0,5.0,2020.0,2023.0,True
2512.16483,13.0,15.0,15.0,2.0,2023.0,2023.0,True
2512.16501,2.0,5.0,5.0,0.0,2025.0,2025.0,True
2512.16561,5.0,0.0,5.0,1.0,2024.0,2025.0,True
2512.16615,15.0,25.0,25.0,15.0,2010.0,2023.0,True
2512.16625,8.0,24.0,24.0,3.0,2023.0,2022.0,True
2512.16636,0.0,3.0,3.0,0.0,,2025.0,True
2512.16649,14.0,15.0,15.0,4.0,2022.0,2021.0,True
2512.16670,0.0,3.0,3.0,1.0,,2024.0,True
2512.16676,3.0,5.0,5.0,0.0,2025.0,2025.0,True
2512.16760,3.0,4.0,4.0,1.0,2025.0,2024.0,True
2512.16767,6.0,96.0,96.0,10.0,2022.0,2015.0,True
2512.16776,5.0,1.0,5.0,2.0,2023.0,2025.0,True
2512.16793,13.0,6.0,13.0,2.0,2023.0,2024.0,True
2512.16848,8.0,25.0,25.0,6.0,2019.0,2020.0,True
2512.16864,5.0,25.0,25.0,2.0,2023.0,2024.0,True
2512.16899,6.0,63.0,63.0,17.0,2024.0,2008.0,True
2512.16900,10.0,5.0,10.0,2.0,2023.0,2025.0,True
2512.16905,6.0,33.0,33.0,3.0,2022.0,2024.0,True
2512.16909,2.0,211.0,211.0,20.0,2025.0,2005.0,True
2512.16912,4.0,2.0,4.0,1.0,2024.0,2025.0,True
2512.16913,16.0,9.0,16.0,2.0,2023.0,2023.0,True
2512.16915,4.0,3.0,4.0,1.0,2024.0,2025.0,True
2512.16918,62.0,14.0,62.0,12.0,2013.0,2021.0,True
2512.16920,15.0,20.0,20.0,5.0,2020.0,2022.0,True
2512.16921,8.0,1.0,8.0,4.0,2021.0,2025.0,True
2512.16922,10.0,3.0,10.0,10.0,2023.0,2015.0,True
2512.16923,1.0,4.0,4.0,1.0,2025.0,2024.0,True
2512.16924,4.0,8.0,8.0,1.0,2024.0,2024.0,True
2512.16969,23.0,10.0,23.0,7.0,2023.0,2018.0,True
2512.16978,4.0,122.0,122.0,12.0,2024.0,2013.0,True
2512.17008,5.0,24.0,24.0,1.0,2024.0,2024.0,True
2512.17012,6.0,15.0,15.0,2.0,2024.0,2023.0,True
2512.17040,11.0,52.0,52.0,9.0,2016.0,2023.0,True
2512.17102,22.0,15.0,22.0,5.0,2020.0,2022.0,True
2512.17206,3.0,7.0,7.0,2.0,2023.0,2024.0,True
2512.17220,4.0,5.0,5.0,3.0,2022.0,2025.0,True
2512.17260,6.0,6.0,6.0,2.0,2025.0,2023.0,True
2512.17351,123.0,123.0,123.0,16.0,2009.0,2009.0,True
2512.17385,134.0,8.0,134.0,6.0,2019.0,2023.0,True
2512.17419,5.0,0.0,5.0,2.0,2023.0,,True
2512.17459,0.0,10.0,10.0,20.0,,2005.0,True
2512.17495,2.0,1.0,2.0,1.0,2024.0,2025.0,True
2512.17504,3.0,53.0,53.0,2.0,2024.0,2023.0,True
2512.17532,1.0,2.0,2.0,4.0,2021.0,2024.0,True
2512.17648,63.0,134.0,134.0,25.0,2020.0,2000.0,True
2512.17650,2.0,91.0,91.0,9.0,2024.0,2016.0,True
2512.17796,2.0,4.0,4.0,1.0,2024.0,2024.0,True
2512.17897,1.0,92.0,92.0,13.0,2024.0,2012.0,True
2512.17901,4.0,4.0,4.0,1.0,2024.0,2025.0,True
2512.17909,20.0,5.0,20.0,5.0,2020.0,2024.0,True
2512.18003,2.0,41.0,41.0,17.0,2024.0,2008.0,True
2512.18099,25.0,2.0,25.0,2.0,2023.0,2024.0,True
2512.18184,11.0,7.0,11.0,5.0,2020.0,2024.0,True
2512.18314,0.0,11.0,11.0,20.0,,2005.0,True
2512.18470,4.0,44.0,44.0,8.0,2023.0,2017.0,True
2512.18542,2.0,2.0,2.0,26.0,1999.0,1999.0,True
2512.18658,3.0,0.0,3.0,14.0,2011.0,,True
2512.18745,1.0,7.0,7.0,14.0,2025.0,2011.0,True
2512.18746,4.0,7.0,7.0,0.0,2025.0,2025.0,True
2512.18832,11.0,14.0,14.0,6.0,2019.0,2024.0,True
2512.18880,36.0,21.0,36.0,3.0,2022.0,2023.0,True
2512.19012,2.0,0.0,2.0,2.0,2023.0,2026.0,True
2512.19134,1.0,2.0,2.0,2.0,2025.0,2023.0,True
2512.19399,3.0,3.0,3.0,0.0,2025.0,2025.0,True
2512.19402,0.0,2.0,2.0,2.0,2025.0,2023.0,True
2512.19432,6.0,1.0,6.0,1.0,2024.0,2025.0,True
2512.19526,4.0,24.0,24.0,28.0,1997.0,2019.0,True
2512.19535,5.0,3.0,5.0,3.0,2022.0,2025.0,True
2512.19539,4.0,1.0,4.0,2.0,2023.0,2025.0,True
2512.19629,3.0,50.0,50.0,2.0,2025.0,2023.0,True
2512.19661,10.0,3.0,10.0,8.0,2017.0,2023.0,True
2512.19673,6.0,28.0,28.0,3.0,2024.0,2022.0,True
2512.19678,5.0,19.0,19.0,3.0,2023.0,2022.0,True
2512.19680,3.0,4.0,4.0,1.0,2024.0,2024.0,True
2512.19682,27.0,15.0,27.0,2.0,2023.0,2024.0,True
2512.19693,3.0,18.0,18.0,5.0,2025.0,2020.0,True
2512.19823,12.0,3.0,12.0,6.0,2022.0,2019.0,True
2512.19949,10.0,60.0,60.0,37.0,2023.0,1988.0,True
2512.19995,37.0,22.0,37.0,3.0,2022.0,2023.0,True
2512.20092,11.0,5.0,11.0,2.0,2023.0,2024.0,True
2512.20144,9.0,6.0,9.0,3.0,2022.0,2025.0,True
2512.20182,28.0,10.0,28.0,5.0,2020.0,2024.0,True
2512.20292,2.0,5.0,5.0,35.0,2025.0,1990.0,True
2512.20352,5.0,10.0,10.0,4.0,2024.0,2021.0,True
2512.20491,13.0,7.0,13.0,1.0,2024.0,2025.0,True
2512.20557,3.0,13.0,13.0,2.0,2023.0,2024.0,True
2512.20605,24.0,8.0,24.0,7.0,2018.0,2023.0,True
2512.20615,20.0,3.0,20.0,2.0,2023.0,2024.0,True
2512.20617,8.0,5.0,8.0,2.0,2023.0,2024.0,True
2512.20618,12.0,3.0,12.0,1.0,2024.0,2024.0,True
2512.20619,5.0,11.0,11.0,0.0,2025.0,2025.0,True
2512.20757,0.0,44.0,44.0,6.0,,2019.0,True
2512.20848,1.0,3.0,3.0,1.0,2025.0,2024.0,True
2512.20856,2.0,4.0,4.0,1.0,2025.0,2024.0,True
2512.20927,9.0,4.0,9.0,4.0,2021.0,2024.0,True
2512.21004,2.0,2.0,2.0,1.0,2024.0,2024.0,True
2512.21008,47.0,18.0,47.0,8.0,2017.0,2017.0,True
2512.21010,7.0,48.0,48.0,9.0,2025.0,2016.0,True
2512.21094,2.0,1.0,2.0,0.0,2025.0,2025.0,True
2512.21185,3.0,16.0,16.0,5.0,2023.0,2020.0,True
2512.21218,4.0,49.0,49.0,8.0,2025.0,2017.0,True
2512.21227,8.0,25.0,25.0,6.0,2024.0,2019.0,True
2512.21252,8.0,5.0,8.0,3.0,2024.0,2022.0,True
2512.21332,1.0,8.0,8.0,2.0,2025.0,2023.0,True
2512.21334,9.0,11.0,11.0,3.0,2022.0,2023.0,True
2512.21337,0.0,5.0,5.0,1.0,,2024.0,True
2512.21338,3.0,32.0,32.0,10.0,2025.0,2015.0,True
2512.21507,4.0,3.0,4.0,1.0,2024.0,2024.0,True
2512.21625,16.0,7.0,16.0,12.0,2013.0,2025.0,True
2512.21643,6.0,16.0,16.0,4.0,2021.0,2024.0,True
2512.21675,9.0,119.0,119.0,7.0,2021.0,2018.0,True
2512.21720,5.0,4.0,5.0,9.0,2016.0,2024.0,True
2512.21734,1.0,14.0,14.0,2.0,2025.0,2023.0,True
2512.21859,3.0,10.0,10.0,2.0,2024.0,2023.0,True
2512.21919,0.0,11.0,11.0,1.0,2026.0,2024.0,True
2512.21980,2.0,2.0,2.0,0.0,2025.0,2025.0,True
2512.22047,2.0,2.0,2.0,0.0,2025.0,2025.0,True
2512.22096,4.0,4.0,4.0,1.0,2025.0,2024.0,True
2512.22100,17.0,17.0,17.0,9.0,2016.0,2016.0,True
2512.22118,1.0,1.0,1.0,0.0,2025.0,2025.0,True
2512.22120,2.0,8.0,8.0,13.0,2025.0,2012.0,True
2512.22206,5.0,5.0,5.0,1.0,2024.0,2024.0,True
2512.22234,5.0,3.0,5.0,1.0,2024.0,2024.0,True
2512.22238,3.0,13.0,13.0,1.0,2025.0,2024.0,True
2512.22255,4.0,38.0,38.0,5.0,2024.0,2020.0,True
2512.22322,2.0,12.0,12.0,1.0,2025.0,2024.0,True
2512.22323,1.0,9.0,9.0,2.0,2025.0,2023.0,True
2512.22342,2.0,52.0,52.0,2.0,2024.0,2023.0,True
2512.22374,5.0,19.0,19.0,5.0,2024.0,2020.0,True
2512.22431,1.0,0.0,1.0,0.0,2025.0,2025.0,True
2512.22469,1.0,2.0,2.0,0.0,2025.0,2025.0,True
2512.22525,13.0,8.0,13.0,5.0,2020.0,2023.0,True
2512.22615,27.0,18.0,27.0,6.0,2019.0,2023.0,True
2512.22984,9.0,8.0,9.0,25.0,2018.0,2000.0,True
2512.23044,1.0,0.0,1.0,0.0,2025.0,2025.0,True
2512.23162,22.0,8.0,22.0,4.0,2021.0,2024.0,True
2512.23165,9.0,2.0,9.0,1.0,2024.0,2025.0,True
2512.23222,3.0,8.0,8.0,1.0,2024.0,2025.0,True
2512.23236,3.0,1.0,3.0,2.0,2023.0,2025.0,True
2512.23273,6.0,15.0,15.0,10.0,2023.0,2015.0,True
2512.23447,26.0,5.0,26.0,3.0,2022.0,2025.0,True
2512.23541,4.0,2.0,4.0,0.0,2025.0,2025.0,True
2512.23573,3.0,1.0,3.0,1.0,2024.0,2025.0,True
2512.23576,15.0,9.0,15.0,2.0,2023.0,2024.0,True
2512.23646,12.0,12.0,12.0,1.0,2024.0,2024.0,True
2512.23647,11.0,58.0,58.0,2.0,2023.0,2023.0,True
2512.23675,5.0,3.0,5.0,2.0,2023.0,2023.0,True
2512.23676,1.0,1.0,1.0,5.0,2020.0,2025.0,True
2512.23703,8.0,26.0,26.0,1.0,2024.0,2025.0,True
2512.23705,11.0,6.0,11.0,2.0,2023.0,2025.0,True
2512.23707,23.0,19.0,23.0,9.0,2016.0,2022.0,True
2512.23709,4.0,4.0,4.0,9.0,2016.0,2024.0,True
