arxiv_id_clean,ss_found,citation_count,influential_citations,reference_count,ss_pub_date,max_hindex,mean_hindex,last_author_hindex
2305.00606,1,5.0,0.0,31.0,2023-05-01,5.0,4.0,3.0
2305.00633,1,283.0,25.0,52.0,2023-05-01,31.0,14.857142857142858,12.0
2305.00833,1,40.0,0.0,50.0,2023-05-01,107.0,47.8,35.0
2305.00844,1,170.0,22.0,42.0,2023-05-01,33.0,11.333333333333334,33.0
2305.00926,1,4.0,0.0,42.0,2023-05-01,86.0,29.4,86.0
2305.00944,1,333.0,25.0,32.0,2023-05-01,85.0,38.5,85.0
2305.00948,1,17.0,2.0,83.0,2023-05-01,13.0,7.0,6.0
2305.00955,1,78.0,9.0,153.0,2023-05-01,92.0,22.90909090909091,19.0
2305.00969,1,15.0,4.0,20.0,2023-05-01,7.0,4.25,7.0
2305.01011,1,5.0,0.0,22.0,2023-05-01,34.0,16.0,34.0
2305.01020,1,18.0,0.0,59.0,2023-05-01,140.0,43.25,140.0
2305.01028,1,6.0,1.0,24.0,2023-05-01,16.0,6.666666666666667,16.0
2305.01050,1,7.0,0.0,28.0,2023-05-01,40.0,23.0,40.0
2305.01082,1,13.0,0.0,16.0,2023-05-01,29.0,9.0,5.0
2305.01099,1,7.0,0.0,28.0,2023-05-01,12.0,6.25,12.0
2305.01145,1,3.0,0.0,48.0,2023-05-02,23.0,10.0,23.0
2305.01146,1,45.0,1.0,45.0,2023-05-02,29.0,12.416666666666666,7.0
2305.01155,1,4.0,1.0,84.0,2023-05-02,42.0,19.454545454545453,24.0
2305.03507,1,32.0,1.0,39.0,2023-05-02,30.0,20.0,17.0
2305.01181,1,39.0,1.0,83.0,2023-05-02,26.0,15.5,14.0
2305.03503,1,10.0,0.0,38.0,2023-05-02,28.0,17.6,17.0
2305.01194,1,7.0,1.0,6.0,2023-05-02,86.0,21.444444444444443,86.0
2305.01195,1,5.0,0.0,27.0,2023-05-02,17.0,8.4,17.0
2305.01210,1,1815.0,172.0,93.0,2023-05-02,50.0,21.25,50.0
2305.01211,1,12.0,0.0,37.0,2023-05-02,13.0,7.333333333333333,13.0
2305.01219,1,141.0,6.0,57.0,2023-05-02,36.0,20.8,16.0
2305.01253,1,3.0,0.0,12.0,2023-05-02,49.0,31.333333333333332,49.0
2305.01278,1,106.0,10.0,61.0,2023-05-02,55.0,23.571428571428573,55.0
2305.03501,1,0.0,0.0,39.0,2023-05-02,6.0,5.0,4.0
2305.01323,1,1.0,0.0,45.0,2023-05-02,46.0,14.0,46.0
2305.01384,1,3.0,0.0,30.0,2023-05-02,23.0,8.571428571428571,18.0
2305.01427,1,0.0,0.0,37.0,2023-05-02,0.0,0.0,0.0
2305.01437,1,2.0,1.0,29.0,2023-05-02,61.0,36.5,61.0
2305.03510,1,6.0,0.0,53.0,2023-05-02,30.0,16.0,30.0
2305.01447,1,12.0,0.0,41.0,2023-05-02,101.0,34.4,45.0
2305.01498,1,30.0,2.0,30.0,2023-05-02,98.0,47.0,36.0
2305.01526,1,78.0,10.0,65.0,2023-05-02,42.0,14.444444444444445,31.0
2305.03511,1,1.0,0.0,59.0,2023-05-02,6.0,4.5,3.0
2305.01528,1,20.0,3.0,48.0,2023-05-02,71.0,20.8,71.0
2305.01550,1,2.0,0.0,28.0,2023-05-02,8.0,8.0,8.0
2305.00604,1,6.0,0.0,42.0,2023-05-01,54.0,25.285714285714285,54.0
2305.00607,1,37.0,3.0,54.0,2023-05-01,56.0,23.166666666666668,34.0
2305.00620,1,0.0,0.0,46.0,2023-05-01,21.0,9.8,8.0
2305.00627,1,8.0,0.0,18.0,2023-05-01,52.0,11.181818181818182,15.0
2305.00630,1,13.0,0.0,50.0,2023-05-01,9.0,7.0,9.0
2305.00635,1,2.0,0.0,72.0,2023-05-01,24.0,11.5,4.0
2305.04743,1,6.0,0.0,30.0,2023-05-01,9.0,3.0,1.0
2305.00640,1,12.0,0.0,56.0,2023-05-01,26.0,9.428571428571429,21.0
2305.00646,1,10.0,0.0,46.0,2023-05-01,37.0,15.142857142857142,37.0
2305.00986,1,4.0,1.0,7.0,2023-05-01,1.0,1.0,1.0
2305.00650,1,101.0,16.0,87.0,2023-05-01,56.0,26.25,56.0
2305.00666,1,62.0,10.0,51.0,2023-05-01,29.0,11.142857142857142,1.0
2305.00671,1,16.0,0.0,69.0,2023-05-01,39.0,16.6,22.0
2305.00673,1,315.0,78.0,51.0,2023-05-01,34.0,16.8,16.0
2305.00675,1,22.0,3.0,38.0,2023-05-01,6.0,4.0,6.0
2305.00678,1,48.0,0.0,43.0,2023-05-01,38.0,14.333333333333334,8.0
2305.00679,1,36.0,2.0,45.0,2023-05-01,36.0,19.666666666666668,36.0
2305.00691,1,5.0,1.0,64.0,2023-05-01,18.0,10.0,18.0
2305.00696,1,10.0,0.0,25.0,2023-05-01,44.0,19.833333333333332,31.0
2305.00715,1,0.0,0.0,10.0,2023-05-01,4.0,2.0,0.0
2305.00716,1,25.0,1.0,79.0,2023-05-01,55.0,16.166666666666668,55.0
2305.00718,1,0.0,0.0,30.0,2023-05-01,6.0,3.25,6.0
2305.00729,1,125.0,16.0,50.0,2023-05-01,38.0,17.6,38.0
2305.00738,1,7.0,0.0,71.0,2023-05-01,38.0,22.0,38.0
2305.00767,1,17.0,2.0,92.0,2023-05-01,28.0,15.0,17.0
2305.00773,1,7.0,0.0,14.0,2023-05-01,41.0,41.0,41.0
2305.00787,1,59.0,9.0,51.0,2023-05-01,50.0,22.8,28.0
2305.00795,1,11.0,0.0,65.0,2023-05-01,51.0,13.571428571428571,51.0
2305.00817,1,35.0,0.0,237.0,2023-05-01,46.0,19.0,46.0
2305.00837,1,6.0,0.0,61.0,2023-05-01,19.0,7.2,19.0
2305.00866,1,6.0,2.0,44.0,2023-05-01,33.0,18.0,28.0
2305.00923,1,8.0,1.0,36.0,2022-04-01,14.0,8.0,2.0
2305.00936,1,12.0,0.0,50.0,2023-05-01,7.0,6.25,7.0
2305.00942,1,70.0,7.0,80.0,2023-05-01,60.0,21.428571428571427,60.0
2305.00950,1,7.0,1.0,15.0,2023-04-07,36.0,14.75,17.0
2305.00970,1,9.0,0.0,50.0,2023-05-01,112.0,32.416666666666664,60.0
2305.01021,1,127.0,2.0,62.0,2023-05-01,69.0,43.75,42.0
2305.01040,1,49.0,1.0,51.0,2023-05-01,22.0,11.25,22.0
2305.01044,1,3.0,0.0,25.0,2023-05-01,39.0,17.0,12.0
2305.01058,1,1.0,0.0,10.0,2023-05-01,1.0,1.0,1.0
2305.00605,1,12.0,0.0,31.0,2023-05-01,12.0,6.2,12.0
2305.00608,1,7.0,2.0,103.0,2023-05-01,25.0,15.75,15.0
2305.00985,1,5.0,0.0,16.0,2023-05-01,20.0,13.333333333333334,10.0
2305.01507,1,11.0,0.0,70.0,2023-05-01,86.0,37.0,47.0
2305.00619,1,3.0,0.0,25.0,2023-05-01,35.0,13.0,35.0
2305.00621,1,14.0,2.0,45.0,2023-05-01,12.0,12.0,12.0
2305.00623,1,3.0,0.0,47.0,2023-05-01,10.0,6.333333333333333,10.0
2305.00624,1,144.0,2.0,64.0,2023-05-01,27.0,10.4,27.0
2305.01519,1,6.0,0.0,49.0,2023-05-01,11.0,5.4,0.0
2305.00654,1,6.0,0.0,81.0,2023-05-01,90.0,28.714285714285715,17.0
2305.00660,1,40.0,0.0,59.0,2023-05-01,13.0,11.333333333333334,11.0
2305.00663,1,3.0,0.0,5.0,2023-05-01,6.0,6.0,6.0
2305.00664,1,8.0,0.0,78.0,2023-05-01,19.0,11.833333333333334,17.0
2305.00677,1,7.0,0.0,45.0,2023-05-01,65.0,29.0,12.0
2305.00684,1,15.0,1.0,0.0,2023-05-01,58.0,41.5,58.0
2305.01475,1,6.0,0.0,83.0,2023-05-01,6.0,5.0,4.0
2305.00706,1,12.0,1.0,26.0,2023-05-01,12.0,7.5,6.0
2305.01473,1,3.0,0.0,59.0,2023-05-01,54.0,25.4,31.0
2305.00723,1,3.0,0.0,90.0,2023-05-01,31.0,16.75,31.0
2305.00724,1,5.0,2.0,39.0,2023-05-01,8.0,7.0,6.0
2305.00735,1,47.0,4.0,58.0,2023-05-01,54.0,23.333333333333332,54.0
2305.00769,1,9.0,2.0,31.0,2023-05-01,12.0,8.333333333333334,12.0
2305.00771,1,14.0,1.0,50.0,2023-05-01,71.0,26.25,17.0
2305.00780,1,17.0,1.0,46.0,2023-05-01,48.0,24.2,48.0
2305.00798,1,2.0,0.0,26.0,2023-05-01,11.0,5.0,2.0
2305.00805,1,9.0,0.0,46.0,2023-05-01,41.0,19.333333333333332,9.0
2305.02323,1,1.0,0.0,50.0,2023-05-01,5.0,3.0,5.0
2305.00832,1,17.0,1.0,31.0,2023-05-01,28.0,17.2,26.0
2305.00851,1,25.0,1.0,64.0,2023-05-01,53.0,19.75,53.0
2305.02213,1,0.0,0.0,31.0,2023-05-01,39.0,27.0,39.0
2305.00869,1,19.0,4.0,27.0,2023-05-01,31.0,14.2,31.0
2306.00253,1,8.0,1.0,84.0,2023-06-01,18.0,10.714285714285714,8.0
2306.00288,1,12.0,4.0,50.0,2023-06-01,46.0,24.0,46.0
2306.00301,1,4.0,0.0,24.0,2023-06-01,4.0,2.5,4.0
2306.01015,1,11.0,0.0,49.0,2023-06-01,69.0,30.88888888888889,69.0
2306.00346,1,2.0,0.0,19.0,2023-06-01,13.0,10.5,13.0
2306.01016,1,4.0,0.0,40.0,2023-06-01,41.0,18.857142857142858,5.0
2306.00369,1,12.0,0.0,22.0,2023-06-01,33.0,11.6,33.0
2306.00374,1,8.0,1.0,57.0,2023-06-01,26.0,10.25,26.0
2306.00377,1,0.0,0.0,20.0,2023-06-01,11.0,8.5,11.0
2306.00398,1,37.0,4.0,129.0,2023-06-01,39.0,19.0,8.0
2306.00400,1,2.0,0.0,21.0,2023-06-01,35.0,21.333333333333332,35.0
2306.00410,1,7.0,1.0,36.0,2023-06-01,29.0,9.8,29.0
2306.00418,1,28.0,2.0,37.0,2023-06-01,22.0,8.625,3.0
2306.00424,1,33.0,5.0,52.0,2023-06-01,32.0,18.4,32.0
2306.00434,1,22.0,1.0,54.0,2023-06-01,39.0,18.75,5.0
2306.00435,1,8.0,0.0,21.0,2023-06-01,53.0,16.833333333333332,53.0
2306.00437,1,4.0,1.0,29.0,2023-06-01,35.0,13.75,35.0
2306.00445,1,0.0,0.0,32.0,2023-06-01,1.0,0.6666666666666666,1.0
2306.00458,1,17.0,1.0,47.0,2023-06-01,31.0,14.75,31.0
2306.00477,1,36.0,2.0,76.0,2023-06-01,18.0,11.333333333333334,18.0
2306.00480,1,3.0,0.0,54.0,2023-06-01,14.0,6.0,14.0
2306.00482,1,2.0,0.0,118.0,2023-06-01,27.0,15.0,27.0
2306.00502,1,49.0,9.0,39.0,2023-06-01,38.0,15.666666666666666,38.0
2306.00503,1,31.0,2.0,126.0,2023-06-01,13.0,7.285714285714286,13.0
2306.00526,1,36.0,4.0,83.0,2023-06-01,20.0,11.75,20.0
2306.00535,1,0.0,0.0,30.0,2023-06-01,15.0,9.75,15.0
2306.00539,1,19.0,2.0,168.0,2023-06-01,44.0,15.0,8.0
2306.00550,1,2.0,0.0,17.0,2023-06-01,2.0,2.0,2.0
2306.00551,1,1.0,0.0,19.0,2023-06-01,11.0,7.666666666666667,7.0
2306.03773,1,7.0,1.0,35.0,2023-06-01,31.0,17.5,31.0
2306.00618,1,23.0,0.0,68.0,2023-06-01,66.0,29.0,66.0
2306.00639,1,19.0,3.0,67.0,2023-06-01,46.0,18.0,46.0
2306.00645,1,7.0,2.0,36.0,2023-06-01,56.0,31.0,56.0
2306.00652,1,2.0,1.0,49.0,2023-06-01,21.0,15.25,6.0
2306.00660,1,1.0,0.0,23.0,2023-06-01,23.0,11.4,22.0
2306.00665,1,7.0,1.0,17.0,2023-06-01,20.0,13.5,20.0
2306.00667,1,10.0,0.0,35.0,2023-06-01,57.0,22.0,5.0
2306.00672,1,22.0,0.0,34.0,2023-06-01,57.0,25.0,57.0
2306.00697,1,3.0,0.0,31.0,2023-06-01,42.0,17.0,42.0
2306.00262,1,2.0,1.0,47.0,2023-06-01,24.0,12.5,24.0
2306.00265,1,21.0,5.0,55.0,2023-06-01,42.0,17.714285714285715,32.0
2306.00272,1,3.0,0.0,11.0,2023-06-01,9.0,7.0,9.0
2306.00283,1,9.0,0.0,42.0,2023-06-01,53.0,31.333333333333332,53.0
2306.00294,1,10.0,3.0,25.0,2023-06-01,67.0,33.5,43.0
2306.00299,1,2.0,0.0,14.0,2023-06-01,1.0,1.0,1.0
2306.00303,1,4.0,0.0,199.0,2023-06-01,26.0,10.5,19.0
2306.00306,1,325.0,27.0,81.0,2023-06-01,46.0,19.4,46.0
2306.00310,1,7.0,0.0,46.0,2023-06-01,28.0,18.0,19.0
2306.00349,1,15.0,4.0,70.0,2023-06-01,46.0,20.0,46.0
2306.00354,1,39.0,6.0,84.0,2023-06-01,13.0,8.857142857142858,12.0
2306.00360,1,0.0,0.0,11.0,2023-06-01,2.0,1.5,2.0
2306.00370,1,12.0,0.0,21.0,2023-06-01,44.0,16.0,44.0
2306.00379,1,16.0,1.0,14.0,2023-06-01,19.0,8.25,19.0
2306.00385,1,42.0,5.0,14.0,2023-06-01,36.0,19.5,36.0
2306.00386,1,31.0,5.0,69.0,2022-10-10,49.0,22.333333333333332,15.0
2306.06113,1,13.0,0.0,48.0,2023-06-01,12.0,8.666666666666666,5.0
2306.00393,1,1.0,0.0,40.0,2023-06-01,32.0,12.857142857142858,18.0
2306.00396,1,53.0,6.0,83.0,2023-06-01,29.0,16.5,17.0
2306.00402,1,9.0,0.0,35.0,2023-06-01,67.0,32.0,67.0
2306.00407,1,7.0,0.0,76.0,2023-06-01,26.0,10.4,4.0
2306.00409,1,2.0,0.0,82.0,2023-06-01,62.0,24.0,62.0
2306.00416,1,61.0,2.0,58.0,2023-06-01,22.0,7.333333333333333,3.0
2306.00421,1,3.0,0.0,29.0,2023-06-01,22.0,9.714285714285714,12.0
2306.00427,1,3.0,0.0,52.0,2023-06-01,8.0,5.0,8.0
2306.00440,1,66.0,1.0,54.0,2023-06-01,22.0,11.333333333333334,2.0
2306.00446,1,0.0,0.0,26.0,2023-06-01,5.0,2.5,0.0
2306.00450,1,12.0,0.0,59.0,2023-06-01,75.0,23.333333333333332,5.0
2306.00451,1,33.0,4.0,31.0,2023-06-01,31.0,18.8,29.0
2306.00455,1,0.0,0.0,34.0,2023-06-01,1.0,1.0,1.0
2306.00473,1,2.0,0.0,20.0,2023-06-01,39.0,15.166666666666666,2.0
2306.00483,1,5.0,1.0,14.0,2023-06-01,50.0,31.666666666666668,33.0
2306.00499,1,70.0,7.0,29.0,2023-06-01,24.0,15.0,24.0
2306.00501,1,14.0,1.0,50.0,2023-06-01,19.0,11.25,17.0
2306.00519,1,25.0,0.0,53.0,2023-06-01,41.0,15.333333333333334,3.0
2306.00256,1,13.0,1.0,47.0,2023-06-01,80.0,26.2,80.0
2306.00258,1,158.0,4.0,58.0,2023-06-01,99.0,51.142857142857146,44.0
2306.00267,1,6.0,1.0,34.0,2023-06-01,4.0,2.5,1.0
2307.08649,1,1.0,0.0,23.0,2023-06-01,32.0,14.6,32.0
2306.07981,1,2.0,0.0,42.0,2023-06-01,53.0,22.6,53.0
2306.01012,1,1.0,0.0,26.0,2023-04-30,32.0,13.0,32.0
2306.00280,1,8.0,0.0,19.0,2023-06-01,40.0,25.6,18.0
2306.00281,1,2.0,0.0,23.0,2023-06-01,16.0,8.5,16.0
2306.00284,1,18.0,1.0,26.0,2023-06-01,30.0,14.222222222222221,12.0
2306.00295,1,1.0,0.0,34.0,2023-06-01,31.0,13.6,31.0
2306.00297,1,299.0,52.0,34.0,2023-06-01,65.0,24.5,65.0
2306.00312,1,14.0,2.0,75.0,2023-06-01,17.0,14.5,17.0
2306.00315,1,35.0,5.0,40.0,2023-06-01,47.0,17.6,47.0
2306.00317,1,60.0,3.0,59.0,2023-06-01,17.0,10.5,17.0
2306.00321,1,13.0,0.0,50.0,2023-06-01,25.0,17.75,13.0
2306.00323,1,43.0,3.0,65.0,2023-06-01,53.0,30.5,53.0
2306.00324,1,8.0,0.0,55.0,2023-06-01,74.0,33.666666666666664,74.0
2306.17169,1,0.0,0.0,42.0,2023-06-01,8.0,4.5,8.0
2306.00338,1,5.0,1.0,33.0,2023-06-01,44.0,21.25,44.0
2306.00342,1,8.0,1.0,74.0,2023-06-01,5.0,5.0,5.0
2306.00344,1,17.0,0.0,91.0,2023-06-01,18.0,8.8,18.0
2306.00352,1,2.0,1.0,33.0,2023-06-01,57.0,22.333333333333332,57.0
2306.00353,1,4.0,0.0,57.0,2023-06-01,4.0,4.0,4.0
2306.00356,1,17.0,1.0,20.0,2023-06-01,10.0,7.0,10.0
2306.00357,1,3.0,1.0,55.0,2023-06-01,10.0,7.666666666666667,10.0
2306.00361,1,6.0,1.0,52.0,2023-06-01,13.0,11.0,13.0
2306.00367,1,13.0,0.0,27.0,2023-06-01,102.0,32.333333333333336,102.0
2306.00381,1,30.0,2.0,50.0,2023-06-01,99.0,28.8,99.0
2306.00382,1,3.0,0.0,61.0,2023-06-01,25.0,14.5,25.0
2307.00186,1,30.0,0.0,33.0,2023-07-01,15.0,12.0,9.0
2307.01214,1,0.0,0.0,2.0,2023-07-01,59.0,21.0,8.0
2307.00209,1,1.0,0.0,28.0,2023-07-01,14.0,8.5,14.0
2307.01216,1,2.0,0.0,31.0,2023-07-01,41.0,23.5,41.0
2307.00259,1,24.0,3.0,60.0,2023-07-01,23.0,11.4,18.0
2307.00266,1,0.0,0.0,21.0,2023-07-01,22.0,9.5,3.0
2307.00279,1,9.0,1.0,114.0,2023-07-01,36.0,19.25,36.0
2307.00335,1,10.0,2.0,39.0,2023-07-01,18.0,13.0,18.0
2307.00342,1,2.0,0.0,36.0,2023-07-01,25.0,13.75,12.0
2307.00360,1,28.0,0.0,35.0,2023-07-01,24.0,11.8,6.0
2307.07518,1,14.0,2.0,16.0,2023-07-01,15.0,5.0,1.0
2307.00370,1,1.0,0.0,44.0,2023-07-01,44.0,15.615384615384615,28.0
2307.00374,1,2.0,0.0,35.0,2023-07-01,28.0,12.142857142857142,11.0
2307.00381,1,14.0,1.0,43.0,2023-07-01,10.0,5.6,7.0
2307.00382,1,9.0,2.0,27.0,2023-07-01,16.0,10.0,16.0
2307.04761,1,26.0,3.0,120.0,2023-07-01,38.0,19.6,38.0
2307.00449,1,10.0,0.0,52.0,2023-07-02,17.0,13.666666666666666,17.0
2307.00453,1,8.0,0.0,21.0,2023-07-02,43.0,16.333333333333332,43.0
2307.00456,1,8.0,0.0,65.0,2023-06-27,13.0,10.333333333333334,13.0
2307.00457,1,132.0,7.0,19.0,2023-07-02,30.0,20.142857142857142,16.0
2307.00461,1,1.0,0.0,29.0,2023-07-02,12.0,12.0,12.0
2307.00470,1,10.0,0.0,50.0,2023-07-02,4.0,3.0,2.0
2307.00509,1,4.0,0.0,39.0,2023-07-02,30.0,13.0,30.0
2307.00524,1,136.0,7.0,45.0,2023-07-02,92.0,30.4,92.0
2307.00526,1,9.0,0.0,32.0,2023-07-02,7.0,4.0,3.0
2307.00569,1,0.0,0.0,35.0,2023-07-02,21.0,13.5,21.0
2307.00589,1,261.0,36.0,84.0,2023-07-02,32.0,17.285714285714285,18.0
2307.00610,1,2.0,1.0,15.0,2023-07-02,8.0,6.5,8.0
2307.01225,1,0.0,0.0,77.0,2023-07-03,21.0,7.25,2.0
2307.00729,1,2.0,0.0,22.0,2023-07-03,44.0,20.0,44.0
2307.01226,1,35.0,0.0,75.0,2023-07-03,9.0,4.4,2.0
2307.00759,1,6.0,2.0,19.0,2023-07-03,18.0,10.5,18.0
2307.00769,1,6.0,0.0,63.0,2023-07-03,23.0,9.666666666666666,13.0
2307.00782,1,9.0,0.0,28.0,2023-07-03,60.0,22.5,8.0
2307.00787,1,9.0,0.0,20.0,2023-07-03,7.0,6.0,5.0
2307.01230,1,20.0,0.0,35.0,2023-07-03,48.0,25.333333333333332,48.0
2307.00852,1,2.0,0.0,68.0,2023-07-03,25.0,12.5,17.0
2307.00862,1,5.0,1.0,35.0,2023-07-03,66.0,27.5,19.0
2307.00866,1,16.0,3.0,31.0,2023-07-03,20.0,13.666666666666666,20.0
2307.00179,1,3.0,0.0,30.0,2023-07-01,120.0,27.4,12.0
2307.00182,1,13.0,1.0,29.0,2023-07-01,29.0,23.5,29.0
2307.00183,1,25.0,0.0,114.0,2023-07-01,30.0,14.833333333333334,29.0
2307.00198,1,4.0,1.0,108.0,2023-07-01,64.0,34.625,64.0
2307.00211,1,109.0,11.0,35.0,2023-07-01,74.0,29.5,74.0
2307.00212,1,7.0,1.0,74.0,2023-07-01,17.0,10.5,17.0
2307.00213,1,6.0,1.0,25.0,2023-07-01,5.0,5.0,5.0
2307.04816,1,19.0,0.0,45.0,2023-07-01,55.0,21.166666666666668,48.0
2307.00225,1,0.0,0.0,36.0,2023-07-01,63.0,23.6,63.0
2307.00226,1,0.0,0.0,30.0,2023-07-01,43.0,21.333333333333332,17.0
2307.00231,1,9.0,0.0,25.0,2023-07-01,12.0,7.0,2.0
2307.00240,1,0.0,0.0,24.0,2023-07-01,28.0,11.333333333333334,28.0
2307.00245,1,3.0,0.0,18.0,2023-04-03,28.0,16.4,28.0
2307.00257,1,1.0,0.0,28.0,2023-07-01,19.0,12.0,19.0
2307.00269,1,22.0,0.0,52.0,2023-07-01,44.0,22.666666666666668,44.0
2307.00270,1,73.0,6.0,57.0,2023-07-01,4.0,3.25,2.0
2307.00274,1,2.0,0.0,57.0,2023-07-01,21.0,8.6,10.0
2307.00280,1,0.0,0.0,77.0,2023-07-01,63.0,17.363636363636363,63.0
2307.00290,1,64.0,3.0,21.0,2023-07-01,40.0,15.875,40.0
2307.00293,1,8.0,0.0,46.0,2023-07-01,17.0,8.4,17.0
2307.00300,1,31.0,3.0,40.0,2023-07-01,31.0,16.428571428571427,31.0
2307.00306,1,14.0,1.0,68.0,2023-07-01,44.0,17.4,44.0
2307.00309,1,14.0,1.0,175.0,2023-07-01,5.0,5.0,5.0
2307.00313,1,8.0,3.0,73.0,2023-07-01,40.0,13.333333333333334,40.0
2307.00314,1,0.0,0.0,62.0,2023-07-01,7.0,7.0,7.0
2307.00320,1,4.0,0.0,67.0,2023-07-01,56.0,22.666666666666668,56.0
2307.00324,1,4.0,0.0,42.0,2023-07-01,43.0,14.0,43.0
2307.00327,1,14.0,0.0,79.0,2023-07-01,11.0,7.333333333333333,8.0
2307.00331,1,24.0,2.0,103.0,2023-07-01,38.0,21.75,38.0
2307.00347,1,16.0,0.0,68.0,2023-07-01,51.0,24.666666666666668,51.0
2307.00368,1,13.0,1.0,30.0,2023-07-01,75.0,30.714285714285715,48.0
2307.00371,1,81.0,6.0,74.0,2023-07-01,58.0,36.666666666666664,58.0
2307.00395,1,72.0,4.0,44.0,2023-06-01,60.0,22.333333333333332,60.0
2307.00397,1,22.0,2.0,39.0,2023-07-01,45.0,18.428571428571427,1.0
2307.00398,1,8.0,1.0,107.0,2023-07-01,51.0,25.75,51.0
2307.00407,1,8.0,0.0,49.0,2023-07-01,10.0,6.666666666666667,10.0
2307.00411,1,6.0,0.0,70.0,2023-07-01,30.0,18.333333333333332,30.0
2307.00421,1,1.0,0.0,24.0,2023-07-01,3.0,3.0,3.0
2307.00185,1,1.0,0.0,24.0,2023-07-01,16.0,7.0,3.0
2307.00215,1,0.0,0.0,29.0,2023-07-01,37.0,21.0,37.0
2307.00222,1,12.0,0.0,51.0,2023-07-01,42.0,17.428571428571427,42.0
2307.00227,1,0.0,0.0,43.0,2023-07-01,19.0,10.0,19.0
2307.00228,1,9.0,0.0,59.0,2023-04-01,20.0,9.222222222222221,20.0
2307.00233,1,3.0,1.0,43.0,2023-07-01,10.0,6.25,9.0
2307.00238,1,7.0,2.0,31.0,2023-07-01,3.0,3.0,3.0
2307.00246,1,4.0,0.0,17.0,2023-07-01,31.0,18.0,14.0
2307.00247,1,0.0,0.0,67.0,2023-07-01,16.0,7.0,16.0
2307.00252,1,4.0,0.0,29.0,2023-07-01,9.0,5.333333333333333,4.0
2307.00268,1,2.0,0.0,31.0,2023-07-01,5.0,4.5,4.0
2307.00285,1,11.0,0.0,73.0,2023-07-01,10.0,9.5,9.0
2307.00286,1,12.0,0.0,44.0,2023-07-01,10.0,9.5,9.0
2307.00296,1,7.0,0.0,64.0,2023-07-01,50.0,23.0,7.0
2307.00305,1,2.0,0.0,14.0,2023-07-01,29.0,15.5,29.0
2307.00310,1,17.0,1.0,52.0,2023-07-01,32.0,17.4,32.0
2307.00316,1,7.0,0.0,28.0,2023-07-01,12.0,8.6,10.0
2307.01217,1,137.0,10.0,60.0,2023-07-01,39.0,18.0,39.0
2307.00337,1,13.0,0.0,22.0,2023-07-01,26.0,11.333333333333334,26.0
2307.00344,1,5.0,1.0,68.0,2023-07-01,75.0,39.5,75.0
2307.00356,1,5.0,0.0,19.0,2023-07-01,13.0,6.6,0.0
2307.00359,1,4.0,0.0,46.0,2023-07-01,9.0,9.0,9.0
2307.00361,1,12.0,0.0,31.0,2023-07-01,8.0,3.25,2.0
2307.00364,1,27.0,1.0,53.0,2023-07-01,12.0,10.0,6.0
2307.00365,1,6.0,1.0,52.0,2023-07-01,41.0,24.5,8.0
2307.00379,1,30.0,1.0,36.0,2023-07-01,15.0,8.75,15.0
2307.00384,1,18.0,0.0,60.0,2023-07-01,32.0,16.8,26.0
2308.00221,1,59.0,12.0,58.0,2023-08-01,15.0,9.666666666666666,15.0
2308.01423,1,17.0,1.0,72.0,2023-08-01,9.0,7.5,6.0
2308.00240,1,13.0,0.0,34.0,2023-08-01,72.0,17.166666666666668,72.0
2308.00264,1,86.0,7.0,32.0,2023-08-01,7.0,5.5,5.0
2308.00295,1,4.0,0.0,30.0,2023-06-01,8.0,5.0,8.0
2308.02582,1,19.0,1.0,46.0,2023-08-01,31.0,13.166666666666666,27.0
2308.00319,1,20.0,2.0,50.0,2023-08-01,4.0,3.25,4.0
2308.00364,1,2.0,0.0,38.0,2023-08-01,18.0,7.333333333333333,18.0
2308.00399,1,13.0,2.0,36.0,2023-08-01,30.0,9.5,3.0
2308.00400,1,6.0,0.0,40.0,2023-08-01,25.0,15.6,18.0
2308.06241,1,1.0,0.0,23.0,2023-08-01,5.0,3.0,1.0
2308.00425,1,4.0,1.0,91.0,2023-08-01,41.0,19.5,41.0
2308.02537,1,1.0,0.0,58.0,2023-08-01,27.0,7.125,27.0
2308.00447,1,1.0,0.0,26.0,2023-08-01,7.0,7.0,7.0
2308.00479,1,21.0,0.0,8.0,2023-08-01,1.0,1.0,1.0
2308.00528,1,4.0,0.0,45.0,2023-08-01,18.0,10.333333333333334,10.0
2308.02539,1,1.0,0.0,32.0,2023-08-01,19.0,12.0,19.0
2308.02541,1,24.0,0.0,184.0,2023-08-01,9.0,9.0,9.0
2308.00624,1,0.0,0.0,9.0,2023-08-01,8.0,3.5,2.0
2308.00683,1,10.0,0.0,48.0,2023-08-01,4.0,3.0,4.0
2308.00755,1,86.0,4.0,56.0,2023-08-01,63.0,31.666666666666668,27.0
2308.00762,1,10.0,0.0,31.0,2023-08-01,43.0,11.333333333333334,43.0
2308.00802,1,1.0,0.0,29.0,2023-08-01,19.0,4.333333333333333,1.0
2308.02548,1,2.0,0.0,28.0,2023-07-29,127.0,34.25,2.0
2308.03679,1,0.0,0.0,0.0,2023-08-01,26.0,22.5,26.0
2308.00878,1,4.0,2.0,38.0,2023-08-01,12.0,6.0,0.0
2308.00939,1,25.0,0.0,44.0,2023-05-01,29.0,17.25,7.0
2308.00946,1,4.0,0.0,109.0,2023-08-02,31.0,15.0,19.0
2308.01018,1,3.0,0.0,21.0,2023-08-02,5.0,3.3333333333333335,5.0
2308.01044,1,5.0,0.0,28.0,2023-08-02,43.0,15.142857142857142,43.0
2308.02556,1,2.0,0.0,5.0,2018-09-10,46.0,20.666666666666668,46.0
2308.01080,1,4.0,0.0,25.0,2023-08-02,12.0,6.5,6.0
2308.01927,1,10.0,1.0,57.0,2023-08-02,39.0,16.833333333333332,39.0
2308.01126,1,22.0,2.0,72.0,2023-08-02,12.0,6.833333333333333,10.0
2308.01143,1,3.0,1.0,29.0,2023-08-02,36.0,17.5,36.0
2308.01154,1,15.0,0.0,33.0,2023-08-02,53.0,38.5,24.0
2308.01210,1,1.0,0.0,28.0,2023-08-02,41.0,21.5,41.0
2308.00210,1,2.0,0.0,11.0,2023-08-01,26.0,11.0,1.0
2308.00214,1,0.0,0.0,36.0,2023-08-01,38.0,17.454545454545453,16.0
2308.00219,1,10.0,2.0,29.0,2023-08-01,19.0,11.5,19.0
2308.00220,1,43.0,1.0,25.0,2023-08-01,42.0,20.333333333333332,42.0
2308.00228,1,2.0,0.0,38.0,2023-08-01,10.0,7.0,4.0
2308.00236,1,7.0,2.0,58.0,2023-08-01,13.0,7.6,11.0
2308.00247,1,39.0,1.0,187.0,2023-08-01,59.0,13.833333333333334,4.0
2308.00255,1,47.0,6.0,40.0,2023-08-01,46.0,13.857142857142858,3.0
2308.00261,1,48.0,5.0,55.0,2023-08-01,89.0,27.166666666666668,89.0
2308.00262,1,10.0,0.0,9.0,2023-08-01,31.0,16.75,31.0
2308.00265,1,4.0,1.0,84.0,2023-08-01,43.0,20.666666666666668,17.0
2308.02530,1,7.0,0.0,40.0,2023-08-01,22.0,9.75,12.0
2308.00279,1,21.0,1.0,35.0,2023-08-01,42.0,20.5,27.0
2308.00287,1,1.0,0.0,54.0,2023-08-01,83.0,23.285714285714285,83.0
2308.00291,1,10.0,2.0,26.0,2023-08-01,31.0,12.0,31.0
2308.00301,1,79.0,12.0,56.0,2023-08-01,39.0,14.6,39.0
2308.00303,1,33.0,0.0,67.0,2023-08-01,26.0,14.0,9.0
2308.00307,1,0.0,0.0,31.0,2023-08-01,5.0,4.5,4.0
2308.00310,1,29.0,2.0,65.0,2023-08-01,22.0,11.166666666666666,22.0
2308.00313,1,45.0,2.0,51.0,2023-08-01,43.0,21.8,20.0
2308.00323,1,44.0,2.0,75.0,2023-08-01,48.0,34.0,32.0
2308.00353,1,53.0,1.0,78.0,2023-08-01,59.0,21.333333333333332,59.0
2308.00356,1,14.0,1.0,48.0,2023-08-01,32.0,13.142857142857142,32.0
2308.01867,1,0.0,0.0,14.0,2023-08-01,4.0,1.2,0.0
2308.00376,1,14.0,1.0,49.0,2023-08-01,32.0,19.0,32.0
2308.00377,1,7.0,0.0,38.0,2023-08-01,16.0,10.333333333333334,16.0
2308.02533,1,39.0,3.0,63.0,2023-08-01,19.0,10.4,2.0
2308.00394,1,5.0,0.0,21.0,2023-08-01,39.0,13.6,39.0
2308.00398,1,164.0,10.0,58.0,2023-08-01,73.0,24.0,23.0
2308.00401,1,17.0,1.0,85.0,2023-08-01,23.0,8.777777777777779,23.0
2308.00402,1,2.0,0.0,33.0,2023-08-01,130.0,46.0,20.0
2308.00408,1,0.0,0.0,36.0,2023-08-01,28.0,11.0,28.0
2308.02534,1,7.0,1.0,44.0,2023-08-01,24.0,6.875,24.0
2308.02535,1,5.0,1.0,143.0,2023-08-01,37.0,10.857142857142858,15.0
2308.00428,1,8.0,0.0,56.0,2023-08-01,11.0,6.0,1.0
2308.00429,1,1.0,0.0,23.0,2023-08-01,44.0,22.666666666666668,44.0
2308.00442,1,373.0,32.0,64.0,2023-08-01,35.0,19.8,35.0
2308.03741,1,7.0,0.0,33.0,2023-08-01,33.0,14.0,33.0
2308.00451,1,27.0,0.0,54.0,2023-08-01,52.0,31.2,10.0
2308.00206,1,0.0,0.0,42.0,2023-08-01,45.0,12.333333333333334,6.0
2308.00218,1,1.0,0.0,28.0,2023-08-01,148.0,33.0,1.0
2308.00225,1,69.0,5.0,32.0,2023-08-01,57.0,21.0,57.0
2308.00231,1,1.0,0.0,40.0,2023-08-01,26.0,9.5,26.0
2308.00718,1,0.0,0.0,6.0,2023-08-01,7.0,4.0,1.0
2308.00246,1,22.0,3.0,50.0,2023-08-01,22.0,9.25,22.0
2308.00251,1,5.0,0.0,50.0,2023-08-01,8.0,5.666666666666667,7.0
2308.00258,1,22.0,2.0,38.0,2023-08-01,73.0,17.571428571428573,7.0
2308.00263,1,12.0,0.0,44.0,2023-08-01,45.0,24.0,45.0
2308.00273,1,4.0,1.0,42.0,2023-08-01,45.0,25.5,45.0
2308.00278,1,28.0,3.0,78.0,,27.0,14.6,27.0
2308.00280,1,1.0,1.0,41.0,2023-08-01,19.0,8.0,7.0
2308.00282,1,28.0,4.0,46.0,2023-08-01,27.0,9.5,27.0
2308.00284,1,27.0,1.0,86.0,2023-08-01,29.0,16.833333333333332,27.0
2308.00285,1,0.0,0.0,18.0,2023-08-01,58.0,29.0,19.0
2308.11624,1,3.0,0.0,28.0,2023-08-01,11.0,7.0,11.0
2308.00311,1,2.0,0.0,77.0,2023-08-01,12.0,8.5,11.0
2308.00318,1,0.0,0.0,5.0,2023-08-01,6.0,2.6666666666666665,6.0
2308.00327,1,1.0,0.0,44.0,2023-08-01,21.0,8.25,21.0
2308.00341,1,7.0,1.0,63.0,2023-08-01,105.0,41.0,14.0
2308.00346,1,4.0,0.0,53.0,2023-08-01,85.0,27.4,85.0
2308.00350,1,3.0,1.0,31.0,2023-08-01,41.0,19.0,9.0
2308.00391,1,1.0,0.0,39.0,2023-08-01,22.0,11.25,22.0
2308.00393,1,18.0,1.0,98.0,2023-08-01,50.0,21.333333333333332,50.0
2308.01207,1,2.0,0.0,42.0,2023-08-01,25.0,12.833333333333334,2.0
2308.02536,1,19.0,0.0,28.0,2023-08-01,19.0,6.5,19.0
2308.02680,1,8.0,0.0,114.0,2023-08-01,36.0,19.5,25.0
2309.00178,1,14.0,0.0,64.0,2023-09-01,9.0,7.25,9.0
2309.00180,1,0.0,0.0,73.0,2023-09-01,9.0,6.5,6.0
2309.00208,1,0.0,0.0,12.0,2023-09-01,5.0,1.25,5.0
2309.00215,1,2.0,0.0,56.0,2023-09-01,3.0,2.5,2.0
2309.00223,1,1.0,0.0,18.0,2023-08-29,8.0,5.333333333333333,5.0
2309.00230,1,1.0,0.0,47.0,2023-09-01,25.0,14.0,19.0
2309.00236,1,179.0,13.0,53.0,2023-09-01,6.0,4.5,6.0
2309.00237,1,82.0,10.0,56.0,2023-09-01,30.0,7.733333333333333,30.0
2309.00238,1,2.0,0.0,25.0,2023-09-01,19.0,4.8,1.0
2309.00240,1,57.0,4.0,26.0,2023-09-01,15.0,9.5,15.0
2309.00244,1,10.0,0.0,25.0,2023-09-01,45.0,31.666666666666668,45.0
2309.00246,1,26.0,4.0,65.0,2023-09-01,19.0,7.666666666666667,2.0
2309.00254,1,17.0,0.0,34.0,2023-09-01,57.0,19.25,57.0
2309.00284,1,2.0,0.0,22.0,2023-06-04,53.0,18.8,53.0
2309.00312,1,1.0,0.0,85.0,2023-09-01,2.0,2.0,2.0
2309.00368,1,1.0,0.0,81.0,2022-08-02,18.0,8.0,18.0
2309.03223,1,0.0,0.0,17.0,2023-09-01,1.0,1.0,1.0
2309.00378,1,15.0,0.0,105.0,2023-09-01,44.0,16.0,23.0
2309.00384,1,17.0,0.0,43.0,2023-09-01,24.0,8.0,2.0
2309.00386,1,2.0,0.0,44.0,2023-09-01,21.0,11.75,21.0
2309.00424,1,13.0,1.0,21.0,2023-09-01,61.0,22.571428571428573,33.0
2309.00667,1,133.0,6.0,63.0,2023-09-01,24.0,9.5,24.0
2309.00614,1,711.0,108.0,75.0,2023-09-01,43.0,19.3,13.0
2309.00723,1,12.0,0.0,32.0,2023-09-01,10.0,6.833333333333333,5.0
2309.00743,1,1.0,0.0,24.0,2023-09-01,44.0,20.666666666666668,17.0
2309.00751,1,0.0,0.0,30.0,2023-09-01,35.0,12.75,1.0
2309.00770,1,1120.0,59.0,256.0,2023-09-02,41.0,21.333333333333332,32.0
2309.00779,1,113.0,5.0,225.0,2023-09-02,112.0,33.15384615384615,112.0
2309.00789,1,14.0,0.0,37.0,2023-09-02,8.0,6.5,8.0
2309.00841,1,97.0,4.0,31.0,2023-09-02,44.0,19.0,44.0
2309.00857,1,5.0,0.0,98.0,2023-09-02,14.0,8.0,14.0
2309.00916,1,83.0,16.0,45.0,2023-09-02,39.0,12.125,39.0
2309.00917,1,1.0,0.0,36.0,2023-09-02,6.0,4.0,1.0
2309.05668,1,0.0,0.0,60.0,2023-09-02,1.0,1.0,1.0
2309.00949,1,1.0,0.0,75.0,2023-09-02,13.0,13.0,13.0
2309.00952,1,5.0,0.0,37.0,2023-09-02,11.0,7.0,10.0
2309.00187,1,0.0,0.0,24.0,2023-09-01,6.0,3.2,2.0
2309.00188,1,2.0,0.0,41.0,2023-09-01,35.0,14.25,16.0
2309.00199,1,17.0,2.0,77.0,2023-09-01,75.0,22.2,11.0
2309.00206,1,0.0,0.0,28.0,2023-09-01,34.0,17.5,34.0
2309.00216,1,10.0,2.0,49.0,2023-09-01,56.0,16.25,56.0
2309.00227,1,6.0,0.0,28.0,2023-09-01,11.0,6.2,11.0
2309.00233,1,13.0,0.0,70.0,2023-09-01,136.0,18.625,20.0
2309.00248,1,2.0,0.0,8.0,2023-09-01,3.0,2.0,3.0
2309.00252,1,10.0,0.0,76.0,2023-09-01,2.0,2.0,2.0
2309.00265,1,4.0,0.0,76.0,2023-09-01,68.0,16.166666666666668,5.0
2309.00277,1,24.0,0.0,28.0,2023-09-01,19.0,12.0,19.0
2309.00287,1,40.0,6.0,57.0,2023-09-01,25.0,10.0,2.0
2309.00297,1,11.0,0.0,68.0,2023-09-01,22.0,13.2,21.0
2309.00305,1,22.0,0.0,60.0,2023-09-01,9.0,4.8,9.0
2309.00310,1,36.0,3.0,72.0,2023-09-01,12.0,5.75,7.0
2309.00314,1,1.0,0.0,55.0,2023-09-01,8.0,5.4,8.0
2309.00331,1,8.0,0.0,23.0,2023-09-01,6.0,4.0,6.0
2309.00339,1,8.0,0.0,37.0,2023-09-01,15.0,9.75,9.0
2309.00347,1,3.0,0.0,53.0,2023-09-01,3.0,1.75,1.0
2309.00348,1,5.0,0.0,28.0,2023-09-01,20.0,6.75,4.0
2309.00655,1,13.0,0.0,104.0,2023-09-01,127.0,45.8,26.0
2309.00350,1,14.0,1.0,21.0,2023-09-01,4.0,4.0,4.0
2309.00372,1,2.0,0.0,37.0,2023-09-01,61.0,15.285714285714286,61.0
2309.00385,1,12.0,3.0,27.0,2023-05-12,22.0,10.5,12.0
2309.00399,1,63.0,1.0,123.0,2023-09-01,24.0,13.0,3.0
2309.00410,1,3.0,0.0,23.0,2023-09-01,20.0,8.333333333333334,2.0
2309.00434,1,6.0,0.0,41.0,2023-08-01,21.0,7.833333333333333,21.0
2309.00661,1,22.0,6.0,45.0,2023-09-01,73.0,19.6,73.0
2309.00451,1,1.0,0.0,22.0,2023-09-01,31.0,15.4,27.0
2309.00460,1,23.0,2.0,54.0,2023-09-01,4.0,3.3333333333333335,3.0
2309.00464,1,2.0,0.0,27.0,2023-09-01,26.0,10.666666666666666,26.0
2309.00468,1,10.0,0.0,41.0,2023-09-01,18.0,10.333333333333334,11.0
2309.00472,1,4.0,0.0,13.0,2023-09-01,2.0,1.5,2.0
2309.00474,1,10.0,0.0,76.0,2023-09-01,22.0,9.6,1.0
2309.00494,1,2.0,0.0,5.0,2023-09-01,44.0,21.666666666666668,44.0
2309.00514,1,9.0,0.0,32.0,2023-09-01,28.0,12.0,28.0
2309.00197,1,1.0,0.0,11.0,2023-09-01,29.0,20.0,28.0
2309.00201,1,2.0,0.0,29.0,2023-09-01,2.0,2.0,2.0
2309.00203,1,11.0,3.0,48.0,2023-09-01,10.0,8.5,7.0
2309.00255,1,4.0,1.0,23.0,2023-09-01,17.0,8.166666666666666,4.0
2309.00257,1,0.0,0.0,21.0,2023-09-01,3.0,3.0,3.0
2309.00296,1,4.0,0.0,8.0,2023-09-01,2.0,2.0,2.0
2309.00325,1,64.0,2.0,86.0,2023-09-01,80.0,25.857142857142858,14.0
2309.00329,1,1.0,0.0,12.0,2023-09-01,3.0,1.6666666666666667,1.0
2309.00330,1,2.0,0.0,43.0,2023-09-01,72.0,15.5,12.0
2309.00349,1,2.0,0.0,68.0,2023-09-01,11.0,4.090909090909091,5.0
2309.00656,1,3.0,0.0,69.0,2023-09-01,44.0,17.666666666666668,44.0
2309.00356,1,0.0,0.0,48.0,2023-09-01,21.0,12.5,21.0
2309.00363,1,260.0,8.0,101.0,2023-09-01,55.0,17.8,13.0
2309.00367,1,90.0,10.0,37.0,2023-09-01,57.0,19.75,57.0
2309.00379,1,1.0,0.0,58.0,2023-09-01,20.0,11.666666666666666,20.0
2309.00380,1,2.0,0.0,0.0,2023-09-01,2.0,1.25,2.0
2309.00416,1,17.0,1.0,56.0,2023-09-01,49.0,13.6,4.0
2309.00417,1,0.0,0.0,38.0,2023-09-01,1.0,0.5,0.0
2309.00422,1,1.0,0.0,52.0,2023-09-01,4.0,3.3333333333333335,2.0
2309.00428,1,11.0,1.0,48.0,2023-09-01,26.0,6.818181818181818,6.0
2309.03224,1,16.0,2.0,45.0,2023-09-01,4.0,4.0,4.0
2309.03092,1,7.0,0.0,51.0,2023-09-01,31.0,25.0,31.0
2309.00462,1,2.0,0.0,13.0,2023-09-01,39.0,12.6,39.0
2309.00663,1,0.0,0.0,22.0,2023-09-01,3.0,2.0,2.0
2309.00483,1,6.0,1.0,38.0,2023-09-01,28.0,13.333333333333334,28.0
2309.00489,1,4.0,0.0,12.0,2023-09-01,22.0,11.666666666666666,5.0
2309.00498,1,0.0,0.0,0.0,2023-09-01,7.0,7.0,7.0
2309.00508,1,5.0,0.0,33.0,2023-09-01,17.0,7.333333333333333,1.0
2309.03107,1,26.0,0.0,28.0,2023-08-01,3.0,2.3333333333333335,2.0
2309.00520,1,18.0,0.0,58.0,2023-09-01,23.0,12.0,6.0
2310.00533,1,13.0,1.0,27.0,2023-10-01,18.0,9.666666666666666,14.0
2310.00535,1,51.0,3.0,70.0,2023-10-01,25.0,11.8,2.0
2310.00552,1,2.0,0.0,43.0,2023-10-01,5.0,3.0,1.0
2310.00566,1,25.0,3.0,79.0,2023-10-01,19.0,10.375,6.0
2310.00572,1,1.0,0.0,42.0,2023-10-01,4.0,2.0,1.0
2310.00576,1,16.0,0.0,39.0,2023-10-01,19.0,10.5,14.0
2310.00578,1,0.0,0.0,71.0,2023-10-01,5.0,3.0,2.0
2310.00597,1,1.0,1.0,28.0,2023-10-01,12.0,4.142857142857143,2.0
2310.00598,1,9.0,1.0,104.0,2023-10-01,30.0,17.0,30.0
2310.00602,1,4.0,0.0,31.0,2023-08-20,33.0,17.666666666666668,33.0
2310.00603,1,59.0,3.0,94.0,2023-10-01,19.0,7.666666666666667,12.0
2310.01444,1,16.0,2.0,64.0,2023-10-01,38.0,14.5,15.0
2310.09297,1,4.0,0.0,63.0,2023-10-01,3.0,2.0,2.0
2310.00637,1,34.0,0.0,130.0,2023-10-01,7.0,4.333333333333333,4.0
2310.00648,1,1.0,0.0,40.0,2023-10-01,2.0,2.0,2.0
2310.01446,1,25.0,0.0,60.0,2023-10-01,22.0,8.5,5.0
2310.00672,1,2.0,0.0,38.0,2023-10-01,25.0,8.4,4.0
2310.00679,1,6.0,1.0,47.0,2023-10-01,15.0,5.0,15.0
2310.01448,1,1.0,0.0,32.0,2023-10-01,15.0,10.0,15.0
2310.00696,1,0.0,0.0,51.0,2023-10-01,11.0,5.666666666666667,3.0
2310.00706,1,9.0,0.0,28.0,2023-10-01,17.0,9.5,10.0
2310.00734,1,10.0,1.0,15.0,2023-10-01,7.0,4.333333333333333,3.0
2310.00737,1,220.0,11.0,41.0,2023-10-01,69.0,69.0,69.0
2310.00741,1,72.0,5.0,46.0,2023-10-01,14.0,8.571428571428571,8.0
2310.00746,1,208.0,15.0,65.0,2023-10-01,23.0,9.1875,10.0
2310.00752,1,87.0,11.0,54.0,2023-10-01,39.0,21.5,16.0
2310.00754,1,330.0,23.0,57.0,2023-10-01,37.0,17.25,37.0
2310.00785,1,182.0,18.0,41.0,2023-10-01,49.0,24.75,49.0
2310.00789,1,10.0,1.0,66.0,2023-10-01,10.0,10.0,10.0
2310.00796,1,8.0,0.0,52.0,2023-10-01,7.0,5.0,5.0
2310.00811,1,18.0,0.0,43.0,2023-10-01,13.0,9.666666666666666,7.0
2310.00819,1,8.0,0.0,47.0,2023-10-01,12.0,7.666666666666667,5.0
2310.00832,1,3.0,0.0,10.0,2023-10-02,7.0,4.0,1.0
2310.00833,1,17.0,2.0,30.0,2023-10-02,14.0,7.2,4.0
2310.00835,1,32.0,1.0,49.0,2023-10-02,12.0,11.5,12.0
2310.00836,1,50.0,1.0,109.0,2023-10-02,32.0,14.75,32.0
2310.00840,1,6.0,1.0,77.0,2023-10-02,48.0,15.2,7.0
2310.00845,1,3.0,0.0,30.0,2023-10-02,2.0,1.6,2.0
2310.02905,1,30.0,5.0,57.0,2023-10-02,24.0,12.875,18.0
2310.00863,1,9.0,0.0,34.0,2023-10-02,3.0,2.25,2.0
2310.00527,1,3.0,0.0,40.0,2023-10-01,15.0,7.0,15.0
2310.00530,1,13.0,0.0,63.0,2023-10-01,5.0,3.75,2.0
2310.00545,1,10.0,2.0,26.0,2023-10-01,31.0,14.5,13.0
2310.00546,1,4.0,0.0,48.0,2023-10-01,11.0,8.5,7.0
2311.12826,1,1.0,0.0,2.0,2023-10-01,5.0,2.3333333333333335,5.0
2310.00558,1,4.0,0.0,61.0,2023-10-01,13.0,7.0,4.0
2310.00559,1,4.0,0.0,43.0,2023-10-01,4.0,3.5,3.0
2310.00567,1,3.0,0.0,33.0,2023-10-01,19.0,7.4,9.0
2310.00568,1,3.0,0.0,37.0,2023-10-01,4.0,3.5,3.0
2310.02279,1,413.0,63.0,87.0,2023-10-01,102.0,23.444444444444443,102.0
2310.03037,1,33.0,2.0,43.0,2022-05-01,39.0,21.0,3.0
2310.00582,1,67.0,2.0,63.0,2023-10-01,11.0,7.25,5.0
2310.00608,1,16.0,2.0,45.0,2023-10-01,32.0,11.285714285714286,15.0
2310.00615,1,8.0,1.0,42.0,2023-10-01,4.0,2.6666666666666665,2.0
2310.00616,1,3.0,0.0,62.0,2023-10-01,8.0,5.666666666666667,7.0
2310.00626,1,21.0,1.0,46.0,2023-10-01,8.0,4.166666666666667,2.0
2310.00629,1,6.0,0.0,46.0,2023-10-01,25.0,13.5,25.0
2310.00632,1,9.0,0.0,74.0,2023-10-01,33.0,20.5,33.0
2310.00639,1,7.0,1.0,43.0,2023-10-01,57.0,10.916666666666666,12.0
2310.00641,1,13.0,1.0,71.0,2023-10-01,10.0,8.5,10.0
2310.00647,1,33.0,1.0,102.0,2023-10-01,60.0,24.75,60.0
2310.00653,1,27.0,0.0,35.0,2023-10-01,100.0,18.0,100.0
2310.00659,1,11.0,0.0,25.0,2023-09-25,42.0,9.636363636363637,5.0
2310.00670,1,10.0,0.0,91.0,2023-10-01,52.0,20.0,52.0
2310.00689,1,72.0,3.0,75.0,2023-10-01,29.0,16.0,14.0
2310.00698,1,9.0,3.0,15.0,2023-10-01,1.0,1.0,1.0
2310.03038,1,6.0,0.0,46.0,2023-10-01,4.0,3.6666666666666665,3.0
2310.00702,1,2.0,0.0,47.0,2023-10-01,11.0,6.666666666666667,10.0
2310.00712,1,0.0,0.0,32.0,2023-10-01,2.0,1.0,2.0
2310.00723,1,24.0,3.0,99.0,2023-10-01,21.0,8.6,14.0
2310.00740,1,1.0,0.0,35.0,2023-10-01,14.0,5.0,3.0
2310.00757,0,,,,,,,
2401.01032,1,0.0,0.0,0.0,2023-10-01,1.0,1.0,1.0
2310.00761,1,2.0,0.0,54.0,2023-10-01,14.0,8.0,14.0
2310.00772,1,24.0,0.0,51.0,2023-10-01,24.0,15.5,24.0
2310.00783,1,2.0,0.0,33.0,2023-10-01,3.0,1.75,3.0
2310.00791,1,11.0,0.0,29.0,2023-10-01,15.0,6.8,15.0
2310.00808,1,3.0,0.0,62.0,2023-10-01,15.0,10.5,14.0
2310.00526,1,20.0,2.0,116.0,2023-10-01,10.0,4.2,10.0
2310.00532,1,3.0,0.0,44.0,2023-10-01,12.0,4.6,3.0
2310.00539,1,4.0,0.0,41.0,2023-10-01,9.0,4.666666666666667,2.0
2310.00541,1,1.0,0.0,20.0,2023-10-01,4.0,2.2,3.0
2310.00542,1,19.0,0.0,93.0,2023-10-01,28.0,13.2,13.0
2310.00562,1,1.0,0.0,14.0,2023-10-01,1.0,1.0,1.0
2310.01443,1,14.0,0.0,56.0,2020-03-31,17.0,8.0,11.0
2310.00570,1,1.0,0.0,29.0,2023-10-01,8.0,8.0,8.0
2310.00574,1,5.0,0.0,118.0,2023-10-01,3.0,2.4,2.0
2310.00585,1,5.0,0.0,25.0,2023-09-18,12.0,6.615384615384615,12.0
2310.00604,1,3.0,0.0,42.0,2023-10-01,27.0,8.25,2.0
2310.00607,1,1.0,0.0,45.0,2023-10-01,21.0,9.6,21.0
2310.00614,1,7.0,0.0,45.0,2023-10-01,12.0,6.333333333333333,4.0
2310.00618,1,1.0,0.0,26.0,2023-10-01,4.0,2.25,1.0
2310.00627,1,4.0,0.0,22.0,2023-09-28,36.0,15.4,20.0
2310.00633,1,46.0,2.0,178.0,2023-10-01,12.0,6.8,10.0
2310.00638,1,2.0,0.0,65.0,2023-10-01,4.0,3.0,2.0
2310.00642,1,0.0,0.0,40.0,2023-10-01,29.0,14.0,29.0
2310.00646,1,16.0,2.0,43.0,2023-10-01,24.0,9.428571428571429,18.0
2310.00655,1,68.0,3.0,33.0,2023-10-01,6.0,4.333333333333333,4.0
2310.00664,1,1.0,0.0,32.0,2023-10-01,3.0,3.0,3.0
2310.00665,1,12.0,0.0,64.0,2023-10-01,4.0,3.0,2.0
2310.00673,1,3.0,1.0,46.0,2023-10-01,17.0,4.833333333333333,17.0
2310.00675,1,19.0,1.0,54.0,2023-10-01,13.0,7.666666666666667,13.0
2310.00678,1,83.0,5.0,53.0,2021-05-18,23.0,18.0,23.0
2310.00681,1,14.0,2.0,85.0,2023-10-01,4.0,3.5,3.0
2310.00692,1,7.0,1.0,49.0,2023-10-01,11.0,8.0,5.0
2310.00697,1,89.0,2.0,57.0,2021-08-14,23.0,17.25,20.0
2310.00708,1,16.0,3.0,82.0,2023-10-01,20.0,12.4,12.0
2311.00204,1,7.0,0.0,34.0,2023-11-01,7.0,6.0,5.0
2311.00208,1,129.0,4.0,99.0,2023-11-01,15.0,6.2,4.0
2311.00223,1,6.0,0.0,32.0,2023-11-01,3.0,2.8,3.0
2311.00233,1,30.0,3.0,57.0,2023-11-01,10.0,7.5,5.0
2311.00237,1,46.0,1.0,89.0,2023-11-01,13.0,10.666666666666666,12.0
2311.00258,1,12.0,1.0,23.0,2023-11-01,14.0,8.5,14.0
2311.00262,1,90.0,22.0,50.0,2023-11-01,31.0,18.8,31.0
2311.00268,1,2.0,0.0,48.0,2023-11-01,3.0,2.5,2.0
2311.00273,1,163.0,16.0,20.0,2023-11-01,26.0,7.142857142857143,8.0
2311.00286,1,11.0,0.0,0.0,2023-11-01,15.0,15.0,15.0
2311.00287,1,38.0,2.0,107.0,2023-11-01,22.0,13.333333333333334,14.0
2311.00288,1,66.0,5.0,45.0,2023-11-01,20.0,13.2,20.0
2311.00292,1,3.0,0.0,30.0,2023-11-01,8.0,4.166666666666667,2.0
2311.00296,1,0.0,0.0,24.0,2023-11-01,15.0,6.8,5.0
2311.00300,1,0.0,0.0,36.0,2023-11-01,8.0,4.6,5.0
2311.00301,1,0.0,0.0,8.0,2023-11-01,9.0,7.0,9.0
2311.00306,1,46.0,5.0,16.0,2023-11-01,53.0,18.5,53.0
2311.00310,1,2.0,0.0,24.0,2023-11-01,36.0,14.333333333333334,36.0
2311.00317,1,17.0,2.0,32.0,2023-11-01,10.0,7.25,4.0
2311.00321,1,57.0,3.0,48.0,2023-11-01,9.0,6.0,5.0
2311.00732,1,1.0,0.0,8.0,2023-11-01,3.0,3.0,3.0
2311.04910,1,12.0,0.0,0.0,2023-07-13,12.0,6.8,12.0
2311.00367,1,8.0,0.0,43.0,2023-11-01,4.0,2.6666666666666665,1.0
2311.00399,1,8.0,1.0,26.0,2023-11-01,9.0,7.125,8.0
2311.00408,1,4.0,0.0,55.0,2023-11-01,23.0,6.666666666666667,23.0
2311.00416,1,10.0,2.0,46.0,2023-11-01,16.0,6.8,6.0
2311.00445,1,23.0,1.0,65.0,2023-11-01,22.0,10.5,20.0
2311.00451,1,1.0,1.0,43.0,2023-11-01,3.0,3.0,3.0
2311.00475,1,0.0,0.0,29.0,2023-11-01,13.0,5.333333333333333,3.0
2311.00488,1,4.0,1.0,14.0,2023-11-01,7.0,3.8,7.0
2311.00502,1,38.0,4.0,29.0,2023-11-01,10.0,4.6,2.0
2311.00508,1,5.0,0.0,34.0,2023-11-01,5.0,5.0,5.0
2311.00513,1,7.0,0.0,28.0,2023-11-01,7.0,5.75,5.0
2311.00541,1,1.0,0.0,64.0,2023-11-01,1.0,1.0,1.0
2311.00739,1,10.0,0.0,46.0,2023-11-01,6.0,5.0,6.0
2311.00587,1,11.0,0.0,50.0,2023-11-01,11.0,7.333333333333333,8.0
2311.00588,1,0.0,0.0,76.0,2023-11-01,4.0,2.5,4.0
2311.00729,1,21.0,2.0,61.0,2023-11-01,11.0,6.5,6.0
2311.00206,1,44.0,4.0,52.0,2023-11-01,8.0,6.333333333333333,7.0
2311.00213,1,61.0,14.0,61.0,2023-11-01,20.0,10.0,7.0
2311.00230,1,11.0,1.0,46.0,2023-11-01,7.0,4.857142857142857,3.0
2311.00241,1,1.0,0.0,35.0,2023-11-01,5.0,2.5,4.0
2311.00246,1,24.0,4.0,32.0,2023-11-01,8.0,5.0,6.0
2311.00259,1,3.0,0.0,47.0,2023-11-01,7.0,4.5,3.0
2311.00265,1,93.0,5.0,47.0,2023-11-01,5.0,5.0,5.0
2401.03331,1,0.0,0.0,6.0,2023-11-01,4.0,2.75,2.0
2311.00277,1,24.0,0.0,360.0,2023-11-01,24.0,8.25,24.0
2311.00278,1,25.0,3.0,61.0,2023-11-01,4.0,3.0,3.0
2311.00282,1,1.0,0.0,16.0,2023-11-01,13.0,5.5,13.0
2311.00285,1,3.0,0.0,62.0,2023-11-01,12.0,5.0,12.0
2311.00291,1,6.0,0.0,58.0,2023-11-01,11.0,5.0,11.0
2311.00298,1,6.0,0.0,36.0,2023-11-01,12.0,5.428571428571429,6.0
2311.00308,1,89.0,3.0,322.0,2023-11-01,11.0,8.5,9.0
2311.00318,1,0.0,0.0,40.0,2023-11-01,14.0,7.666666666666667,14.0
2311.00731,1,0.0,0.0,0.0,2023-11-01,6.0,6.0,6.0
2311.00332,1,20.0,0.0,58.0,2023-11-01,9.0,4.5,9.0
2311.01473,1,10.0,0.0,165.0,2023-11-01,30.0,14.0,17.0
2311.00339,1,3.0,0.0,12.0,2023-11-01,1.0,1.0,1.0
2311.00342,1,17.0,0.0,54.0,2023-11-01,14.0,8.0,9.0
2311.00343,1,1.0,0.0,100.0,2023-11-01,45.0,15.0,6.0
2311.00353,1,13.0,0.0,24.0,2023-11-01,10.0,4.142857142857143,3.0
2311.00358,1,6.0,0.0,34.0,2023-11-01,3.0,2.3333333333333335,2.0
2311.00371,1,33.0,10.0,69.0,2023-11-01,12.0,7.333333333333333,9.0
2311.00389,1,21.0,6.0,86.0,2023-11-01,42.0,11.285714285714286,42.0
2311.00391,1,2.0,0.0,75.0,2023-11-01,8.0,4.5,8.0
2311.00397,1,2.0,0.0,68.0,2023-11-01,27.0,12.833333333333334,20.0
2311.00400,1,12.0,0.0,48.0,2023-11-01,52.0,13.2,2.0
2311.00401,1,2.0,0.0,27.0,2023-11-01,3.0,2.0,3.0
2311.00412,1,2.0,0.0,50.0,2023-11-01,13.0,5.142857142857143,13.0
2311.00425,1,0.0,0.0,41.0,2023-11-01,3.0,1.3333333333333333,2.0
2311.00434,1,32.0,1.0,65.0,2023-10-30,38.0,14.5,38.0
2311.00436,1,38.0,1.0,94.0,2023-11-01,8.0,5.833333333333333,3.0
2311.00441,1,7.0,0.0,40.0,2023-11-01,7.0,7.0,7.0
2311.00734,1,13.0,0.0,46.0,2023-11-01,3.0,2.0,1.0
2311.00453,1,113.0,8.0,0.0,2023-11-01,37.0,17.444444444444443,12.0
2311.00455,1,10.0,0.0,70.0,2023-10-01,71.0,21.4,8.0
2311.00196,1,7.0,0.0,157.0,2023-11-01,3.0,3.0,3.0
2311.00201,1,12.0,2.0,0.0,2023-11-01,11.0,8.6,6.0
2311.03378,1,25.0,1.0,56.0,2023-11-01,20.0,9.75,4.0
2311.00212,1,27.0,0.0,0.0,2023-11-01,80.0,36.75,80.0
2311.00214,1,4.0,0.0,5.0,2023-11-01,19.0,9.0,19.0
2311.00226,1,13.0,3.0,55.0,2023-11-01,31.0,13.571428571428571,29.0
2311.00227,1,30.0,4.0,39.0,2023-11-01,16.0,7.333333333333333,5.0
2311.00231,1,2.0,0.0,35.0,2023-11-01,26.0,6.909090909090909,7.0
2311.00235,1,3.0,0.0,35.0,2023-11-01,2.0,2.0,2.0
2311.00252,1,13.0,0.0,36.0,2023-11-01,18.0,9.125,13.0
2311.00260,1,0.0,0.0,54.0,2023-11-01,7.0,6.0,5.0
2311.00267,1,16.0,2.0,54.0,2023-11-01,10.0,5.75,7.0
2311.00274,1,3.0,0.0,60.0,2023-11-01,14.0,9.5,14.0
2311.00284,1,30.0,0.0,78.0,2023-11-01,16.0,9.0,8.0
2311.00290,1,8.0,0.0,24.0,2023-11-01,10.0,7.0,8.0
2311.00304,1,10.0,0.0,28.0,2023-11-01,6.0,5.0,6.0
2311.00314,1,1.0,0.0,28.0,2023-11-01,15.0,7.0,4.0
2311.00320,1,40.0,4.0,69.0,2023-10-29,50.0,17.6,50.0
2311.00322,1,10.0,1.0,61.0,2023-10-21,29.0,13.666666666666666,29.0
2311.00327,1,8.0,0.0,35.0,2023-11-01,22.0,9.5,3.0
2311.00330,1,0.0,0.0,0.0,2023-11-01,3.0,1.25,1.0
2311.00334,1,2.0,0.0,28.0,2023-11-01,41.0,12.8,41.0
2311.00341,1,91.0,1.0,153.0,2023-11-01,92.0,25.88888888888889,92.0
2311.00346,1,2.0,1.0,41.0,2023-11-01,2.0,2.0,2.0
2311.12035,1,0.0,0.0,19.0,2023-11-01,13.0,6.5,13.0
2311.00368,1,0.0,0.0,19.0,2023-11-01,3.0,2.0,1.0
2311.00377,1,1.0,0.0,42.0,2023-11-01,6.0,3.5,3.0
2312.00273,1,74.0,13.0,105.0,2023-12-01,22.0,9.6,4.0
2312.00277,1,4.0,0.0,62.0,2023-12-01,4.0,3.0,4.0
2312.03749,1,1.0,0.0,91.0,2023-12-01,7.0,7.0,7.0
2312.00292,1,6.0,0.0,74.0,2023-11-30,15.0,8.5,9.0
2312.00293,1,8.0,0.0,49.0,2023-12-01,6.0,3.6,6.0
2312.00326,1,34.0,1.0,83.0,2023-12-01,4.0,3.3333333333333335,3.0
2312.00347,1,16.0,2.0,53.0,2023-10-26,17.0,9.333333333333334,16.0
2312.00349,1,1.0,0.0,72.0,2023-12-01,16.0,16.0,16.0
2312.00353,1,6.0,0.0,19.0,2023-12-01,5.0,3.25,2.0
2312.00372,1,1.0,0.0,43.0,2023-12-01,5.0,3.142857142857143,5.0
2312.00407,1,7.0,1.0,37.0,2023-12-01,27.0,9.642857142857142,16.0
2312.04578,1,15.0,0.0,100.0,2023-12-01,10.0,6.090909090909091,6.0
2312.00413,1,23.0,1.0,102.0,2023-12-01,26.0,10.909090909090908,20.0
2312.00480,1,14.0,1.0,41.0,2023-12-01,6.0,2.8333333333333335,2.0
2312.00513,1,1.0,0.0,26.0,2023-12-01,3.0,2.5,3.0
2312.00525,1,4.0,0.0,20.0,2023-12-01,31.0,16.0,11.0
2312.00536,1,1.0,0.0,39.0,2023-12-01,9.0,4.8,2.0
2312.00552,1,17.0,1.0,33.0,2023-12-01,5.0,4.6,5.0
2312.00554,1,7.0,0.0,19.0,2023-12-01,13.0,12.5,12.0
2312.00567,1,13.0,2.0,60.0,2023-12-01,15.0,9.2,4.0
2312.00584,1,3.0,0.0,111.0,2023-12-01,11.0,7.25,6.0
2312.00662,1,3.0,0.0,38.0,2023-12-01,33.0,18.5,33.0
2312.00678,1,38.0,1.0,319.0,2023-12-01,12.0,6.1,11.0
2312.00680,1,2.0,0.0,48.0,2023-11-30,4.0,4.0,4.0
2312.00688,1,4.0,0.0,52.0,2023-12-01,26.0,15.0,26.0
2312.00751,1,36.0,5.0,71.0,2023-12-01,13.0,6.333333333333333,13.0
2312.00774,1,2.0,0.0,19.0,2023-12-01,7.0,4.25,6.0
2312.00784,1,191.0,22.0,57.0,2023-12-01,16.0,8.571428571428571,9.0
2312.00874,1,3.0,0.0,58.0,2023-12-01,32.0,13.11111111111111,23.0
2401.02968,1,0.0,0.0,14.0,2023-12-01,1.0,0.75,1.0
2312.03750,1,2.0,0.0,24.0,2023-12-01,9.0,6.0,5.0
2312.00912,1,2.0,0.0,45.0,2023-12-01,9.0,5.5,9.0
2401.06772,1,1.0,0.0,44.0,2023-12-01,2.0,1.5,2.0
2401.10244,1,3.0,0.0,23.0,2023-12-01,4.0,3.0,2.0
2312.00949,1,26.0,2.0,34.0,2023-12-01,16.0,8.5,12.0
2312.00960,1,16.0,1.0,53.0,2023-12-01,13.0,4.4,3.0
2312.00836,1,15.0,1.0,32.0,2023-12-01,11.0,5.555555555555555,5.0
2312.00269,1,0.0,0.0,12.0,2023-12-01,2.0,2.0,2.0
2312.00837,1,5.0,0.0,41.0,2023-12-01,62.0,23.5,5.0
2312.00840,1,3.0,1.0,39.0,2023-12-01,63.0,35.25,26.0
2312.00299,1,7.0,0.0,69.0,2023-12-01,19.0,8.4,5.0
2312.00304,1,0.0,0.0,21.0,2023-12-01,1.0,0.5,1.0
2312.00306,1,10.0,0.0,19.0,2023-12-01,14.0,7.6,4.0
2312.00308,1,4.0,0.0,81.0,2023-12-01,19.0,9.2,12.0
2312.00311,1,50.0,7.0,65.0,2023-12-01,33.0,11.6,13.0
2312.00312,1,6.0,0.0,0.0,2023-12-01,14.0,7.857142857142857,8.0
2312.00313,1,8.0,2.0,65.0,2023-12-01,6.0,4.5,3.0
2312.00316,1,0.0,0.0,40.0,2023-12-01,5.0,2.6666666666666665,5.0
2312.00335,1,11.0,0.0,45.0,2023-11-01,16.0,6.0,16.0
2312.00343,1,32.0,3.0,81.0,2023-12-01,9.0,6.5,9.0
2312.00348,1,4.0,0.0,34.0,2023-12-01,2.0,1.5,2.0
2312.00351,1,4.0,2.0,42.0,2023-12-01,17.0,6.666666666666667,8.0
2401.06145,1,4.0,0.0,51.0,2023-12-01,37.0,11.166666666666666,37.0
2312.00357,1,4.0,1.0,97.0,2023-12-01,29.0,8.470588235294118,29.0
2312.00358,1,2.0,1.0,16.0,2023-12-01,25.0,9.333333333333334,25.0
2312.00360,1,50.0,10.0,82.0,2023-12-01,10.0,4.666666666666667,4.0
2312.00362,1,23.0,11.0,30.0,2023-12-01,22.0,13.25,18.0
2312.00844,1,13.0,5.0,56.0,2023-12-01,9.0,5.4,9.0
2312.00364,1,0.0,0.0,40.0,2023-12-01,16.0,11.0,14.0
2312.00377,1,4.0,2.0,32.0,2023-12-01,8.0,4.5,4.0
2312.00846,1,179.0,5.0,64.0,2023-12-01,12.0,10.333333333333334,11.0
2312.00386,1,4.0,0.0,33.0,2023-12-01,2.0,1.6666666666666667,1.0
2312.00387,1,1.0,0.0,41.0,2023-12-01,27.0,9.333333333333334,27.0
2312.00392,1,4.0,1.0,29.0,2023-08-18,3.0,1.4,3.0
2312.00398,1,4.0,1.0,24.0,2023-12-01,15.0,9.5,15.0
2312.00401,1,3.0,0.0,0.0,2023-12-01,10.0,5.333333333333333,10.0
2312.00412,1,1.0,0.0,61.0,2023-12-01,7.0,4.0,3.0
2312.00414,1,9.0,1.0,71.0,2023-12-01,5.0,3.6666666666666665,2.0
2312.00416,1,4.0,0.0,24.0,2023-10-09,24.0,6.166666666666667,3.0
2312.00425,1,47.0,8.0,24.0,2023-12-01,32.0,13.833333333333334,6.0
2312.00435,1,1.0,0.0,15.0,2023-12-01,1.0,1.0,1.0
2312.00267,1,14.0,1.0,44.0,2023-12-01,33.0,12.571428571428571,33.0
2312.00268,1,1.0,0.0,92.0,2023-12-01,4.0,2.5,1.0
2312.00271,1,13.0,0.0,87.0,2023-12-01,27.0,15.0,3.0
2312.00276,1,7.0,1.0,111.0,2023-12-01,23.0,14.333333333333334,10.0
2312.00279,1,30.0,3.0,77.0,2023-12-01,7.0,4.666666666666667,4.0
2312.00839,1,4.0,0.0,60.0,2023-12-01,10.0,4.833333333333333,3.0
2312.00290,1,4.0,0.0,13.0,2023-12-01,7.0,6.0,5.0
2312.00296,1,0.0,0.0,11.0,2023-12-01,39.0,14.0,2.0
2312.00305,1,2.0,1.0,0.0,2023-12-01,3.0,2.25,2.0
2312.09426,1,5.0,0.0,30.0,2023-10-01,28.0,16.0,28.0
2312.00842,1,8.0,0.0,41.0,2023-12-01,8.0,4.75,8.0
2312.00843,1,2.0,0.0,68.0,2023-12-01,8.0,3.1666666666666665,2.0
2312.00336,1,5.0,0.0,49.0,2023-12-01,11.0,5.8,11.0
2312.00342,1,24.0,0.0,29.0,2022-07-01,12.0,10.0,12.0
2312.00344,1,27.0,0.0,26.0,2022-04-01,12.0,10.0,12.0
2312.00352,1,0.0,0.0,3.0,2023-12-01,27.0,11.0,5.0
2312.00356,1,1.0,0.0,57.0,2023-12-01,29.0,9.25,2.0
2312.09257,1,21.0,3.0,0.0,2023-12-01,6.0,6.0,6.0
2312.00359,1,23.0,2.0,96.0,2023-12-01,19.0,8.166666666666666,6.0
2312.11489,1,31.0,2.0,32.0,2023-12-01,15.0,9.625,12.0
2312.00373,1,1.0,0.0,30.0,2023-12-01,1.0,1.0,1.0
2312.00379,1,16.0,3.0,69.0,2023-12-01,22.0,8.2,22.0
2312.00388,1,10.0,0.0,62.0,2023-12-01,12.0,6.4,12.0
2312.00396,1,6.0,0.0,22.0,2023-12-01,22.0,9.666666666666666,22.0
2312.00404,1,0.0,0.0,36.0,2023-12-01,7.0,5.0,2.0
2312.00411,1,0.0,0.0,25.0,2023-12-01,3.0,1.2,3.0
2312.00427,1,4.0,1.0,39.0,2023-12-01,9.0,7.5,9.0
2312.00434,1,4.0,0.0,41.0,2023-12-01,8.0,5.333333333333333,5.0
2401.00642,1,6.0,0.0,21.0,2024-01-01,17.0,7.5,7.0
2401.00676,1,32.0,0.0,28.0,2024-01-01,30.0,12.4,7.0
2401.02981,1,114.0,2.0,34.0,2024-01-01,6.0,6.0,6.0
2401.00689,1,1.0,0.0,84.0,2024-01-01,11.0,4.4,5.0
2401.00690,1,44.0,7.0,41.0,2024-01-01,15.0,8.4,8.0
2401.00698,1,2.0,0.0,25.0,2024-01-01,3.0,1.6666666666666667,3.0
2401.00741,1,41.0,0.0,39.0,2024-01-01,42.0,18.454545454545453,32.0
2401.00751,1,9.0,2.0,77.0,2024-01-01,20.0,9.428571428571429,0.0
2401.00757,1,26.0,1.0,47.0,2024-01-01,31.0,20.25,29.0
2401.00761,1,4.0,0.0,42.0,2024-01-01,29.0,19.285714285714285,29.0
2401.00763,1,41.0,2.0,74.0,2024-01-01,29.0,15.25,29.0
2401.00779,1,2.0,0.0,77.0,2024-01-01,35.0,19.0,35.0
2401.02982,1,13.0,0.0,23.0,2024-01-01,5.0,2.7777777777777777,2.0
2401.00793,1,37.0,4.0,51.0,2024-01-01,9.0,5.25,7.0
2401.00811,1,5.0,1.0,20.0,2024-01-01,17.0,9.0,17.0
2401.00812,1,127.0,3.0,168.0,2024-01-01,24.0,7.166666666666667,6.0
2401.00820,1,90.0,8.0,72.0,2024-01-01,17.0,10.25,6.0
2401.02984,1,87.0,5.0,143.0,2024-01-01,20.0,11.3,4.0
2401.00824,1,0.0,0.0,36.0,2024-01-01,2.0,2.0,2.0
2401.02938,1,12.0,2.0,46.0,2024-01-01,5.0,5.0,5.0
2402.01642,1,21.0,1.0,0.0,2024-01-02,1.0,1.0,1.0
2401.02985,1,13.0,0.0,64.0,2024-01-02,18.0,8.333333333333334,18.0
2401.01044,1,73.0,9.0,62.0,2024-01-02,9.0,8.25,9.0
2401.01053,1,17.0,0.0,61.0,2024-01-02,21.0,12.0,21.0
2401.01068,1,3.0,0.0,82.0,2024-01-02,2.0,2.0,2.0
2401.01076,1,4.0,1.0,21.0,2024-01-02,23.0,12.6,19.0
2401.01078,1,3.0,0.0,15.0,2024-01-02,2.0,2.0,2.0
2401.01089,1,3.0,0.0,30.0,2024-01-02,22.0,11.333333333333334,9.0
2401.01108,1,3.0,1.0,9.0,2024-01-02,5.0,3.142857142857143,5.0
2401.02986,1,2.0,0.0,53.0,2024-01-02,48.0,20.2,5.0
2401.01183,1,30.0,1.0,63.0,2024-01-02,21.0,9.454545454545455,21.0
2401.01197,1,2.0,0.0,16.0,2024-01-02,21.0,9.333333333333334,12.0
2401.01218,1,2.0,0.0,52.0,2024-01-02,42.0,18.0,40.0
2401.01262,1,3.0,0.0,75.0,2024-01-02,4.0,4.0,4.0
2401.01275,1,153.0,21.0,38.0,2024-01-02,10.0,4.75,4.0
2401.01283,1,10.0,2.0,53.0,2024-01-02,48.0,32.5,48.0
2401.00616,1,1.0,0.0,54.0,2024-01-01,28.0,10.25,11.0
2401.00617,1,21.0,3.0,66.0,2024-01-01,4.0,3.25,3.0
2401.00912,1,17.0,1.0,62.0,2024-01-01,17.0,10.25,5.0
2401.00639,1,0.0,0.0,37.0,2024-01-01,6.0,2.6666666666666665,2.0
2401.10262,1,3.0,0.0,35.0,2024-01-01,10.0,6.5,10.0
2401.00652,1,18.0,2.0,10.0,2024-01-01,39.0,13.285714285714286,20.0
2401.00653,1,5.0,0.0,29.0,2024-01-01,39.0,15.333333333333334,20.0
2401.00657,1,8.0,0.0,30.0,2024-01-01,6.0,3.6666666666666665,4.0
2401.00663,1,2.0,0.0,19.0,2024-01-01,10.0,6.571428571428571,7.0
2401.00692,1,8.0,0.0,84.0,2024-01-01,2.0,1.5,2.0
2401.00695,1,2.0,0.0,24.0,2024-01-01,55.0,21.75,55.0
2401.00700,1,5.0,0.0,3.0,2024-01-01,4.0,4.0,4.0
2401.00701,1,19.0,1.0,28.0,2024-01-01,7.0,4.5,4.0
2401.00708,1,22.0,0.0,72.0,2024-01-01,10.0,6.666666666666667,5.0
2401.01382,1,18.0,0.0,21.0,2024-01-01,10.0,7.142857142857143,7.0
2401.00711,1,10.0,0.0,20.0,2024-01-01,10.0,6.375,7.0
2401.01383,1,1.0,0.0,67.0,2024-01-01,38.0,17.2,32.0
2401.00719,1,23.0,0.0,41.0,2023-09-01,66.0,21.875,6.0
2401.00722,1,45.0,2.0,60.0,2024-01-01,6.0,4.0,2.0
2401.00728,1,18.0,2.0,62.0,2024-01-01,24.0,9.333333333333334,24.0
2401.00729,1,30.0,2.0,31.0,2024-01-01,12.0,8.285714285714286,10.0
2401.00921,1,6.0,0.0,48.0,2024-01-01,28.0,11.6,6.0
2401.00736,1,143.0,0.0,193.0,2024-01-01,14.0,9.0,8.0
2401.00739,1,4.0,0.0,43.0,2024-01-01,2.0,2.0,2.0
2401.00740,1,8.0,0.0,84.0,2024-01-01,6.0,4.25,4.0
2402.00019,1,27.0,0.0,434.0,2024-01-01,9.0,9.0,9.0
2401.00766,1,7.0,3.0,0.0,2024-01-01,23.0,12.4,18.0
2401.00789,1,60.0,2.0,85.0,2024-01-01,15.0,10.285714285714286,7.0
2401.00926,1,360.0,8.0,37.0,2024-01-01,13.0,4.909090909090909,2.0
2401.00816,1,6.0,0.0,80.0,2024-01-01,7.0,5.25,7.0
2401.00825,1,20.0,1.0,62.0,2024-01-01,13.0,7.0,13.0
2401.00929,1,31.0,0.0,53.0,2024-01-01,5.0,3.8333333333333335,3.0
2401.00833,1,12.0,0.0,43.0,2024-01-01,24.0,8.5,24.0
2401.00834,1,93.0,11.0,49.0,2024-01-01,13.0,7.2,13.0
2401.01911,1,6.0,0.0,39.0,2024-01-01,5.0,4.5,4.0
2401.00847,1,42.0,1.0,64.0,2024-01-01,8.0,5.5,8.0
2401.00850,1,12.0,0.0,46.0,2024-01-01,20.0,9.666666666666666,5.0
2401.00622,1,8.0,1.0,39.0,2024-01-01,15.0,10.285714285714286,12.0
2401.00625,1,104.0,4.0,0.0,2024-01-01,11.0,6.076923076923077,6.0
2401.00629,1,4.0,3.0,59.0,2024-01-01,13.0,6.75,13.0
2401.00633,1,0.0,0.0,30.0,2024-01-01,61.0,17.333333333333332,14.0
2401.00658,1,11.0,1.0,16.0,2024-01-01,21.0,10.5,7.0
2401.00664,1,1.0,0.0,76.0,2024-01-01,5.0,3.5,2.0
2401.00678,1,32.0,0.0,90.0,2024-01-01,13.0,7.0,8.0
2401.00916,1,11.0,1.0,57.0,2024-01-01,53.0,16.0,7.0
2401.00684,1,7.0,0.0,59.0,2024-01-01,15.0,7.0,12.0
2401.00685,1,17.0,1.0,38.0,2024-01-01,9.0,5.0,2.0
2401.00688,1,3.0,0.0,51.0,2024-01-01,2.0,1.5,2.0
2401.00691,1,0.0,0.0,32.0,2024-01-01,17.0,9.0,17.0
2401.00713,1,18.0,1.0,198.0,2024-01-01,31.0,15.8,21.0
2401.00737,1,4.0,1.0,18.0,2024-01-01,3.0,2.0,2.0
2401.00744,1,5.0,0.0,32.0,2024-01-01,33.0,7.428571428571429,33.0
2401.00755,1,13.0,1.0,43.0,2024-01-01,27.0,6.571428571428571,3.0
2401.00756,1,12.0,0.0,50.0,2023-12-01,17.0,10.0,16.0
2401.01384,1,4.0,0.0,41.0,2024-01-01,13.0,7.5,13.0
2401.00773,1,11.0,0.0,87.0,2024-01-01,5.0,3.5,2.0
2401.00776,1,3.0,0.0,42.0,2024-01-01,2.0,2.0,2.0
2401.00781,1,47.0,0.0,84.0,2024-01-01,24.0,7.333333333333333,24.0
2401.00809,1,15.0,0.0,20.0,2024-01-01,1.0,1.0,1.0
2401.00828,1,3.0,0.0,45.0,2024-01-01,19.0,13.0,19.0
2401.01386,1,0.0,0.0,0.0,2024-01-01,3.0,3.0,3.0
2401.00953,1,0.0,0.0,44.0,2024-01-01,3.0,3.0,3.0
2401.05425,1,7.0,0.0,128.0,2024-01-01,27.0,5.454545454545454,3.0
2401.00961,1,1.0,0.0,8.0,2024-01-01,13.0,4.0,13.0
2402.00251,1,12.0,0.0,57.0,2024-02-01,4.0,3.6666666666666665,4.0
2402.00253,1,356.0,10.0,59.0,2024-02-01,7.0,4.111111111111111,6.0
2402.00263,1,20.0,1.0,58.0,2024-02-01,8.0,6.125,8.0
2402.00271,1,0.0,0.0,8.0,2024-02-01,1.0,1.0,1.0
2402.01767,1,7.0,0.0,26.0,2024-02-01,3.0,2.5,2.0
2402.01769,1,15.0,1.0,41.0,2024-02-01,4.0,2.6666666666666665,3.0
2402.00322,1,15.0,2.0,61.0,2024-02-01,6.0,4.666666666666667,3.0
2402.00345,1,25.0,0.0,32.0,2024-02-01,6.0,4.6,6.0
2402.00367,1,206.0,11.0,93.0,2024-02-01,20.0,11.833333333333334,14.0
2402.00371,1,52.0,3.0,108.0,2024-02-01,19.0,12.5,14.0
2402.00385,1,4.0,0.0,36.0,2024-02-01,16.0,6.8,9.0
2402.00402,1,15.0,2.0,6.0,2024-02-01,5.0,3.0,5.0
2402.00412,1,26.0,2.0,38.0,2024-02-01,19.0,8.2,6.0
2402.00414,1,2.0,0.0,12.0,2024-02-01,3.0,2.1666666666666665,2.0
2402.00421,1,5.0,0.0,43.0,2024-02-01,3.0,3.0,3.0
2402.00446,1,2.0,0.0,46.0,2024-02-01,35.0,20.5,35.0
2402.00453,1,2.0,0.0,47.0,2024-02-01,15.0,6.75,2.0
2402.00474,1,2.0,0.0,63.0,2024-02-01,4.0,2.5,2.0
2402.01772,1,2.0,0.0,32.0,2024-02-01,18.0,11.5,18.0
2402.00913,1,5.0,1.0,54.0,2024-02-01,2.0,1.75,2.0
2402.00530,1,144.0,18.0,55.0,2024-02-01,22.0,11.5,11.0
2402.00559,1,71.0,8.0,64.0,2024-02-01,33.0,15.0,33.0
2402.03471,1,6.0,0.0,27.0,2024-02-01,19.0,9.666666666666666,19.0
2402.01775,1,16.0,0.0,65.0,2023-08-01,10.0,5.166666666666667,4.0
2402.00620,1,4.0,0.0,22.0,2024-02-01,5.0,3.3333333333333335,3.0
2402.00632,1,9.0,0.0,19.0,2024-02-01,45.0,16.0,45.0
2402.00658,1,55.0,2.0,52.0,2024-02-01,65.0,24.4,65.0
2402.00667,1,19.0,3.0,13.0,2024-02-01,8.0,4.5,5.0
2402.01777,1,5.0,0.0,2.0,2024-02-01,29.0,9.0,3.0
2402.00707,1,26.0,1.0,98.0,2024-02-01,19.0,14.666666666666666,10.0
2402.00711,1,2.0,0.0,28.0,2024-02-01,9.0,6.5,4.0
2402.00723,1,11.0,0.0,59.0,2024-02-01,15.0,7.6,9.0
2402.00743,1,4.0,0.0,35.0,2024-02-01,8.0,5.6,6.0
2402.00744,1,24.0,2.0,0.0,2024-02-01,15.0,5.2,6.0
2402.00745,1,22.0,1.0,53.0,2024-02-01,15.0,8.25,9.0
2402.00746,1,31.0,2.0,24.0,2024-02-01,26.0,11.0,12.0
2402.00250,1,11.0,1.0,28.0,2024-02-01,4.0,3.0,4.0
2402.00261,1,2.0,0.0,5.0,2024-02-01,4.0,3.5,3.0
2402.00281,1,19.0,3.0,94.0,2024-02-01,20.0,12.0,10.0
2402.00290,1,4.0,0.0,51.0,2024-02-01,55.0,15.0,18.0
2402.00293,1,11.0,1.0,70.0,2024-02-01,19.0,7.571428571428571,5.0
2402.00295,1,1.0,0.0,26.0,2024-02-01,20.0,11.25,20.0
2402.10090,1,0.0,0.0,19.0,2024-02-01,13.0,7.5,13.0
2402.00300,1,7.0,1.0,23.0,2024-02-01,32.0,16.8,31.0
2402.00304,1,0.0,0.0,0.0,2024-02-01,4.0,3.25,4.0
2402.00319,1,6.0,0.0,42.0,2024-02-01,27.0,17.333333333333332,27.0
2402.00321,1,20.0,1.0,33.0,2024-02-01,30.0,11.857142857142858,17.0
2402.00909,1,4.0,0.0,21.0,2024-02-01,1.0,1.0,1.0
2402.00341,1,32.0,3.0,50.0,2024-02-01,12.0,9.333333333333334,12.0
2402.00353,1,4.0,0.0,34.0,2024-02-01,9.0,6.0,3.0
2402.00357,1,81.0,6.0,44.0,2024-02-01,8.0,6.2,8.0
2402.00375,1,5.0,0.0,12.0,2024-02-01,34.0,18.857142857142858,29.0
2402.00376,1,8.0,0.0,0.0,2024-02-01,30.0,11.0,5.0
2402.00407,1,24.0,3.0,60.0,2024-02-01,12.0,4.5,4.0
2402.00411,1,12.0,2.0,57.0,2024-02-01,24.0,10.333333333333334,24.0
2402.00418,1,13.0,0.0,25.0,2024-02-01,7.0,6.75,6.0
2402.00422,1,46.0,5.0,141.0,2023-08-01,37.0,11.714285714285714,7.0
2402.00433,1,99.0,13.0,63.0,2024-02-01,21.0,11.0,21.0
2402.00448,1,6.0,1.0,29.0,2024-02-01,3.0,3.0,3.0
2402.00467,1,3.0,0.0,24.0,2024-02-01,14.0,9.0,14.0
2402.00912,1,7.0,0.0,30.0,2024-02-01,40.0,17.5,40.0
2402.00481,1,1.0,0.0,30.0,2024-02-01,18.0,9.2,9.0
2402.00525,1,137.0,13.0,49.0,2024-02-01,14.0,7.333333333333333,4.0
2402.00534,1,1.0,0.0,40.0,2024-02-01,28.0,9.25,28.0
2402.00541,1,13.0,0.0,52.0,2024-02-01,17.0,7.428571428571429,13.0
2402.00564,1,6.0,0.0,30.0,2024-02-01,8.0,6.4,8.0
2402.00570,1,25.0,1.0,49.0,2024-02-01,17.0,6.428571428571429,5.0
2402.00575,1,6.0,0.0,0.0,2024-02-01,21.0,8.25,3.0
2402.00576,1,4.0,0.0,45.0,2024-02-01,4.0,2.6,1.0
2402.00593,1,10.0,0.0,28.0,2024-02-01,6.0,4.6,3.0
2402.14022,1,2.0,1.0,24.0,2024-02-01,15.0,10.666666666666666,15.0
2402.00918,1,0.0,0.0,43.0,2024-02-01,6.0,4.0,6.0
2402.00606,1,4.0,0.0,22.0,2024-02-01,5.0,4.25,5.0
2402.00254,1,6.0,0.0,57.0,2024-02-01,2.0,1.6666666666666667,2.0
2402.00258,1,7.0,0.0,43.0,2024-02-01,7.0,6.5,7.0
2402.00284,1,7.0,0.0,69.0,2024-02-01,30.0,20.2,16.0
2402.00904,1,22.0,0.0,71.0,2024-02-01,22.0,11.5,22.0
2402.01768,1,17.0,1.0,44.0,2024-02-01,10.0,5.5,6.0
2402.00906,1,8.0,0.0,37.0,2024-02-01,22.0,9.333333333333334,3.0
2402.00299,1,38.0,2.0,81.0,2024-02-01,5.0,3.0,2.0
2402.00306,1,0.0,0.0,24.0,2024-02-01,10.0,5.5,10.0
2402.00907,1,1.0,0.0,0.0,2024-02-01,2.0,1.6666666666666667,1.0
2402.00310,1,2.0,0.0,42.0,2024-02-01,3.0,2.25,2.0
2402.00313,1,2.0,0.0,24.0,2024-02-01,4.0,2.6666666666666665,2.0
2402.00315,1,0.0,0.0,26.0,2024-02-01,48.0,16.0,8.0
2402.00318,1,5.0,0.0,21.0,2023-10-29,25.0,14.0,25.0
2402.00324,1,1.0,0.0,46.0,2024-02-01,60.0,23.75,16.0
2402.00326,1,116.0,17.0,89.0,2024-02-01,55.0,20.25,55.0
2402.00332,1,3.0,0.0,34.0,2024-02-01,5.0,3.25,3.0
2402.00342,1,2.0,0.0,103.0,2024-02-01,12.0,7.666666666666667,12.0
2402.00347,1,10.0,0.0,89.0,2024-02-01,6.0,3.0,2.0
2402.00348,1,26.0,4.0,69.0,2024-02-01,21.0,12.0,21.0
2402.00355,1,6.0,0.0,32.0,2024-02-01,17.0,6.125,16.0
2402.00388,1,0.0,0.0,43.0,2024-02-01,17.0,8.222222222222221,3.0
2402.00393,1,2.0,0.0,43.0,2024-02-01,21.0,9.0,21.0
2402.00397,1,10.0,1.0,73.0,2024-02-01,8.0,5.666666666666667,2.0
2402.00435,1,11.0,0.0,56.0,2024-02-01,9.0,5.5,2.0
2402.10085,1,0.0,0.0,19.0,2023-12-04,32.0,10.0,32.0
2402.00910,1,6.0,0.0,33.0,2024-02-01,7.0,3.6,7.0
2402.00447,1,37.0,0.0,74.0,2024-02-01,31.0,16.571428571428573,21.0
2403.00198,1,11.0,0.0,30.0,2024-03-01,22.0,8.0,6.0
2403.00199,1,21.0,3.0,43.0,2024-03-01,9.0,6.5,4.0
2403.00212,1,3.0,0.0,13.0,2024-03-01,3.0,3.0,3.0
2403.00226,1,10.0,1.0,57.0,2024-03-01,15.0,10.0,15.0
2403.00231,1,139.0,12.0,63.0,2024-03-01,31.0,12.142857142857142,11.0
2403.00236,1,6.0,0.0,72.0,2024-03-01,16.0,6.4,3.0
2403.00241,1,17.0,1.0,34.0,2024-03-01,7.0,4.5,4.0
2403.00867,1,83.0,10.0,35.0,2024-03-01,15.0,9.666666666666666,15.0
2403.00252,1,7.0,0.0,86.0,2024-03-01,7.0,4.4,3.0
2403.00260,1,6.0,0.0,41.0,2024-03-01,16.0,9.75,16.0
2403.00868,1,3.0,0.0,10.0,2024-03-01,3.0,1.8,1.0
2403.00277,1,50.0,1.0,63.0,2024-03-01,8.0,4.4,3.0
2403.00292,1,0.0,0.0,45.0,2024-03-01,8.0,6.0,8.0
2403.00871,1,44.0,3.0,74.0,2024-03-01,26.0,14.2,19.0
2403.00338,1,2.0,1.0,35.0,2024-03-01,11.0,6.857142857142857,10.0
2403.00876,1,0.0,0.0,21.0,2024-03-01,13.0,5.75,4.0
2403.00354,1,26.0,1.0,26.0,2024-03-01,17.0,9.0,12.0
2403.00370,1,2.0,0.0,40.0,2024-03-01,12.0,9.333333333333334,12.0
2403.00393,1,31.0,0.0,47.0,2024-03-01,32.0,12.833333333333334,15.0
2403.00409,1,122.0,18.0,36.0,2024-03-01,13.0,8.0,8.0
2403.00411,1,12.0,0.0,102.0,2024-03-01,9.0,6.666666666666667,9.0
2403.00417,1,19.0,0.0,38.0,2024-03-01,2.0,2.0,2.0
2403.00418,1,5.0,0.0,39.0,2024-03-01,3.0,2.3333333333333335,3.0
2403.00435,1,11.0,1.0,70.0,2024-03-01,87.0,33.666666666666664,87.0
2403.00438,1,4.0,0.0,23.0,2024-03-01,5.0,3.5,5.0
2403.00887,1,5.0,0.0,19.0,2024-03-01,5.0,2.142857142857143,2.0
2403.00462,1,11.0,0.0,36.0,2024-03-01,11.0,3.75,3.0
2403.00888,1,2.0,0.0,35.0,2024-03-01,9.0,9.0,9.0
2403.00499,1,4.0,0.0,48.0,2024-03-01,9.0,6.5,9.0
2403.00891,1,3.0,0.0,49.0,2024-03-01,18.0,11.0,14.0
2403.00506,1,18.0,2.0,102.0,2024-03-01,23.0,10.0,6.0
2403.00509,1,10.0,0.0,73.0,2024-03-01,4.0,3.75,4.0
2403.00510,1,9.0,0.0,28.0,2024-03-01,3.0,2.3333333333333335,3.0
2403.00528,1,5.0,0.0,12.0,2024-03-01,17.0,11.5,6.0
2403.00553,1,65.0,7.0,53.0,2024-03-01,52.0,14.833333333333334,52.0
2403.00894,1,47.0,1.0,32.0,2024-03-01,15.0,10.5,6.0
2403.00896,1,20.0,1.0,101.0,2024-03-01,18.0,10.6,14.0
2403.00632,1,35.0,0.0,91.0,2024-03-01,8.0,4.0,8.0
2403.00662,1,4.0,0.0,52.0,2024-03-01,14.0,6.0,4.0
2403.00686,1,12.0,2.0,22.0,2024-03-01,12.0,8.666666666666666,7.0
2403.00206,1,4.0,1.0,83.0,2024-03-01,1.0,1.0,1.0
2403.00209,1,19.0,3.0,24.0,2024-03-01,6.0,3.2,6.0
2403.00211,1,0.0,0.0,25.0,2024-03-01,16.0,7.0,4.0
2403.00219,1,32.0,1.0,50.0,2024-03-01,14.0,7.0,4.0
2403.00228,1,0.0,0.0,48.0,2024-03-01,24.0,7.166666666666667,24.0
2403.00865,1,5.0,0.0,63.0,2023-07-12,73.0,39.75,73.0
2403.00245,1,12.0,1.0,30.0,2024-03-01,10.0,6.142857142857143,10.0
2403.00249,1,1.0,0.0,46.0,2024-03-01,29.0,16.727272727272727,10.0
2403.00250,1,3.0,0.0,49.0,2024-03-01,20.0,6.666666666666667,6.0
2403.00254,1,4.0,0.0,22.0,2024-03-01,4.0,3.5,3.0
2403.00257,1,0.0,0.0,28.0,2024-03-01,37.0,8.615384615384615,2.0
2403.00261,1,5.0,0.0,56.0,2024-03-01,15.0,8.714285714285714,15.0
2403.00268,1,6.0,0.0,19.0,2024-03-01,6.0,3.5,6.0
2403.00269,1,11.0,0.0,99.0,2024-03-01,13.0,7.333333333333333,5.0
2403.00270,1,33.0,3.0,0.0,2024-03-01,30.0,12.4,10.0
2403.00272,1,3.0,0.0,27.0,2024-03-01,55.0,29.0,55.0
2403.00274,1,22.0,4.0,48.0,2024-03-01,6.0,3.3333333333333335,6.0
2403.00303,1,19.0,0.0,57.0,2024-03-01,6.0,4.2,2.0
2403.00307,1,2.0,0.0,32.0,2024-03-01,13.0,6.333333333333333,7.0
2403.00325,1,6.0,0.0,43.0,2024-03-01,6.0,3.6,3.0
2403.00326,1,50.0,5.0,45.0,2024-03-01,12.0,4.8,2.0
2403.00327,1,3.0,1.0,33.0,2024-03-01,10.0,6.5,10.0
2403.00352,1,4.0,0.0,45.0,2024-03-01,5.0,4.0,4.0
2403.00353,1,7.0,0.0,43.0,2024-01-01,3.0,2.2,1.0
2403.00366,1,2.0,0.0,97.0,2024-03-01,7.0,3.5,1.0
2403.00372,1,11.0,0.0,61.0,2024-03-01,29.0,10.25,3.0
2403.00376,1,5.0,1.0,43.0,2024-03-01,11.0,5.375,9.0
2403.00394,1,3.0,0.0,48.0,2024-03-01,17.0,12.25,3.0
2403.00396,1,4.0,0.0,19.0,2024-03-01,29.0,12.0,3.0
2403.00402,1,4.0,0.0,34.0,2023-12-01,33.0,16.833333333333332,33.0
2403.00416,1,9.0,2.0,45.0,2024-03-01,15.0,5.666666666666667,1.0
2403.00425,1,179.0,21.0,49.0,2024-03-01,12.0,7.142857142857143,5.0
2403.00426,1,5.0,0.0,8.0,2024-03-01,10.0,6.0,6.0
2403.00436,1,58.0,14.0,73.0,2024-03-01,19.0,7.625,7.0
2403.00437,1,10.0,3.0,62.0,2024-03-01,8.0,5.5,8.0
2403.00452,1,6.0,0.0,20.0,2024-03-01,6.0,5.0,6.0
2403.00459,1,17.0,1.0,49.0,2024-03-01,10.0,5.0,3.0
2403.00467,1,12.0,0.0,52.0,2024-03-01,23.0,11.857142857142858,7.0
2403.15408,1,22.0,4.0,54.0,2024-03-01,28.0,8.0,6.0
2403.00222,1,10.0,1.0,76.0,2024-03-01,8.0,5.5,3.0
2403.00225,1,9.0,0.0,15.0,2024-03-01,6.0,6.0,6.0
2403.00229,1,17.0,1.0,36.0,2024-03-01,15.0,9.0,15.0
2403.00233,1,7.0,0.0,46.0,2024-03-01,35.0,14.4,23.0
2403.00258,1,9.0,1.0,73.0,2024-03-01,49.0,21.142857142857142,15.0
2403.00259,1,3.0,0.0,71.0,2024-03-01,51.0,26.5,51.0
2403.00273,1,0.0,0.0,8.0,2024-03-01,0.0,0.0,0.0
2403.00276,1,3.0,0.0,34.0,2024-03-01,2.0,2.0,2.0
2403.00869,1,5.0,0.0,44.0,2024-03-01,12.0,5.75,5.0
2403.00278,1,12.0,4.0,41.0,2024-03-01,18.0,9.0,18.0
2403.00282,1,4.0,0.0,35.0,2024-03-01,12.0,7.0,12.0
2403.00284,1,32.0,1.0,156.0,2024-03-01,11.0,6.0,11.0
2403.00289,1,4.0,0.0,33.0,2024-03-01,18.0,7.0,18.0
2403.00290,1,1.0,0.0,15.0,2024-03-01,9.0,4.5,6.0
2403.00293,1,10.0,1.0,32.0,2024-03-01,6.0,4.5,3.0
2403.00299,1,5.0,0.0,11.0,2023-12-04,14.0,7.5,1.0
2403.00315,1,3.0,1.0,68.0,2024-03-01,3.0,3.0,3.0
2403.00318,1,0.0,0.0,27.0,2024-03-01,8.0,3.0,1.0
2403.00321,1,10.0,0.0,29.0,2024-03-01,1.0,1.0,1.0
2403.00323,1,22.0,4.0,78.0,2024-03-01,29.0,14.714285714285714,10.0
2403.00329,1,27.0,2.0,68.0,2024-03-01,29.0,14.571428571428571,10.0
2403.00873,1,34.0,1.0,185.0,2024-03-01,17.0,5.6,17.0
2403.00875,1,5.0,0.0,40.0,2024-03-01,29.0,14.4,18.0
2403.00337,1,3.0,0.0,0.0,2024-03-01,5.0,5.0,5.0
2403.00344,1,4.0,1.0,30.0,2024-03-01,5.0,4.5,4.0
2403.00877,1,6.0,0.0,49.0,2024-03-01,26.0,6.928571428571429,8.0
2404.00859,1,43.0,1.0,36.0,2024-04-01,6.0,4.333333333333333,3.0
2404.00862,1,1.0,0.0,61.0,2024-04-01,5.0,3.0,1.0
2404.00884,1,4.0,0.0,39.0,2024-04-01,42.0,19.0,32.0
2404.00899,1,3.0,0.0,17.0,2024-04-01,2.0,2.0,2.0
2406.15362,1,21.0,1.0,37.0,2024-04-01,22.0,7.25,22.0
2404.00913,1,8.0,2.0,62.0,2024-04-01,8.0,4.8,4.0
2404.00914,1,3.0,0.0,30.0,2024-04-01,3.0,2.5,1.0
2404.00925,1,92.0,9.0,74.0,2024-04-01,13.0,7.6,8.0
2404.00929,1,130.0,3.0,200.0,2024-04-01,4.0,2.8333333333333335,2.0
2404.00930,1,8.0,0.0,30.0,2024-04-01,3.0,2.4,3.0
2404.00934,1,33.0,7.0,37.0,2024-04-01,41.0,20.545454545454547,41.0
2404.00938,1,20.0,0.0,36.0,2024-04-01,4.0,2.25,4.0
2404.00942,1,18.0,1.0,71.0,2024-04-01,14.0,7.142857142857143,6.0
2404.00943,1,6.0,0.0,34.0,2024-04-01,14.0,6.0,14.0
2404.00950,1,6.0,0.0,21.0,2024-04-01,2.0,2.0,2.0
2404.01353,1,12.0,0.0,51.0,2024-04-01,22.0,6.166666666666667,3.0
2404.00978,1,5.0,0.0,27.0,2024-04-01,11.0,8.166666666666666,11.0
2404.00990,1,10.0,0.0,0.0,2024-04-01,4.0,3.0,2.0
2404.00998,1,17.0,3.0,33.0,2024-04-01,21.0,13.8,19.0
2404.00999,1,10.0,0.0,50.0,2024-04-01,5.0,3.3333333333333335,3.0
2404.01009,1,6.0,1.0,40.0,2024-04-01,7.0,5.5,7.0
2404.01012,1,33.0,0.0,161.0,2024-04-01,21.0,13.6,21.0
2404.01015,1,17.0,0.0,55.0,2024-04-01,11.0,7.25,11.0
2404.01019,1,33.0,1.0,56.0,2024-04-01,28.0,12.714285714285714,2.0
2404.01358,1,8.0,1.0,83.0,2024-04-01,27.0,16.0,1.0
2404.01029,1,1.0,0.0,33.0,2024-04-01,15.0,6.333333333333333,3.0
2404.01037,1,17.0,2.0,17.0,2024-04-01,6.0,3.0,1.0
2404.01054,1,20.0,1.0,104.0,2024-04-01,14.0,12.75,11.0
2404.01067,1,14.0,0.0,59.0,2024-04-01,18.0,12.428571428571429,16.0
2404.01070,1,4.0,0.0,50.0,2024-04-01,5.0,4.0,4.0
2404.01077,1,55.0,1.0,144.0,2024-04-01,11.0,7.333333333333333,11.0
2404.01582,1,7.0,1.0,12.0,2024-04-01,2.0,1.25,2.0
2404.01084,1,1.0,0.0,44.0,2024-04-01,31.0,11.25,31.0
2404.01099,1,110.0,10.0,51.0,2024-04-01,23.0,14.666666666666666,11.0
2404.01361,1,16.0,0.0,35.0,2024-04-01,49.0,14.875,23.0
2404.01104,1,7.0,0.0,40.0,2024-04-01,3.0,2.0,3.0
2404.01129,1,5.0,0.0,48.0,2024-04-01,11.0,7.6,8.0
2404.01140,1,2.0,0.0,28.0,2024-04-01,2.0,1.6666666666666667,2.0
2404.01147,1,2.0,0.0,21.0,2024-04-01,8.0,5.8,8.0
2404.00834,1,66.0,13.0,61.0,2024-04-01,12.0,6.8,5.0
2404.00837,1,31.0,1.0,34.0,2024-04-01,24.0,8.066666666666666,17.0
2404.00838,1,6.0,0.0,121.0,2024-04-01,14.0,5.555555555555555,7.0
2404.00842,1,11.0,1.0,47.0,2024-04-01,35.0,15.6,35.0
2404.00846,1,0.0,0.0,14.0,2024-04-01,3.0,1.3333333333333333,3.0
2404.00847,1,27.0,1.0,41.0,2024-04-01,10.0,6.5,10.0
2404.00849,1,30.0,1.0,48.0,2024-04-01,34.0,16.0,12.0
2404.00851,1,45.0,0.0,87.0,2024-04-01,12.0,8.333333333333334,9.0
2404.00852,1,0.0,0.0,39.0,2023-12-23,4.0,1.6,4.0
2404.00855,1,4.0,0.0,47.0,2024-04-01,8.0,3.0,2.0
2404.00857,1,0.0,0.0,24.0,2024-04-01,6.0,4.0,2.0
2404.00860,1,16.0,3.0,70.0,2024-04-01,21.0,12.666666666666666,10.0
2404.00874,1,25.0,4.0,58.0,2024-04-01,11.0,6.666666666666667,11.0
2404.00875,1,12.0,0.0,56.0,2024-04-01,9.0,3.5714285714285716,5.0
2404.00876,1,62.0,6.0,52.0,2024-04-01,11.0,7.833333333333333,11.0
2404.00878,1,8.0,1.0,62.0,2024-04-01,21.0,8.75,10.0
2404.00879,1,2.0,0.0,35.0,2024-04-01,4.0,3.3333333333333335,4.0
2404.00891,1,7.0,2.0,54.0,2024-04-01,6.0,4.666666666666667,6.0
2404.00901,1,1.0,0.0,24.0,2024-04-01,17.0,4.75,10.0
2404.00906,1,65.0,4.0,56.0,2024-04-01,22.0,13.6,3.0
2404.01351,1,8.0,1.0,38.0,2024-04-01,11.0,5.25,4.0
2404.00909,1,3.0,0.0,44.0,2024-04-01,7.0,4.0,3.0
2404.00915,1,24.0,2.0,77.0,2024-04-01,5.0,2.75,2.0
2404.00916,1,8.0,0.0,65.0,2024-04-01,8.0,5.0,5.0
2404.00918,1,1.0,0.0,95.0,2024-04-01,9.0,5.0,3.0
2404.00921,1,2.0,0.0,61.0,2024-04-01,9.0,4.4,3.0
2404.00922,1,56.0,5.0,39.0,2024-04-01,11.0,7.666666666666667,7.0
2404.00923,1,41.0,7.0,36.0,2024-04-01,54.0,22.0,54.0
2404.00924,1,12.0,1.0,65.0,2024-04-01,12.0,4.285714285714286,7.0
2404.00928,1,24.0,2.0,44.0,2024-04-01,35.0,10.25,35.0
2404.01352,1,1.0,1.0,49.0,2024-04-01,6.0,3.4285714285714284,3.0
2404.00931,1,9.0,0.0,58.0,2024-04-01,12.0,9.666666666666666,11.0
2404.00936,1,23.0,1.0,78.0,2024-04-01,14.0,6.2,14.0
2404.00946,1,0.0,0.0,32.0,2024-04-01,7.0,3.0,2.0
2404.00949,1,4.0,0.0,44.0,2024-04-01,11.0,6.0,3.0
2404.00959,1,3.0,1.0,49.0,2024-04-01,13.0,5.333333333333333,2.0
2404.00964,1,3.0,0.0,68.0,2024-04-01,9.0,4.833333333333333,3.0
2404.00836,1,29.0,0.0,50.0,2024-04-01,12.0,8.0,11.0
2404.00848,1,1.0,0.0,74.0,2024-04-01,19.0,11.5,7.0
2404.15209,1,6.0,0.0,0.0,2024-04-01,5.0,3.0,2.0
2404.00880,1,8.0,1.0,34.0,2024-04-01,25.0,9.25,25.0
2404.00882,1,8.0,1.0,36.0,2024-04-01,14.0,6.75,3.0
2404.00883,1,0.0,0.0,35.0,2024-04-01,39.0,15.2,9.0
2404.00885,1,1.0,1.0,20.0,2024-04-01,7.0,2.8,7.0
2404.00897,1,27.0,3.0,175.0,2024-04-01,49.0,28.5,49.0
2404.00898,1,1.0,0.0,45.0,2024-04-01,5.0,3.0,2.0
2404.00962,1,0.0,0.0,45.0,2024-04-01,9.0,6.666666666666667,9.0
2404.00983,1,27.0,0.0,251.0,2024-04-01,11.0,6.0,11.0
2404.15309,1,4.0,0.0,57.0,2024-04-01,35.0,14.0,2.0
2404.00986,1,38.0,3.0,74.0,2024-04-01,18.0,5.5,5.0
2404.01356,1,0.0,0.0,40.0,2024-04-01,11.0,3.2857142857142856,11.0
2404.01036,1,37.0,3.0,1.0,2024-04-01,11.0,7.0,6.0
2404.01039,1,72.0,2.0,160.0,2024-04-01,11.0,7.166666666666667,11.0
2404.01041,1,11.0,3.0,34.0,2024-04-01,39.0,14.2,20.0
2404.01049,1,2.0,0.0,6.0,2024-04-01,3.0,2.3333333333333335,3.0
2404.01050,1,60.0,7.0,45.0,2024-04-01,3.0,2.4,3.0
2404.02175,1,1.0,0.0,63.0,2024-04-01,1.0,1.0,1.0
2404.01058,1,10.0,0.0,24.0,2024-04-01,9.0,5.6,3.0
2404.01360,1,21.0,0.0,59.0,2024-04-01,14.0,11.5,9.0
2404.01060,1,8.0,0.0,39.0,2024-04-01,15.0,6.6,15.0
2404.01074,1,0.0,0.0,9.0,2024-04-01,35.0,23.333333333333332,31.0
2404.01078,1,1.0,0.0,79.0,2024-04-01,14.0,6.0,14.0
2405.00273,1,11.0,1.0,153.0,2024-05-01,6.0,3.5,1.0
2405.00289,1,1.0,0.0,22.0,2024-05-01,5.0,3.0,3.0
2405.00291,1,23.0,1.0,55.0,2024-05-01,87.0,16.875,87.0
2405.00301,1,5.0,0.0,31.0,2024-05-01,8.0,6.5,6.0
2405.00302,1,9.0,1.0,21.0,2024-05-01,5.0,3.5,2.0
2405.00321,1,1.0,0.0,32.0,2024-05-01,4.0,2.5,4.0
2405.00361,1,35.0,2.0,39.0,2024-05-01,9.0,7.0,5.0
2405.15787,1,4.0,0.0,54.0,2024-05-01,17.0,6.25,3.0
2405.00390,1,20.0,0.0,64.0,2024-05-01,20.0,9.333333333333334,4.0
2405.01601,1,0.0,0.0,44.0,2024-05-01,61.0,36.0,61.0
2405.00402,1,39.0,1.0,48.0,2024-05-01,15.0,9.5,4.0
2405.00438,1,3.0,0.0,38.0,2024-05-01,42.0,17.923076923076923,32.0
2405.00449,1,57.0,2.0,43.0,2024-05-01,14.0,7.666666666666667,4.0
2405.00461,1,6.0,2.0,18.0,2024-05-01,14.0,8.0,9.0
2405.00465,1,77.0,6.0,46.0,2024-05-01,29.0,12.75,8.0
2405.00467,1,45.0,3.0,38.0,2024-05-01,9.0,8.333333333333334,8.0
2405.00489,1,9.0,1.0,34.0,2024-05-01,36.0,20.5,36.0
2405.00492,1,147.0,15.0,43.0,2024-05-01,8.0,5.75,8.0
2405.00494,1,14.0,2.0,25.0,2024-05-01,24.0,13.5,24.0
2405.00516,1,6.0,0.0,31.0,2024-04-08,20.0,8.0,20.0
2405.00522,1,9.0,0.0,93.0,2024-05-01,3.0,2.3333333333333335,2.0
2405.00523,1,1.0,0.0,65.0,2024-05-01,13.0,8.857142857142858,3.0
2405.00536,1,1.0,0.0,26.0,2024-05-01,1.0,1.0,1.0
2405.00543,1,10.0,1.0,82.0,2024-05-01,3.0,2.0,2.0
2405.00557,1,13.0,0.0,63.0,2024-05-01,14.0,10.727272727272727,13.0
2405.00566,1,2.0,0.0,33.0,2024-05-01,6.0,3.5,2.0
2405.00578,1,4.0,0.0,48.0,2024-05-01,17.0,7.5,4.0
2405.00588,1,16.0,0.0,48.0,2024-05-01,63.0,19.75,63.0
2405.00602,1,9.0,0.0,34.0,2024-05-01,7.0,6.666666666666667,7.0
2405.00611,1,12.0,2.0,26.0,2024-05-01,12.0,8.25,4.0
2405.00622,1,17.0,2.0,0.0,2024-05-01,9.0,5.0,8.0
2405.00632,1,7.0,0.0,34.0,2024-05-01,4.0,2.75,2.0
2405.00657,1,11.0,1.0,96.0,2024-05-01,6.0,6.0,6.0
2405.00659,1,6.0,0.0,50.0,2024-05-01,13.0,10.0,13.0
2405.00801,1,9.0,0.0,30.0,2024-05-01,8.0,4.6,8.0
2405.00821,1,0.0,0.0,39.0,2024-05-01,30.0,9.75,30.0
2405.00256,1,25.0,2.0,90.0,2024-05-01,14.0,10.0,14.0
2405.00260,1,3.0,0.0,44.0,2024-05-01,7.0,3.75,2.0
2405.00264,1,2.0,0.0,19.0,2024-05-01,5.0,2.4,3.0
2405.00293,1,6.0,0.0,50.0,2024-05-01,5.0,4.5,5.0
2405.00749,1,16.0,0.0,69.0,2024-05-01,18.0,10.4,15.0
2405.00313,1,1.0,0.0,73.0,2024-05-01,7.0,5.0,7.0
2405.00314,1,21.0,0.0,83.0,2024-05-01,7.0,5.333333333333333,7.0
2405.00318,1,7.0,0.0,89.0,2024-05-01,5.0,3.6666666666666665,3.0
2405.01600,1,1.0,0.0,73.0,2024-05-01,14.0,6.666666666666667,1.0
2405.00340,1,8.0,0.0,66.0,2024-05-01,3.0,3.0,3.0
2405.00351,1,2.0,0.0,47.0,2024-05-01,9.0,5.714285714285714,2.0
2405.00354,1,21.0,4.0,47.0,2024-05-01,3.0,2.6666666666666665,3.0
2405.00355,1,26.0,0.0,57.0,2024-05-01,17.0,8.666666666666666,6.0
2405.00754,1,16.0,4.0,33.0,2024-05-01,52.0,13.75,8.0
2405.00378,1,80.0,13.0,53.0,2024-05-01,7.0,4.25,3.0
2405.00384,1,1.0,0.0,28.0,2024-05-01,10.0,6.5,7.0
2405.00420,1,4.0,0.0,40.0,2024-05-01,4.0,3.5,3.0
2405.00430,1,0.0,0.0,54.0,2024-05-01,5.0,3.2857142857142856,1.0
2405.00431,1,2.0,0.0,35.0,2024-05-01,4.0,2.75,3.0
2405.00448,1,25.0,0.0,48.0,2024-05-01,17.0,7.142857142857143,6.0
2405.00452,1,13.0,0.0,41.0,2024-05-01,11.0,6.0,3.0
2405.00466,1,4.0,1.0,133.0,2024-05-01,13.0,8.0,9.0
2405.00468,1,2.0,0.0,30.0,2024-05-01,5.0,3.3333333333333335,2.0
2405.00472,1,5.0,0.0,61.0,2024-05-01,26.0,11.5,7.0
2405.00479,1,0.0,0.0,27.0,2024-05-01,1.0,0.5,1.0
2405.00483,1,0.0,0.0,56.0,2024-05-01,12.0,6.0,2.0
2405.00485,1,12.0,1.0,71.0,2024-05-01,26.0,13.5,11.0
2405.00507,1,1.0,0.0,58.0,2024-05-01,19.0,6.571428571428571,6.0
2405.00514,1,1.0,0.0,51.0,2024-05-01,34.0,15.4,34.0
2405.00515,1,0.0,0.0,60.0,2024-05-01,8.0,3.4285714285714284,8.0
2405.00542,1,10.0,0.0,38.0,2024-04-29,13.0,6.7,13.0
2405.09530,1,4.0,0.0,39.0,2024-05-01,28.0,7.366666666666666,2.0
2405.00571,1,49.0,5.0,28.0,2024-05-01,8.0,4.6,3.0
2405.00574,1,10.0,0.0,50.0,2024-05-01,32.0,7.857142857142857,32.0
2405.00760,1,64.0,9.0,43.0,2024-05-01,27.0,12.25,6.0
2405.00587,1,17.0,3.0,53.0,2024-05-01,26.0,10.88888888888889,12.0
2405.00604,1,4.0,0.0,60.0,2024-05-01,6.0,4.666666666666667,4.0
2405.00620,1,6.0,0.0,41.0,2024-05-01,15.0,4.333333333333333,4.0
2405.00630,1,1.0,0.0,32.0,2024-05-01,3.0,3.0,3.0
2405.00282,1,14.0,1.0,76.0,2024-05-01,9.0,6.5,4.0
2405.00285,1,8.0,0.0,47.0,2024-05-01,4.0,2.6666666666666665,4.0
2405.00287,1,8.0,1.0,57.0,2024-05-01,13.0,7.0,10.0
2405.00303,1,0.0,0.0,29.0,2024-05-01,46.0,16.0,1.0
2405.00304,1,5.0,0.0,23.0,2024-05-01,4.0,2.6666666666666665,2.0
2405.00311,1,4.0,0.0,31.0,2024-05-01,9.0,4.0,2.0
2405.00751,1,10.0,1.0,17.0,2024-05-01,16.0,8.142857142857142,2.0
2405.00319,1,8.0,0.0,53.0,2024-05-01,15.0,8.5,15.0
2405.00334,1,136.0,3.0,213.0,2024-05-01,28.0,12.166666666666666,8.0
2405.00348,1,1.0,0.0,11.0,2024-05-01,15.0,6.333333333333333,15.0
2405.00349,1,4.0,0.0,53.0,2024-05-01,11.0,8.0,7.0
2405.00358,1,5.0,1.0,37.0,2024-05-01,11.0,6.0,6.0
2405.00755,1,8.0,1.0,53.0,2024-05-01,2.0,1.5,2.0
2405.00385,1,0.0,0.0,26.0,2024-05-01,3.0,3.0,3.0
2405.00387,1,4.0,0.0,17.0,2024-05-01,67.0,20.75,67.0
2405.00389,1,5.0,0.0,47.0,2024-05-01,5.0,3.0,3.0
2405.00394,1,6.0,1.0,40.0,2024-05-01,36.0,12.625,12.0
2405.00410,1,0.0,0.0,40.0,2024-05-01,3.0,1.625,3.0
2405.00417,1,13.0,1.0,41.0,2024-05-01,16.0,7.0,3.0
2405.00433,1,3.0,0.0,49.0,2024-05-01,12.0,6.666666666666667,12.0
2405.00442,1,4.0,0.0,33.0,2024-05-01,2.0,2.0,2.0
2405.00451,1,241.0,16.0,60.0,2024-05-01,69.0,20.285714285714285,9.0
2405.00454,1,3.0,0.0,48.0,2024-05-01,13.0,5.8,13.0
2405.00456,1,16.0,0.0,52.0,2024-05-01,9.0,5.4,8.0
2405.00476,1,63.0,1.0,178.0,2024-05-01,5.0,2.8333333333333335,5.0
2405.00482,1,1.0,0.0,77.0,2024-05-01,18.0,8.0,3.0
2405.00491,1,3.0,0.0,46.0,2024-05-01,16.0,10.5,16.0
2405.00505,1,6.0,0.0,21.0,2024-05-01,20.0,5.666666666666667,6.0
2406.00240,1,14.0,1.0,42.0,2024-06-01,7.0,5.0,7.0
2406.00244,1,28.0,0.0,42.0,2024-06-01,44.0,18.666666666666668,44.0
2406.01624,1,26.0,4.0,59.0,2024-05-31,14.0,7.5,3.0
2406.00252,1,17.0,1.0,209.0,2024-06-01,9.0,5.777777777777778,7.0
2406.00257,1,31.0,1.0,66.0,2024-06-01,19.0,10.666666666666666,11.0
2406.00284,1,8.0,1.0,28.0,2024-06-01,6.0,3.6666666666666665,6.0
2406.04371,1,14.0,0.0,32.0,2024-06-01,3.0,2.25,2.0
2406.00303,1,10.0,0.0,45.0,2024-06-01,16.0,8.0,16.0
2406.00314,1,2.0,1.0,22.0,2024-06-01,12.0,3.75,3.0
2406.00318,1,5.0,0.0,45.0,2024-05-13,6.0,4.0,3.0
2406.06555,1,6.0,0.0,4.0,2024-06-01,4.0,2.6,3.0
2406.00343,1,10.0,1.0,42.0,2024-06-01,31.0,11.714285714285714,5.0
2406.06556,1,24.0,2.0,29.0,2024-06-01,12.0,7.25,12.0
2406.00367,1,63.0,4.0,101.0,2024-06-01,16.0,8.5,2.0
2406.00380,1,25.0,0.0,71.0,2024-06-01,19.0,13.333333333333334,16.0
2406.06558,1,30.0,4.0,34.0,2024-05-24,11.0,5.571428571428571,11.0
2406.00393,1,5.0,1.0,66.0,2024-06-01,4.0,2.5,4.0
2406.00456,1,37.0,1.0,40.0,2024-06-01,4.0,2.6,3.0
2406.01633,1,20.0,1.0,33.0,2024-06-01,24.0,9.75,24.0
2406.00497,1,6.0,0.0,49.0,2024-06-01,11.0,6.625,11.0
2406.00507,1,40.0,1.0,17.0,2024-06-01,21.0,8.6,5.0
2406.00515,1,957.0,38.0,288.0,2024-06-01,7.0,4.0,2.0
2406.00548,1,3.0,1.0,61.0,2024-06-01,12.0,6.8,4.0
2406.00554,1,12.0,1.0,38.0,2024-06-01,2.0,2.0,2.0
2406.00562,1,14.0,1.0,39.0,2024-06-01,10.0,4.666666666666667,6.0
2406.00605,1,16.0,0.0,34.0,2024-06-02,16.0,6.333333333333333,16.0
2406.00606,1,6.0,1.0,65.0,2024-06-02,21.0,13.333333333333334,21.0
2406.00627,1,2.0,0.0,0.0,2024-06-02,2.0,2.0,2.0
2406.00628,1,2.0,0.0,22.0,2024-06-02,31.0,10.25,5.0
2406.06559,1,6.0,0.0,77.0,2024-06-02,37.0,4.242424242424242,7.0
2406.00654,1,31.0,0.0,75.0,2024-06-02,14.0,9.5,8.0
2406.00656,1,5.0,1.0,52.0,2024-06-02,3.0,2.3333333333333335,2.0
2406.00667,1,9.0,0.0,23.0,2024-06-02,13.0,8.0,7.0
2406.00682,1,2.0,1.0,22.0,2024-06-02,19.0,4.722222222222222,3.0
2406.00684,1,32.0,4.0,34.0,2024-06-02,17.0,8.375,17.0
2406.00697,1,6.0,1.0,23.0,2024-06-02,12.0,7.0,12.0
2406.06560,1,37.0,2.0,54.0,2024-06-02,69.0,16.8,1.0
2406.00751,1,0.0,0.0,0.0,2024-06-02,3.0,3.0,3.0
2406.00755,1,53.0,3.0,63.0,2024-06-02,31.0,15.333333333333334,20.0
2406.00239,1,5.0,0.0,78.0,2024-06-01,14.0,7.5,14.0
2406.00258,1,30.0,5.0,66.0,2024-06-01,16.0,5.444444444444445,16.0
2406.00259,1,21.0,7.0,50.0,2024-06-01,13.0,8.0,7.0
2406.00263,1,6.0,0.0,16.0,2020-10-01,12.0,7.666666666666667,6.0
2406.00272,1,1.0,0.0,25.0,2024-06-01,6.0,2.5,6.0
2406.00275,1,9.0,1.0,89.0,2024-06-01,68.0,22.2,68.0
2406.00279,1,3.0,0.0,32.0,2024-06-01,1.0,1.0,1.0
2406.00282,1,0.0,0.0,30.0,2024-05-23,17.0,7.0,17.0
2406.00287,1,7.0,0.0,54.0,2024-06-01,11.0,8.0,5.0
2406.00290,1,2.0,0.0,20.0,2024-06-01,15.0,6.333333333333333,2.0
2406.18565,1,4.0,0.0,33.0,2024-06-01,15.0,6.25,15.0
2406.00298,1,5.0,0.0,52.0,2024-06-01,24.0,10.333333333333334,7.0
2406.00307,1,1.0,0.0,12.0,2024-06-01,14.0,8.4,6.0
2406.00313,1,3.0,0.0,29.0,2024-06-01,11.0,4.875,5.0
2406.00315,1,9.0,0.0,15.0,2024-06-01,8.0,2.7142857142857144,2.0
2406.00320,1,62.0,6.0,42.0,2024-06-01,50.0,18.375,11.0
2406.00327,1,3.0,0.0,52.0,2024-06-01,20.0,13.666666666666666,20.0
2406.00329,1,10.0,0.0,35.0,2024-06-01,23.0,10.333333333333334,13.0
2406.00334,1,12.0,1.0,120.0,2024-06-01,36.0,20.142857142857142,17.0
2406.00341,1,15.0,1.0,65.0,2024-06-01,23.0,7.333333333333333,2.0
2406.00345,1,15.0,1.0,57.0,2024-06-01,16.0,10.2,7.0
2406.00346,1,13.0,0.0,37.0,2024-06-01,6.0,4.666666666666667,4.0
2406.00347,1,1.0,0.0,62.0,2024-06-01,71.0,18.333333333333332,71.0
2406.00348,1,7.0,0.0,38.0,2024-05-01,42.0,16.2,14.0
2406.00365,1,6.0,0.0,28.0,2024-06-01,43.0,12.333333333333334,10.0
2406.00383,1,2.0,0.0,57.0,2024-06-01,24.0,9.714285714285714,24.0
2406.00384,1,10.0,1.0,42.0,2024-06-01,51.0,20.666666666666668,51.0
2406.00391,1,4.0,0.0,39.0,2024-06-01,3.0,2.0,3.0
2406.00409,1,1.0,0.0,20.0,2024-06-01,9.0,5.75,9.0
2406.00423,1,23.0,1.0,69.0,2022-11-21,43.0,13.75,1.0
2406.00427,1,29.0,1.0,38.0,2024-06-01,5.0,3.25,3.0
2406.00429,1,44.0,0.0,64.0,2024-06-01,32.0,14.833333333333334,23.0
2406.00432,1,10.0,2.0,0.0,2024-06-01,11.0,8.166666666666666,7.0
2406.00434,1,37.0,3.0,79.0,2024-06-01,21.0,7.714285714285714,7.0
2406.00439,1,47.0,1.0,71.0,2024-06-01,21.0,9.866666666666667,11.0
2406.00440,1,10.0,0.0,73.0,2024-06-01,66.0,11.142857142857142,3.0
2406.00446,1,5.0,0.0,69.0,2024-06-01,6.0,4.428571428571429,5.0
2406.00447,1,2.0,0.0,45.0,2024-06-01,8.0,4.25,3.0
2406.00448,1,37.0,10.0,60.0,2024-06-01,6.0,4.25,3.0
2406.00238,1,7.0,0.0,108.0,2024-06-01,10.0,5.75,10.0
2406.00249,1,3.0,0.0,53.0,2024-06-01,12.0,6.333333333333333,12.0
2406.00262,1,1.0,0.0,39.0,2024-06-01,26.0,9.0,16.0
2406.00276,1,5.0,0.0,0.0,2024-06-01,13.0,13.0,13.0
2406.02594,1,26.0,0.0,53.0,2024-06-01,20.0,5.9,3.0
2406.00281,1,2.0,0.0,36.0,2024-06-01,20.0,10.75,8.0
2406.00288,1,25.0,4.0,63.0,2024-06-01,14.0,9.0,4.0
2406.00291,1,3.0,0.0,94.0,2024-06-01,15.0,8.666666666666666,2.0
2406.00294,1,10.0,0.0,52.0,2024-06-01,11.0,6.666666666666667,4.0
2406.00300,1,8.0,0.0,62.0,2024-06-01,44.0,18.666666666666668,44.0
2406.00302,1,7.0,0.0,40.0,2024-06-01,35.0,13.0,6.0
2406.02596,1,38.0,3.0,0.0,2024-06-01,46.0,11.142857142857142,3.0
2406.00317,1,5.0,0.0,122.0,2024-06-01,6.0,3.7142857142857144,4.0
2406.00324,1,8.0,1.0,56.0,2024-06-01,46.0,13.166666666666666,46.0
2406.00328,1,6.0,1.0,43.0,2024-06-01,10.0,8.0,6.0
2406.00332,1,21.0,1.0,103.0,2024-06-01,15.0,6.666666666666667,15.0
2406.00335,1,6.0,0.0,33.0,2024-06-01,14.0,6.571428571428571,3.0
2406.00339,1,4.0,0.0,61.0,2024-06-01,10.0,8.0,6.0
2406.01627,1,21.0,1.0,33.0,2024-06-01,28.0,12.125,11.0
2406.00368,1,3.0,1.0,49.0,2024-06-01,4.0,3.5,4.0
2406.00371,1,1.0,0.0,11.0,2024-06-01,5.0,4.333333333333333,4.0
2406.00389,1,1.0,0.0,17.0,2024-06-01,32.0,12.666666666666666,4.0
2406.00394,1,9.0,1.0,24.0,2024-06-01,12.0,6.333333333333333,2.0
2406.00396,1,7.0,0.0,104.0,2024-06-01,5.0,3.0,2.0
2406.00403,1,0.0,0.0,52.0,2024-06-01,10.0,6.0,9.0
2406.03409,1,8.0,1.0,62.0,2024-06-01,22.0,6.0,2.0
2406.01630,1,1.0,0.0,26.0,2024-06-01,6.0,3.5,6.0
2406.01631,1,12.0,0.0,57.0,2024-06-01,47.0,14.833333333333334,47.0
2407.00869,1,18.0,4.0,29.0,2024-07-01,17.0,6.25,2.0
2407.00870,1,104.0,8.0,70.0,2024-07-01,56.0,12.833333333333334,3.0
2407.00886,1,21.0,2.0,36.0,2024-07-01,23.0,8.142857142857142,5.0
2407.00888,1,4.0,1.0,33.0,2023-06-04,9.0,5.666666666666667,4.0
2407.00890,1,15.0,1.0,61.0,2024-07-01,7.0,3.3333333333333335,7.0
2407.00894,1,8.0,0.0,42.0,2024-07-01,17.0,10.5,17.0
2407.00900,1,6.0,0.0,26.0,2024-07-01,12.0,6.333333333333333,5.0
2407.00902,1,11.0,0.0,61.0,2024-07-01,49.0,30.6,47.0
2407.00908,1,98.0,9.0,49.0,2024-07-01,16.0,9.0,16.0
2407.00911,1,0.0,0.0,5.0,2024-07-01,3.0,1.6666666666666667,0.0
2407.00923,1,3.0,0.0,36.0,2024-07-01,8.0,5.333333333333333,7.0
2407.00924,1,3.0,0.0,39.0,2024-07-01,19.0,5.909090909090909,5.0
2407.00928,1,11.0,0.0,46.0,2024-07-01,6.0,3.5714285714285716,6.0
2407.00934,1,0.0,0.0,0.0,2024-07-01,19.0,5.833333333333333,6.0
2407.00935,1,6.0,0.0,47.0,2024-07-01,16.0,8.6,16.0
2407.00936,1,28.0,0.0,126.0,2024-07-01,10.0,5.333333333333333,4.0
2407.00938,1,14.0,2.0,34.0,2024-07-01,10.0,6.75,5.0
2407.00942,1,7.0,0.0,93.0,2024-07-01,31.0,15.25,24.0
2407.00948,1,4.0,0.0,18.0,2024-07-01,4.0,3.0,4.0
2407.00952,1,92.0,2.0,77.0,2024-07-01,30.0,12.666666666666666,16.0
2407.00958,1,0.0,0.0,28.0,2024-07-01,4.0,3.0,2.0
2407.00981,1,62.0,9.0,78.0,2024-07-01,9.0,4.2,5.0
2407.12036,1,6.0,0.0,49.0,2024-07-01,3.0,3.0,3.0
2407.00993,1,58.0,4.0,51.0,2024-07-01,13.0,7.0,8.0
2407.00994,1,30.0,1.0,31.0,2024-07-01,10.0,7.25,8.0
2407.00996,1,2.0,0.0,39.0,2024-07-01,2.0,2.0,2.0
2407.00997,1,4.0,0.0,109.0,2024-07-01,9.0,5.75,9.0
2407.01009,1,19.0,1.0,28.0,2024-07-01,13.0,5.0,4.0
2407.01026,1,0.0,0.0,27.0,2024-07-01,14.0,5.666666666666667,2.0
2407.01031,1,27.0,1.0,20.0,2024-07-01,6.0,4.0,4.0
2407.01046,1,1.0,0.0,64.0,2024-07-01,7.0,4.666666666666667,5.0
2407.01047,1,4.0,0.0,86.0,2024-07-01,12.0,6.666666666666667,4.0
2407.01067,1,42.0,3.0,124.0,2024-07-01,22.0,7.538461538461538,5.0
2407.01080,1,14.0,1.0,43.0,2024-07-01,7.0,5.5,6.0
2407.01081,1,8.0,2.0,51.0,2024-07-01,6.0,4.428571428571429,5.0
2407.01082,1,139.0,17.0,38.0,2024-07-01,21.0,7.833333333333333,21.0
2407.01085,1,44.0,3.0,52.0,2024-07-01,9.0,4.25,5.0
2407.01091,1,6.0,0.0,93.0,2024-07-01,21.0,10.5,17.0
2407.01093,1,42.0,2.0,24.0,2024-07-01,5.0,4.2,5.0
2407.00863,1,2.0,0.0,37.0,2024-07-01,20.0,8.75,2.0
2407.00905,1,2.0,0.0,47.0,2024-07-01,4.0,2.6666666666666665,2.0
2407.00906,1,7.0,0.0,44.0,2024-07-01,8.0,4.666666666666667,8.0
2407.00909,1,2.0,0.0,15.0,2024-07-01,3.0,1.8333333333333333,1.0
2407.00917,1,5.0,0.0,49.0,2024-07-01,31.0,10.75,31.0
2407.00921,1,5.0,0.0,75.0,2024-07-01,5.0,3.6,4.0
2407.00944,1,7.0,0.0,44.0,2024-07-01,5.0,2.8,2.0
2407.00949,1,16.0,1.0,44.0,2024-07-01,18.0,9.25,3.0
2407.00967,1,8.0,0.0,22.0,2024-05-01,20.0,5.5,2.0
2407.00972,1,2.0,0.0,52.0,2024-07-01,7.0,4.333333333333333,7.0
2407.00979,1,5.0,0.0,35.0,2024-07-01,6.0,3.8,6.0
2407.00983,1,68.0,5.0,84.0,2024-07-01,6.0,4.0,2.0
2407.00985,1,1.0,0.0,57.0,2024-07-01,6.0,2.75,3.0
2407.01003,1,28.0,0.0,50.0,2024-07-01,8.0,4.4,8.0
2407.01007,1,4.0,0.0,43.0,2024-07-01,20.0,7.142857142857143,20.0
2407.01012,1,0.0,0.0,68.0,2024-07-01,0.0,0.0,0.0
2407.01014,1,19.0,2.0,61.0,2024-07-01,5.0,4.25,5.0
2407.01016,1,15.0,1.0,86.0,2024-07-01,23.0,9.0,15.0
2407.01017,1,2.0,0.0,200.0,2024-07-01,55.0,16.0,6.0
2407.01027,1,12.0,1.0,90.0,2024-07-01,5.0,4.0,5.0
2407.01029,1,37.0,0.0,68.0,2024-07-01,15.0,9.571428571428571,12.0
2407.01032,1,24.0,2.0,57.0,2024-07-01,31.0,12.285714285714286,16.0
2407.01034,1,7.0,0.0,28.0,2024-07-01,6.0,3.857142857142857,5.0
2407.01074,1,4.0,0.0,52.0,2024-07-01,12.0,7.166666666666667,7.0
2407.01090,1,21.0,4.0,33.0,2024-07-01,9.0,5.75,4.0
2407.01092,1,82.0,4.0,41.0,2024-07-01,1.0,1.0,1.0
2407.01094,1,75.0,3.0,46.0,2024-07-01,12.0,7.111111111111111,9.0
2407.01104,1,5.0,0.0,53.0,2024-07-01,5.0,4.25,5.0
2407.01117,1,0.0,0.0,3.0,2024-07-01,0.0,0.0,0.0
2407.01129,1,4.0,0.0,70.0,2024-05-23,15.0,7.666666666666667,4.0
2407.01131,1,16.0,0.0,74.0,2024-07-01,21.0,11.285714285714286,21.0
2407.01142,1,1.0,0.0,44.0,2024-07-01,42.0,13.333333333333334,42.0
2407.01146,1,4.0,0.0,33.0,2024-07-01,18.0,7.0,5.0
2407.01157,1,2.0,0.0,51.0,2024-07-01,6.0,4.0,3.0
2407.01163,1,28.0,8.0,68.0,2024-07-01,17.0,5.666666666666667,17.0
2407.01644,1,12.0,0.0,86.0,2024-07-01,30.0,11.2,4.0
2407.00866,1,2.0,0.0,56.0,2024-07-01,16.0,5.2,16.0
2407.00891,1,18.0,0.0,40.0,2024-07-01,23.0,12.2,2.0
2407.01645,1,4.0,2.0,95.0,2024-07-01,4.0,4.0,4.0
2407.00913,1,3.0,0.0,33.0,2024-07-01,14.0,6.666666666666667,14.0
2407.00916,1,0.0,0.0,40.0,2024-07-01,3.0,2.0,1.0
2407.00918,1,56.0,3.0,47.0,2024-07-01,8.0,5.0,5.0
2407.00927,1,1.0,0.0,19.0,2024-07-01,9.0,6.5,6.0
2407.00943,1,1.0,0.0,46.0,2024-07-01,4.0,2.142857142857143,4.0
2407.00945,1,43.0,1.0,63.0,2024-07-01,30.0,16.666666666666668,14.0
2407.00950,1,2.0,0.0,23.0,2024-07-01,9.0,5.666666666666667,6.0
2407.00956,1,41.0,2.0,0.0,2024-07-01,41.0,19.2,41.0
2407.00966,1,12.0,1.0,67.0,2024-07-01,40.0,20.8,9.0
2407.00968,1,1.0,0.0,26.0,2024-07-01,17.0,7.333333333333333,4.0
2407.01647,1,5.0,0.0,3.0,2024-07-01,13.0,6.333333333333333,1.0
2407.00978,1,29.0,1.0,46.0,2024-07-01,15.0,4.875,12.0
2407.01648,1,25.0,4.0,44.0,2024-07-01,152.0,38.22222222222222,102.0
2407.01001,1,5.0,0.0,10.0,2024-07-01,3.0,2.0,3.0
2407.01004,1,2.0,2.0,64.0,2024-07-01,3.0,2.8333333333333335,2.0
2407.01005,1,17.0,0.0,75.0,2024-07-01,6.0,4.142857142857143,5.0
2407.01649,1,1.0,0.0,46.0,2024-07-01,21.0,5.3,2.0
2407.01015,1,3.0,0.0,21.0,2024-07-01,5.0,3.25,3.0
2407.01023,1,3.0,0.0,25.0,2024-07-01,4.0,2.25,1.0
2407.01033,1,4.0,0.0,57.0,2024-07-01,3.0,1.6666666666666667,1.0
2407.01036,1,0.0,0.0,33.0,2024-07-01,5.0,3.5,2.0
2408.00230,0,,,,,,,
2408.00244,1,1.0,0.0,15.0,2024-08-01,11.0,10.0,10.0
2408.00264,1,5.0,0.0,30.0,2024-08-01,10.0,5.75,10.0
2408.00274,1,6.0,1.0,30.0,2024-08-01,51.0,17.0,51.0
2408.00283,1,5.0,0.0,16.0,2024-08-01,65.0,15.833333333333334,6.0
2408.00284,1,4.0,0.0,38.0,2024-08-01,6.0,4.5,5.0
2408.00307,1,3.0,0.0,53.0,2024-08-01,3.0,2.2,2.0
2408.00357,1,6.0,0.0,16.0,2024-08-01,12.0,4.9,2.0
2408.00491,1,42.0,2.0,53.0,2024-08-01,11.0,5.25,11.0
2408.00534,1,11.0,0.0,33.0,2024-08-01,6.0,5.333333333333333,5.0
2408.00539,1,1.0,0.0,45.0,2024-08-01,7.0,1.7,1.0
2408.00550,1,6.0,0.0,59.0,2024-08-01,13.0,9.0,10.0
2408.00555,1,37.0,1.0,60.0,2024-08-01,13.0,8.6,6.0
2408.00612,1,0.0,0.0,33.0,2024-08-01,6.0,3.3333333333333335,6.0
2408.00620,1,6.0,0.0,44.0,2024-08-01,12.0,7.75,12.0
2408.00624,1,2.0,0.0,44.0,2024-08-01,33.0,10.5,5.0
2408.00655,1,9.0,0.0,31.0,2024-08-01,6.0,5.25,6.0
2408.00662,1,5.0,0.0,63.0,2024-08-01,24.0,8.833333333333334,2.0
2408.00675,1,2.0,0.0,45.0,2024-08-01,18.0,10.0,18.0
2408.00684,1,0.0,0.0,59.0,2024-08-01,39.0,15.333333333333334,3.0
2408.00727,1,109.0,5.0,45.0,2024-08-01,17.0,9.333333333333334,7.0
2408.00728,1,2.0,0.0,61.0,2024-08-01,5.0,3.25,2.0
2408.00761,1,131.0,21.0,62.0,2024-08-01,27.0,8.266666666666667,27.0
2408.00764,1,70.0,3.0,95.0,2024-08-01,32.0,13.666666666666666,27.0
2408.00863,1,29.0,3.0,62.0,2024-08-01,14.0,6.75,3.0
2408.00884,1,7.0,1.0,47.0,2024-08-01,74.0,51.0,71.0
2408.00914,1,0.0,0.0,17.0,2024-08-01,12.0,7.333333333333333,12.0
2408.04643,1,13.0,0.0,64.0,2024-08-01,19.0,7.0,2.0
2408.00921,1,6.0,0.0,21.0,2024-08-01,19.0,8.0,2.0
2408.00932,1,4.0,0.0,22.0,2024-08-01,19.0,7.25,3.0
2408.00948,1,7.0,0.0,24.0,2024-08-01,21.0,15.333333333333334,21.0
2408.00960,1,13.0,2.0,33.0,2024-08-02,15.0,8.5,12.0
2408.00966,1,2.0,0.0,18.0,2024-08-02,2.0,2.0,2.0
2408.00981,1,32.0,4.0,51.0,2024-08-02,14.0,10.333333333333334,11.0
2408.00210,1,1.0,0.0,37.0,2024-08-01,8.0,5.0,3.0
2408.00221,1,17.0,1.0,58.0,2024-08-01,35.0,11.6,5.0
2408.00249,1,17.0,1.0,59.0,2024-08-01,14.0,7.333333333333333,14.0
2408.00254,1,22.0,1.0,57.0,2024-08-01,5.0,3.8333333333333335,3.0
2408.00255,1,1.0,0.0,42.0,2024-08-01,39.0,15.75,13.0
2408.00258,1,5.0,0.0,30.0,2024-08-01,5.0,3.6666666666666665,3.0
2408.00273,1,8.0,0.0,45.0,2024-08-01,7.0,3.25,3.0
2408.00279,1,0.0,0.0,77.0,2024-08-01,3.0,2.0,1.0
2408.00286,1,13.0,1.0,43.0,2024-08-01,9.0,9.0,9.0
2408.00288,1,22.0,1.0,99.0,2024-08-01,11.0,7.0,7.0
2408.00290,1,1.0,0.0,56.0,2024-08-01,9.0,5.5,2.0
2408.00294,1,1.0,0.0,51.0,2024-08-01,9.0,4.6,9.0
2408.00296,1,11.0,0.0,71.0,2024-08-01,10.0,7.111111111111111,9.0
2408.00297,1,22.0,2.0,62.0,2024-08-01,10.0,5.785714285714286,9.0
2408.00300,1,4.0,0.0,71.0,2024-08-01,21.0,9.75,21.0
2408.00303,1,2.0,1.0,90.0,2024-08-01,3.0,2.3333333333333335,2.0
2408.00311,1,0.0,0.0,29.0,2024-08-01,1.0,1.0,1.0
2408.00315,1,33.0,4.0,67.0,2024-08-01,9.0,5.0,9.0
2408.00331,1,6.0,0.0,52.0,2024-08-01,12.0,8.5,12.0
2408.00332,1,4.0,0.0,24.0,2024-05-13,4.0,3.0,4.0
2408.00337,1,6.0,0.0,22.0,2024-08-01,4.0,1.8333333333333333,2.0
2408.00343,1,9.0,0.0,26.0,2024-08-01,8.0,6.166666666666667,3.0
2408.00347,1,4.0,0.0,54.0,2024-08-01,4.0,2.6666666666666665,4.0
2408.00350,1,23.0,3.0,64.0,2024-08-01,16.0,9.8,16.0
2408.00351,1,0.0,0.0,53.0,2024-08-01,4.0,2.4,4.0
2408.00352,1,11.0,1.0,44.0,2024-08-01,16.0,12.2,9.0
2408.00355,1,14.0,1.0,54.0,2024-08-01,16.0,4.444444444444445,2.0
2408.00361,1,11.0,1.0,40.0,2024-08-01,12.0,11.5,12.0
2408.00365,1,3.0,0.0,61.0,2024-08-01,12.0,8.666666666666666,11.0
2408.00372,1,18.0,2.0,40.0,2024-08-01,10.0,4.5,3.0
2408.00374,1,9.0,0.0,52.0,2024-08-01,2.0,2.0,2.0
2408.00380,1,8.0,0.0,53.0,2024-08-01,4.0,2.8,3.0
2408.00388,1,18.0,0.0,88.0,2024-08-01,43.0,15.869565217391305,16.0
2408.00415,1,82.0,5.0,83.0,2024-08-01,19.0,11.142857142857142,9.0
2408.00418,1,17.0,1.0,68.0,2024-08-01,12.0,6.153846153846154,12.0
2408.00420,1,1.0,0.0,49.0,2024-08-01,3.0,1.5,1.0
2408.00427,1,0.0,0.0,23.0,2024-08-01,10.0,6.0,10.0
2408.00208,1,0.0,0.0,31.0,2024-08-01,60.0,11.0,60.0
2408.00211,1,7.0,0.0,25.0,2024-08-01,4.0,4.0,4.0
2408.00217,1,7.0,0.0,15.0,2024-08-01,6.0,4.5,3.0
2408.00220,1,11.0,0.0,72.0,2024-08-01,7.0,5.0,7.0
2408.02683,1,1.0,0.0,21.0,2024-08-01,3.0,2.6666666666666665,2.0
2408.00229,1,0.0,0.0,34.0,2024-08-01,8.0,5.222222222222222,8.0
2408.00232,1,4.0,0.0,41.0,2024-08-01,6.0,5.0,4.0
2408.00237,1,0.0,0.0,29.0,2024-08-01,3.0,3.0,3.0
2408.00251,1,1.0,1.0,64.0,2024-08-01,7.0,3.5,2.0
2408.00256,1,18.0,0.0,62.0,2024-08-01,19.0,12.75,19.0
2408.02684,1,8.0,0.0,53.0,2024-08-01,9.0,5.75,7.0
2408.00278,1,2.0,0.0,23.0,2024-08-01,7.0,3.0,7.0
2408.00295,1,29.0,0.0,79.0,2024-08-01,12.0,6.0,12.0
2408.00309,1,7.0,0.0,61.0,2024-08-01,29.0,13.2,12.0
2408.00310,1,2.0,0.0,0.0,2024-08-01,5.0,2.3333333333333335,5.0
2408.00312,1,2.0,0.0,64.0,2024-08-01,14.0,10.0,5.0
2408.00326,1,0.0,0.0,36.0,2024-08-01,13.0,4.5,1.0
2408.00329,1,1.0,0.0,71.0,2024-08-01,4.0,2.3333333333333335,2.0
2408.00330,1,0.0,0.0,21.0,2024-08-01,7.0,4.5,7.0
2408.00342,1,2.0,0.0,11.0,2024-08-01,5.0,3.0,4.0
2408.00346,1,1.0,0.0,20.0,2024-08-01,16.0,6.666666666666667,2.0
2408.00359,1,0.0,0.0,50.0,2024-08-01,16.0,5.75,6.0
2408.00376,1,15.0,0.0,46.0,2024-08-01,10.0,4.4,3.0
2408.00386,1,4.0,1.0,134.0,2024-08-01,6.0,6.0,6.0
2408.00399,1,0.0,0.0,22.0,2024-08-01,2.0,1.5,2.0
2408.00421,1,2.0,0.0,56.0,2024-07-14,5.0,3.5,2.0
2408.00426,1,13.0,2.0,42.0,2024-08-01,6.0,4.75,6.0
2408.00437,1,2.0,0.0,29.0,2024-08-01,20.0,8.666666666666666,20.0
2408.00439,1,5.0,0.0,57.0,2024-08-01,47.0,24.5,47.0
2408.00462,1,24.0,0.0,25.0,2024-08-01,6.0,3.75,2.0
2409.00597,1,25.0,1.0,12.0,2024-09-01,9.0,6.625,6.0
2409.00598,1,36.0,5.0,52.0,2024-09-01,14.0,9.833333333333334,10.0
2409.00608,1,50.0,2.0,41.0,2024-09-01,44.0,15.3,44.0
2409.00614,1,4.0,0.0,53.0,2024-09-01,42.0,10.25,10.0
2409.00617,1,11.0,0.0,21.0,2024-09-01,12.0,7.0,4.0
2409.00625,1,0.0,0.0,33.0,2024-09-01,1.0,1.0,1.0
2409.00626,1,18.0,0.0,20.0,2024-09-01,21.0,8.5,16.0
2409.02122,1,9.0,0.0,61.0,2024-09-01,17.0,8.666666666666666,4.0
2409.00696,1,3.0,0.0,41.0,2024-09-01,66.0,31.333333333333332,66.0
2409.10542,1,88.0,10.0,66.0,2024-09-01,15.0,5.8,3.0
2409.00721,1,2.0,0.0,2.0,2024-09-01,8.0,8.0,8.0
2409.00727,1,2.0,1.0,44.0,2024-09-01,7.0,3.888888888888889,5.0
2409.00781,1,9.0,2.0,55.0,2024-09-01,16.0,16.0,16.0
2409.00787,1,12.0,0.0,55.0,2024-09-01,15.0,9.8,10.0
2409.00788,1,6.0,0.0,26.0,2024-09-01,5.0,4.5,5.0
2409.00800,1,18.0,1.0,32.0,2024-09-01,29.0,9.4,4.0
2409.00819,1,7.0,0.0,43.0,2024-09-01,29.0,10.384615384615385,4.0
2409.00830,1,2.0,0.0,24.0,2024-09-01,3.0,1.75,1.0
2409.00855,1,2.0,0.0,36.0,2024-09-01,6.0,4.5,3.0
2409.00856,1,3.0,0.0,19.0,2024-09-01,11.0,3.4615384615384617,11.0
2409.00861,1,6.0,0.0,21.0,2024-09-01,3.0,2.0,1.0
2409.00872,1,71.0,7.0,46.0,2024-09-01,6.0,4.5,3.0
2409.00887,1,2.0,0.0,46.0,2024-09-02,4.0,2.0,1.0
2409.00920,1,184.0,21.0,37.0,2024-09-02,53.0,10.88888888888889,21.0
2409.00935,1,10.0,0.0,36.0,2024-09-02,13.0,8.5,4.0
2409.00940,1,8.0,0.0,58.0,2024-09-02,89.0,17.666666666666668,23.0
2409.00965,1,0.0,0.0,25.0,2024-09-02,0.0,0.0,0.0
2409.00985,1,8.0,0.0,32.0,2024-09-02,3.0,2.5,3.0
2409.00986,1,8.0,0.0,51.0,2024-09-02,21.0,8.285714285714286,21.0
2409.00997,1,0.0,0.0,84.0,2024-09-02,16.0,7.545454545454546,5.0
2409.01011,1,1.0,0.0,31.0,2024-09-02,45.0,15.125,35.0
2409.01035,1,5.0,0.0,93.0,2024-09-02,10.0,7.0,10.0
2409.01037,1,0.0,0.0,35.0,2024-09-02,5.0,3.0,5.0
2409.01053,1,3.0,0.0,71.0,2024-09-02,5.0,4.0,5.0
2409.10550,1,0.0,0.0,27.0,2024-09-02,1.0,0.6666666666666666,0.0
2409.01073,1,8.0,0.0,63.0,2024-09-02,25.0,7.666666666666667,8.0
2409.01087,1,12.0,0.0,152.0,2024-06-01,15.0,10.666666666666666,6.0
2409.00584,1,1.0,0.0,41.0,2024-09-01,8.0,6.5,8.0
2409.00585,1,7.0,0.0,36.0,2024-09-01,37.0,10.0,3.0
2409.00589,1,2.0,0.0,59.0,2024-09-01,6.0,4.0,2.0
2409.00590,1,4.0,2.0,60.0,2024-09-01,2.0,1.5,2.0
2409.00591,1,4.0,0.0,58.0,2024-09-01,8.0,4.0,3.0
2409.00603,1,2.0,1.0,63.0,2024-09-01,16.0,5.0,16.0
2409.00606,1,9.0,0.0,82.0,2024-09-01,6.0,2.5,1.0
2409.00618,1,1.0,0.0,79.0,2024-09-01,14.0,6.25,6.0
2409.00620,1,34.0,2.0,52.0,2024-09-01,4.0,2.1666666666666665,4.0
2409.00622,1,1.0,0.0,26.0,2024-09-01,9.0,4.6,7.0
2409.02715,1,8.0,0.0,75.0,2024-09-01,11.0,7.0,10.0
2409.00633,1,9.0,4.0,44.0,2024-09-01,23.0,8.142857142857142,5.0
2409.00638,1,85.0,8.0,86.0,2024-09-01,22.0,10.833333333333334,9.0
2409.00639,1,3.0,0.0,148.0,2024-09-01,13.0,6.5,13.0
2409.00647,1,5.0,0.0,35.0,2024-09-01,18.0,9.5,18.0
2409.00649,1,4.0,1.0,17.0,2024-09-01,14.0,6.75,5.0
2409.00654,1,1.0,0.0,59.0,2024-09-01,4.0,3.0,4.0
2409.00665,1,4.0,1.0,36.0,2024-09-01,22.0,6.166666666666667,4.0
2409.00673,1,0.0,0.0,1.0,2024-09-01,2.0,2.0,2.0
2409.00674,1,6.0,0.0,53.0,2024-09-01,11.0,6.333333333333333,3.0
2409.02716,1,0.0,0.0,36.0,2024-09-01,5.0,2.6666666666666665,3.0
2409.00685,1,1.0,0.0,39.0,2024-09-01,5.0,4.0,5.0
2409.00690,1,0.0,0.0,40.0,2024-09-01,12.0,4.333333333333333,12.0
2409.00694,1,1.0,0.0,32.0,2024-06-30,15.0,6.428571428571429,15.0
2409.00695,1,8.0,1.0,26.0,2024-09-01,5.0,2.857142857142857,4.0
2409.00698,1,8.0,0.0,45.0,2024-09-01,52.0,13.5,52.0
2409.00700,1,11.0,1.0,32.0,2024-09-01,7.0,7.0,7.0
2409.00707,1,15.0,1.0,40.0,2024-06-17,6.0,4.4,3.0
2409.00718,1,0.0,0.0,44.0,2024-09-01,4.0,2.0,2.0
2409.00726,1,9.0,0.0,37.0,2024-09-01,14.0,6.384615384615385,9.0
2409.10544,1,12.0,0.0,21.0,2024-09-01,17.0,12.75,17.0
2409.00731,1,5.0,0.0,141.0,2024-09-01,3.0,2.3333333333333335,3.0
2409.00736,1,3.0,1.0,59.0,2024-09-01,12.0,4.857142857142857,12.0
2409.00741,1,0.0,0.0,61.0,2024-09-01,6.0,4.666666666666667,3.0
2409.00744,1,6.0,0.0,33.0,2024-09-01,42.0,18.0,13.0
2409.00749,1,12.0,1.0,60.0,2024-09-01,51.0,22.77777777777778,31.0
2409.00751,1,5.0,1.0,35.0,2024-09-01,3.0,2.0,3.0
2409.00755,1,28.0,1.0,39.0,2024-09-01,6.0,4.555555555555555,6.0
2409.00575,1,0.0,0.0,61.0,2024-09-01,9.0,5.2,3.0
2409.00592,1,3.0,2.0,32.0,2024-09-01,3.0,2.125,1.0
2409.00604,1,11.0,0.0,45.0,2024-09-01,3.0,2.5,3.0
2409.00607,1,5.0,0.0,19.0,2024-09-01,18.0,7.5,18.0
2409.00610,1,1.0,0.0,36.0,2024-09-01,49.0,17.666666666666668,49.0
2409.02123,1,2.0,0.0,40.0,2024-09-01,7.0,2.5,1.0
2409.00629,1,0.0,0.0,14.0,2024-09-01,1.0,1.0,1.0
2409.02124,1,0.0,0.0,35.0,2024-09-01,2.0,1.4,2.0
2409.00640,1,0.0,0.0,19.0,2024-09-01,3.0,1.0,3.0
2409.00644,1,9.0,1.0,47.0,2024-09-01,7.0,5.0,5.0
2409.00651,1,0.0,0.0,14.0,2024-09-01,0.0,0.0,0.0
2409.00664,1,7.0,0.0,66.0,2024-09-01,12.0,6.0,5.0
2409.00668,1,0.0,0.0,0.0,2024-09-01,5.0,2.6666666666666665,1.0
2409.00670,1,3.0,0.0,35.0,2024-09-01,9.0,3.75,2.0
2409.00687,1,37.0,2.0,68.0,2024-09-01,6.0,6.0,6.0
2409.12965,1,3.0,0.0,26.0,2024-09-01,13.0,5.466666666666667,4.0
2409.02126,1,0.0,0.0,11.0,2024-09-01,1.0,1.0,1.0
2409.00717,1,1.0,0.0,0.0,2024-09-01,97.0,21.833333333333332,9.0
2409.00724,1,6.0,2.0,36.0,2024-09-01,8.0,3.2666666666666666,2.0
2409.00730,1,6.0,0.0,70.0,2024-09-01,3.0,2.0,1.0
2409.00733,1,0.0,0.0,44.0,2024-09-01,14.0,7.0,14.0
2409.00735,1,1.0,0.0,49.0,2024-09-01,48.0,14.636363636363637,7.0
2409.00743,1,18.0,1.0,130.0,2024-09-01,9.0,5.8,6.0
2409.02127,1,21.0,1.0,15.0,2024-09-01,34.0,16.333333333333332,34.0
2409.00750,1,222.0,25.0,76.0,2024-09-01,15.0,6.1,12.0
2409.00753,1,1.0,0.0,0.0,2024-09-01,33.0,9.6,33.0
2409.00774,1,2.0,0.0,47.0,2024-09-01,9.0,4.428571428571429,9.0
2409.02128,1,1.0,0.0,14.0,2024-09-01,4.0,2.4,4.0
2410.00292,1,8.0,0.0,33.0,2024-10-01,18.0,6.125,1.0
2410.03738,1,4.0,1.0,22.0,2024-10-01,4.0,3.0,3.0
2410.00320,1,37.0,6.0,65.0,2024-10-01,51.0,16.6,13.0
2410.00334,1,12.0,0.0,38.0,2024-10-01,12.0,6.857142857142857,9.0
2410.03739,1,2.0,0.0,53.0,2024-10-01,28.0,11.166666666666666,15.0
2410.00340,1,3.0,1.0,29.0,2024-10-01,6.0,4.5,6.0
2410.03740,1,1.0,0.0,0.0,2024-10-01,56.0,8.666666666666666,4.0
2410.00354,1,1.0,0.0,9.0,2024-10-01,28.0,8.75,2.0
2410.00359,1,1.0,0.0,25.0,2024-10-01,2.0,1.5,1.0
2410.00361,1,5.0,0.0,44.0,2024-10-01,16.0,5.875,5.0
2410.00362,1,4.0,1.0,65.0,2024-10-01,7.0,5.2,7.0
2410.00363,1,0.0,0.0,42.0,2024-10-01,20.0,9.0,9.0
2410.00382,1,6.0,1.0,32.0,2024-10-01,22.0,8.666666666666666,13.0
2410.00387,1,1.0,0.0,25.0,2024-10-01,3.0,3.0,3.0
2410.00409,1,5.0,0.0,53.0,2024-10-01,9.0,4.0,2.0
2410.00412,1,1.0,0.0,38.0,2024-06-30,5.0,3.5,2.0
2410.00414,1,3.0,0.0,111.0,2024-10-01,3.0,2.0,3.0
2410.00423,1,2.0,0.0,19.0,2024-10-01,6.0,5.0,4.0
2410.00427,1,1.0,0.0,35.0,2024-10-01,9.0,8.5,9.0
2410.00451,1,3.0,0.0,33.0,2024-10-01,15.0,8.0,7.0
2410.03742,1,35.0,3.0,40.0,2024-10-01,22.0,11.75,22.0
2410.00487,1,16.0,0.0,52.0,2024-10-01,23.0,10.666666666666666,7.0
2410.00502,1,5.0,0.0,44.0,2024-10-01,2.0,2.0,2.0
2410.03743,1,2.0,0.0,28.0,2024-10-01,8.0,3.0,2.0
2410.00508,1,2.0,0.0,51.0,2024-10-01,8.0,5.2,8.0
2410.00513,1,0.0,0.0,46.0,2024-10-01,6.0,4.5,6.0
2410.00519,1,1.0,0.0,27.0,2024-10-01,30.0,11.666666666666666,30.0
2410.00522,1,0.0,0.0,7.0,2024-10-01,4.0,4.0,4.0
2410.00526,1,2.0,0.0,25.0,2024-10-01,14.0,6.571428571428571,14.0
2410.12816,1,14.0,0.0,49.0,2024-10-01,14.0,7.75,14.0
2410.00558,1,1.0,0.0,53.0,2024-10-01,20.0,12.8,19.0
2410.00593,1,32.0,5.0,46.0,2024-10-01,14.0,8.666666666666666,5.0
2410.00940,1,2.0,1.0,21.0,2024-10-01,3.0,2.0,1.0
2410.00616,1,0.0,0.0,75.0,2024-10-01,1.0,0.3333333333333333,1.0
2410.00655,1,1.0,0.0,21.0,2024-10-01,14.0,7.75,14.0
2410.00683,1,3.0,0.0,26.0,2024-10-01,2.0,1.2,1.0
2410.00727,1,0.0,0.0,39.0,2024-10-01,3.0,1.3333333333333333,1.0
2410.00741,1,43.0,4.0,65.0,2024-10-01,20.0,9.0,6.0
2410.00299,1,8.0,0.0,48.0,2024-10-01,10.0,5.833333333333333,5.0
2410.00307,1,7.0,0.0,71.0,2024-10-01,34.0,10.5,34.0
2410.00309,1,1.0,0.0,68.0,2024-10-01,22.0,6.4,22.0
2410.00321,1,21.0,4.0,22.0,2024-10-01,29.0,11.0,29.0
2410.00348,1,0.0,0.0,59.0,2024-10-01,65.0,27.6,59.0
2410.00360,1,1.0,0.0,43.0,2024-10-01,7.0,3.6,4.0
2410.12811,1,1.0,0.0,61.0,2024-10-01,11.0,5.857142857142857,10.0
2410.11848,1,8.0,0.0,82.0,2024-10-01,33.0,12.571428571428571,33.0
2410.00368,1,2.0,0.0,35.0,2024-10-01,4.0,2.625,3.0
2410.00379,1,30.0,3.0,102.0,2024-10-01,13.0,6.75,9.0
2410.00380,1,1.0,0.0,57.0,2024-10-01,22.0,8.75,22.0
2410.00386,1,9.0,0.0,47.0,2024-10-01,11.0,5.75,7.0
2410.00398,1,9.0,0.0,54.0,2024-10-01,36.0,17.0,36.0
2410.00403,1,9.0,1.0,17.0,2024-10-01,9.0,6.0,9.0
2410.00404,1,9.0,0.0,23.0,2024-10-01,10.0,6.714285714285714,5.0
2410.00410,1,5.0,0.0,94.0,2024-10-01,12.0,7.333333333333333,5.0
2410.00436,1,9.0,0.0,73.0,2024-10-01,19.0,6.4,19.0
2410.00447,1,10.0,0.0,54.0,2024-10-01,13.0,6.75,8.0
2410.00448,1,3.0,0.0,53.0,2024-10-01,20.0,9.428571428571429,6.0
2410.00464,1,42.0,4.0,57.0,2024-10-01,26.0,8.2,3.0
2410.00469,1,3.0,0.0,21.0,2024-10-01,16.0,10.0,11.0
2410.00477,1,3.0,0.0,43.0,2024-10-01,2.0,1.2857142857142858,2.0
2410.00479,1,2.0,0.0,28.0,2024-08-26,2.0,1.6666666666666667,2.0
2410.00483,1,1.0,0.0,36.0,2024-09-28,9.0,4.75,6.0
2410.00485,1,7.0,1.0,88.0,2024-10-01,28.0,15.666666666666666,28.0
2410.00486,1,18.0,4.0,33.0,2024-10-01,7.0,5.5,5.0
2410.12813,1,57.0,4.0,40.0,2024-06-17,7.0,4.0,3.0
2410.00503,1,1.0,0.0,56.0,2024-10-01,60.0,17.4,3.0
2410.00511,1,3.0,0.0,44.0,2024-10-01,3.0,2.6666666666666665,2.0
2410.12814,1,1.0,0.0,25.0,2024-10-01,11.0,6.666666666666667,8.0
2410.00516,1,3.0,0.0,34.0,2024-10-01,1.0,1.0,1.0
2410.00521,1,0.0,0.0,17.0,2024-10-01,5.0,2.3333333333333335,5.0
2410.00524,1,0.0,0.0,42.0,2024-10-01,3.0,2.0,3.0
2410.00536,1,2.0,1.0,27.0,2024-10-01,15.0,3.4166666666666665,3.0
2410.00557,1,7.0,1.0,54.0,2024-10-01,15.0,9.0,7.0
2410.00312,1,8.0,0.0,27.0,2024-10-01,14.0,10.0,14.0
2410.00327,1,12.0,1.0,108.0,2024-10-01,26.0,10.0,7.0
2410.00344,1,0.0,0.0,28.0,2024-10-01,2.0,2.0,2.0
2410.00345,1,9.0,0.0,55.0,2024-10-01,14.0,14.0,14.0
2410.00357,1,10.0,0.0,55.0,2024-10-01,22.0,10.0,22.0
2410.00358,1,1.0,0.0,22.0,2024-10-01,29.0,9.25,29.0
2410.00366,1,3.0,0.0,53.0,2024-10-01,52.0,18.75,52.0
2410.00367,1,1.0,1.0,14.0,2024-10-01,5.0,2.2,3.0
2410.00373,1,3.0,0.0,50.0,2024-10-01,27.0,9.857142857142858,16.0
2410.00381,1,3.0,0.0,88.0,2024-10-01,4.0,3.4,4.0
2410.00385,1,14.0,1.0,64.0,2024-10-01,27.0,9.857142857142858,16.0
2410.00393,1,21.0,1.0,115.0,2024-10-01,27.0,15.0,9.0
2410.00396,1,2.0,0.0,71.0,2024-10-01,2.0,2.0,2.0
2410.00397,1,2.0,0.0,16.0,2024-10-01,2.0,1.75,2.0
2410.00407,1,1.0,1.0,24.0,2024-10-01,2.0,1.5,1.0
2410.00408,1,1.0,0.0,37.0,2024-10-01,11.0,11.0,11.0
2410.02826,1,4.0,0.0,47.0,2024-10-01,4.0,2.6666666666666665,4.0
2410.00428,1,19.0,1.0,45.0,2024-10-01,4.0,3.2222222222222223,2.0
2410.00432,1,2.0,0.0,22.0,2024-10-01,5.0,2.7777777777777777,3.0
2410.00435,1,6.0,0.0,61.0,2024-10-01,8.0,4.333333333333333,8.0
2410.00454,1,1.0,0.0,32.0,2024-10-01,8.0,4.333333333333333,3.0
2410.00461,1,0.0,0.0,30.0,2024-10-01,1.0,1.0,1.0
2410.01847,1,2.0,0.0,71.0,2024-10-01,5.0,3.0,5.0
2410.00938,1,10.0,0.0,45.0,2024-10-01,8.0,5.875,8.0
2410.09068,1,1.0,0.0,38.0,2024-10-01,35.0,14.666666666666666,2.0
2410.00473,1,2.0,0.0,19.0,2024-10-01,3.0,2.5,3.0
2410.00480,1,14.0,0.0,77.0,2024-10-01,6.0,5.0,6.0
2410.02827,1,7.0,1.0,12.0,2024-10-01,11.0,5.0,11.0
2410.00509,1,1.0,0.0,34.0,2024-10-01,5.0,3.0,4.0
2410.00510,1,2.0,0.0,30.0,2024-10-01,10.0,6.25,5.0
2411.00294,1,2.0,0.0,58.0,2024-11-01,6.0,4.0,2.0
2411.00300,1,63.0,4.0,48.0,2024-11-01,13.0,8.0,10.0
2411.00324,1,3.0,0.0,37.0,2024-11-01,6.0,3.5,1.0
2411.02523,1,0.0,0.0,30.0,2024-11-01,17.0,6.555555555555555,4.0
2411.00897,1,4.0,0.0,31.0,2024-11-01,11.0,4.5,2.0
2411.00387,1,5.0,0.0,59.0,2024-11-01,11.0,5.0,7.0
2411.00390,1,9.0,0.0,23.0,2024-11-01,43.0,17.4,43.0
2411.00411,1,2.0,0.0,18.0,2024-11-01,47.0,17.0,47.0
2411.00418,1,20.0,1.0,0.0,2024-11-01,32.0,12.0,12.0
2411.00427,1,7.0,1.0,25.0,2024-11-01,20.0,6.333333333333333,20.0
2411.00437,1,0.0,0.0,35.0,2024-11-01,3.0,2.2,3.0
2411.11853,1,5.0,0.0,38.0,2024-11-01,8.0,3.8,3.0
2411.02430,1,2.0,0.0,73.0,2024-11-01,25.0,13.0,2.0
2411.00491,1,8.0,2.0,54.0,2024-11-01,13.0,6.111111111111111,6.0
2411.00533,1,1.0,0.0,23.0,2024-11-01,3.0,3.0,3.0
2411.00593,1,2.0,0.0,12.0,2024-11-01,21.0,10.4,21.0
2411.00604,1,9.0,0.0,20.0,2024-10-17,8.0,4.25,5.0
2411.00640,1,87.0,5.0,18.0,2024-11-01,3.0,3.0,3.0
2411.00646,1,3.0,0.0,15.0,2024-11-01,5.0,1.75,5.0
2411.00664,1,3.0,0.0,97.0,2024-11-01,28.0,9.0,3.0
2411.00683,1,39.0,5.0,44.0,2024-11-01,9.0,7.8,9.0
2411.00686,1,1.0,0.0,59.0,2024-11-01,15.0,6.25,3.0
2411.00689,1,1.0,0.0,42.0,2024-11-01,17.0,6.5,8.0
2411.00691,1,11.0,2.0,42.0,2024-11-01,2.0,2.0,2.0
2411.00927,1,12.0,1.0,55.0,2024-11-01,23.0,9.5,12.0
2411.00702,1,4.0,1.0,84.0,2024-11-01,2.0,2.0,2.0
2411.00929,1,5.0,0.0,16.0,2024-11-01,5.0,2.6666666666666665,0.0
2411.02432,1,15.0,1.0,121.0,2024-11-01,20.0,6.7,6.0
2411.00727,1,2.0,0.0,22.0,2024-11-01,2.0,1.3333333333333333,1.0
2411.00737,1,4.0,0.0,0.0,2024-11-01,18.0,10.166666666666666,18.0
2411.00744,1,8.0,0.0,63.0,2024-11-01,5.0,3.4,2.0
2411.00750,1,18.0,4.0,60.0,2024-11-01,42.0,16.7,32.0
2411.02433,1,19.0,1.0,72.0,2024-11-01,20.0,12.0,5.0
2411.00774,1,149.0,25.0,27.0,2024-11-01,19.0,9.285714285714286,11.0
2411.00274,1,2.0,0.0,71.0,2024-11-01,2.0,1.5,2.0
2411.00281,1,36.0,0.0,11.0,2013-05-18,73.0,18.285714285714285,73.0
2411.00894,1,29.0,2.0,26.0,2012-12-06,19.0,19.0,19.0
2411.00288,1,0.0,0.0,47.0,2024-11-01,1.0,1.0,1.0
2411.00299,1,16.0,1.0,31.0,2024-11-01,39.0,12.5,39.0
2411.00304,1,16.0,0.0,103.0,2024-11-01,20.0,11.1,19.0
2411.00326,1,2.0,0.0,16.0,2024-11-01,19.0,10.0,19.0
2411.00330,1,10.0,0.0,68.0,2024-11-01,7.0,4.833333333333333,7.0
2411.00335,1,1.0,0.0,22.0,2024-11-01,8.0,4.8,6.0
2411.00340,1,30.0,2.0,47.0,2024-06-16,20.0,7.5,20.0
2411.00355,1,0.0,0.0,40.0,2024-11-01,33.0,12.2,7.0
2411.00356,1,3.0,1.0,41.0,2024-11-01,11.0,6.0,11.0
2411.00898,1,0.0,0.0,43.0,2024-11-01,7.0,4.75,6.0
2411.00360,1,5.0,0.0,60.0,2024-11-01,9.0,4.833333333333333,6.0
2411.00900,1,1.0,0.0,64.0,2024-11-01,4.0,2.0,4.0
2411.00393,1,1.0,0.0,28.0,2024-11-01,1.0,1.0,1.0
2411.00394,1,14.0,0.0,52.0,2024-11-01,8.0,4.571428571428571,7.0
2411.00399,1,17.0,0.0,80.0,2024-11-01,9.0,5.0,6.0
2411.00402,1,1.0,0.0,33.0,2024-11-01,21.0,10.0,12.0
2411.00425,1,7.0,0.0,50.0,2024-11-01,20.0,7.0,5.0
2411.00430,1,1.0,0.0,95.0,2024-11-01,7.0,3.4,3.0
2411.00432,1,4.0,0.0,25.0,2024-11-01,2.0,1.5,2.0
2411.00448,1,4.0,0.0,53.0,2024-11-01,22.0,7.0,22.0
2411.00462,1,1.0,0.0,37.0,2024-11-01,24.0,13.25,24.0
2411.00472,1,1.0,0.0,24.0,2024-11-01,5.0,5.0,5.0
2411.00485,1,18.0,0.0,72.0,2024-11-01,11.0,7.5,10.0
2411.00499,1,0.0,0.0,39.0,2024-11-01,15.0,8.2,3.0
2411.00527,1,0.0,0.0,59.0,2024-11-01,10.0,6.666666666666667,9.0
2411.00911,1,2.0,0.0,53.0,2024-11-01,6.0,4.25,6.0
2411.00543,1,4.0,1.0,82.0,2024-11-01,10.0,6.0,2.0
2411.00548,1,6.0,0.0,53.0,2024-11-01,4.0,4.0,4.0
2411.00552,1,8.0,0.0,44.0,2024-11-01,33.0,8.444444444444445,4.0
2411.00553,1,5.0,0.0,66.0,2024-11-01,67.0,24.5,41.0
2411.00560,1,1.0,0.0,18.0,2024-11-01,10.0,6.5,6.0
2411.00561,1,4.0,0.0,26.0,2024-11-01,31.0,12.8,3.0
2411.00576,1,0.0,0.0,14.0,2024-08-20,15.0,15.0,15.0
2411.00578,1,0.0,0.0,37.0,2024-11-01,7.0,4.428571428571429,2.0
2411.00915,1,6.0,0.0,91.0,2024-11-01,11.0,4.153846153846154,5.0
2411.00270,1,0.0,0.0,13.0,2024-11-01,20.0,6.4,2.0
2411.00273,1,0.0,0.0,71.0,2024-11-01,2.0,1.3333333333333333,1.0
2411.00275,1,2.0,0.0,45.0,2024-11-01,1.0,1.0,1.0
2411.00278,1,30.0,1.0,54.0,2024-11-01,13.0,6.222222222222222,9.0
2411.00282,1,2.0,1.0,7.0,2024-11-01,1.0,1.0,1.0
2411.00287,1,0.0,0.0,85.0,2024-11-01,9.0,5.25,5.0
2411.12746,1,40.0,3.0,0.0,2024-11-01,9.0,3.4,2.0
2411.00297,1,0.0,0.0,52.0,2024-11-01,5.0,5.0,5.0
2411.00311,1,28.0,0.0,39.0,2024-11-01,19.0,8.6,19.0
2411.00317,1,0.0,0.0,34.0,2024-11-01,5.0,5.0,5.0
2411.15142,1,0.0,0.0,53.0,2024-11-01,6.0,3.4,2.0
2411.11852,1,9.0,0.0,37.0,2024-11-01,9.0,5.833333333333333,5.0
2411.00328,1,0.0,0.0,23.0,2024-11-01,10.0,5.75,3.0
2411.00329,1,30.0,2.0,55.0,2024-11-01,2.0,2.0,2.0
2411.00332,1,2.0,0.0,9.0,2024-11-01,50.0,6.466666666666667,1.0
2411.02525,1,1.0,0.0,44.0,2024-11-01,32.0,16.5,32.0
2411.00336,1,2.0,0.0,13.0,2024-11-01,4.0,3.5,4.0
2411.00337,1,16.0,0.0,42.0,2024-11-01,27.0,14.0,27.0
2411.00339,1,2.0,0.0,30.0,2024-11-01,11.0,6.5,2.0
2411.05815,1,107.0,4.0,152.0,2024-11-01,10.0,5.25,4.0
2411.00345,1,1.0,0.0,32.0,2024-11-01,32.0,9.5,32.0
2411.00348,1,95.0,11.0,47.0,2024-11-01,16.0,6.5,4.0
2411.12747,1,13.0,0.0,53.0,2024-11-01,4.0,4.0,4.0
2411.00361,1,0.0,0.0,42.0,2024-11-01,27.0,9.777777777777779,27.0
2411.00365,1,1.0,0.0,59.0,2024-11-01,4.0,2.25,4.0
2411.00368,1,2.0,0.0,45.0,2024-11-01,2.0,2.0,2.0
2411.00372,1,2.0,0.0,72.0,2024-11-01,10.0,6.25,10.0
2411.00380,1,0.0,0.0,40.0,2024-11-01,10.0,6.333333333333333,7.0
2411.00382,1,0.0,0.0,58.0,2024-11-01,37.0,20.75,37.0
2411.00383,1,4.0,0.0,87.0,2024-11-01,6.0,3.5,3.0
2411.00899,1,2.0,0.0,42.0,2024-11-01,5.0,3.25,3.0
2411.00388,1,1.0,0.0,32.0,2024-11-01,3.0,2.0,1.0
2412.12111,1,0.0,0.0,0.0,2024-12-01,8.0,8.0,8.0
2412.00631,1,9.0,1.0,62.0,2024-12-01,30.0,6.777777777777778,2.0
2412.00652,1,8.0,1.0,23.0,2024-12-01,9.0,9.0,9.0
2412.05315,1,12.0,0.0,26.0,2024-12-01,1.0,1.0,1.0
2412.00721,1,5.0,1.0,30.0,2024-12-01,29.0,11.4,4.0
2412.00722,1,1.0,0.0,62.0,2024-12-01,29.0,15.333333333333334,29.0
2412.00756,1,11.0,2.0,38.0,2024-12-01,10.0,5.125,10.0
2412.00760,1,1.0,0.0,42.0,2024-12-01,24.0,7.285714285714286,1.0
2412.00763,1,10.0,0.0,42.0,2024-11-01,6.0,5.5,6.0
2412.00765,1,8.0,0.0,41.0,2024-12-01,3.0,2.8,3.0
2412.00767,1,11.0,1.0,44.0,2024-12-01,10.0,6.5,9.0
2412.00804,1,24.0,0.0,69.0,2024-12-01,6.0,3.5,6.0
2412.04498,1,6.0,0.0,49.0,2024-12-01,1.0,1.0,1.0
2412.00856,1,2.0,0.0,15.0,2024-12-01,4.0,2.3333333333333335,2.0
2412.00868,1,8.0,0.0,0.0,2024-12-01,76.0,28.333333333333332,76.0
2412.00876,1,57.0,3.0,70.0,2024-12-01,12.0,5.625,12.0
2412.00883,1,2.0,0.0,64.0,2024-12-01,67.0,11.375,2.0
2412.00934,1,3.0,0.0,28.0,2024-12-01,14.0,8.666666666666666,10.0
2412.00948,1,11.0,1.0,29.0,2024-12-01,36.0,11.071428571428571,33.0
2412.00956,1,5.0,0.0,15.0,2024-12-01,5.0,4.0,5.0
2412.00962,1,6.0,0.0,32.0,2024-12-01,5.0,4.333333333333333,5.0
2412.00966,1,4.0,1.0,48.0,2024-12-01,21.0,7.6,6.0
2412.01003,1,56.0,4.0,0.0,2024-12-01,19.0,10.0,11.0
2412.01007,1,28.0,2.0,46.0,2024-12-01,12.0,6.571428571428571,4.0
2412.01014,1,3.0,0.0,13.0,2024-12-02,1.0,1.0,1.0
2412.01031,1,3.0,0.0,21.0,2024-12-02,70.0,12.375,3.0
2412.01033,1,11.0,0.0,0.0,2024-12-02,13.0,8.4,10.0
2501.07839,1,0.0,0.0,0.0,2024-12-02,1.0,0.5,1.0
2412.01078,1,4.0,0.0,0.0,2024-12-02,13.0,5.714285714285714,2.0
2412.01093,1,1.0,0.0,42.0,2024-12-02,8.0,3.6,8.0
2412.01109,1,0.0,0.0,26.0,2024-12-02,6.0,3.0,4.0
2412.01113,1,1.0,0.0,42.0,2024-12-02,15.0,4.875,3.0
2412.01130,1,20.0,2.0,30.0,2024-12-02,19.0,9.25,19.0
2412.01131,1,1.0,0.0,29.0,2024-12-02,6.0,3.0,4.0
2412.01186,1,4.0,0.0,41.0,2024-12-02,17.0,6.666666666666667,4.0
2412.01189,1,2.0,0.0,6.0,2024-12-02,5.0,3.5,5.0
2412.01212,1,0.0,0.0,7.0,2024-12-02,51.0,14.75,6.0
2412.01868,1,5.0,1.0,0.0,2024-12-02,6.0,3.6363636363636362,1.0
2412.00622,1,5.0,0.0,60.0,2024-12-01,20.0,8.4,20.0
2412.00623,1,5.0,0.0,74.0,2024-12-01,37.0,18.0,37.0
2412.00624,1,5.0,0.0,105.0,2024-12-01,15.0,9.5,15.0
2412.00626,1,5.0,1.0,64.0,2024-12-01,8.0,6.166666666666667,6.0
2412.00638,1,2.0,0.0,29.0,2024-12-01,7.0,3.7142857142857144,5.0
2412.00651,1,8.0,1.0,0.0,2024-12-01,30.0,10.714285714285714,19.0
2412.00663,1,1.0,0.0,16.0,2024-12-01,6.0,5.0,4.0
2412.00664,1,0.0,0.0,56.0,2024-12-01,26.0,6.666666666666667,2.0
2412.00665,1,2.0,0.0,0.0,2024-12-01,3.0,2.0,1.0
2412.00666,1,4.0,0.0,71.0,2024-12-01,11.0,5.333333333333333,3.0
2412.01859,1,1.0,0.0,38.0,2024-12-01,3.0,1.75,3.0
2412.00671,1,5.0,0.0,62.0,2024-12-01,5.0,4.0,5.0
2412.00678,1,35.0,2.0,49.0,2024-12-01,4.0,2.7142857142857144,4.0
2412.00681,1,1.0,0.0,16.0,2024-12-01,8.0,2.0,8.0
2412.00682,1,6.0,1.0,35.0,2024-12-01,6.0,4.666666666666667,5.0
2412.00683,1,46.0,2.0,57.0,2024-10-28,6.0,4.0,6.0
2412.00684,1,1.0,0.0,123.0,2024-12-01,27.0,8.5,27.0
2412.00686,1,19.0,1.0,51.0,2024-12-01,16.0,6.0,16.0
2412.00692,1,5.0,0.0,49.0,2024-12-01,7.0,4.444444444444445,7.0
2412.00696,1,1.0,0.0,45.0,2024-12-01,2.0,1.6666666666666667,2.0
2412.00702,1,2.0,0.0,81.0,2024-12-01,4.0,4.0,4.0
2412.00705,1,0.0,0.0,26.0,2024-12-01,5.0,3.0,1.0
2412.00715,1,5.0,0.0,25.0,2024-12-01,12.0,4.111111111111111,3.0
2412.00719,1,8.0,0.0,47.0,2024-12-01,9.0,3.5,3.0
2412.10392,1,3.0,0.0,0.0,2024-12-01,17.0,11.25,5.0
2412.00727,1,7.0,1.0,50.0,2024-12-01,23.0,13.0,7.0
2412.00730,1,9.0,0.0,127.0,2024-12-01,13.0,3.7142857142857144,1.0
2412.00731,1,1.0,0.0,23.0,2024-12-01,8.0,4.0,8.0
2412.00733,1,118.0,25.0,52.0,2024-12-01,9.0,5.0,7.0
2412.00734,1,3.0,2.0,0.0,2024-12-01,12.0,8.333333333333334,11.0
2412.00740,1,11.0,1.0,24.0,2024-07-01,14.0,6.666666666666667,2.0
2412.01860,1,3.0,0.0,0.0,2024-12-01,2.0,1.5,1.0
2412.00754,1,1.0,0.0,0.0,2024-12-01,2.0,2.0,2.0
2412.00759,1,25.0,0.0,55.0,2024-12-01,4.0,3.0,4.0
2412.00770,1,0.0,0.0,9.0,2024-12-01,1.0,1.0,1.0
2412.00773,1,1.0,0.0,0.0,2024-12-01,1.0,1.0,1.0
2412.00777,1,1.0,0.0,30.0,2024-12-01,22.0,5.4,22.0
2412.00782,1,8.0,0.0,48.0,2024-12-01,51.0,13.4,51.0
2412.00784,1,8.0,0.0,74.0,2024-12-01,10.0,5.0,3.0
2412.00648,1,13.0,3.0,0.0,2024-12-01,4.0,4.0,4.0
2412.00653,1,2.0,1.0,0.0,2024-12-01,14.0,8.0,7.0
2412.00661,1,9.0,0.0,73.0,2024-12-01,8.0,5.0,3.0
2412.00687,1,16.0,2.0,32.0,2024-12-01,2.0,1.5,2.0
2412.00718,1,31.0,0.0,59.0,2024-12-01,20.0,10.0,4.0
2412.00720,1,2.0,0.0,47.0,2024-12-01,3.0,2.5,3.0
2412.00725,1,0.0,0.0,28.0,2024-12-01,4.0,4.0,4.0
2412.00726,1,12.0,1.0,37.0,2024-12-01,6.0,4.5,3.0
2412.12112,1,6.0,0.0,87.0,2024-12-01,39.0,21.0,39.0
2412.01861,1,0.0,0.0,0.0,2024-12-01,2.0,1.0,2.0
2412.00758,1,1.0,0.0,25.0,2024-12-01,51.0,19.25,24.0
2412.00761,1,4.0,0.0,56.0,2024-12-01,10.0,5.6,10.0
2412.00772,1,0.0,0.0,111.0,2024-12-01,5.0,4.0,5.0
2412.00776,1,4.0,0.0,70.0,2024-12-01,5.0,3.5,5.0
2412.00785,1,2.0,0.0,16.0,2024-12-01,3.0,3.0,3.0
2412.00789,1,3.0,0.0,64.0,2024-12-01,46.0,10.428571428571429,46.0
2412.00797,1,5.0,0.0,22.0,2024-12-01,2.0,2.0,2.0
2412.00798,1,0.0,0.0,34.0,2024-12-01,16.0,6.0,16.0
2412.00800,1,26.0,1.0,0.0,2024-12-01,11.0,5.777777777777778,4.0
2412.00802,1,2.0,0.0,44.0,2024-12-01,4.0,4.0,4.0
2412.00807,1,1.0,0.0,56.0,2024-12-01,11.0,4.6,7.0
2412.00830,1,3.0,0.0,42.0,2024-12-01,4.0,4.0,4.0
2412.00860,1,0.0,0.0,52.0,2024-12-01,3.0,1.8,2.0
2412.00863,1,0.0,0.0,24.0,2024-12-01,6.0,3.0,6.0
2412.00864,1,3.0,0.0,15.0,2024-12-01,54.0,19.75,54.0
2412.00884,1,2.0,0.0,0.0,2024-12-01,2.0,2.0,2.0
2412.01864,1,3.0,0.0,0.0,2024-12-01,5.0,3.0,2.0
2501.00684,1,1.0,0.0,0.0,2025-01-01,9.0,5.5,9.0
2501.00691,1,2.0,0.0,77.0,2025-01-01,11.0,5.428571428571429,9.0
2501.00692,1,0.0,0.0,54.0,2025-01-01,18.0,9.25,18.0
2501.00697,1,5.0,0.0,27.0,2025-01-01,8.0,2.142857142857143,1.0
2501.00713,1,0.0,0.0,0.0,2025-01-01,2.0,1.1666666666666667,1.0
2501.00715,1,11.0,0.0,37.0,2025-01-01,26.0,9.857142857142858,5.0
2501.00733,1,1.0,0.0,14.0,2024-12-12,2.0,1.2,1.0
2501.00745,1,5.0,0.0,38.0,2025-01-01,5.0,5.0,5.0
2501.00747,1,2.0,0.0,0.0,2025-01-01,7.0,5.0,2.0
2501.00759,1,8.0,0.0,71.0,2024-12-31,14.0,7.375,2.0
2501.00777,1,8.0,0.0,55.0,2025-01-01,11.0,7.0,8.0
2501.00778,1,8.0,0.0,19.0,2025-01-01,8.0,4.5,8.0
2501.00782,1,0.0,0.0,17.0,2024-12-16,1.0,1.0,1.0
2501.00803,1,0.0,0.0,33.0,2025-01-01,7.0,3.0,7.0
2501.00804,1,0.0,0.0,26.0,2025-01-01,9.0,3.3333333333333335,1.0
2501.00805,1,5.0,0.0,36.0,2025-01-01,8.0,3.5,1.0
2501.03257,1,0.0,0.0,36.0,2025-01-01,11.0,2.5714285714285716,2.0
2501.00823,1,1.0,0.0,22.0,2025-01-01,5.0,5.0,5.0
2501.00828,1,3.0,0.0,42.0,2025-01-01,3.0,1.4,3.0
2501.00830,1,13.0,0.0,148.0,2025-01-01,5.0,3.5,2.0
2501.00862,1,1.0,0.0,19.0,2025-01-01,4.0,3.3333333333333335,3.0
2501.00865,1,1.0,0.0,0.0,2025-01-01,18.0,7.25,3.0
2501.00868,1,4.0,0.0,30.0,2025-01-01,19.0,14.25,14.0
2501.00879,1,17.0,2.0,39.0,2025-01-01,15.0,4.375,2.0
2501.00885,1,0.0,0.0,120.0,2025-01-01,2.0,2.0,2.0
2501.00888,1,18.0,3.0,0.0,2025-01-01,31.0,16.166666666666668,3.0
2501.00907,1,3.0,0.0,55.0,2025-01-01,15.0,7.285714285714286,5.0
2501.00921,1,0.0,0.0,0.0,2025-01-01,3.0,2.0,3.0
2501.00953,1,2.0,0.0,156.0,2025-01-01,18.0,7.333333333333333,2.0
2501.00982,1,9.0,1.0,74.0,2025-01-02,14.0,5.2,2.0
2501.00999,1,8.0,0.0,0.0,2025-01-02,7.0,3.857142857142857,7.0
2501.01014,1,1.0,1.0,67.0,2025-01-02,2.0,1.6666666666666667,1.0
2501.01028,1,40.0,1.0,0.0,2025-01-02,11.0,6.153846153846154,11.0
2501.01030,1,2.0,0.0,0.0,2025-01-02,6.0,3.076923076923077,6.0
2501.01031,1,12.0,0.0,37.0,2025-01-02,3.0,2.3333333333333335,3.0
2501.01034,1,10.0,0.0,0.0,2025-01-02,9.0,5.666666666666667,5.0
2501.00700,1,6.0,0.0,36.0,2025-01-01,5.0,2.6666666666666665,1.0
2501.00707,1,4.0,0.0,0.0,2025-01-01,12.0,4.25,12.0
2501.01998,1,1.0,0.0,24.0,2024-08-01,2.0,1.6666666666666667,2.0
2501.00725,1,0.0,0.0,19.0,2025-01-01,2.0,2.0,2.0
2501.00734,1,2.0,0.0,0.0,2025-01-01,29.0,11.0,3.0
2501.00740,1,20.0,5.0,77.0,2025-01-01,6.0,3.5,2.0
2501.00741,1,9.0,0.0,23.0,2025-01-01,4.0,2.8,4.0
2501.00751,1,4.0,0.0,23.0,2025-01-01,8.0,3.4,8.0
2501.00752,1,9.0,2.0,31.0,2025-01-01,8.0,4.4,5.0
2501.01999,1,11.0,0.0,64.0,2025-01-01,8.0,5.666666666666667,5.0
2501.00758,0,,,,,,,
2501.00765,1,0.0,0.0,48.0,2025-01-01,41.0,7.3076923076923075,8.0
2501.02000,1,4.0,0.0,0.0,2025-01-01,8.0,4.714285714285714,4.0
2501.00795,1,13.0,1.0,59.0,2025-01-01,5.0,4.0,5.0
2501.00811,1,0.0,0.0,20.0,2025-01-01,1.0,0.5,0.0
2501.00816,1,9.0,0.0,59.0,2024-11-19,7.0,4.333333333333333,7.0
2501.00818,1,0.0,0.0,0.0,2025-01-01,17.0,5.0,2.0
2501.00836,1,5.0,0.0,0.0,2025-01-01,29.0,7.8,29.0
2501.00838,1,3.0,0.0,59.0,2025-01-01,15.0,4.166666666666667,2.0
2501.00843,1,2.0,0.0,41.0,2025-01-01,10.0,10.0,10.0
2501.00848,1,10.0,0.0,33.0,2025-01-01,51.0,24.166666666666668,51.0
2501.00851,1,13.0,0.0,12.0,2025-01-01,62.0,24.0,6.0
2501.00873,1,0.0,0.0,104.0,2025-01-01,9.0,3.5,9.0
2501.00876,1,1.0,0.0,0.0,2025-01-01,1.0,1.0,1.0
2501.00877,1,6.0,1.0,0.0,2025-01-01,14.0,10.2,9.0
2501.00880,1,7.0,2.0,50.0,2025-01-01,37.0,12.625,13.0
2501.00882,1,6.0,1.0,61.0,2025-01-01,6.0,3.4,2.0
2501.00895,1,71.0,4.0,86.0,2025-01-01,42.0,23.6,31.0
2501.00917,1,0.0,0.0,28.0,2025-01-01,2.0,2.0,2.0
2501.00935,1,33.0,1.0,31.0,2025-01-01,16.0,8.666666666666666,16.0
2501.00941,1,6.0,0.0,0.0,2025-01-01,8.0,5.4,4.0
2501.00942,1,8.0,1.0,35.0,2025-01-01,13.0,5.8,1.0
2501.00944,1,1.0,0.0,47.0,2025-01-01,10.0,7.0,10.0
2501.00946,1,15.0,0.0,53.0,2025-01-01,1.0,1.0,1.0
2501.00954,1,5.0,0.0,0.0,2025-01-01,3.0,2.5,3.0
2501.02003,1,0.0,0.0,47.0,2025-01-01,20.0,11.5,20.0
2501.00961,1,21.0,0.0,27.0,2025-01-01,41.0,9.5,4.0
2501.00962,1,8.0,0.0,52.0,2025-01-01,34.0,16.0,34.0
2501.00693,1,5.0,0.0,43.0,2025-01-01,15.0,7.875,4.0
2501.00696,1,1.0,0.0,0.0,2025-01-01,4.0,2.25,2.0
2501.00701,1,9.0,1.0,46.0,2025-01-01,3.0,2.5,3.0
2501.00704,1,2.0,1.0,60.0,2025-01-01,1.0,1.0,1.0
2501.00709,1,0.0,0.0,27.0,2025-01-01,2.0,2.0,2.0
2501.00726,1,0.0,0.0,39.0,2025-01-01,5.0,2.8,5.0
2501.00738,1,7.0,0.0,32.0,2024-12-31,11.0,5.0,3.0
2501.00742,1,1.0,0.0,9.0,2025-01-01,59.0,15.11111111111111,59.0
2501.01470,1,0.0,0.0,53.0,2025-01-01,1.0,1.0,1.0
2501.00743,1,2.0,0.0,0.0,2025-01-01,10.0,3.4,1.0
2501.00744,1,1.0,0.0,69.0,2025-01-01,4.0,3.5,3.0
2501.00755,1,6.0,0.0,42.0,2025-01-01,5.0,4.5,4.0
2501.00756,1,4.0,0.0,0.0,2025-01-01,12.0,5.333333333333333,12.0
2501.00757,1,0.0,0.0,54.0,2025-01-01,8.0,5.0,8.0
2501.00762,1,5.0,1.0,33.0,2025-01-01,9.0,5.0,9.0
2501.00773,1,0.0,0.0,130.0,2025-01-01,10.0,3.0,2.0
2501.03256,1,1.0,0.0,0.0,2025-01-01,2.0,2.0,2.0
2501.00799,1,0.0,0.0,31.0,2025-01-01,6.0,3.5,1.0
2501.01472,1,3.0,0.0,68.0,2025-01-01,27.0,10.142857142857142,5.0
2501.00817,1,7.0,0.0,17.0,2025-01-01,2.0,1.5,2.0
2501.01473,1,4.0,0.0,82.0,2025-01-01,47.0,13.833333333333334,47.0
2501.00852,1,0.0,0.0,74.0,2025-01-01,5.0,3.0,5.0
2501.00854,1,1.0,0.0,39.0,2025-01-01,3.0,2.0,3.0
2502.00241,1,0.0,0.0,0.0,2025-02-01,8.0,4.666666666666667,8.0
2502.00246,1,0.0,0.0,0.0,2025-02-01,0.0,0.0,0.0
2502.00258,1,10.0,3.0,38.0,2025-01-31,27.0,7.5,15.0
2502.00271,1,7.0,0.0,0.0,2025-02-01,6.0,3.3333333333333335,3.0
2502.00290,1,18.0,4.0,38.0,2025-02-01,7.0,4.4,4.0
2502.00301,1,0.0,0.0,0.0,2025-02-01,13.0,3.25,0.0
2502.00305,1,3.0,0.0,77.0,2024-12-01,20.0,9.75,20.0
2502.00310,1,4.0,0.0,82.0,2025-02-01,14.0,6.0,3.0
2502.00313,1,9.0,0.0,108.0,2025-02-01,2.0,2.0,2.0
2502.00322,1,6.0,0.0,94.0,2025-02-01,41.0,15.142857142857142,9.0
2502.01662,1,10.0,0.0,37.0,2025-02-01,8.0,3.8333333333333335,4.0
2502.06802,1,1.0,0.0,29.0,2025-02-01,4.0,2.4,3.0
2502.00334,1,41.0,5.0,70.0,2025-02-01,14.0,7.444444444444445,5.0
2502.00339,1,29.0,0.0,14.0,2025-02-01,7.0,5.75,7.0
2502.00340,1,2.0,0.0,47.0,2025-02-01,18.0,7.571428571428571,2.0
2502.00344,1,2.0,0.0,55.0,2025-02-01,6.0,3.0,4.0
2502.00374,1,0.0,0.0,30.0,2024-09-01,9.0,4.0,4.0
2502.00377,1,5.0,1.0,34.0,2025-02-01,9.0,4.0,4.0
2502.00385,1,7.0,0.0,10.0,2025-02-01,5.0,4.0,5.0
2502.00406,1,10.0,1.0,65.0,2025-02-01,5.0,3.5,5.0
2502.00409,1,16.0,0.0,112.0,2025-02-01,10.0,4.833333333333333,2.0
2502.00414,1,3.0,0.0,42.0,2025-02-01,4.0,2.5,3.0
2502.00415,1,16.0,3.0,51.0,2025-02-01,10.0,4.5,1.0
2502.00421,1,2.0,0.0,27.0,2025-02-01,22.0,8.75,2.0
2502.01663,1,7.0,0.0,0.0,2025-02-01,10.0,5.0,10.0
2502.00439,1,4.0,0.0,44.0,2025-02-01,26.0,9.555555555555555,15.0
2502.00448,1,0.0,0.0,0.0,2025-02-01,4.0,2.25,4.0
2502.00451,1,14.0,1.0,134.0,2025-02-01,17.0,11.333333333333334,17.0
2502.00507,1,1.0,0.0,47.0,2025-02-01,3.0,3.0,3.0
2502.00510,1,7.0,0.0,30.0,2025-02-01,14.0,5.0,3.0
2502.00511,1,14.0,0.0,0.0,2025-02-01,8.0,5.714285714285714,8.0
2502.00527,1,4.0,0.0,38.0,2025-02-01,11.0,5.75,5.0
2502.00528,1,6.0,0.0,0.0,2025-02-01,6.0,3.8,3.0
2502.00537,1,7.0,0.0,0.0,2025-02-01,21.0,7.181818181818182,2.0
2502.01673,1,4.0,1.0,46.0,2025-02-01,14.0,9.0,14.0
2502.20405,1,2.0,0.0,26.0,2025-02-01,15.0,5.571428571428571,7.0
2502.00577,1,19.0,0.0,80.0,2025-02-01,9.0,6.2,5.0
2502.00580,1,12.0,1.0,0.0,2025-02-01,4.0,2.0,2.0
2502.00232,1,1.0,0.0,4.0,2025-02-01,1.0,1.0,1.0
2502.00234,1,40.0,5.0,242.0,2025-02-01,30.0,11.0,5.0
2502.00250,1,0.0,0.0,0.0,2025-02-01,1.0,0.5,1.0
2502.00253,1,0.0,0.0,0.0,2025-02-01,6.0,2.125,1.0
2502.00262,1,12.0,0.0,44.0,2025-02-01,8.0,4.75,3.0
2502.00264,1,14.0,1.0,100.0,2025-02-01,33.0,12.5,2.0
2502.00266,1,0.0,0.0,0.0,2025-02-01,5.0,4.0,5.0
2502.00275,1,0.0,0.0,52.0,2025-02-01,19.0,4.857142857142857,4.0
2502.00285,1,3.0,0.0,41.0,2025-01-31,8.0,4.25,7.0
2502.00307,1,32.0,1.0,45.0,2024-07-30,9.0,6.8,6.0
2502.00315,1,3.0,0.0,32.0,2025-02-01,3.0,2.0,1.0
2502.00333,1,3.0,0.0,58.0,2025-02-01,11.0,7.625,11.0
2502.00342,1,14.0,0.0,112.0,2025-02-01,7.0,4.166666666666667,7.0
2502.00360,1,0.0,0.0,98.0,2025-02-01,6.0,2.6,3.0
2502.00366,1,8.0,0.0,0.0,2025-02-01,45.0,10.823529411764707,27.0
2502.00372,1,11.0,2.0,63.0,2025-02-01,46.0,15.571428571428571,13.0
2502.00375,1,3.0,0.0,0.0,2025-02-01,3.0,3.0,3.0
2502.00379,1,29.0,8.0,69.0,2025-02-01,13.0,7.428571428571429,11.0
2502.00382,1,4.0,0.0,83.0,2025-02-01,4.0,2.6666666666666665,3.0
2502.00386,1,10.0,0.0,38.0,2025-02-01,17.0,7.5,4.0
2502.00392,1,14.0,2.0,74.0,2025-02-01,8.0,5.0,8.0
2502.00395,1,3.0,0.0,33.0,2025-02-01,6.0,3.5,6.0
2502.00397,1,7.0,1.0,41.0,2025-02-01,4.0,2.2,4.0
2502.00402,1,2.0,0.0,42.0,2025-02-01,14.0,6.4,9.0
2502.00404,1,1.0,0.0,35.0,2025-02-01,14.0,4.5,14.0
2502.00408,1,8.0,1.0,40.0,2025-02-01,6.0,4.666666666666667,5.0
2502.00412,1,3.0,0.0,27.0,2025-02-01,8.0,4.666666666666667,4.0
2502.00418,1,2.0,1.0,46.0,2025-02-01,6.0,4.333333333333333,5.0
2502.00425,1,32.0,0.0,64.0,2025-02-01,11.0,6.8,9.0
2502.00426,1,4.0,0.0,51.0,2025-02-01,15.0,6.857142857142857,2.0
2502.00433,1,16.0,0.0,36.0,2025-02-01,10.0,7.0,5.0
2502.00435,1,5.0,0.0,20.0,2025-02-01,3.0,2.5,3.0
2502.01665,1,1.0,0.0,39.0,2025-02-01,3.0,1.4444444444444444,3.0
2502.00456,1,2.0,0.0,43.0,2025-02-01,3.0,2.3333333333333335,2.0
2502.01666,1,0.0,0.0,34.0,2025-02-01,6.0,1.8333333333333333,3.0
2502.00462,1,6.0,0.0,60.0,2025-02-01,20.0,7.666666666666667,1.0
2502.00464,1,2.0,0.0,79.0,2025-02-01,12.0,8.0,12.0
2502.00240,1,5.0,1.0,0.0,2025-02-01,7.0,6.0,5.0
2502.00245,1,9.0,0.0,0.0,2025-02-01,36.0,7.888888888888889,5.0
2502.00248,1,5.0,0.0,22.0,2024-12-01,12.0,6.666666666666667,5.0
2502.00270,1,8.0,0.0,63.0,2025-02-01,40.0,13.25,40.0
2502.00277,1,11.0,3.0,73.0,2025-02-01,5.0,4.5,4.0
2502.00279,1,0.0,0.0,0.0,2025-02-01,8.0,4.0,8.0
2502.00280,1,6.0,1.0,26.0,2025-02-01,1.0,1.0,1.0
2502.00281,1,3.0,0.0,51.0,2025-02-01,15.0,7.4,3.0
2502.00282,1,0.0,0.0,59.0,2025-02-01,7.0,3.25,4.0
2502.00288,1,0.0,0.0,50.0,2025-02-01,5.0,3.8,5.0
2502.00298,1,0.0,0.0,0.0,2025-02-01,2.0,1.6666666666666667,2.0
2502.00300,1,7.0,1.0,52.0,2025-01-31,7.0,5.0,4.0
2502.00302,1,1.0,0.0,54.0,2025-02-01,16.0,6.833333333333333,3.0
2502.00304,1,3.0,0.0,30.0,2025-02-01,3.0,2.25,3.0
2502.00309,1,1.0,0.0,0.0,2025-02-01,62.0,20.0,62.0
2502.00311,1,4.0,0.0,0.0,2025-02-01,13.0,5.6,3.0
2502.00318,1,7.0,2.0,47.0,2025-02-01,6.0,4.714285714285714,6.0
2502.00319,1,3.0,0.0,23.0,2025-02-01,23.0,7.2,5.0
2502.00320,1,0.0,0.0,54.0,2025-02-01,8.0,4.666666666666667,4.0
2502.00330,1,16.0,2.0,72.0,2025-02-01,47.0,19.333333333333332,47.0
2502.00336,1,13.0,2.0,66.0,2025-02-01,2.0,2.0,2.0
2502.00338,1,33.0,1.0,49.0,2025-02-01,19.0,7.285714285714286,8.0
2503.17365,1,4.0,0.0,16.0,2025-02-01,10.0,5.5,10.0
2502.00345,1,0.0,0.0,0.0,2025-02-01,33.0,11.2,11.0
2502.00346,1,4.0,1.0,32.0,2025-02-01,9.0,3.2,9.0
2502.00354,1,14.0,0.0,63.0,2025-02-01,17.0,5.8,9.0
2502.00355,1,0.0,0.0,0.0,2025-02-01,2.0,2.0,2.0
2502.00358,1,5.0,0.0,51.0,2025-02-01,6.0,4.0,6.0
2502.00359,1,20.0,2.0,0.0,2025-02-01,20.0,9.88888888888889,14.0
2502.00361,1,54.0,12.0,51.0,2025-01-31,5.0,4.0,4.0
2503.00258,1,7.0,2.0,66.0,2025-03-01,12.0,5.2,3.0
2503.05793,1,23.0,1.0,80.0,2025-03-01,21.0,4.909090909090909,4.0
2503.00269,1,8.0,1.0,37.0,2025-03-01,14.0,4.3,7.0
2503.00278,1,0.0,0.0,39.0,2025-03-01,9.0,4.142857142857143,6.0
2503.00295,1,20.0,2.0,43.0,2025-03-01,22.0,7.4,22.0
2503.00306,1,19.0,1.0,63.0,2025-03-01,12.0,6.090909090909091,4.0
2503.04792,1,1.0,0.0,1.0,2025-03-01,10.0,2.4285714285714284,1.0
2503.00330,1,1.0,0.0,44.0,2025-03-01,35.0,13.285714285714286,6.0
2503.00333,1,9.0,0.0,124.0,2025-03-01,5.0,3.0,2.0
2503.00342,1,4.0,0.0,17.0,2024-12-27,7.0,5.75,6.0
2503.00353,1,19.0,1.0,43.0,2025-03-01,8.0,4.5,8.0
2503.00355,1,3.0,0.0,24.0,2025-03-01,3.0,2.5,3.0
2503.00356,1,0.0,0.0,20.0,2025-03-01,4.0,1.4285714285714286,4.0
2503.00367,1,3.0,1.0,4.0,2025-03-01,13.0,6.5,7.0
2504.06269,1,2.0,0.0,29.0,2025-03-01,10.0,5.0,10.0
2503.07627,1,1.0,0.0,2.0,2025-03-01,4.0,3.0,2.0
2503.00401,1,11.0,0.0,33.0,2025-03-01,13.0,10.0,11.0
2503.00417,1,1.0,0.0,56.0,2025-03-01,37.0,6.555555555555555,2.0
2503.01914,1,0.0,0.0,36.0,2025-03-01,31.0,18.5,31.0
2503.00435,1,0.0,0.0,27.0,2025-03-01,31.0,9.2,31.0
2503.00444,1,6.0,0.0,112.0,2025-03-01,13.0,4.666666666666667,4.0
2503.00449,1,3.0,0.0,58.0,2025-03-01,7.0,5.333333333333333,7.0
2503.00464,1,1.0,0.0,53.0,2025-03-01,3.0,1.6,3.0
2503.00489,1,5.0,0.0,39.0,2025-03-01,6.0,4.333333333333333,5.0
2503.00491,1,4.0,1.0,32.0,2025-03-01,9.0,5.6,9.0
2503.00493,1,31.0,4.0,59.0,2025-03-01,14.0,5.538461538461538,6.0
2503.04793,1,5.0,0.0,60.0,2025-03-01,5.0,4.285714285714286,5.0
2503.00539,1,8.0,0.0,46.0,2025-03-01,16.0,11.333333333333334,16.0
2503.00564,1,35.0,1.0,19.0,2025-03-01,9.0,3.5,9.0
2503.00566,1,5.0,0.0,41.0,2025-03-01,15.0,8.428571428571429,7.0
2503.00572,1,1.0,0.0,35.0,2025-03-01,3.0,1.75,3.0
2503.00596,1,19.0,1.0,61.0,2025-03-01,47.0,14.5,47.0
2503.00597,1,0.0,0.0,66.0,2025-03-01,21.0,7.75,21.0
2503.00600,1,3.0,0.0,70.0,2025-03-01,11.0,4.714285714285714,4.0
2503.00612,1,0.0,0.0,7.0,2025-03-01,3.0,3.0,3.0
2503.00624,1,9.0,1.0,56.0,2025-03-01,12.0,5.857142857142857,2.0
2503.00691,1,6.0,0.0,46.0,2025-03-02,16.0,7.0,9.0
2503.00703,1,9.0,0.0,36.0,2025-03-02,14.0,8.5,3.0
2503.00260,1,2.0,0.0,42.0,2025-03-01,14.0,7.5,14.0
2503.00266,1,18.0,2.0,35.0,2025-03-01,27.0,9.4,2.0
2503.00267,1,1.0,0.0,19.0,2025-03-01,35.0,7.166666666666667,35.0
2503.00276,1,1.0,0.0,119.0,2025-03-01,27.0,9.166666666666666,27.0
2503.00301,1,7.0,0.0,53.0,2025-02-28,24.0,7.666666666666667,24.0
2503.00308,1,0.0,0.0,25.0,2025-03-01,7.0,3.6,4.0
2503.00325,1,8.0,2.0,56.0,2025-03-01,13.0,5.5,4.0
2503.00348,1,0.0,0.0,124.0,2025-03-01,11.0,4.4,6.0
2503.00357,1,41.0,8.0,24.0,2025-03-01,8.0,3.0,3.0
2503.00359,1,6.0,0.0,67.0,2025-03-01,7.0,5.333333333333333,5.0
2503.00361,1,28.0,2.0,66.0,2025-03-01,10.0,6.333333333333333,9.0
2503.00364,1,6.0,0.0,35.0,2025-03-01,18.0,8.125,4.0
2503.00366,1,0.0,0.0,23.0,2025-03-01,60.0,12.076923076923077,60.0
2503.00371,1,1.0,0.0,98.0,2025-03-01,9.0,3.0,1.0
2503.00374,1,6.0,0.0,97.0,2025-03-01,19.0,5.428571428571429,3.0
2503.00376,1,1.0,0.0,8.0,2025-03-01,6.0,6.0,6.0
2503.00377,1,5.0,0.0,27.0,2025-03-01,8.0,5.428571428571429,8.0
2503.00382,1,1.0,0.0,78.0,2025-03-01,9.0,2.8333333333333335,1.0
2503.00384,1,1.0,0.0,172.0,2025-03-01,12.0,6.75,3.0
2503.00389,1,0.0,0.0,46.0,2025-03-01,2.0,1.6666666666666667,1.0
2503.00397,1,1.0,0.0,22.0,2025-03-01,4.0,1.8,2.0
2503.00399,1,4.0,0.0,57.0,2025-03-01,22.0,9.0,22.0
2503.00400,1,0.0,0.0,2.0,2025-03-01,1.0,1.0,1.0
2503.00410,1,0.0,0.0,60.0,2025-03-01,3.0,1.8333333333333333,1.0
2503.00413,1,29.0,3.0,49.0,2025-03-01,18.0,9.714285714285714,14.0
2503.00414,1,3.0,1.0,65.0,2025-03-01,9.0,4.0,2.0
2503.00428,1,1.0,0.0,62.0,2025-02-26,18.0,5.75,18.0
2503.00429,1,2.0,0.0,91.0,2025-03-01,4.0,2.5,4.0
2503.00436,1,0.0,0.0,51.0,2025-03-01,31.0,10.0,31.0
2503.00441,1,3.0,0.0,58.0,2025-03-01,15.0,5.428571428571429,4.0
2503.00442,1,0.0,0.0,16.0,2020-07-01,14.0,7.333333333333333,3.0
2503.00450,1,0.0,0.0,100.0,2025-03-01,33.0,10.0,33.0
2503.00452,1,0.0,0.0,19.0,2020-07-01,14.0,6.0,2.0
2503.00453,1,16.0,4.0,19.0,2020-07-01,14.0,7.333333333333333,5.0
2503.00458,1,1.0,0.0,10.0,2025-03-01,2.0,1.3333333333333333,1.0
2503.00466,1,3.0,0.0,33.0,2025-03-01,9.0,3.4,2.0
2503.00467,1,38.0,4.0,39.0,2025-03-01,7.0,3.8,7.0
2503.00470,1,0.0,0.0,58.0,2025-03-01,6.0,2.888888888888889,2.0
2503.00268,1,9.0,1.0,53.0,2025-03-01,19.0,7.25,19.0
2503.00273,1,3.0,0.0,56.0,2025-03-01,6.0,4.333333333333333,6.0
2503.00274,1,2.0,0.0,0.0,2025-03-01,3.0,1.75,1.0
2503.00286,1,1.0,0.0,43.0,2025-03-01,3.0,2.25,3.0
2503.00292,1,0.0,0.0,48.0,2025-03-01,15.0,4.0,1.0
2503.00296,1,3.0,1.0,75.0,2025-03-01,35.0,12.125,6.0
2503.00299,1,3.0,0.0,36.0,2025-03-01,7.0,3.25,4.0
2503.00300,1,3.0,0.0,55.0,2025-03-01,22.0,9.333333333333334,22.0
2503.00317,1,0.0,0.0,43.0,2025-03-01,1.0,0.5,1.0
2503.00323,1,0.0,0.0,77.0,2025-03-01,22.0,7.0,2.0
2503.00331,1,23.0,3.0,90.0,2025-03-01,7.0,3.5714285714285716,7.0
2503.00334,1,2.0,0.0,34.0,2025-03-01,24.0,9.142857142857142,11.0
2503.00345,1,1.0,0.0,62.0,2025-03-01,13.0,8.2,3.0
2503.00349,1,1.0,0.0,55.0,2025-03-01,15.0,7.5,15.0
2503.00358,1,1.0,0.0,38.0,2025-03-01,5.0,3.0,3.0
2504.03651,1,4.0,0.0,62.0,2025-03-01,6.0,3.6,5.0
2503.00378,1,1.0,0.0,12.0,2025-03-01,5.0,5.0,5.0
2503.00379,1,2.0,0.0,28.0,2025-03-01,36.0,25.5,36.0
2503.00383,1,8.0,2.0,71.0,2025-03-01,11.0,5.625,7.0
2503.00387,1,1.0,0.0,80.0,2025-02-28,9.0,5.6,3.0
2503.00392,1,6.0,0.0,45.0,2025-03-01,6.0,5.5,5.0
2503.00393,1,4.0,0.0,43.0,2024-10-01,25.0,13.0,25.0
2503.00407,1,0.0,0.0,51.0,2025-03-01,8.0,3.4444444444444446,2.0
2503.00419,1,5.0,3.0,46.0,2025-03-01,9.0,5.5,8.0
2503.00420,1,14.0,0.0,47.0,2024-02-24,12.0,9.5,7.0
2503.00426,1,0.0,0.0,31.0,2025-03-01,1.0,0.5,1.0
2503.00443,1,1.0,0.0,89.0,2025-03-01,7.0,2.6923076923076925,7.0
2503.00476,1,2.0,0.0,59.0,2025-03-01,14.0,5.857142857142857,5.0
2504.02863,1,1.0,0.0,31.0,2025-04-01,37.0,12.6,37.0
2504.02864,1,0.0,0.0,14.0,2025-04-01,4.0,2.5,4.0
2504.00310,1,6.0,0.0,37.0,2025-02-06,3.0,2.6666666666666665,2.0
2504.00316,1,3.0,1.0,0.0,2025-04-01,7.0,4.0,1.0
2504.00339,1,0.0,0.0,43.0,2025-04-01,1.0,0.3333333333333333,0.0
2504.00343,1,1.0,0.0,40.0,2025-04-01,15.0,5.75,2.0
2504.00374,1,9.0,1.0,12.0,2025-04-01,4.0,2.5,1.0
2504.03735,1,2.0,0.0,64.0,2025-04-01,17.0,6.0,4.0
2504.00409,1,6.0,0.0,50.0,2025-04-01,2.0,2.0,2.0
2504.00414,1,17.0,3.0,99.0,2025-04-01,3.0,2.0,3.0
2504.00472,1,4.0,1.0,22.0,2025-04-01,31.0,16.6,31.0
2504.00473,1,3.0,0.0,34.0,2025-04-01,12.0,6.0,3.0
2504.02865,1,1.0,0.0,54.0,2025-04-01,8.0,4.166666666666667,6.0
2504.00487,1,6.0,0.0,76.0,2025-04-01,8.0,5.571428571428571,2.0
2504.00532,1,2.0,0.0,30.0,2025-04-01,7.0,3.0,2.0
2504.06285,1,0.0,0.0,44.0,2025-04-01,16.0,8.428571428571429,11.0
2504.00573,1,12.0,1.0,70.0,2025-04-01,45.0,16.0,22.0
2504.02867,1,6.0,1.0,48.0,2025-04-01,6.0,3.5,3.0
2504.00584,1,0.0,0.0,51.0,2025-04-01,2.0,2.0,2.0
2504.00587,1,66.0,3.0,33.0,2025-04-01,14.0,6.428571428571429,14.0
2504.00589,1,1.0,1.0,41.0,2025-04-01,2.0,1.75,2.0
2504.00597,1,6.0,0.0,53.0,2025-04-01,13.0,9.333333333333334,9.0
2504.00623,1,8.0,0.0,45.0,2025-04-01,16.0,10.0,3.0
2504.00657,1,1.0,0.0,53.0,2025-04-01,14.0,10.0,14.0
2504.00661,1,7.0,0.0,50.0,2025-04-01,5.0,3.5714285714285716,4.0
2504.00664,1,11.0,0.0,39.0,2025-04-01,9.0,5.333333333333333,9.0
2504.03739,1,1.0,0.0,0.0,2025-04-01,1.0,1.0,1.0
2504.00676,1,7.0,0.0,51.0,2025-04-01,7.0,5.666666666666667,6.0
2504.00695,1,2.0,0.0,42.0,2025-04-01,12.0,5.375,5.0
2504.00725,1,0.0,0.0,19.0,2025-04-01,1.0,0.25,1.0
2504.02870,1,33.0,1.0,46.0,2025-04-01,18.0,5.285714285714286,6.0
2504.00748,1,0.0,0.0,40.0,2025-04-01,10.0,3.8333333333333335,1.0
2504.00752,1,9.0,0.0,44.0,2025-04-01,17.0,5.7,1.0
2504.00756,1,0.0,0.0,23.0,2025-04-01,12.0,6.6,5.0
2504.00767,1,1.0,0.0,38.0,2025-04-01,7.0,4.333333333333333,2.0
2504.00302,1,0.0,0.0,39.0,2025-04-01,71.0,18.714285714285715,71.0
2504.01996,1,0.0,0.0,35.0,2025-04-01,13.0,6.0,1.0
2504.00348,1,4.0,0.0,29.0,2025-04-01,3.0,3.0,3.0
2504.00356,1,14.0,2.0,45.0,2025-04-01,3.0,2.5,3.0
2504.00370,1,0.0,0.0,34.0,2025-03-23,1.0,1.0,1.0
2504.00375,1,2.0,0.0,63.0,2025-04-01,9.0,6.333333333333333,8.0
2504.00379,1,19.0,1.0,0.0,2025-04-01,8.0,4.428571428571429,3.0
2504.00380,1,5.0,0.0,54.0,2025-04-01,19.0,6.0,19.0
2504.00382,1,1.0,0.0,46.0,2025-04-01,1.0,1.0,1.0
2504.00385,1,1.0,0.0,56.0,2025-04-01,11.0,7.166666666666667,7.0
2504.00387,1,11.0,0.0,59.0,2025-04-01,16.0,7.285714285714286,2.0
2504.00394,1,0.0,0.0,42.0,2025-04-01,9.0,5.5,5.0
2504.00400,1,0.0,0.0,31.0,2025-04-01,3.0,2.5,2.0
2504.00401,1,0.0,0.0,35.0,2025-04-01,20.0,9.142857142857142,19.0
2504.00410,1,1.0,0.0,44.0,2025-02-26,3.0,2.0,1.0
2504.01047,1,2.0,0.0,64.0,2024-06-18,1.0,1.0,1.0
2504.00420,1,15.0,0.0,67.0,2025-04-01,21.0,11.0,10.0
2504.00421,1,4.0,0.0,19.0,2025-04-01,3.0,1.8,2.0
2504.00429,1,1.0,0.0,32.0,2025-04-01,5.0,2.2,1.0
2504.00430,1,14.0,1.0,101.0,2025-04-01,14.0,5.9,6.0
2504.00431,1,1.0,0.0,18.0,2025-04-01,2.0,1.4285714285714286,1.0
2504.00432,1,1.0,1.0,32.0,2025-04-01,18.0,8.666666666666666,7.0
2504.00437,1,0.0,0.0,41.0,2025-04-01,13.0,4.8,2.0
2504.00438,1,0.0,0.0,61.0,2025-04-01,11.0,6.5,7.0
2504.01048,1,1.0,0.0,25.0,2025-04-01,21.0,9.8,1.0
2504.00454,1,10.0,0.0,89.0,2025-04-01,19.0,5.4,8.0
2504.00457,1,4.0,0.0,52.0,2025-04-01,9.0,4.6,4.0
2504.00458,1,11.0,0.0,41.0,2025-04-01,19.0,6.0,8.0
2504.00463,1,1.0,0.0,62.0,2025-04-01,20.0,6.5,20.0
2504.00470,0,,,,,,,
2504.03736,1,7.0,0.0,28.0,2025-04-01,4.0,4.0,4.0
2504.00476,1,2.0,0.0,24.0,2025-04-01,16.0,13.0,13.0
2504.00478,1,0.0,0.0,33.0,2025-04-01,10.0,3.6,2.0
2504.00481,1,0.0,0.0,17.0,2025-03-18,6.0,3.8,5.0
2504.01049,1,1.0,0.0,27.0,2025-04-01,2.0,2.0,2.0
2504.00490,1,1.0,0.0,36.0,2025-04-01,4.0,2.0,1.0
2504.00496,1,37.0,8.0,48.0,2025-04-01,7.0,4.333333333333333,7.0
2504.01995,1,23.0,2.0,56.0,2025-04-01,14.0,3.6666666666666665,14.0
2504.00306,1,6.0,1.0,61.0,2024-12-02,4.0,2.6,4.0
2504.00307,1,2.0,0.0,49.0,2025-04-01,14.0,6.4,6.0
2504.00308,1,3.0,0.0,31.0,2025-04-01,17.0,6.0,17.0
2504.03733,1,26.0,0.0,215.0,2024-11-04,13.0,4.666666666666667,4.0
2504.00328,1,0.0,0.0,86.0,2025-04-01,5.0,3.25,4.0
2504.00336,1,3.0,0.0,45.0,2025-04-01,4.0,3.3333333333333335,3.0
2504.00338,1,0.0,0.0,15.0,2025-04-01,8.0,4.0,8.0
2504.00342,1,8.0,0.0,44.0,2025-04-01,6.0,6.0,6.0
2504.03734,1,0.0,0.0,41.0,2025-04-01,3.0,1.5,3.0
2504.00347,1,2.0,0.0,25.0,2025-04-01,5.0,4.2,5.0
2504.00349,1,0.0,0.0,41.0,2025-04-01,5.0,2.25,5.0
2504.01046,1,2.0,1.0,29.0,2025-04-01,25.0,7.75,2.0
2504.00366,1,3.0,0.0,31.0,2025-04-01,10.0,3.8333333333333335,3.0
2504.00388,1,1.0,0.0,11.0,2025-04-01,6.0,6.0,6.0
2504.00393,1,4.0,0.0,37.0,2025-04-01,47.0,14.833333333333334,13.0
2504.00395,1,0.0,0.0,61.0,2025-04-01,5.0,3.0,1.0
2504.00411,1,0.0,0.0,32.0,2025-04-01,9.0,5.0,9.0
2504.00434,1,4.0,1.0,62.0,2025-04-01,4.0,3.2,4.0
2504.00460,1,2.0,0.0,30.0,2025-04-01,12.0,11.0,10.0
2504.00461,1,5.0,0.0,35.0,2025-04-01,8.0,4.0,2.0
2504.00467,1,2.0,0.0,29.0,2025-04-01,22.0,7.5,3.0
2504.00480,1,1.0,0.0,37.0,2025-04-01,6.0,2.8,2.0
2504.00485,1,1.0,0.0,44.0,2025-04-01,9.0,6.0,3.0
2504.00492,1,6.0,0.0,47.0,2025-04-01,17.0,11.5,17.0
2504.00494,1,4.0,0.0,10.0,2025-04-01,7.0,5.0,7.0
2504.00510,1,3.0,0.0,44.0,2025-04-01,6.0,3.25,6.0
2504.00515,1,0.0,0.0,0.0,2025-04-01,2.0,2.0,2.0
2504.00520,1,2.0,0.0,53.0,2025-04-01,6.0,3.3333333333333335,6.0
2504.00522,1,0.0,0.0,51.0,2025-04-01,9.0,8.0,8.0
2504.00540,1,0.0,0.0,61.0,2025-04-01,19.0,8.875,4.0
2505.00261,1,1.0,0.0,23.0,2025-05-01,2.0,2.0,2.0
2505.00263,1,9.0,0.0,71.0,2025-05-01,7.0,3.75,5.0
2505.00268,1,18.0,1.0,59.0,2025-05-01,10.0,5.25,3.0
2505.00315,1,10.0,0.0,70.0,2025-05-01,10.0,8.0,10.0
2505.00337,1,30.0,0.0,58.0,2025-05-01,22.0,8.5,3.0
2505.00339,1,6.0,0.0,16.0,2025-05-01,9.0,5.833333333333333,8.0
2505.00367,1,5.0,0.0,18.0,2025-05-01,3.0,3.0,3.0
2505.00389,1,3.0,0.0,45.0,2025-05-01,4.0,3.3333333333333335,4.0
2505.00753,1,23.0,0.0,128.0,2025-05-01,17.0,8.823529411764707,11.0
2505.00422,1,1.0,0.0,0.0,2025-05-01,7.0,6.333333333333333,5.0
2505.00467,1,5.0,0.0,24.0,2025-05-01,22.0,4.225806451612903,4.0
2505.01459,1,3.0,0.0,10.0,2025-05-01,19.0,7.0,19.0
2505.00479,1,1.0,1.0,39.0,2025-05-01,27.0,12.25,1.0
2505.00506,1,4.0,1.0,26.0,2025-05-01,3.0,2.0,3.0
2505.00557,1,2.0,0.0,12.0,2025-05-01,2.0,2.0,2.0
2505.00570,1,4.0,0.0,37.0,2025-05-01,8.0,4.0,8.0
2505.14845,1,3.0,0.0,0.0,2025-05-01,9.0,5.0,9.0
2505.00582,1,3.0,0.0,43.0,2025-05-01,12.0,5.0,3.0
2505.00624,1,3.0,0.0,58.0,2025-05-01,6.0,2.5,1.0
2505.00626,1,7.0,1.0,20.0,2025-05-01,12.0,6.5,3.0
2505.00649,1,4.0,0.0,79.0,2025-05-01,18.0,8.5,5.0
2505.00654,1,0.0,0.0,5.0,2025-05-01,3.0,3.0,3.0
2505.00661,1,47.0,2.0,65.0,2025-05-01,79.0,15.1,3.0
2505.00675,1,20.0,2.0,0.0,2025-05-01,87.0,16.75,3.0
2505.00679,1,4.0,0.0,56.0,2025-05-01,36.0,19.5,36.0
2505.00759,1,2.0,1.0,58.0,2025-05-01,27.0,12.428571428571429,16.0
2505.00776,1,0.0,0.0,47.0,2024-12-09,18.0,6.5,3.0
2505.00808,1,8.0,0.0,143.0,2025-05-01,5.0,3.5,2.0
2505.00814,1,4.0,0.0,52.0,2025-05-01,10.0,7.0,4.0
2505.00831,1,0.0,0.0,55.0,2025-05-01,8.0,3.375,2.0
2505.00903,1,0.0,0.0,14.0,2025-05-01,16.0,12.666666666666666,15.0
2505.00926,1,9.0,0.0,57.0,2025-05-02,8.0,4.0,2.0
2505.00931,1,2.0,0.0,47.0,2025-05-02,1.0,1.0,1.0
2505.00228,1,23.0,3.0,9.0,2025-05-01,39.0,12.0,39.0
2505.00254,1,7.0,1.0,59.0,2025-05-01,20.0,5.75,6.0
2505.01457,1,5.0,0.0,2.0,2025-05-01,9.0,5.25,4.0
2505.00259,1,0.0,0.0,43.0,2025-05-01,5.0,2.8333333333333335,2.0
2505.00751,1,2.0,0.0,67.0,2025-04-30,25.0,8.0,4.0
2505.00275,1,0.0,0.0,28.0,2025-05-01,16.0,7.142857142857143,3.0
2505.00295,1,1.0,0.0,19.0,2025-05-01,8.0,4.5,1.0
2505.00308,1,0.0,0.0,30.0,2025-05-01,10.0,3.3636363636363638,1.0
2505.00312,1,3.0,0.0,37.0,2025-04-01,9.0,2.8333333333333335,1.0
2505.00752,1,7.0,1.0,45.0,2025-05-01,10.0,7.666666666666667,10.0
2505.00334,1,2.0,0.0,52.0,2025-05-01,39.0,19.5,26.0
2505.00335,1,3.0,0.0,48.0,2025-05-01,3.0,3.0,3.0
2505.00369,1,0.0,0.0,33.0,2025-05-01,23.0,6.413793103448276,1.0
2505.00374,1,8.0,1.0,34.0,2025-05-01,12.0,6.666666666666667,2.0
2505.00378,1,1.0,0.0,62.0,2025-05-01,35.0,8.4,35.0
2505.00380,1,0.0,0.0,37.0,2025-05-01,13.0,10.5,13.0
2505.09630,1,4.0,0.0,49.0,2025-05-01,42.0,11.333333333333334,8.0
2505.00394,1,3.0,0.0,39.0,2025-05-01,12.0,4.833333333333333,5.0
2505.00755,1,0.0,0.0,29.0,2025-05-01,5.0,2.3333333333333335,0.0
2505.00421,1,0.0,0.0,40.0,2025-05-01,2.0,0.8333333333333334,0.0
2505.00426,1,0.0,0.0,41.0,2025-05-01,9.0,4.333333333333333,2.0
2505.00452,1,0.0,0.0,37.0,2025-05-01,3.0,2.3333333333333335,3.0
2505.00462,1,0.0,0.0,13.0,2025-05-01,12.0,4.0,12.0
2505.00757,1,0.0,0.0,2.0,2025-05-01,10.0,4.0,5.0
2505.00482,1,5.0,1.0,74.0,2025-05-01,10.0,4.4,3.0
2505.00502,1,6.0,0.0,34.0,2025-05-01,5.0,4.0,5.0
2505.00507,1,0.0,0.0,44.0,2025-05-01,5.0,4.0,5.0
2505.00511,1,1.0,0.0,24.0,2025-05-01,5.0,3.0,5.0
2505.00512,1,2.0,0.0,33.0,2025-05-01,13.0,5.0,2.0
2505.00525,1,20.0,0.0,340.0,2025-05-01,23.0,12.333333333333334,10.0
2505.00564,1,4.0,0.0,35.0,2025-05-01,24.0,10.625,5.0
2505.00568,1,2.0,0.0,33.0,2025-05-01,3.0,3.0,3.0
2505.00584,1,1.0,0.0,18.0,2025-05-01,1.0,1.0,1.0
2505.00592,1,2.0,0.0,22.0,2025-05-01,5.0,3.5714285714285716,2.0
2505.00599,1,0.0,0.0,41.0,2025-05-01,4.0,2.0,2.0
2505.00606,1,0.0,0.0,13.0,2025-05-01,4.0,2.5,1.0
2505.00225,1,0.0,0.0,14.0,2025-05-01,4.0,2.0,0.0
2505.00229,1,5.0,0.0,26.0,2025-05-01,10.0,5.666666666666667,4.0
2505.00232,1,11.0,1.0,46.0,2025-05-01,8.0,4.625,5.0
2505.00233,1,0.0,0.0,30.0,2025-05-01,11.0,4.333333333333333,11.0
2505.00236,1,2.0,0.0,60.0,2025-05-01,2.0,2.0,2.0
2505.00237,1,6.0,0.0,35.0,2025-05-01,10.0,4.5,3.0
2505.00240,1,22.0,1.0,27.0,2025-05-01,9.0,7.333333333333333,7.0
2505.00242,1,5.0,0.0,63.0,2025-05-01,16.0,7.4,7.0
2505.00257,1,0.0,0.0,37.0,2025-05-01,4.0,2.25,4.0
2505.00265,1,2.0,0.0,28.0,2025-05-01,15.0,7.0,3.0
2505.00279,1,0.0,0.0,21.0,2025-05-01,12.0,4.2,12.0
2505.00282,1,6.0,1.0,0.0,2025-05-01,8.0,7.0,8.0
2505.00290,1,2.0,0.0,38.0,2025-05-01,3.0,2.3333333333333335,2.0
2505.00291,1,1.0,0.0,38.0,2025-05-01,4.0,3.5,3.0
2505.00299,1,8.0,0.0,32.0,2025-05-01,5.0,4.0,5.0
2505.03789,1,0.0,0.0,29.0,2025-05-01,8.0,6.0,4.0
2505.00302,1,0.0,0.0,30.0,2025-05-01,8.0,2.5,1.0
2505.00304,1,3.0,0.0,81.0,2025-05-01,7.0,3.2857142857142856,4.0
2505.00307,1,3.0,1.0,32.0,2025-04-30,40.0,22.0,40.0
2505.00310,1,0.0,0.0,71.0,2025-05-01,10.0,7.666666666666667,10.0
2505.00316,1,4.0,0.0,39.0,2025-05-01,42.0,10.0,8.0
2505.00318,1,6.0,0.0,39.0,2025-05-01,12.0,6.666666666666667,12.0
2505.00321,1,8.0,0.0,17.0,2025-05-01,9.0,6.8,9.0
2505.00325,1,6.0,0.0,47.0,2022-08-14,8.0,4.6,8.0
2505.00326,1,0.0,0.0,0.0,2025-05-01,5.0,3.0,1.0
2505.00333,1,3.0,0.0,27.0,2025-05-01,3.0,3.0,3.0
2505.00347,1,2.0,0.0,73.0,2025-05-01,9.0,3.2222222222222223,2.0
2505.00348,1,0.0,0.0,26.0,2025-05-01,7.0,3.2,3.0
2505.00350,1,0.0,0.0,14.0,2025-05-01,3.0,2.0,3.0
2505.00359,1,2.0,1.0,43.0,2025-05-01,3.0,2.0,2.0
2505.00364,1,5.0,0.0,66.0,2025-05-01,14.0,7.666666666666667,14.0
2505.00365,1,12.0,0.0,69.0,2025-05-01,5.0,3.3333333333333335,1.0
2505.00375,1,6.0,0.0,48.0,2024-10-29,20.0,11.0,20.0
2505.00382,1,0.0,0.0,27.0,2025-05-01,3.0,1.5,0.0
2506.06339,1,2.0,1.0,19.0,2025-06-01,2.0,1.25,1.0
2506.00759,1,10.0,0.0,0.0,2025-06-01,17.0,6.875,8.0
2506.15714,1,0.0,0.0,23.0,2025-06-01,8.0,8.0,8.0
2506.13971,1,0.0,0.0,27.0,2025-06-01,6.0,2.25,1.0
2506.00772,1,12.0,2.0,52.0,2025-06-01,11.0,4.875,8.0
2506.00773,1,9.0,1.0,41.0,2025-06-01,3.0,2.0,3.0
2506.00777,1,19.0,3.0,44.0,2025-06-01,19.0,8.166666666666666,7.0
2506.00783,1,6.0,0.0,46.0,2025-06-01,19.0,12.75,13.0
2506.00784,1,2.0,0.0,64.0,2025-06-01,18.0,11.0,10.0
2506.00805,1,3.0,0.0,62.0,2025-06-01,13.0,6.375,13.0
2506.00806,1,3.0,0.0,42.0,2025-06-01,13.0,6.8,13.0
2506.00814,1,1.0,0.0,90.0,2025-06-01,14.0,8.666666666666666,14.0
2506.00815,1,3.0,0.0,46.0,2025-06-01,4.0,2.3,3.0
2506.00817,1,0.0,0.0,32.0,2025-06-01,31.0,8.545454545454545,4.0
2506.00823,1,10.0,1.0,41.0,2025-06-01,10.0,6.285714285714286,10.0
2506.00826,1,0.0,0.0,47.0,2025-06-01,9.0,5.5,2.0
2506.00829,1,6.0,0.0,57.0,2025-06-01,17.0,7.0,10.0
2506.11068,1,1.0,0.0,56.0,2025-06-01,2.0,1.6666666666666667,2.0
2506.00842,1,9.0,0.0,45.0,2025-06-01,9.0,3.6,5.0
2506.00845,1,1.0,0.0,88.0,2025-06-01,17.0,9.333333333333334,14.0
2506.00854,1,3.0,0.0,20.0,2025-05-31,3.0,2.1666666666666665,3.0
2506.00859,1,0.0,0.0,52.0,2025-06-01,11.0,5.571428571428571,2.0
2506.00863,1,1.0,0.0,25.0,2025-06-01,5.0,3.5,5.0
2506.00869,1,0.0,0.0,40.0,2025-06-01,3.0,2.25,3.0
2506.00871,1,2.0,0.0,82.0,2025-06-01,11.0,8.333333333333334,11.0
2506.00875,1,4.0,0.0,47.0,2025-06-01,31.0,7.857142857142857,4.0
2506.00876,1,6.0,0.0,25.0,2025-06-01,62.0,17.6,4.0
2506.04252,1,0.0,0.0,34.0,2025-06-01,6.0,2.2,0.0
2506.00883,1,3.0,0.0,35.0,2025-06-01,34.0,15.875,31.0
2506.00893,1,6.0,0.0,61.0,2025-06-01,34.0,12.555555555555555,31.0
2506.00894,1,14.0,1.0,33.0,2025-06-01,17.0,7.111111111111111,10.0
2506.00900,1,11.0,0.0,0.0,2025-06-01,18.0,5.8125,4.0
2506.00912,1,1.0,0.0,47.0,2025-06-01,7.0,2.857142857142857,2.0
2506.00914,1,1.0,0.0,48.0,2025-06-01,3.0,2.5,3.0
2506.00920,1,0.0,0.0,32.0,2025-06-01,1.0,1.0,1.0
2506.06343,1,0.0,0.0,29.0,2025-06-01,4.0,3.0,2.0
2506.00928,1,1.0,0.0,59.0,2025-06-01,1.0,1.0,1.0
2506.00930,1,2.0,0.0,61.0,2025-06-01,6.0,3.4166666666666665,6.0
2506.00942,1,4.0,1.0,48.0,2025-06-01,6.0,3.8333333333333335,4.0
2506.00774,1,2.0,0.0,37.0,2025-06-01,5.0,2.3333333333333335,5.0
2506.00785,1,21.0,1.0,33.0,2025-06-01,7.0,5.75,6.0
2506.00786,1,0.0,0.0,13.0,2025-06-01,0.0,0.0,0.0
2506.00813,1,8.0,1.0,35.0,2025-06-01,7.0,5.0,5.0
2506.00816,1,5.0,1.0,29.0,2025-06-01,10.0,6.0,10.0
2506.00820,1,0.0,0.0,66.0,2025-06-01,14.0,7.875,13.0
2506.00827,1,1.0,0.0,25.0,2025-06-01,4.0,2.0,1.0
2506.00835,1,3.0,0.0,98.0,2025-06-01,7.0,3.3333333333333335,2.0
2506.00836,1,0.0,0.0,24.0,2025-06-01,8.0,4.285714285714286,1.0
2506.00839,1,2.0,0.0,52.0,2025-06-01,28.0,10.666666666666666,28.0
2506.00868,1,6.0,0.0,58.0,2025-06-01,16.0,6.2,16.0
2506.00874,1,20.0,1.0,49.0,2025-06-01,7.0,3.8333333333333335,4.0
2506.00891,1,4.0,0.0,27.0,2025-06-01,14.0,5.142857142857143,2.0
2506.00903,1,11.0,1.0,54.0,2025-02-26,2.0,1.5,2.0
2506.00904,1,1.0,0.0,32.0,2025-06-01,27.0,8.5,27.0
2506.00908,1,1.0,0.0,42.0,2025-06-01,9.0,6.0,6.0
2506.03195,1,4.0,0.0,36.0,2025-06-01,6.0,4.6,6.0
2506.00915,1,5.0,1.0,253.0,2025-06-01,6.0,3.142857142857143,2.0
2506.00925,1,7.0,0.0,49.0,2025-06-01,29.0,12.714285714285714,5.0
2506.00947,1,5.0,0.0,81.0,2025-06-01,8.0,4.0,2.0
2506.00953,1,0.0,0.0,19.0,2025-06-01,8.0,2.6666666666666665,2.0
2506.00956,1,2.0,0.0,70.0,2025-06-01,3.0,2.0,2.0
2506.00958,1,5.0,0.0,50.0,2025-06-01,8.0,3.625,4.0
2506.00974,1,4.0,0.0,0.0,2025-06-01,12.0,3.8,12.0
2506.00978,1,0.0,0.0,25.0,2025-06-01,11.0,4.0,11.0
2506.00988,1,1.0,0.0,53.0,2025-06-01,12.0,3.3333333333333335,12.0
2506.00991,1,3.0,0.0,47.0,2025-06-01,51.0,18.0,31.0
2506.00992,1,1.0,0.0,42.0,2024-11-13,9.0,3.25,9.0
2506.00993,1,18.0,3.0,38.0,2025-06-01,49.0,13.0,49.0
2506.00997,1,3.0,0.0,66.0,2025-06-01,15.0,9.4,15.0
2506.01000,1,2.0,0.0,47.0,2025-06-01,6.0,4.2,6.0
2506.01015,1,3.0,0.0,90.0,2025-06-01,16.0,9.0,6.0
2506.01025,1,0.0,0.0,14.0,2025-06-01,23.0,7.75,3.0
2506.00764,1,1.0,0.0,43.0,2025-06-01,40.0,22.0,40.0
2506.04250,1,9.0,0.0,49.0,2025-06-01,15.0,9.75,11.0
2506.00770,1,1.0,0.0,35.0,2025-06-01,10.0,4.333333333333333,10.0
2506.00771,1,2.0,1.0,52.0,2025-06-01,13.0,7.0,13.0
2506.15715,1,0.0,0.0,82.0,2025-06-01,48.0,11.428571428571429,2.0
2506.00795,1,0.0,0.0,0.0,2025-06-01,8.0,3.2222222222222223,1.0
2506.00797,1,1.0,0.0,51.0,2025-06-01,14.0,5.333333333333333,14.0
2506.00798,1,4.0,0.0,34.0,2025-06-01,2.0,1.5,1.0
2506.00799,1,4.0,0.0,32.0,2025-06-01,5.0,2.6666666666666665,2.0
2506.00800,1,2.0,0.0,32.0,2025-06-01,21.0,13.0,10.0
2506.00808,1,4.0,2.0,118.0,2025-06-01,9.0,5.8,9.0
2506.00818,1,0.0,0.0,39.0,2025-06-01,4.0,2.6,4.0
2506.00828,1,2.0,0.0,37.0,2025-06-01,19.0,5.375,2.0
2506.00844,1,8.0,1.0,71.0,2025-06-01,23.0,11.5,11.0
2506.00846,1,4.0,1.0,47.0,2025-06-01,13.0,6.0,4.0
2506.00848,1,6.0,1.0,37.0,2025-06-01,9.0,7.5,6.0
2506.00849,1,2.0,0.0,94.0,2025-06-01,3.0,2.0,3.0
2506.02050,1,0.0,0.0,27.0,2025-06-01,3.0,2.6666666666666665,3.0
2506.04251,1,1.0,0.0,52.0,2025-06-01,5.0,2.6666666666666665,1.0
2506.00862,1,8.0,0.0,38.0,2025-06-01,6.0,4.6,5.0
2506.00865,1,2.0,0.0,36.0,2025-06-01,56.0,21.333333333333332,56.0
2506.00866,1,6.0,1.0,53.0,2025-06-01,4.0,3.25,2.0
2506.00867,1,10.0,2.0,79.0,2025-06-01,7.0,5.0,3.0
2506.14796,1,6.0,0.0,79.0,2025-06-01,29.0,11.555555555555555,18.0
2506.00880,1,1.0,0.0,86.0,2025-06-01,19.0,7.0,3.0
2506.02051,1,5.0,0.0,39.0,2025-06-01,11.0,5.0,11.0
2506.00895,1,12.0,0.0,70.0,2025-06-01,7.0,5.0,3.0
2507.00330,1,0.0,0.0,42.0,2025-06-30,5.0,3.6666666666666665,1.0
2507.00355,1,15.0,0.0,36.0,2025-06-30,6.0,4.0,4.0
2507.00380,1,1.0,0.0,45.0,2025-06-30,3.0,2.5,3.0
2507.00389,1,1.0,0.0,53.0,2025-06-30,4.0,2.0,3.0
2507.00417,1,8.0,0.0,88.0,2025-06-30,30.0,8.833333333333334,2.0
2507.00425,1,6.0,0.0,81.0,2025-06-30,52.0,20.11111111111111,52.0
2507.00439,1,0.0,0.0,82.0,2025-07-01,6.0,3.0,3.0
2507.00449,1,3.0,0.0,46.0,2025-07-01,19.0,9.0,7.0
2507.00460,1,7.0,0.0,36.0,2025-07-01,6.0,3.8333333333333335,4.0
2507.00466,1,1.0,0.0,28.0,2025-06-30,2.0,2.0,2.0
2507.02982,1,0.0,0.0,0.0,2025-06-30,3.0,1.2,1.0
2507.02983,1,2.0,0.0,24.0,2025-07-01,13.0,4.0,6.0
2507.00487,1,2.0,0.0,56.0,2025-07-01,20.0,13.875,18.0
2507.00509,1,1.0,0.0,39.0,2025-07-01,6.0,2.75,1.0
2507.00534,1,4.0,0.0,48.0,2025-07-01,42.0,19.333333333333332,42.0
2507.00540,1,10.0,0.0,26.0,2025-06-27,6.0,4.5,3.0
2507.00547,1,0.0,0.0,0.0,2025-07-01,3.0,3.0,3.0
2507.02984,1,2.0,1.0,66.0,2025-07-01,6.0,5.2,6.0
2507.00579,1,1.0,0.0,30.0,2025-07-01,11.0,4.25,11.0
2507.02985,1,3.0,0.0,16.0,2025-07-01,1.0,1.0,1.0
2507.00601,1,14.0,0.0,25.0,2025-06-27,5.0,3.0,2.0
2507.02986,1,1.0,0.0,22.0,2025-07-01,8.0,5.0,7.0
2507.00665,1,3.0,0.0,39.0,2025-07-01,12.0,5.0,3.0
2507.02000,1,4.0,0.0,48.0,2025-07-01,15.0,6.333333333333333,3.0
2507.00693,1,1.0,0.0,38.0,2025-07-01,4.0,2.0,1.0
2507.00700,1,0.0,0.0,24.0,2025-07-01,6.0,3.0,3.0
2507.00718,1,1.0,0.0,31.0,2025-07-01,12.0,5.25,2.0
2507.21095,1,1.0,1.0,31.0,2025-07-01,3.0,3.0,3.0
2507.00740,1,0.0,0.0,0.0,2025-07-01,2.0,2.0,2.0
2507.00782,1,0.0,0.0,11.0,2025-07-01,0.0,0.0,0.0
2507.00783,1,4.0,0.0,35.0,2025-07-01,33.0,12.0,1.0
2507.00808,1,1.0,0.0,50.0,2025-07-01,5.0,3.25,3.0
2507.00814,1,5.0,0.0,61.0,2025-07-01,34.0,12.0,34.0
2507.02989,1,3.0,0.0,37.0,2025-07-01,8.0,6.0,8.0
2507.00828,1,1.0,0.0,67.0,2025-07-01,17.0,8.5,6.0
2507.00838,1,4.0,1.0,118.0,2025-04-26,14.0,4.5,14.0
2507.00875,1,4.0,0.0,52.0,2025-07-01,7.0,5.0,7.0
2507.00333,1,0.0,0.0,33.0,2025-06-30,2.0,2.0,2.0
2507.00334,1,0.0,0.0,67.0,2025-06-30,12.0,6.571428571428571,3.0
2507.00356,1,0.0,0.0,83.0,2025-06-30,6.0,2.625,2.0
2507.00363,1,4.0,0.0,57.0,2025-06-30,7.0,4.5,2.0
2507.00365,1,0.0,0.0,72.0,2025-07-01,2.0,2.0,2.0
2507.00368,1,0.0,0.0,33.0,2025-06-30,3.0,1.25,1.0
2507.00371,1,0.0,0.0,0.0,2025-07-01,19.0,2.782608695652174,0.0
2507.00372,1,3.0,0.0,58.0,2025-07-01,11.0,4.166666666666667,11.0
2507.00373,1,8.0,2.0,63.0,2025-06-30,13.0,6.875,3.0
2507.00377,1,3.0,0.0,26.0,2025-06-30,13.0,7.4,13.0
2507.02978,1,1.0,0.0,58.0,2025-06-30,3.0,1.8571428571428572,3.0
2507.00392,1,1.0,1.0,66.0,2025-06-30,6.0,4.25,3.0
2507.00398,1,1.0,0.0,25.0,2025-06-30,11.0,3.3333333333333335,2.0
2507.00401,1,0.0,0.0,74.0,2025-06-30,14.0,6.666666666666667,14.0
2507.00416,1,55.0,2.0,34.0,2025-07-01,4.0,3.6,4.0
2507.02979,1,0.0,0.0,44.0,2025-06-30,5.0,3.0,5.0
2507.00429,1,2.0,0.0,51.0,2025-06-30,5.0,4.333333333333333,5.0
2507.00430,1,0.0,0.0,54.0,2025-06-30,4.0,3.0,2.0
2507.00435,1,12.0,1.0,32.0,2025-07-01,77.0,11.846153846153847,77.0
2507.00447,1,1.0,0.0,73.0,2025-06-30,3.0,1.7142857142857142,2.0
2507.00454,1,2.0,0.0,45.0,2025-06-30,17.0,6.6,4.0
2507.00462,1,0.0,0.0,78.0,2025-07-01,17.0,9.5,17.0
2507.00469,1,11.0,1.0,62.0,2025-06-30,11.0,6.2,11.0
2507.00474,1,0.0,0.0,30.0,2025-06-30,14.0,5.833333333333333,5.0
2507.00490,1,10.0,0.0,90.0,2025-07-01,36.0,18.875,8.0
2507.00491,1,2.0,0.0,44.0,2025-07-01,49.0,12.4,2.0
2507.00493,1,4.0,0.0,71.0,2025-07-01,37.0,13.75,5.0
2507.00498,1,0.0,0.0,37.0,2025-07-01,2.0,1.3333333333333333,2.0
2507.00501,1,1.0,0.0,0.0,2025-07-01,17.0,4.5,3.0
2507.00502,1,1.0,0.0,37.0,2025-07-01,17.0,8.0,17.0
2507.00505,1,2.0,0.0,64.0,2025-07-01,14.0,5.4,2.0
2507.00506,1,1.0,0.0,47.0,2025-07-01,12.0,5.666666666666667,12.0
2507.00511,1,2.0,0.0,29.0,2025-07-01,34.0,8.166666666666666,6.0
2507.00519,1,3.0,0.0,27.0,2025-07-01,13.0,6.166666666666667,5.0
2507.00525,1,1.0,0.0,31.0,2025-07-01,11.0,6.0,11.0
2507.00537,1,1.0,0.0,40.0,2025-07-01,7.0,3.3333333333333335,2.0
2507.00554,1,3.0,0.0,53.0,2025-07-01,3.0,2.6666666666666665,2.0
2507.00353,1,1.0,0.0,39.0,2025-06-30,3.0,3.0,3.0
2507.00358,1,2.0,0.0,51.0,2025-07-01,3.0,3.0,3.0
2507.01068,1,0.0,0.0,8.0,2025-07-01,9.0,9.0,9.0
2507.00390,1,5.0,0.0,47.0,2025-07-01,9.0,4.166666666666667,5.0
2507.00394,1,1.0,0.0,42.0,2025-06-30,11.0,6.8,6.0
2507.00402,1,1.0,0.0,0.0,2025-07-01,3.0,1.6666666666666667,1.0
2507.00411,1,0.0,0.0,48.0,2025-06-30,4.0,2.0,3.0
2507.00423,1,1.0,0.0,58.0,2025-06-30,8.0,3.75,1.0
2507.00440,1,2.0,1.0,53.0,2025-06-30,2.0,1.5,1.0
2507.00445,1,7.0,0.0,71.0,2025-07-01,18.0,8.8,7.0
2507.02980,1,3.0,0.0,32.0,2025-06-30,118.0,21.625,3.0
2507.00451,1,0.0,0.0,57.0,2025-07-01,14.0,9.0,12.0
2507.00453,1,1.0,0.0,9.0,2025-06-30,2.0,2.0,2.0
2507.00467,1,0.0,0.0,17.0,2025-06-30,4.0,0.8,0.0
2507.00480,1,3.0,0.0,90.0,2025-07-01,12.0,5.6,12.0
2507.00482,1,2.0,0.0,6.0,2025-06-30,5.0,2.5,1.0
2507.00485,1,5.0,0.0,32.0,2025-06-30,9.0,4.25,3.0
2507.00514,1,5.0,0.0,33.0,2025-07-01,9.0,4.333333333333333,2.0
2507.00518,1,4.0,0.0,66.0,2025-07-01,6.0,4.166666666666667,2.0
2507.00546,1,9.0,0.0,149.0,2025-07-01,3.0,2.6666666666666665,3.0
2507.00574,1,3.0,0.0,26.0,2025-07-01,8.0,4.0,3.0
2507.01073,1,0.0,0.0,29.0,2025-07-01,2.0,2.0,2.0
2507.00583,1,23.0,3.0,107.0,2025-07-01,7.0,3.3333333333333335,6.0
2507.12473,1,0.0,0.0,102.0,2025-07-01,10.0,6.5,10.0
2507.00589,1,0.0,0.0,16.0,2025-07-01,14.0,10.0,14.0
2507.00600,1,0.0,0.0,38.0,2025-07-01,11.0,4.333333333333333,1.0
2507.00611,1,2.0,1.0,56.0,2025-07-01,2.0,1.6,2.0
2507.00616,1,3.0,1.0,12.0,2025-07-01,5.0,3.6666666666666665,3.0
2507.01998,1,0.0,0.0,53.0,2025-07-01,16.0,7.0,16.0
2507.00629,1,2.0,1.0,56.0,2025-07-01,14.0,5.428571428571429,2.0
2507.00640,1,1.0,0.0,26.0,2025-07-01,25.0,23.5,25.0
2507.00641,1,1.0,0.0,54.0,2025-07-01,32.0,11.666666666666666,1.0
2508.00230,1,9.0,1.0,62.0,2025-08-01,80.0,25.6,32.0
2508.00238,1,5.0,0.0,84.0,2025-08-01,6.0,3.3333333333333335,6.0
2508.08277,1,2.0,0.0,29.0,2025-08-01,7.0,4.0,7.0
2508.00271,1,4.0,0.0,36.0,2025-08-01,4.0,4.0,4.0
2508.00282,0,,,,,,,
2508.00285,1,0.0,0.0,43.0,2025-08-01,15.0,4.833333333333333,5.0
2508.00305,1,2.0,0.0,27.0,2025-08-01,9.0,5.0,5.0
2508.00324,1,3.0,1.0,22.0,2025-08-01,9.0,6.25,9.0
2508.00332,1,1.0,0.0,14.0,2025-08-01,4.0,4.0,4.0
2508.00344,1,8.0,0.0,54.0,2025-08-01,18.0,8.0,5.0
2508.00360,1,1.0,0.0,23.0,2025-08-01,4.0,2.5,1.0
2508.00370,1,1.0,0.0,27.0,2025-08-01,4.0,1.6,1.0
2508.00385,1,1.0,0.0,64.0,2025-08-01,11.0,5.833333333333333,1.0
2508.00390,1,3.0,0.0,22.0,2025-08-01,49.0,8.0,4.0
2508.05664,1,2.0,0.0,10.0,2025-08-01,18.0,5.333333333333333,2.0
2508.00408,1,10.0,0.0,45.0,2025-08-01,8.0,5.166666666666667,3.0
2508.00420,1,2.0,0.0,44.0,2024-05-25,2.0,1.6666666666666667,1.0
2508.00429,1,3.0,0.0,38.0,2025-08-01,14.0,6.0,3.0
2508.00476,1,1.0,0.0,18.0,2025-08-01,5.0,2.1666666666666665,1.0
2508.00489,1,6.0,0.0,30.0,2025-08-01,6.0,4.333333333333333,4.0
2508.00518,1,10.0,0.0,65.0,2025-08-01,7.0,4.6,5.0
2508.00522,1,0.0,0.0,0.0,2025-08-01,5.0,2.6666666666666665,2.0
2508.00957,1,0.0,0.0,13.0,2025-08-01,3.0,0.75,0.0
2508.00534,1,1.0,0.0,81.0,2025-08-01,1.0,1.0,1.0
2508.00537,1,0.0,0.0,57.0,2025-08-01,9.0,6.5,7.0
2508.00544,1,0.0,0.0,18.0,2025-08-01,1.0,0.5,0.0
2508.00554,1,4.0,0.0,25.0,2025-08-01,15.0,5.0,2.0
2508.00555,1,1.0,0.0,52.0,2025-08-01,7.0,3.4285714285714284,7.0
2508.00574,1,10.0,1.0,42.0,2025-08-01,9.0,4.4,9.0
2508.00589,1,0.0,0.0,42.0,2025-08-01,4.0,2.0,4.0
2508.00600,1,0.0,0.0,32.0,2025-08-01,2.0,1.3333333333333333,0.0
2508.00605,1,0.0,0.0,0.0,2025-08-01,1.0,1.0,1.0
2508.08283,1,1.0,0.0,17.0,2025-08-01,25.0,13.0,25.0
2508.00614,1,1.0,0.0,7.0,2025-08-01,27.0,10.75,2.0
2508.00619,1,1.0,0.0,105.0,2025-08-01,2.0,1.5,1.0
2508.00659,1,0.0,0.0,7.0,2025-08-01,67.0,14.6,2.0
2508.00669,1,13.0,0.0,88.0,2025-08-01,9.0,5.363636363636363,8.0
2508.00673,1,4.0,0.0,54.0,2025-08-01,23.0,4.181818181818182,23.0
2508.00235,1,3.0,0.0,36.0,2025-08-01,32.0,11.0,5.0
2508.00248,1,0.0,0.0,35.0,2025-08-01,3.0,2.0,3.0
2508.00250,1,0.0,0.0,46.0,2025-08-01,13.0,4.666666666666667,1.0
2508.00259,1,2.0,0.0,53.0,2025-08-01,28.0,5.5,1.0
2508.00260,1,2.0,0.0,57.0,2025-08-01,6.0,4.0,6.0
2508.03740,1,2.0,0.0,16.0,2025-08-01,7.0,3.0,2.0
2508.00272,1,1.0,0.0,51.0,2025-08-01,1.0,1.0,1.0
2508.00287,1,2.0,0.0,44.0,2025-08-01,13.0,5.6,2.0
2508.00288,1,24.0,4.0,47.0,2025-08-01,8.0,3.25,6.0
2508.00289,1,3.0,0.0,40.0,2025-08-01,16.0,9.714285714285714,16.0
2508.00298,1,8.0,1.0,74.0,2025-08-01,19.0,9.666666666666666,5.0
2508.00299,1,1.0,0.0,45.0,2025-08-01,4.0,2.5,1.0
2508.00308,1,3.0,0.0,40.0,2025-08-01,39.0,13.8,39.0
2508.00311,1,2.0,0.0,40.0,2025-08-01,8.0,6.125,6.0
2508.00312,1,2.0,0.0,24.0,2025-08-01,7.0,3.0,7.0
2508.00319,1,5.0,0.0,44.0,2025-08-01,6.0,3.5,3.0
2508.08280,1,0.0,0.0,45.0,2025-08-01,13.0,7.0,13.0
2508.00330,1,0.0,0.0,35.0,2025-08-01,8.0,4.0,4.0
2508.00350,1,4.0,1.0,69.0,2025-08-01,4.0,2.6,4.0
2508.00354,1,2.0,0.0,52.0,2025-08-01,6.0,4.142857142857143,2.0
2508.00356,1,0.0,0.0,29.0,2025-08-01,7.0,3.142857142857143,2.0
2508.00358,1,3.0,0.0,43.0,2025-08-01,14.0,3.75,4.0
2508.00359,1,6.0,0.0,42.0,2025-08-01,8.0,4.857142857142857,4.0
2508.00361,1,5.0,0.0,10.0,2021-10-09,16.0,10.5,16.0
2508.00366,1,7.0,0.0,64.0,2025-08-01,42.0,11.5,42.0
2508.03742,1,8.0,3.0,49.0,2025-08-01,16.0,5.909090909090909,2.0
2508.00374,1,2.0,0.0,31.0,2025-07-26,9.0,5.0,4.0
2508.00378,1,0.0,0.0,21.0,2025-08-01,2.0,1.5,2.0
2508.00381,1,1.0,0.0,32.0,2025-08-01,4.0,3.0,4.0
2508.00383,1,1.0,0.0,44.0,2025-08-01,4.0,2.2,4.0
2508.00387,1,1.0,0.0,41.0,2025-08-01,3.0,1.875,3.0
2508.00391,1,3.0,0.0,42.0,2025-08-01,7.0,4.0,7.0
2508.00395,1,9.0,1.0,74.0,2025-08-01,72.0,22.5,9.0
2508.00397,1,0.0,0.0,28.0,2025-08-01,6.0,2.25,0.0
2508.00398,1,2.0,1.0,69.0,2025-08-01,12.0,7.2,4.0
2508.00399,1,4.0,0.0,30.0,2025-08-01,24.0,12.666666666666666,13.0
2508.00400,1,3.0,0.0,44.0,2025-08-01,2.0,1.125,1.0
2508.00247,1,2.0,0.0,34.0,2025-08-01,87.0,25.0,2.0
2508.00264,1,5.0,2.0,43.0,2025-08-01,4.0,3.3333333333333335,2.0
2508.00267,1,0.0,0.0,59.0,2025-08-01,26.0,10.333333333333334,26.0
2508.05663,1,2.0,0.0,38.0,2025-08-01,29.0,9.4,29.0
2508.00270,1,1.0,0.0,78.0,2025-08-01,5.0,3.0,4.0
2508.02719,1,1.0,0.0,4.0,2025-08-01,1.0,1.0,1.0
2508.02720,1,1.0,0.0,40.0,2025-08-01,12.0,6.5,8.0
2508.08278,1,2.0,0.0,52.0,2025-08-01,13.0,4.166666666666667,3.0
2508.00286,1,2.0,0.0,52.0,2025-08-01,7.0,7.0,7.0
2508.00954,1,1.0,0.0,40.0,2025-08-01,8.0,2.0,1.0
2508.03741,1,0.0,0.0,49.0,2025-08-01,6.0,2.888888888888889,4.0
2508.00300,1,0.0,0.0,37.0,2025-08-01,18.0,9.0,7.0
2508.08279,1,0.0,0.0,31.0,2025-08-01,13.0,4.0,4.0
2508.00304,1,2.0,0.0,74.0,2025-08-01,23.0,6.2,2.0
2508.00325,1,1.0,0.0,47.0,2025-08-01,8.0,5.75,7.0
2508.08281,1,1.0,0.0,59.0,2025-08-01,26.0,11.5,13.0
2508.00331,1,2.0,0.0,28.0,2025-08-01,8.0,4.25,8.0
2508.02723,1,3.0,0.0,0.0,2025-08-01,8.0,7.5,7.0
2508.00357,1,2.0,0.0,32.0,2025-08-01,6.0,5.0,6.0
2508.00364,1,0.0,0.0,21.0,2025-08-01,13.0,5.4,5.0
2508.00368,1,1.0,0.0,26.0,2025-08-01,5.0,2.6666666666666665,3.0
2508.00955,1,4.0,1.0,79.0,2025-08-01,4.0,3.5,3.0
2508.00392,1,0.0,0.0,0.0,2025-08-01,9.0,5.8,8.0
2508.00394,1,0.0,0.0,47.0,2025-08-01,15.0,7.428571428571429,4.0
2508.00410,1,8.0,2.0,84.0,2025-08-01,16.0,8.666666666666666,7.0
2508.00415,1,0.0,0.0,64.0,2025-08-01,2.0,1.625,2.0
2508.00419,1,1.0,0.0,24.0,2025-08-01,5.0,2.75,4.0
2508.00422,1,0.0,0.0,26.0,2025-08-01,5.0,2.75,4.0
2509.01035,1,12.0,0.0,37.0,2025-09-01,12.0,5.6,2.0
2509.01051,1,0.0,0.0,33.0,2025-09-01,11.0,6.6,10.0
2509.01053,1,2.0,0.0,65.0,2025-09-01,30.0,9.2,5.0
2509.01058,1,2.0,0.0,55.0,2025-09-01,5.0,3.0,5.0
2509.01081,1,20.0,3.0,20.0,2025-09-01,8.0,3.1666666666666665,2.0
2509.04488,1,7.0,1.0,43.0,2025-09-01,16.0,4.333333333333333,2.0
2509.01084,1,0.0,0.0,11.0,2025-09-01,4.0,2.5,4.0
2509.01088,1,1.0,0.0,26.0,2025-09-01,5.0,2.875,5.0
2509.01092,1,5.0,2.0,45.0,2025-09-01,40.0,12.4,7.0
2509.01093,1,1.0,1.0,39.0,2025-09-01,24.0,12.666666666666666,24.0
2509.06982,1,5.0,0.0,36.0,2025-09-01,19.0,9.4,4.0
2509.01142,1,61.0,16.0,60.0,2025-09-01,21.0,10.272727272727273,11.0
2509.01147,1,0.0,0.0,51.0,2025-09-01,6.0,3.6,6.0
2509.01158,1,0.0,0.0,25.0,2025-09-01,3.0,1.75,3.0
2509.01166,1,8.0,0.0,46.0,2025-09-01,14.0,7.166666666666667,5.0
2509.01167,1,1.0,0.0,41.0,2025-09-01,2.0,2.0,2.0
2509.01182,1,2.0,0.0,24.0,2025-09-01,3.0,2.2,3.0
2509.01185,1,0.0,0.0,20.0,2025-09-01,2.0,2.0,2.0
2509.01186,1,7.0,1.0,0.0,2025-09-01,10.0,3.4285714285714284,2.0
2509.01190,1,0.0,0.0,54.0,2025-09-01,1.0,1.0,1.0
2509.01200,1,2.0,0.0,51.0,2025-09-01,16.0,5.4,5.0
2509.01213,1,3.0,0.0,16.0,2025-09-01,2.0,1.5,2.0
2509.01221,1,1.0,0.0,38.0,2025-09-01,6.0,3.0,6.0
2509.01236,1,0.0,0.0,34.0,2025-09-01,2.0,1.0,1.0
2509.01260,1,0.0,0.0,2.0,2025-09-01,0.0,0.0,0.0
2509.01301,1,8.0,1.0,74.0,2025-09-01,8.0,6.0,8.0
2509.01308,1,0.0,0.0,77.0,2025-09-01,43.0,15.0,43.0
2509.01312,1,8.0,0.0,71.0,2025-09-01,9.0,5.875,8.0
2509.01314,1,1.0,0.0,44.0,2025-09-01,5.0,3.3333333333333335,4.0
2509.01321,1,14.0,1.0,36.0,2025-09-01,8.0,4.857142857142857,5.0
2509.01322,1,46.0,1.0,100.0,2025-09-01,16.0,3.5054945054945055,2.0
2509.01324,1,6.0,0.0,46.0,2025-09-01,4.0,2.8,2.0
2509.01328,1,4.0,1.0,47.0,2025-09-01,15.0,5.0,3.0
2509.01337,1,5.0,0.0,51.0,2025-09-01,10.0,5.6,10.0
2509.01379,1,1.0,0.0,47.0,2025-09-01,4.0,2.6666666666666665,3.0
2509.01387,1,0.0,0.0,50.0,2025-09-01,17.0,8.0,17.0
2509.01390,1,1.0,0.0,41.0,2025-09-01,28.0,6.666666666666667,5.0
2509.01033,1,1.0,0.0,50.0,2025-09-01,4.0,3.0,4.0
2509.05333,1,0.0,0.0,35.0,2025-09-01,5.0,3.6666666666666665,4.0
2509.01071,1,0.0,0.0,78.0,2025-09-01,8.0,3.7,4.0
2509.01080,1,0.0,0.0,55.0,2025-09-01,7.0,2.5,1.0
2509.01085,1,11.0,0.0,52.0,2025-09-01,5.0,2.6666666666666665,2.0
2509.01095,1,0.0,0.0,49.0,2025-09-01,3.0,3.0,3.0
2509.01097,1,0.0,0.0,30.0,2025-09-01,10.0,5.0,4.0
2509.01107,1,4.0,1.0,63.0,2025-09-01,19.0,5.428571428571429,3.0
2509.01109,1,4.0,0.0,41.0,2025-09-01,10.0,8.25,5.0
2509.01134,1,0.0,0.0,47.0,2025-09-01,28.0,11.0,28.0
2509.01144,1,5.0,0.0,52.0,2025-09-01,30.0,9.142857142857142,30.0
2509.05334,1,0.0,0.0,12.0,2025-09-01,3.0,3.0,3.0
2509.01157,1,2.0,1.0,80.0,2025-09-01,8.0,4.75,8.0
2509.01177,1,2.0,0.0,32.0,2025-09-01,6.0,3.0,2.0
2509.01181,1,2.0,0.0,42.0,2025-09-01,8.0,3.857142857142857,3.0
2509.01183,1,0.0,0.0,85.0,2025-09-01,7.0,5.142857142857143,6.0
2509.05335,1,0.0,0.0,0.0,2025-09-01,11.0,4.666666666666667,1.0
2509.01202,1,1.0,0.0,26.0,2025-09-01,12.0,5.666666666666667,1.0
2509.01204,1,1.0,0.0,53.0,2025-09-01,28.0,10.0,28.0
2509.01206,1,0.0,0.0,51.0,2025-09-01,7.0,2.8,7.0
2509.01209,1,0.0,0.0,36.0,2025-09-01,3.0,1.75,1.0
2509.01214,1,1.0,0.0,40.0,2025-09-01,3.0,2.2,2.0
2509.01217,1,5.0,1.0,0.0,2025-09-01,49.0,6.7407407407407405,6.0
2509.01232,1,0.0,0.0,60.0,2025-09-01,4.0,3.142857142857143,1.0
2509.01241,1,1.0,0.0,11.0,2025-09-01,2.0,1.5,2.0
2509.01242,1,0.0,0.0,58.0,2025-09-01,6.0,4.0,4.0
2509.01259,1,1.0,0.0,38.0,2025-09-01,5.0,2.5,4.0
2509.01275,1,2.0,0.0,53.0,2025-09-01,17.0,9.166666666666666,14.0
2509.01279,1,0.0,0.0,42.0,2025-09-01,13.0,8.0,10.0
2509.01280,1,0.0,0.0,0.0,2025-09-01,13.0,8.666666666666666,10.0
2509.01299,1,0.0,0.0,77.0,2025-09-01,5.0,3.1666666666666665,4.0
2509.01317,1,1.0,0.0,20.0,2025-06-30,21.0,11.666666666666666,21.0
2509.01326,1,0.0,0.0,43.0,2025-09-01,38.0,11.0,38.0
2509.01038,1,3.0,0.0,38.0,2025-09-01,6.0,5.0,6.0
2509.01042,1,2.0,0.0,24.0,2025-09-01,2.0,2.0,2.0
2509.01073,1,1.0,0.0,11.0,2025-09-01,7.0,3.7142857142857144,7.0
2509.02617,1,1.0,0.0,62.0,2025-09-01,3.0,1.8,2.0
2509.01082,1,3.0,0.0,65.0,2025-09-01,30.0,14.0,30.0
2509.01090,1,0.0,0.0,17.0,2025-09-01,5.0,5.0,5.0
2509.01098,1,1.0,0.0,45.0,2025-09-01,13.0,8.5,12.0
2509.01110,1,0.0,0.0,4.0,2025-09-01,13.0,8.5,4.0
2509.01119,1,6.0,0.0,58.0,2025-09-01,77.0,26.5,74.0
2509.02619,1,0.0,0.0,38.0,2025-09-01,4.0,2.6666666666666665,4.0
2509.01135,1,0.0,0.0,62.0,2025-09-01,2.0,2.0,2.0
2509.01139,1,1.0,0.0,40.0,2025-09-01,4.0,2.6666666666666665,4.0
2509.01161,1,0.0,0.0,110.0,2025-09-01,2.0,1.2,1.0
2509.01164,1,1.0,0.0,99.0,2025-09-01,1.0,1.0,1.0
2509.01168,1,1.0,0.0,34.0,2025-09-01,11.0,3.2,11.0
2509.01170,1,4.0,1.0,47.0,2025-09-01,59.0,23.75,59.0
2509.01187,1,1.0,0.0,50.0,2025-09-01,17.0,6.2,11.0
2509.01198,1,0.0,0.0,13.0,2025-09-01,1.0,0.5,1.0
2509.01229,1,8.0,0.0,30.0,2025-09-01,10.0,4.545454545454546,7.0
2509.01234,1,4.0,0.0,76.0,2025-09-01,7.0,4.8,6.0
2509.01235,1,0.0,0.0,31.0,2025-09-01,4.0,1.5,4.0
2509.01253,1,1.0,0.0,47.0,2025-09-01,26.0,5.2,4.0
2509.01254,1,0.0,0.0,53.0,2025-09-01,13.0,5.0,13.0
2509.01257,1,1.0,0.0,32.0,2025-09-01,5.0,2.3333333333333335,5.0
2509.01267,1,0.0,0.0,41.0,2025-09-01,21.0,5.285714285714286,21.0
2509.01285,1,4.0,0.0,31.0,2025-09-01,38.0,14.333333333333334,38.0
2509.01293,1,4.0,0.0,51.0,2025-09-01,6.0,4.0,6.0
2509.01306,1,0.0,0.0,46.0,2025-09-01,19.0,6.428571428571429,7.0
2509.01319,1,1.0,0.0,71.0,2025-09-01,33.0,14.4,5.0
2509.01323,1,0.0,0.0,47.0,2025-09-01,24.0,7.5,24.0
2509.01329,1,0.0,0.0,18.0,2025-09-01,5.0,5.0,5.0
2509.01344,1,6.0,0.0,31.0,2025-09-01,3.0,1.6666666666666667,1.0
2510.02392,1,0.0,0.0,58.0,2025-10-01,8.0,3.4285714285714284,1.0
2510.03315,1,0.0,0.0,20.0,2025-10-01,20.0,20.0,20.0
2510.00374,1,0.0,0.0,15.0,2025-10-01,2.0,1.5,2.0
2510.05131,1,0.0,0.0,21.0,2025-10-01,7.0,7.0,7.0
2510.00404,1,5.0,1.0,88.0,2025-10-01,5.0,4.333333333333333,5.0
2510.00436,1,0.0,0.0,48.0,2025-10-01,3.0,3.0,3.0
2510.05132,1,2.0,0.0,55.0,2025-10-01,28.0,13.333333333333334,28.0
2510.00444,1,2.0,0.0,50.0,2025-10-01,4.0,3.3333333333333335,3.0
2510.00449,1,0.0,0.0,32.0,2025-10-01,12.0,7.0,12.0
2510.05133,1,0.0,0.0,25.0,2025-10-01,2.0,1.2,0.0
2510.02394,1,0.0,0.0,34.0,2025-10-01,31.0,9.666666666666666,7.0
2510.00482,1,1.0,0.0,24.0,2025-10-01,9.0,4.333333333333333,9.0
2510.05135,1,1.0,0.0,32.0,2025-10-01,4.0,2.5,4.0
2510.00496,1,4.0,0.0,80.0,2025-10-01,13.0,6.875,11.0
2510.00508,1,0.0,0.0,50.0,2025-10-01,11.0,4.666666666666667,8.0
2510.00514,1,2.0,0.0,35.0,2025-10-01,24.0,7.8,24.0
2510.05136,1,8.0,1.0,59.0,2025-10-01,12.0,7.0,12.0
2510.00546,1,0.0,0.0,33.0,2025-10-01,9.0,2.4,9.0
2510.00567,1,1.0,0.0,37.0,2025-10-01,8.0,3.75,8.0
2510.00568,1,6.0,0.0,53.0,2025-10-01,5.0,3.4,2.0
2510.00579,1,3.0,0.0,0.0,2025-10-01,10.0,3.8,2.0
2510.00582,1,0.0,0.0,28.0,2025-10-01,2.0,1.5,1.0
2510.00586,1,1.0,0.0,50.0,2025-10-01,2.0,1.75,1.0
2510.00620,1,1.0,0.0,0.0,2025-10-01,25.0,9.142857142857142,25.0
2510.00626,1,7.0,0.0,34.0,2025-10-01,7.0,5.0,3.0
2510.00628,1,4.0,1.0,42.0,2025-10-01,7.0,4.333333333333333,3.0
2510.00629,1,0.0,0.0,14.0,2025-10-01,1.0,1.0,1.0
2510.06231,1,5.0,0.0,72.0,2025-10-01,10.0,4.9,6.0
2510.00636,1,42.0,7.0,57.0,2025-10-01,10.0,5.333333333333333,2.0
2510.00647,1,0.0,0.0,45.0,2025-10-01,6.0,3.5714285714285716,6.0
2510.00662,1,2.0,0.0,79.0,2025-10-01,6.0,3.1666666666666665,2.0
2510.00671,1,13.0,1.0,67.0,2025-10-01,18.0,7.8,5.0
2510.00376,1,0.0,0.0,19.0,2025-10-01,32.0,13.6,25.0
2510.03316,1,0.0,0.0,15.0,2025-10-01,14.0,5.333333333333333,14.0
2510.00392,1,0.0,0.0,60.0,2025-10-01,12.0,4.25,2.0
2510.03317,1,0.0,0.0,18.0,2025-10-01,21.0,5.3,18.0
2510.00405,1,5.0,0.0,42.0,2025-10-01,9.0,5.166666666666667,9.0
2510.03318,1,5.0,0.0,210.0,2025-10-01,7.0,3.5,3.0
2510.00411,1,12.0,0.0,34.0,2025-10-01,6.0,4.166666666666667,4.0
2510.00413,1,5.0,0.0,35.0,2025-10-01,28.0,12.0,19.0
2510.00416,1,0.0,0.0,13.0,2025-10-01,3.0,2.0,2.0
2510.00430,1,0.0,0.0,66.0,2025-10-01,5.0,3.5,2.0
2510.00434,1,0.0,0.0,48.0,2025-10-01,10.0,4.444444444444445,5.0
2510.00454,1,0.0,0.0,5.0,2025-06-30,11.0,3.8333333333333335,2.0
2510.00458,1,1.0,0.0,45.0,2025-10-01,20.0,10.25,10.0
2510.00467,1,0.0,0.0,42.0,2025-10-01,6.0,3.75,6.0
2510.00475,1,0.0,0.0,36.0,2025-10-01,3.0,2.5,2.0
2510.00483,1,3.0,0.0,61.0,2025-10-01,16.0,9.363636363636363,6.0
2510.00495,1,7.0,1.0,69.0,2025-10-01,7.0,3.5,7.0
2510.00500,1,0.0,0.0,16.0,2025-10-01,2.0,0.7142857142857143,2.0
2510.00505,1,0.0,0.0,28.0,2025-10-01,4.0,2.5,1.0
2510.00506,1,1.0,0.0,30.0,2025-10-01,8.0,3.5,4.0
2510.00520,1,0.0,0.0,36.0,2025-10-01,11.0,5.0,8.0
2510.00527,1,0.0,0.0,73.0,2025-10-01,3.0,2.0,1.0
2510.00547,1,1.0,0.0,89.0,2025-10-01,5.0,2.5714285714285716,3.0
2510.00561,1,0.0,0.0,35.0,2025-10-01,2.0,0.6666666666666666,0.0
2510.00570,1,2.0,0.0,27.0,2025-10-01,26.0,16.0,26.0
2510.00578,1,2.0,0.0,53.0,2025-10-01,13.0,7.833333333333333,5.0
2510.00584,1,3.0,0.0,127.0,2025-10-01,11.0,3.5714285714285716,11.0
2510.00585,1,0.0,0.0,20.0,2025-10-01,7.0,3.0,2.0
2510.00592,1,0.0,0.0,46.0,2025-10-01,10.0,3.2,2.0
2510.00600,1,2.0,0.0,44.0,2025-10-01,5.0,3.25,4.0
2510.00603,1,1.0,0.0,31.0,2025-10-01,3.0,1.8,3.0
2510.00604,1,0.0,0.0,23.0,2025-10-01,5.0,3.6,4.0
2510.00618,1,1.0,0.0,80.0,2025-10-01,2.0,1.3333333333333333,1.0
2510.00624,1,0.0,0.0,59.0,2025-10-01,13.0,6.75,5.0
2510.00633,1,0.0,0.0,12.0,2025-10-01,6.0,3.0,3.0
2510.00359,1,4.0,0.0,55.0,2025-10-01,16.0,5.4,16.0
2510.00365,1,1.0,0.0,28.0,2025-10-01,18.0,7.0,18.0
2510.00367,1,1.0,0.0,54.0,2025-10-01,8.0,3.5,8.0
2510.00368,1,4.0,0.0,52.0,2025-10-01,11.0,3.7777777777777777,1.0
2510.00372,1,0.0,0.0,27.0,2025-10-01,2.0,2.0,2.0
2510.00373,1,1.0,0.0,39.0,2025-10-01,3.0,2.25,2.0
2510.00375,1,0.0,0.0,0.0,2025-10-01,3.0,1.75,3.0
2510.00379,1,5.0,0.0,50.0,2025-10-01,18.0,8.1,10.0
2510.00382,1,0.0,0.0,35.0,2025-10-01,5.0,4.0,5.0
2510.00384,1,2.0,0.0,34.0,2025-10-01,2.0,1.5,1.0
2510.00386,1,4.0,1.0,32.0,2025-10-01,19.0,7.666666666666667,19.0
2510.00387,1,1.0,0.0,5.0,2025-10-01,49.0,10.0,3.0
2510.00394,1,1.0,0.0,40.0,2025-10-01,3.0,2.2,2.0
2510.00395,1,0.0,0.0,38.0,2025-10-01,15.0,3.3846153846153846,5.0
2510.01288,1,1.0,0.0,77.0,2025-10-01,52.0,18.0,52.0
2510.00399,1,2.0,0.0,91.0,2025-10-01,12.0,8.2,8.0
2510.00401,1,0.0,0.0,38.0,2025-10-01,26.0,6.8,26.0
2510.00402,1,1.0,0.0,42.0,2025-09-01,4.0,2.5,4.0
2510.00417,1,0.0,0.0,16.0,2025-10-01,31.0,12.333333333333334,3.0
2510.00418,1,0.0,0.0,19.0,2025-10-01,11.0,3.5714285714285716,11.0
2510.00419,1,1.0,0.0,47.0,2025-10-01,4.0,2.6,3.0
2510.00442,1,0.0,0.0,23.0,2025-10-01,23.0,16.5,10.0
2510.00451,1,0.0,0.0,64.0,2025-10-01,7.0,4.0,1.0
2510.00452,1,2.0,0.0,50.0,2025-10-01,7.0,4.0,1.0
2510.00457,1,0.0,0.0,67.0,2025-10-01,5.0,4.2,5.0
2510.03319,1,1.0,0.0,78.0,2025-10-01,4.0,2.3333333333333335,2.0
2510.00460,1,0.0,0.0,33.0,2025-10-01,27.0,7.5,1.0
2510.00461,1,8.0,1.0,57.0,2025-10-01,18.0,8.571428571428571,9.0
2510.00463,1,1.0,0.0,58.0,2025-10-01,3.0,1.8,2.0
2510.00468,1,2.0,0.0,50.0,2025-10-01,2.0,2.0,2.0
2511.00341,1,0.0,0.0,24.0,2025-11-01,11.0,11.0,11.0
2511.00343,1,4.0,0.0,69.0,2025-11-01,3.0,2.25,2.0
2511.10651,1,1.0,0.0,18.0,2025-09-19,1.0,1.0,1.0
2511.00351,1,2.0,0.0,22.0,2025-11-01,53.0,12.0,53.0
2511.10652,1,0.0,0.0,0.0,2025-11-01,2.0,1.5,2.0
2511.00371,1,0.0,0.0,42.0,2025-11-01,9.0,8.0,7.0
2511.00379,1,1.0,0.0,33.0,2025-10-15,4.0,1.75,1.0
2511.04698,1,0.0,0.0,32.0,2025-11-01,5.0,3.0,5.0
2511.04699,1,0.0,0.0,23.0,2025-10-28,4.0,1.5,1.0
2511.00416,1,1.0,0.0,43.0,2025-11-01,10.0,5.0,10.0
2511.00421,1,3.0,0.0,39.0,2025-11-01,3.0,2.0,3.0
2511.00432,1,10.0,1.0,47.0,2025-11-01,10.0,5.875,10.0
2511.00476,1,0.0,0.0,33.0,2025-11-01,7.0,5.5,7.0
2511.00486,1,0.0,0.0,45.0,2025-11-01,2.0,0.75,1.0
2511.00487,1,0.0,0.0,27.0,2025-11-01,8.0,7.5,7.0
2511.00488,1,2.0,0.0,38.0,2025-11-01,3.0,2.6666666666666665,3.0
2511.00489,1,2.0,0.0,36.0,2025-11-01,8.0,4.25,5.0
2511.00505,1,1.0,0.0,33.0,2025-11-01,18.0,6.8,4.0
2511.00514,1,0.0,0.0,22.0,2025-11-01,0.0,0.0,0.0
2511.00519,1,0.0,0.0,40.0,2025-11-01,11.0,2.0,11.0
2511.00521,1,3.0,0.0,43.0,2025-11-01,8.0,4.6,8.0
2511.00536,1,4.0,1.0,30.0,2025-11-01,12.0,5.666666666666667,7.0
2511.00537,1,0.0,0.0,88.0,2025-11-01,13.0,6.0,8.0
2511.00556,0,,,,,,,
2511.00576,1,0.0,0.0,69.0,2025-11-01,1.0,1.0,1.0
2511.00584,1,2.0,0.0,52.0,2025-11-01,8.0,4.625,8.0
2511.00606,1,9.0,0.0,29.0,2025-11-01,14.0,9.25,14.0
2511.00617,1,17.0,1.0,66.0,2025-11-01,19.0,6.428571428571429,19.0
2511.00620,1,0.0,0.0,14.0,2025-11-01,2.0,1.5,1.0
2511.00627,1,1.0,0.0,42.0,2025-11-01,2.0,1.5,1.0
2511.00640,1,2.0,1.0,55.0,2025-11-01,15.0,5.285714285714286,4.0
2511.00651,1,0.0,0.0,25.0,2025-11-01,2.0,1.1428571428571428,1.0
2511.14772,1,3.0,0.0,79.0,2025-11-01,6.0,4.4,4.0
2511.00657,1,6.0,0.0,52.0,2025-11-01,15.0,5.666666666666667,3.0
2511.04700,1,2.0,0.0,64.0,2025-11-01,39.0,5.772151898734177,2.0
2511.00689,1,4.0,1.0,29.0,2025-11-01,38.0,16.0,6.0
2511.08600,1,0.0,0.0,0.0,2025-11-01,5.0,5.0,5.0
2511.00749,1,1.0,0.0,52.0,2025-11-02,9.0,4.5,3.0
2511.00751,1,0.0,0.0,8.0,2025-11-02,1.0,1.0,1.0
2511.00328,1,0.0,0.0,32.0,2025-11-01,8.0,3.0,1.0
2511.00335,1,1.0,0.0,52.0,2025-11-01,9.0,6.0,8.0
2511.00338,1,0.0,0.0,23.0,2025-09-26,6.0,2.6,0.0
2511.00344,1,0.0,0.0,45.0,2025-11-01,8.0,1.7142857142857142,0.0
2511.00345,1,0.0,0.0,36.0,2025-11-01,53.0,10.666666666666666,1.0
2511.00352,1,0.0,0.0,21.0,2025-11-01,2.0,2.0,2.0
2511.00357,1,0.0,0.0,14.0,2025-11-01,2.0,0.8333333333333334,1.0
2511.00362,1,1.0,1.0,17.0,2025-11-01,23.0,5.166666666666667,1.0
2511.00370,1,0.0,0.0,32.0,2025-11-01,1.0,0.75,0.0
2511.00381,1,0.0,0.0,31.0,2025-11-01,12.0,4.8,7.0
2511.00389,1,4.0,0.0,90.0,2025-11-01,16.0,6.333333333333333,16.0
2511.00391,1,15.0,1.0,55.0,2025-11-01,8.0,5.9,6.0
2511.00392,1,0.0,0.0,22.0,2025-11-01,12.0,3.4,1.0
2511.00396,1,0.0,0.0,70.0,2025-11-01,22.0,7.714285714285714,3.0
2511.00411,1,1.0,0.0,32.0,2025-10-19,17.0,8.0,13.0
2511.00419,1,0.0,0.0,44.0,2025-11-01,4.0,1.8,2.0
2511.00427,1,0.0,0.0,62.0,2025-11-01,42.0,12.0,8.0
2511.00429,1,1.0,0.0,65.0,2025-11-01,8.0,4.5,8.0
2511.00443,1,3.0,0.0,21.0,2025-11-01,17.0,5.2,5.0
2511.00446,1,2.0,0.0,39.0,2025-11-01,3.0,1.6666666666666667,2.0
2511.00449,1,0.0,0.0,14.0,2025-11-01,3.0,2.2,2.0
2511.00456,1,1.0,0.0,32.0,2025-11-01,1.0,1.0,1.0
2511.00468,1,0.0,0.0,98.0,2025-11-01,12.0,5.285714285714286,12.0
2511.00472,1,0.0,0.0,5.0,2025-11-01,19.0,5.15,18.0
2511.00477,1,4.0,0.0,23.0,2025-11-01,22.0,10.666666666666666,22.0
2511.00480,1,0.0,0.0,64.0,2025-11-01,10.0,4.4,7.0
2511.00503,1,3.0,0.0,111.0,2025-11-01,12.0,5.181818181818182,7.0
2511.00504,1,3.0,0.0,18.0,2025-11-01,15.0,8.25,15.0
2511.00508,1,4.0,0.0,57.0,2025-11-01,21.0,6.2,21.0
2511.00510,1,0.0,0.0,139.0,2025-11-01,40.0,15.714285714285714,40.0
2511.00511,1,2.0,1.0,66.0,2025-11-01,11.0,6.125,7.0
2511.00523,1,1.0,0.0,24.0,2025-11-01,3.0,2.0,3.0
2511.00524,1,0.0,0.0,54.0,2025-11-01,22.0,6.75,22.0
2511.00540,1,6.0,1.0,52.0,2025-11-01,19.0,6.142857142857143,4.0
2511.00542,1,0.0,0.0,31.0,2025-11-01,3.0,1.75,3.0
2511.00543,1,3.0,0.0,50.0,2025-11-01,6.0,2.6363636363636362,3.0
2511.00548,1,0.0,0.0,5.0,2025-11-01,11.0,3.8333333333333335,2.0
2511.01915,1,0.0,0.0,15.0,2025-11-01,3.0,1.2,0.0
2511.00336,1,0.0,0.0,31.0,2025-11-01,148.0,35.2,148.0
2511.00342,1,2.0,0.0,64.0,2025-11-01,8.0,3.8,3.0
2511.00346,1,1.0,0.0,15.0,2025-09-01,14.0,4.2,2.0
2511.01912,1,5.0,0.0,38.0,2025-11-01,6.0,4.0,6.0
2511.00359,1,0.0,0.0,65.0,2025-11-01,14.0,7.333333333333333,14.0
2511.00360,0,,,,,,,
2511.00361,1,3.0,0.0,14.0,2025-09-01,3.0,2.0,3.0
2511.00366,1,0.0,0.0,0.0,2025-11-01,24.0,7.8,5.0
2511.00369,1,2.0,0.0,14.0,2025-11-01,2.0,1.75,1.0
2511.00375,1,0.0,0.0,16.0,2025-11-01,2.0,1.3333333333333333,1.0
2511.00382,1,1.0,0.0,98.0,2025-11-01,49.0,15.4,49.0
2511.00413,1,3.0,1.0,36.0,2025-11-01,4.0,3.090909090909091,3.0
2511.00418,1,1.0,0.0,18.0,2025-11-01,1.0,1.0,1.0
2511.01913,1,2.0,0.0,5.0,2025-11-01,16.0,6.0,16.0
2511.00423,1,6.0,2.0,50.0,2025-11-01,8.0,5.5,2.0
2511.00434,1,0.0,0.0,13.0,2025-11-01,9.0,2.6666666666666665,0.0
2511.00462,1,7.0,0.0,22.0,2025-10-31,4.0,3.2,4.0
2511.00469,1,0.0,0.0,47.0,2025-11-01,6.0,2.1666666666666665,1.0
2511.00475,1,1.0,0.0,21.0,2025-05-19,4.0,3.0,3.0
2511.00490,1,0.0,0.0,8.0,2025-11-01,5.0,2.5,0.0
2511.00532,1,0.0,0.0,35.0,2025-11-01,16.0,10.666666666666666,14.0
2511.00549,1,0.0,0.0,30.0,2025-11-01,2.0,1.0,1.0
2511.00551,1,0.0,0.0,30.0,2025-11-01,2.0,1.0,1.0
2511.00552,1,0.0,0.0,15.0,2025-10-29,19.0,4.4,1.0
2511.00554,1,0.0,0.0,21.0,2025-11-01,9.0,5.0,9.0
2511.00564,1,0.0,0.0,22.0,2025-11-01,2.0,0.8,1.0
2512.05994,1,2.0,0.0,78.0,2025-12-01,6.0,4.142857142857143,4.0
2512.08965,1,0.0,0.0,49.0,2025-12-01,29.0,7.833333333333333,29.0
2512.01174,1,0.0,0.0,21.0,2025-12-01,3.0,2.5,3.0
2512.01183,1,0.0,0.0,26.0,2025-12-01,1.0,0.3333333333333333,0.0
2512.01198,1,0.0,0.0,34.0,2025-11-28,5.0,5.0,5.0
2512.01208,1,0.0,0.0,34.0,2025-12-01,4.0,2.0,0.0
2512.01242,1,0.0,0.0,34.0,2025-12-01,14.0,5.75,14.0
2512.17917,1,1.0,0.0,30.0,2025-12-01,11.0,3.090909090909091,1.0
2512.01255,1,1.0,0.0,63.0,2025-12-01,9.0,2.857142857142857,1.0
2512.01256,1,0.0,0.0,3.0,2025-12-01,1.0,0.25,1.0
2512.01274,1,5.0,0.0,26.0,2025-12-01,7.0,2.774193548387097,2.0
2512.01282,1,15.0,0.0,46.0,2025-12-01,9.0,4.666666666666667,9.0
2512.01316,1,1.0,0.0,22.0,2025-12-01,10.0,5.4,10.0
2512.01326,1,0.0,0.0,13.0,2025-12-01,4.0,2.0,4.0
2512.01335,1,3.0,0.0,76.0,2025-12-01,18.0,4.75,6.0
2512.01354,1,1.0,0.0,30.0,2025-12-01,2.0,2.0,2.0
2512.01369,1,0.0,0.0,16.0,2025-12-01,30.0,14.666666666666666,30.0
2512.01396,1,1.0,0.0,67.0,2025-12-01,6.0,3.6666666666666665,3.0
2512.01410,1,0.0,0.0,31.0,2025-12-01,3.0,1.1111111111111112,2.0
2602.23365,1,0.0,0.0,10.0,2025-12-01,1.0,0.5,0.0
2512.01439,1,0.0,0.0,19.0,2025-12-01,12.0,3.3333333333333335,12.0
2512.01457,1,1.0,0.0,41.0,2025-12-01,23.0,7.666666666666667,4.0
2512.01460,1,0.0,0.0,35.0,2025-12-01,4.0,2.0,1.0
2512.01512,1,2.0,0.0,40.0,2025-12-01,7.0,3.7,5.0
2512.01546,1,4.0,0.0,27.0,2025-12-01,11.0,5.0,11.0
2512.01556,1,1.0,0.0,54.0,2025-12-01,11.0,5.428571428571429,5.0
2512.01557,1,0.0,0.0,14.0,2025-12-01,1.0,0.42857142857142855,0.0
2512.01568,1,0.0,0.0,10.0,2025-12-01,1.0,1.0,1.0
2512.01603,1,2.0,0.0,28.0,2025-12-01,10.0,3.0,1.0
2512.01659,1,1.0,0.0,16.0,2025-12-01,2.0,1.25,1.0
2512.01661,1,3.0,0.0,0.0,2025-12-01,22.0,8.0,16.0
2601.14263,1,0.0,0.0,49.0,2025-12-01,6.0,2.6666666666666665,6.0
2512.01710,1,0.0,0.0,17.0,2025-12-01,3.0,3.0,3.0
2512.01713,1,0.0,0.0,9.0,2025-12-01,0.0,0.0,0.0
2512.01725,1,1.0,0.0,43.0,2025-12-01,22.0,8.375,16.0
2512.01152,1,0.0,0.0,74.0,2025-12-01,46.0,18.333333333333332,46.0
2512.01153,1,0.0,0.0,29.0,2025-12-01,1.0,0.75,1.0
2512.01165,1,1.0,0.0,16.0,2025-09-15,14.0,7.5,14.0
2512.11824,1,0.0,0.0,15.0,2025-12-01,5.0,3.0,5.0
2512.01178,1,0.0,0.0,60.0,2025-12-01,4.0,2.6666666666666665,4.0
2512.01181,1,0.0,0.0,64.0,2025-12-01,8.0,2.3333333333333335,3.0
2512.01204,1,9.0,0.0,0.0,2025-12-01,8.0,4.0,4.0
2512.01213,1,0.0,0.0,94.0,2025-11-25,29.0,13.285714285714286,13.0
2512.01214,1,0.0,0.0,35.0,2025-12-01,20.0,11.8,17.0
2512.01223,1,2.0,0.0,99.0,2025-12-01,7.0,3.6,3.0
2512.01236,1,4.0,1.0,52.0,2025-12-01,24.0,7.714285714285714,6.0
2512.01252,1,2.0,0.0,43.0,2025-12-01,9.0,5.125,9.0
2512.01268,1,0.0,0.0,37.0,2025-12-01,6.0,2.5,6.0
2512.01273,1,0.0,0.0,61.0,2025-12-01,20.0,8.714285714285714,10.0
2512.01291,1,0.0,0.0,27.0,2025-12-01,4.0,3.0,4.0
2512.01292,1,0.0,0.0,46.0,2025-12-01,4.0,1.5,4.0
2512.01296,1,2.0,0.0,74.0,2025-12-01,8.0,4.2,2.0
2512.01298,1,1.0,0.0,21.0,2025-12-01,12.0,6.5,12.0
2512.01302,1,1.0,0.0,41.0,2025-12-01,11.0,3.3333333333333335,5.0
2512.05139,1,0.0,0.0,37.0,2025-12-01,103.0,19.166666666666668,1.0
2512.01306,1,0.0,0.0,73.0,2025-12-01,10.0,5.0,10.0
2512.01310,1,0.0,0.0,14.0,2025-12-01,11.0,3.4285714285714284,11.0
2512.01312,1,3.0,0.0,57.0,2025-07-13,37.0,10.0,37.0
2512.01314,1,0.0,0.0,109.0,2025-12-01,19.0,8.0,19.0
2512.01315,1,1.0,0.0,54.0,2025-12-01,28.0,8.5,28.0
2512.01319,1,0.0,0.0,37.0,2025-12-01,10.0,3.8,3.0
2512.05996,1,0.0,0.0,41.0,2025-12-01,9.0,4.5,7.0
2512.01324,1,1.0,0.0,70.0,2025-12-01,2.0,2.0,2.0
2512.01329,1,1.0,0.0,50.0,2025-12-01,6.0,2.6666666666666665,1.0
2512.01333,1,0.0,0.0,23.0,2025-12-01,3.0,2.3333333333333335,3.0
2512.01334,1,2.0,0.0,43.0,2025-12-01,10.0,5.25,7.0
2512.01340,1,2.0,0.0,70.0,2025-12-01,51.0,9.5,2.0
2512.01348,1,0.0,0.0,33.0,2025-12-01,3.0,1.0,0.0
2512.01352,1,3.0,0.0,47.0,2025-12-01,4.0,2.2,2.0
2512.01366,1,0.0,0.0,44.0,2025-11-28,8.0,3.7,7.0
2512.01373,1,0.0,0.0,64.0,2025-12-01,10.0,3.4,2.0
2512.01380,1,0.0,0.0,46.0,2025-12-01,10.0,3.2222222222222223,2.0
2512.01150,1,0.0,0.0,17.0,2025-12-01,12.0,6.0,12.0
2512.01151,1,0.0,0.0,21.0,2025-12-01,5.0,5.0,5.0
2512.01160,1,0.0,0.0,9.0,2025-12-01,4.0,4.0,4.0
2512.02081,1,0.0,0.0,23.0,2025-12-01,5.0,5.0,5.0
2512.01163,1,3.0,0.0,41.0,2025-12-01,18.0,7.666666666666667,3.0
2512.01167,1,2.0,0.0,19.0,2025-09-15,14.0,5.666666666666667,14.0
2512.01170,1,6.0,0.0,60.0,2025-12-01,5.0,3.5,5.0
2512.01171,1,5.0,0.0,116.0,2025-12-01,4.0,3.3333333333333335,3.0
2512.01172,1,2.0,0.0,47.0,2025-12-01,8.0,4.5,6.0
2512.01179,1,0.0,0.0,86.0,2025-11-07,3.0,3.0,3.0
2512.01187,1,0.0,0.0,14.0,2025-12-01,1.0,1.0,1.0
2512.01188,1,4.0,0.0,61.0,2025-12-01,14.0,3.875,3.0
2512.01189,1,4.0,0.0,90.0,2025-09-01,14.0,7.285714285714286,12.0
2512.01190,1,1.0,0.0,25.0,2025-12-01,6.0,3.6,2.0
2512.01196,1,0.0,0.0,42.0,2025-12-01,18.0,10.2,16.0
2512.01199,1,1.0,0.0,73.0,2025-12-01,27.0,6.875,2.0
2512.01202,1,0.0,0.0,51.0,2025-12-01,17.0,7.428571428571429,3.0
2512.01203,1,0.0,0.0,5.0,2025-12-01,2.0,2.0,2.0
2512.01205,1,0.0,0.0,27.0,2025-06-21,3.0,0.75,0.0
2512.01212,1,0.0,0.0,16.0,2025-06-21,5.0,1.25,5.0
2512.01219,1,0.0,0.0,29.0,2025-12-01,0.0,0.0,0.0
2512.01224,1,3.0,0.0,44.0,2025-12-01,32.0,6.25,5.0
2512.01228,1,0.0,0.0,101.0,2025-12-01,34.0,9.125,8.0
2512.01231,1,0.0,0.0,33.0,2025-12-01,4.0,3.5,3.0
2512.01245,1,0.0,0.0,21.0,2025-12-01,8.0,5.0,5.0
2512.01258,1,0.0,0.0,65.0,2025-12-01,12.0,5.571428571428571,6.0
2512.01262,1,0.0,0.0,202.0,2025-11-28,13.0,4.166666666666667,5.0
2512.01276,1,0.0,0.0,33.0,2025-12-01,9.0,5.4,3.0
2512.01278,1,2.0,0.0,38.0,2025-12-01,28.0,7.615384615384615,5.0
2512.04113,1,0.0,0.0,62.0,2025-12-01,20.0,8.333333333333334,20.0
2512.01286,1,3.0,0.0,24.0,2025-12-01,27.0,9.0,9.0
2512.01287,1,0.0,0.0,23.0,2025-12-01,53.0,15.25,53.0
